time_s,temp_c,soc_pct,current_a,heating_kw,remaining_km
0.000000,0.000000000,65.000000000,39.918721692,0.000000,40.000000000
0.500000,-0.000563353,64.994455733,39.919036563,0.000000,39.995833333
1.000000,-0.001126656,64.988911422,39.919351440,0.000000,39.991666667
1.500000,-0.001689908,64.983367068,39.919666323,0.000000,39.987500000
2.000000,-0.002253110,64.977822670,39.919981212,0.000000,39.983333333
2.500000,-0.002816262,64.972278228,39.920296108,0.000000,39.979166667
3.000000,-0.003379363,64.966733743,39.920611009,0.000000,39.975000000
3.500000,-0.003942414,64.961189213,39.920925917,0.000000,39.970833333
4.000000,-0.004505415,64.955644640,39.921240830,0.000000,39.966666667
4.500000,-0.005068365,64.950100023,39.921555750,0.000000,39.962500000
5.000000,-0.005631264,64.944555363,39.921870676,0.000000,39.958333333
5.500000,-0.006194114,64.939010659,39.922185607,0.000000,39.954166667
6.000000,-0.006756913,64.933465911,39.922500545,0.000000,39.950000000
6.500000,-0.007319661,64.927921119,39.922815489,0.000000,39.945833333
7.000000,-0.007882360,64.922376283,39.923130440,0.000000,39.941666667
7.500000,-0.008445007,64.916831404,39.923445396,0.000000,39.937500000
8.000000,-0.009007605,64.911286481,39.923760358,0.000000,39.933333333
8.500000,-0.009570152,64.905741515,39.924075327,0.000000,39.929166667
9.000000,-0.010132649,64.900196504,39.924390301,0.000000,39.925000000
9.500000,-0.010695096,64.894651450,39.924705282,0.000000,39.920833333
10.000000,-0.011257492,64.889106352,39.925020269,0.000000,39.916666667
10.500000,-0.011819838,64.883561210,39.925335262,0.000000,39.912500000
11.000000,-0.012382133,64.878016025,39.925650261,0.000000,39.908333333
11.500000,-0.012944379,64.872470796,39.925965266,0.000000,39.904166667
12.000000,-0.013506574,64.866925523,39.926280277,0.000000,39.900000000
12.500000,-0.014068718,64.861380206,39.926595294,0.000000,39.895833333
13.000000,-0.014630813,64.855834845,39.926910318,0.000000,39.891666667
13.500000,-0.015192857,64.850289441,39.927225347,0.000000,39.887500000
14.000000,-0.015754850,64.844743993,39.927540383,0.000000,39.883333333
14.500000,-0.016316794,64.839198502,39.927855424,0.000000,39.879166667
15.000000,-0.016878687,64.833652966,39.928170472,0.000000,39.875000000
15.500000,-0.017440530,64.828107387,39.928485526,0.000000,39.870833333
16.000000,-0.018002322,64.822561764,39.928800586,0.000000,39.866666667
16.500000,-0.018564065,64.817016097,39.929115652,0.000000,39.862500000
17.000000,-0.019125757,64.811470387,39.929430725,0.000000,39.858333333
17.500000,-0.019687398,64.805924632,39.929745803,0.000000,39.854166667
18.000000,-0.020248990,64.800378834,39.930060887,0.000000,39.850000000
18.500000,-0.020810531,64.794832992,39.930375978,0.000000,39.845833333
19.000000,-0.021372022,64.789287107,39.930691075,0.000000,39.841666667
19.500000,-0.021933463,64.783741178,39.931006177,0.000000,39.837500000
20.000000,-0.022494853,64.778195205,39.931321286,0.000000,39.833333333
20.500000,-0.023056193,64.772649188,39.931636401,0.000000,39.829166667
21.000000,-0.023617483,64.767103127,39.931951522,0.000000,39.825000000
21.500000,-0.024178723,64.761557023,39.932266650,0.000000,39.820833333
22.000000,-0.024739913,64.756010875,39.932581783,0.000000,39.816666667
22.500000,-0.025301052,64.750464683,39.932896922,0.000000,39.812500000
23.000000,-0.025862141,64.744918447,39.933212068,0.000000,39.808333333
23.500000,-0.026423180,64.739372168,39.933527220,0.000000,39.804166667
24.000000,-0.026984169,64.733825844,39.933842377,0.000000,39.800000000
24.500000,-0.027545107,64.728279477,39.934157541,0.000000,39.795833333
25.000000,-0.028105995,64.722733067,39.934472711,0.000000,39.791666667
25.500000,-0.028666833,64.717186612,39.934787887,0.000000,39.787500000
26.000000,-0.029227621,64.711640114,39.935103070,0.000000,39.783333333
26.500000,-0.029788359,64.706093572,39.935418258,0.000000,39.779166667
27.000000,-0.030349046,64.700546986,39.935733452,0.000000,39.775000000
27.500000,-0.030909683,64.695000356,39.936048653,0.000000,39.770833333
28.000000,-0.031470270,64.689453683,39.936363860,0.000000,39.766666667
28.500000,-0.032030807,64.683906965,39.936679072,0.000000,39.762500000
29.000000,-0.032591294,64.678360204,39.936994291,0.000000,39.758333333
29.500000,-0.033151730,64.672813400,39.937309516,0.000000,39.754166667
30.000000,-0.033712117,64.667266551,39.937624748,0.000000,39.750000000
30.500000,-0.034272453,64.661719659,39.937939985,0.000000,39.745833333
31.000000,-0.034832739,64.656172723,39.938255228,0.000000,39.741666667
31.500000,-0.035392975,64.650625743,39.938570478,0.000000,39.737500000
32.000000,-0.035953160,64.645078719,39.938885733,0.000000,39.733333333
32.500000,-0.036513296,64.639531652,39.939200995,0.000000,39.729166667
33.000000,-0.037073381,64.633984540,39.939516263,0.000000,39.725000000
33.500000,-0.037633417,64.628437385,39.939831537,0.000000,39.720833333
34.000000,-0.038193402,64.622890187,39.940146817,0.000000,39.716666667
34.500000,-0.038753337,64.617342944,39.940462103,0.000000,39.712500000
35.000000,-0.039313222,64.611795658,39.940777395,0.000000,39.708333333
35.500000,-0.039873056,64.606248327,39.941092694,0.000000,39.704166667
36.000000,-0.040432841,64.600700953,39.941407998,0.000000,39.700000000
36.500000,-0.040992575,64.595153536,39.941723309,0.000000,39.695833333
37.000000,-0.041552260,64.589606074,39.942038626,0.000000,39.691666667
37.500000,-0.042111894,64.584058569,39.942353949,0.000000,39.687500000
38.000000,-0.042671478,64.578511019,39.942669278,0.000000,39.683333333
38.500000,-0.043231013,64.572963427,39.942984613,0.000000,39.679166667
39.000000,-0.043790497,64.567415790,39.943299954,0.000000,39.675000000
39.500000,-0.044349930,64.561868109,39.943615301,0.000000,39.670833333
40.000000,-0.044909314,64.556320385,39.943930655,0.000000,39.666666667
40.500000,-0.045468648,64.550772617,39.944246015,0.000000,39.662500000
41.000000,-0.046027932,64.545224805,39.944561380,0.000000,39.658333333
41.500000,-0.046587165,64.539676949,39.944876752,0.000000,39.654166667
42.000000,-0.047146349,64.534129050,39.945192130,0.000000,39.650000000
42.500000,-0.047705482,64.528581106,39.945507514,0.000000,39.645833333
43.000000,-0.048264566,64.523033119,39.945822905,0.000000,39.641666667
43.500000,-0.048823599,64.517485088,39.946138301,0.000000,39.637500000
44.000000,-0.049382582,64.511937013,39.946453703,0.000000,39.633333333
44.500000,-0.049941515,64.506388895,39.946769112,0.000000,39.629166667
45.000000,-0.050500399,64.500840732,39.947084527,0.000000,39.625000000
45.500000,-0.051059232,64.495292526,39.947399948,0.000000,39.620833333
46.000000,-0.051618015,64.489744276,39.947715375,0.000000,39.616666667
46.500000,-0.052176748,64.484195982,39.948030808,0.000000,39.612500000
47.000000,-0.052735431,64.478647645,39.948346247,0.000000,39.608333333
47.500000,-0.053294064,64.473099263,39.948661692,0.000000,39.604166667
48.000000,-0.053852647,64.467550838,39.948977144,0.000000,39.600000000
48.500000,-0.054411180,64.462002369,39.949292601,0.000000,39.595833333
49.000000,-0.054969663,64.456453856,39.949608065,0.000000,39.591666667
49.500000,-0.055528096,64.450905299,39.949923535,0.000000,39.587500000
50.000000,-0.056086479,64.445356699,39.950239011,0.000000,39.583333333
50.500000,-0.056644812,64.439808055,39.950554493,0.000000,39.579166667
51.000000,-0.057203095,64.434259367,39.950869981,0.000000,39.575000000
51.500000,-0.057761328,64.428710635,39.951185476,0.000000,39.570833333
52.000000,-0.058319511,64.423161859,39.951500976,0.000000,39.566666667
52.500000,-0.058877644,64.417613039,39.951816483,0.000000,39.562500000
53.000000,-0.059435727,64.412064176,39.952131996,0.000000,39.558333333
53.500000,-0.059993760,64.406515269,39.952447515,0.000000,39.554166667
54.000000,-0.060551743,64.400966318,39.952763040,0.000000,39.550000000
54.500000,-0.061109676,64.395417323,39.953078571,0.000000,39.545833333
55.000000,-0.061667559,64.389868284,39.953394108,0.000000,39.541666667
55.500000,-0.062225392,64.384319202,39.953709652,0.000000,39.537500000
56.000000,-0.062783175,64.378770075,39.954025201,0.000000,39.533333333
56.500000,-0.063340908,64.373220905,39.954340757,0.000000,39.529166667
57.000000,-0.063898592,64.367671691,39.954656319,0.000000,39.525000000
57.500000,-0.064456225,64.362122433,39.954971887,0.000000,39.520833333
58.000000,-0.065013808,64.356573132,39.955287461,0.000000,39.516666667
58.500000,-0.065571342,64.351023786,39.955603041,0.000000,39.512500000
59.000000,-0.066128825,64.345474397,39.955918627,0.000000,39.508333333
59.500000,-0.066686259,64.339924964,39.956234220,0.000000,39.504166667
60.000000,-0.067243643,64.334375487,39.956549818,0.000000,39.500000000
60.500000,-0.067800976,64.328825966,39.956865423,0.000000,39.495833333
61.000000,-0.068358260,64.323276401,39.957181034,0.000000,39.491666667
61.500000,-0.068915494,64.317726793,39.957496651,0.000000,39.487500000
62.000000,-0.069472678,64.312177140,39.957812274,0.000000,39.483333333
62.500000,-0.070029812,64.306627444,39.958127904,0.000000,39.479166667
63.000000,-0.070586896,64.301077704,39.958443539,0.000000,39.475000000
63.500000,-0.071143931,64.295527920,39.958759181,0.000000,39.470833333
64.000000,-0.071700915,64.289978093,39.959074828,0.000000,39.466666667
64.500000,-0.072257850,64.284428221,39.959390482,0.000000,39.462500000
65.000000,-0.072814734,64.278878306,39.959706142,0.000000,39.458333333
65.500000,-0.073371569,64.273328347,39.960021808,0.000000,39.454166667
66.000000,-0.073928354,64.267778344,39.960337481,0.000000,39.450000000
66.500000,-0.074485089,64.262228297,39.960653159,0.000000,39.445833333
67.000000,-0.075041774,64.256678206,39.960968844,0.000000,39.441666667
67.500000,-0.075598409,64.251128072,39.961284534,0.000000,39.437500000
68.000000,-0.076154995,64.245577893,39.961600231,0.000000,39.433333333
68.500000,-0.076711530,64.240027671,39.961915934,0.000000,39.429166667
69.000000,-0.077268016,64.234477405,39.962231643,0.000000,39.425000000
69.500000,-0.077824452,64.228927095,39.962547358,0.000000,39.420833333
70.000000,-0.078380838,64.223376741,39.962863080,0.000000,39.416666667
70.500000,-0.078937174,64.217826343,39.963178807,0.000000,39.412500000
71.000000,-0.079493461,64.212275902,39.963494541,0.000000,39.408333333
71.500000,-0.080049697,64.206725417,39.963810281,0.000000,39.404166667
72.000000,-0.080605884,64.201174887,39.964126027,0.000000,39.400000000
72.500000,-0.081162021,64.195624314,39.964441779,0.000000,39.395833333
73.000000,-0.081718108,64.190073697,39.964757537,0.000000,39.391666667
73.500000,-0.082274145,64.184523037,39.965073301,0.000000,39.387500000
74.000000,-0.082830132,64.178972332,39.965389072,0.000000,39.383333333
74.500000,-0.083386070,64.173421584,39.965704849,0.000000,39.379166667
75.000000,-0.083941958,64.167870791,39.966020631,0.000000,39.375000000
75.500000,-0.084497796,64.162319955,39.966336420,0.000000,39.370833333
76.000000,-0.085053584,64.156769075,39.966652216,0.000000,39.366666667
76.500000,-0.085609322,64.151218151,39.966968017,0.000000,39.362500000
77.000000,-0.086165011,64.145667183,39.967283824,0.000000,39.358333333
77.500000,-0.086720650,64.140116172,39.967599638,0.000000,39.354166667
78.000000,-0.087276239,64.134565116,39.967915457,0.000000,39.350000000
78.500000,-0.087831778,64.129014017,39.968231283,0.000000,39.345833333
79.000000,-0.088387268,64.123462873,39.968547115,0.000000,39.341666667
79.500000,-0.088942707,64.117911686,39.968862953,0.000000,39.337500000
80.000000,-0.089498097,64.112360455,39.969178798,0.000000,39.333333333
80.500000,-0.090053438,64.106809181,39.969494648,0.000000,39.329166667
81.000000,-0.090608728,64.101257862,39.969810505,0.000000,39.325000000
81.500000,-0.091163969,64.095706499,39.970126367,0.000000,39.320833333
82.000000,-0.091719160,64.090155093,39.970442236,0.000000,39.316666667
82.500000,-0.092274301,64.084603643,39.970758111,0.000000,39.312500000
83.000000,-0.092829392,64.079052148,39.971073992,0.000000,39.308333333
83.500000,-0.093384434,64.073500610,39.971389880,0.000000,39.304166667
84.000000,-0.093939426,64.067949028,39.971705773,0.000000,39.300000000
84.500000,-0.094494368,64.062397403,39.972021673,0.000000,39.295833333
85.000000,-0.095049261,64.056845733,39.972337578,0.000000,39.291666667
85.500000,-0.095604104,64.051294019,39.972653490,0.000000,39.287500000
86.000000,-0.096158897,64.045742262,39.972969408,0.000000,39.283333333
86.500000,-0.096713640,64.040190461,39.973285333,0.000000,39.279166667
87.000000,-0.097268334,64.034638615,39.973601263,0.000000,39.275000000
87.500000,-0.097822978,64.029086726,39.973917199,0.000000,39.270833333
88.000000,-0.098377572,64.023534793,39.974233142,0.000000,39.266666667
88.500000,-0.098932117,64.017982817,39.974549091,0.000000,39.262500000
89.000000,-0.099486612,64.012430796,39.974865046,0.000000,39.258333333
89.500000,-0.100041057,64.006878731,39.975181007,0.000000,39.254166667
90.000000,-0.100595453,64.001326623,39.975496974,0.000000,39.250000000
90.500000,-0.101149798,63.995774470,39.975812948,0.000000,39.245833333
91.000000,-0.101704095,63.990222274,39.976128927,0.000000,39.241666667
91.500000,-0.102258341,63.984670034,39.976444913,0.000000,39.237500000
92.000000,-0.102812538,63.979117750,39.976760905,0.000000,39.233333333
92.500000,-0.103366685,63.973565422,39.977076903,0.000000,39.229166667
93.000000,-0.103920783,63.968013050,39.977392907,0.000000,39.225000000
93.500000,-0.104474831,63.962460635,39.977708918,0.000000,39.220833333
94.000000,-0.105028829,63.956908175,39.978024934,0.000000,39.216666667
94.500000,-0.105582777,63.951355672,39.978340957,0.000000,39.212500000
95.000000,-0.106136676,63.945803124,39.978656986,0.000000,39.208333333
95.500000,-0.106690526,63.940250533,39.978973021,0.000000,39.204166667
96.000000,-0.107244325,63.934697898,39.979289062,0.000000,39.200000000
96.500000,-0.107798075,63.929145219,39.979605109,0.000000,39.195833333
97.000000,-0.108351776,63.923592496,39.979921162,0.000000,39.191666667
97.500000,-0.108905426,63.918039729,39.980237222,0.000000,39.187500000
98.000000,-0.109459028,63.912486918,39.980553288,0.000000,39.183333333
98.500000,-0.110012579,63.906934064,39.980869360,0.000000,39.179166667
99.000000,-0.110566081,63.901381165,39.981185438,0.000000,39.175000000
99.500000,-0.111119533,63.895828223,39.981501522,0.000000,39.170833333
100.000000,-0.111672936,63.890275237,39.981817613,0.000000,39.166666667
100.500000,-0.112226289,63.884722206,39.982133709,0.000000,39.162500000
101.000000,-0.112779593,63.879169132,39.982449812,0.000000,39.158333333
101.500000,-0.113332847,63.873616014,39.982765921,0.000000,39.154166667
102.000000,-0.113886051,63.868062852,39.983082036,0.000000,39.150000000
102.500000,-0.114439206,63.862509646,39.983398157,0.000000,39.145833333
103.000000,-0.114992311,63.856956397,39.983714284,0.000000,39.141666667
103.500000,-0.115545367,63.851403103,39.984030418,0.000000,39.137500000
104.000000,-0.116098373,63.845849765,39.984346558,0.000000,39.133333333
104.500000,-0.116651329,63.840296384,39.984662703,0.000000,39.129166667
105.000000,-0.117204236,63.834742959,39.984978856,0.000000,39.125000000
105.500000,-0.117757093,63.829189489,39.985295014,0.000000,39.120833333
106.000000,-0.118309901,63.823635976,39.985611178,0.000000,39.116666667
106.500000,-0.118862659,63.818082419,39.985927349,0.000000,39.112500000
107.000000,-0.119415368,63.812528818,39.986243525,0.000000,39.108333333
107.500000,-0.119968027,63.806975173,39.986559708,0.000000,39.104166667
108.000000,-0.120520637,63.801421484,39.986875897,0.000000,39.100000000
108.500000,-0.121073197,63.795867751,39.987192092,0.000000,39.095833333
109.000000,-0.121625707,63.790313975,39.987508294,0.000000,39.091666667
109.500000,-0.122178168,63.784760154,39.987824501,0.000000,39.087500000
110.000000,-0.122730580,63.779206290,39.988140715,0.000000,39.083333333
110.500000,-0.123282942,63.773652381,39.988456935,0.000000,39.079166667
111.000000,-0.123835254,63.768098429,39.988773161,0.000000,39.075000000
111.500000,-0.124387517,63.762544433,39.989089393,0.000000,39.070833333
112.000000,-0.124939731,63.756990392,39.989405631,0.000000,39.066666667
112.500000,-0.125491895,63.751436308,39.989721876,0.000000,39.062500000
113.000000,-0.126044009,63.745882180,39.990038126,0.000000,39.058333333
113.500000,-0.126596074,63.740328008,39.990354383,0.000000,39.054166667
114.000000,-0.127148090,63.734773792,39.990670646,0.000000,39.050000000
114.500000,-0.127700056,63.729219533,39.990986916,0.000000,39.045833333
115.000000,-0.128251972,63.723665229,39.991303191,0.000000,39.041666667
115.500000,-0.128803839,63.718110881,39.991619472,0.000000,39.037500000
116.000000,-0.129355657,63.712556490,39.991935760,0.000000,39.033333333
116.500000,-0.129907425,63.707002054,39.992252054,0.000000,39.029166667
117.000000,-0.130459143,63.701447575,39.992568354,0.000000,39.025000000
117.500000,-0.131010812,63.695893051,39.992884660,0.000000,39.020833333
118.000000,-0.131562432,63.690338484,39.993200973,0.000000,39.016666667
118.500000,-0.132114002,63.684783873,39.993517291,0.000000,39.012500000
119.000000,-0.132665523,63.679229217,39.993833616,0.000000,39.008333333
119.500000,-0.133216994,63.673674518,39.994149947,0.000000,39.004166667
120.000000,-0.133768416,63.668119775,39.994466284,0.000000,39.000000000
120.500000,-0.134319789,63.662564988,39.994782627,0.000000,38.995833333
121.000000,-0.134871112,63.657010157,39.995098977,0.000000,38.991666667
121.500000,-0.135422385,63.651455283,39.995415332,0.000000,38.987500000
122.000000,-0.135973609,63.645900364,39.995731694,0.000000,38.983333333
122.500000,-0.136524784,63.640345401,39.996048062,0.000000,38.979166667
123.000000,-0.137075909,63.634790394,39.996364436,0.000000,38.975000000
123.500000,-0.137626985,63.629235344,39.996680816,0.000000,38.970833333
124.000000,-0.138178012,63.623680249,39.996997203,0.000000,38.966666667
124.500000,-0.138728989,63.618125111,39.997313595,0.000000,38.962500000
125.000000,-0.139279916,63.612569928,39.997629994,0.000000,38.958333333
125.500000,-0.139830795,63.607014702,39.997946399,0.000000,38.954166667
126.000000,-0.140381624,63.601459431,39.998262810,0.000000,38.950000000
126.500000,-0.140932403,63.595904117,39.998579228,0.000000,38.945833333
127.000000,-0.141483133,63.590348759,39.998895651,0.000000,38.941666667
127.500000,-0.142033814,63.584793357,39.999212081,0.000000,38.937500000
128.000000,-0.142584445,63.579237911,39.999528517,0.000000,38.933333333
128.500000,-0.143135027,63.573682421,39.999844959,0.000000,38.929166667
129.000000,-0.143685560,63.568126887,40.000161407,0.000000,38.925000000
129.500000,-0.144236043,63.562571309,40.000477862,0.000000,38.920833333
130.000000,-0.144786477,63.557015687,40.000794322,0.000000,38.916666667
130.500000,-0.145336861,63.551460021,40.001110789,0.000000,38.912500000
131.000000,-0.145887196,63.545904311,40.001427262,0.000000,38.908333333
131.500000,-0.146437482,63.540348557,40.001743741,0.000000,38.904166667
132.000000,-0.146987719,63.534792759,40.002060226,0.000000,38.900000000
132.500000,-0.147537906,63.529236918,40.002376718,0.000000,38.895833333
133.000000,-0.148088044,63.523681032,40.002693216,0.000000,38.891666667
133.500000,-0.148638132,63.518125102,40.003009719,0.000000,38.887500000
134.000000,-0.149188171,63.512569129,40.003326229,0.000000,38.883333333
134.500000,-0.149738161,63.507013111,40.003642746,0.000000,38.879166667
135.000000,-0.150288101,63.501457050,40.003959268,0.000000,38.875000000
135.500000,-0.150837992,63.495900944,40.004275797,0.000000,38.870833333
136.000000,-0.151387834,63.490344795,40.004592331,0.000000,38.866666667
136.500000,-0.151937627,63.484788602,40.004908872,0.000000,38.862500000
137.000000,-0.152487370,63.479232364,40.005225420,0.000000,38.858333333
137.500000,-0.153037064,63.473676083,40.005541973,0.000000,38.854166667
138.000000,-0.153586708,63.468119758,40.005858532,0.000000,38.850000000
138.500000,-0.154136304,63.462563388,40.006175098,0.000000,38.845833333
139.000000,-0.154685850,63.457006975,40.006491670,0.000000,38.841666667
139.500000,-0.155235346,63.451450518,40.006808248,0.000000,38.837500000
140.000000,-0.155784794,63.445894017,40.007124832,0.000000,38.833333333
140.500000,-0.156334192,63.440337472,40.007441423,0.000000,38.829166667
141.000000,-0.156883541,63.434780883,40.007758019,0.000000,38.825000000
141.500000,-0.157432840,63.429224250,40.008074622,0.000000,38.820833333
142.000000,-0.157982091,63.423667573,40.008391231,0.000000,38.816666667
142.500000,-0.158531292,63.418110852,40.008707846,0.000000,38.812500000
143.000000,-0.159080444,63.412554087,40.009024468,0.000000,38.808333333
143.500000,-0.159629546,63.406997278,40.009341095,0.000000,38.804166667
144.000000,-0.160178600,63.401440425,40.009657729,0.000000,38.800000000
144.500000,-0.160727604,63.395883528,40.009974369,0.000000,38.795833333
145.000000,-0.161276558,63.390326587,40.010291015,0.000000,38.791666667
145.500000,-0.161825464,63.384769602,40.010607667,0.000000,38.787500000
146.000000,-0.162374320,63.379212573,40.010924326,0.000000,38.783333333
146.500000,-0.162923127,63.373655500,40.011240991,0.000000,38.779166667
147.000000,-0.163471885,63.368098384,40.011557661,0.000000,38.775000000
147.500000,-0.164020594,63.362541223,40.011874339,0.000000,38.770833333
148.000000,-0.164569253,63.356984018,40.012191022,0.000000,38.766666667
148.500000,-0.165117864,63.351426769,40.012507711,0.000000,38.762500000
149.000000,-0.165666425,63.345869477,40.012824407,0.000000,38.758333333
149.500000,-0.166214936,63.340312140,40.013141109,0.000000,38.754166667
150.000000,-0.166763399,63.334754759,40.013457817,0.000000,38.750000000
150.500000,-0.167311812,63.329197334,40.013774531,0.000000,38.745833333
151.000000,-0.167860177,63.323639866,40.014091251,0.000000,38.741666667
151.500000,-0.168408492,63.318082353,40.014407978,0.000000,38.737500000
152.000000,-0.168956757,63.312524796,40.014724711,0.000000,38.733333333
152.500000,-0.169504974,63.306967196,40.015041450,0.000000,38.729166667
153.000000,-0.170053142,63.301409551,40.015358195,0.000000,38.725000000
153.500000,-0.170601260,63.295851863,40.015674946,0.000000,38.720833333
154.000000,-0.171149329,63.290294130,40.015991704,0.000000,38.716666667
154.500000,-0.171697349,63.284736353,40.016308468,0.000000,38.712500000
155.000000,-0.172245320,63.279178533,40.016625238,0.000000,38.708333333
155.500000,-0.172793241,63.273620668,40.016942014,0.000000,38.704166667
156.000000,-0.173341114,63.268062759,40.017258796,0.000000,38.700000000
156.500000,-0.173888937,63.262504807,40.017575585,0.000000,38.695833333
157.000000,-0.174436711,63.256946810,40.017892380,0.000000,38.691666667
157.500000,-0.174984436,63.251388770,40.018209181,0.000000,38.687500000
158.000000,-0.175532112,63.245830685,40.018525988,0.000000,38.683333333
158.500000,-0.176079739,63.240272556,40.018842801,0.000000,38.679166667
159.000000,-0.176627317,63.234714384,40.019159621,0.000000,38.675000000
159.500000,-0.177174845,63.229156167,40.019476446,0.000000,38.670833333
160.000000,-0.177722324,63.223597907,40.019793278,0.000000,38.666666667
160.500000,-0.178269755,63.218039602,40.020110116,0.000000,38.662500000
161.000000,-0.178817136,63.212481253,40.020426961,0.000000,38.658333333
161.500000,-0.179364468,63.206922861,40.020743811,0.000000,38.654166667
162.000000,-0.179911751,63.201364424,40.021060668,0.000000,38.650000000
162.500000,-0.180458984,63.195805943,40.021377531,0.000000,38.645833333
163.000000,-0.181006169,63.190247419,40.021694400,0.000000,38.641666667
163.500000,-0.181553305,63.184688850,40.022011275,0.000000,38.637500000
164.000000,-0.182100391,63.179130237,40.022328157,0.000000,38.633333333
164.500000,-0.182647429,63.173571581,40.022645045,0.000000,38.629166667
165.000000,-0.183194417,63.168012880,40.022961939,0.000000,38.625000000
165.500000,-0.183741356,63.162454135,40.023278839,0.000000,38.620833333
166.000000,-0.184288246,63.156895347,40.023595745,0.000000,38.616666667
166.500000,-0.184835088,63.151336514,40.023912658,0.000000,38.612500000
167.000000,-0.185381880,63.145777637,40.024229576,0.000000,38.608333333
167.500000,-0.185928623,63.140218716,40.024546501,0.000000,38.604166667
168.000000,-0.186475316,63.134659751,40.024863433,0.000000,38.600000000
168.500000,-0.187021961,63.129100743,40.025180370,0.000000,38.595833333
169.000000,-0.187568557,63.123541690,40.025497313,0.000000,38.591666667
169.500000,-0.188115104,63.117982593,40.025814263,0.000000,38.587500000
170.000000,-0.188661602,63.112423452,40.026131219,0.000000,38.583333333
170.500000,-0.189208050,63.106864267,40.026448181,0.000000,38.579166667
171.000000,-0.189754450,63.101305038,40.026765150,0.000000,38.575000000
171.500000,-0.190300800,63.095745765,40.027082124,0.000000,38.570833333
172.000000,-0.190847102,63.090186448,40.027399105,0.000000,38.566666667
172.500000,-0.191393355,63.084627087,40.027716092,0.000000,38.562500000
173.000000,-0.191939558,63.079067682,40.028033085,0.000000,38.558333333
173.500000,-0.192485713,63.073508233,40.028350085,0.000000,38.554166667
174.000000,-0.193031818,63.067948740,40.028667090,0.000000,38.550000000
174.500000,-0.193577875,63.062389203,40.028984102,0.000000,38.545833333
175.000000,-0.194123882,63.056829622,40.029301120,0.000000,38.541666667
175.500000,-0.194669840,63.051269997,40.029618145,0.000000,38.537500000
176.000000,-0.195215750,63.045710328,40.029935175,0.000000,38.533333333
176.500000,-0.195761610,63.040150615,40.030252212,0.000000,38.529166667
177.000000,-0.196307422,63.034590857,40.030569255,0.000000,38.525000000
177.500000,-0.196853184,63.029031056,40.030886304,0.000000,38.520833333
178.000000,-0.197398898,63.023471211,40.031203359,0.000000,38.516666667
178.500000,-0.197944563,63.017911321,40.031520420,0.000000,38.512500000
179.000000,-0.198490178,63.012351388,40.031837488,0.000000,38.508333333
179.500000,-0.199035745,63.006791410,40.032154562,0.000000,38.504166667
180.000000,-0.199581262,63.001231389,40.032471642,0.000000,38.500000000
180.500000,-0.200126731,62.995671324,40.032788729,0.000000,38.495833333
181.000000,-0.200672151,62.990111214,40.033105821,0.000000,38.491666667
181.500000,-0.201217522,62.984551060,40.033422920,0.000000,38.487500000
182.000000,-0.201762843,62.978990863,40.033740025,0.000000,38.483333333
182.500000,-0.202308116,62.973430621,40.034057136,0.000000,38.479166667
183.000000,-0.202853340,62.967870335,40.034374254,0.000000,38.475000000
183.500000,-0.203398515,62.962310006,40.034691377,0.000000,38.470833333
184.000000,-0.203943641,62.956749632,40.035008507,0.000000,38.466666667
184.500000,-0.204488718,62.951189214,40.035325643,0.000000,38.462500000
185.000000,-0.205033747,62.945628752,40.035642785,0.000000,38.458333333
185.500000,-0.205578726,62.940068246,40.035959934,0.000000,38.454166667
186.000000,-0.206123656,62.934507696,40.036277089,0.000000,38.450000000
186.500000,-0.206668538,62.928947102,40.036594250,0.000000,38.445833333
187.000000,-0.207213370,62.923386464,40.036911417,0.000000,38.441666667
187.500000,-0.207758154,62.917825782,40.037228590,0.000000,38.437500000
188.000000,-0.208302889,62.912265056,40.037545770,0.000000,38.433333333
188.500000,-0.208847574,62.906704285,40.037862955,0.000000,38.429166667
189.000000,-0.209392211,62.901143471,40.038180147,0.000000,38.425000000
189.500000,-0.209936799,62.895582613,40.038497346,0.000000,38.420833333
190.000000,-0.210481338,62.890021710,40.038814550,0.000000,38.416666667
190.500000,-0.211025829,62.884460764,40.039131761,0.000000,38.412500000
191.000000,-0.211570270,62.878899773,40.039448978,0.000000,38.408333333
191.500000,-0.212114663,62.873338739,40.039766201,0.000000,38.404166667
192.000000,-0.212659006,62.867777660,40.040083430,0.000000,38.400000000
192.500000,-0.213203301,62.862216537,40.040400665,0.000000,38.395833333
193.000000,-0.213747547,62.856655371,40.040717907,0.000000,38.391666667
193.500000,-0.214291744,62.851094160,40.041035155,0.000000,38.387500000
194.000000,-0.214835892,62.845532905,40.041352409,0.000000,38.383333333
194.500000,-0.215379992,62.839971606,40.041669670,0.000000,38.379166667
195.000000,-0.215924042,62.834410263,40.041986936,0.000000,38.375000000
195.500000,-0.216468044,62.828848876,40.042304209,0.000000,38.370833333
196.000000,-0.217011997,62.823287445,40.042621488,0.000000,38.366666667
196.500000,-0.217555901,62.817725970,40.042938774,0.000000,38.362500000
197.000000,-0.218099756,62.812164450,40.043256065,0.000000,38.358333333
197.500000,-0.218643562,62.806602887,40.043573363,0.000000,38.354166667
198.000000,-0.219187320,62.801041280,40.043890667,0.000000,38.350000000
198.500000,-0.219731028,62.795479628,40.044207977,0.000000,38.345833333
199.000000,-0.220274688,62.789917933,40.044525294,0.000000,38.341666667
199.500000,-0.220818299,62.784356193,40.044842616,0.000000,38.337500000
200.000000,-0.221361862,62.778794409,40.045159945,0.000000,38.333333333
200.500000,-0.221905375,62.773232581,40.045477280,0.000000,38.329166667
201.000000,-0.222448840,62.767670710,40.045794621,0.000000,38.325000000
201.500000,-0.222992255,62.762108794,40.046111969,0.000000,38.320833333
202.000000,-0.223535623,62.756546834,40.046429323,0.000000,38.316666667
202.500000,-0.224078941,62.750984830,40.046746683,0.000000,38.312500000
203.000000,-0.224622210,62.745422781,40.047064049,0.000000,38.308333333
203.500000,-0.225165431,62.739860689,40.047381421,0.000000,38.304166667
204.000000,-0.225708603,62.734298553,40.047698800,0.000000,38.300000000
204.500000,-0.226251726,62.728736373,40.048016185,0.000000,38.295833333
205.000000,-0.226794801,62.723174148,40.048333576,0.000000,38.291666667
205.500000,-0.227337826,62.717611880,40.048650973,0.000000,38.287500000
206.000000,-0.227880803,62.712049567,40.048968377,0.000000,38.283333333
206.500000,-0.228423731,62.706487210,40.049285787,0.000000,38.279166667
207.000000,-0.228966610,62.700924809,40.049603203,0.000000,38.275000000
207.500000,-0.229509441,62.695362364,40.049920625,0.000000,38.270833333
208.000000,-0.230052223,62.689799876,40.050238054,0.000000,38.266666667
208.500000,-0.230594956,62.684237342,40.050555488,0.000000,38.262500000
209.000000,-0.231137640,62.678674765,40.050872929,0.000000,38.258333333
209.500000,-0.231680276,62.673112144,40.051190376,0.000000,38.254166667
210.000000,-0.232222863,62.667549479,40.051507830,0.000000,38.250000000
210.500000,-0.232765401,62.661986769,40.051825290,0.000000,38.245833333
211.000000,-0.233307891,62.656424016,40.052142755,0.000000,38.241666667
211.500000,-0.233850332,62.650861218,40.052460228,0.000000,38.237500000
212.000000,-0.234392724,62.645298376,40.052777706,0.000000,38.233333333
212.500000,-0.234935067,62.639735491,40.053095190,0.000000,38.229166667
213.000000,-0.235477362,62.634172561,40.053412681,0.000000,38.225000000
213.500000,-0.236019607,62.628609587,40.053730178,0.000000,38.220833333
214.000000,-0.236561805,62.623046569,40.054047682,0.000000,38.216666667
214.500000,-0.237103953,62.617483507,40.054365191,0.000000,38.212500000
215.000000,-0.237646053,62.611920400,40.054682707,0.000000,38.208333333
215.500000,-0.238188104,62.606357250,40.055000229,0.000000,38.204166667
216.000000,-0.238730107,62.600794055,40.055317757,0.000000,38.200000000
216.500000,-0.239272061,62.595230817,40.055635291,0.000000,38.195833333
217.000000,-0.239813966,62.589667534,40.055952832,0.000000,38.191666667
217.500000,-0.240355822,62.584104207,40.056270379,0.000000,38.187500000
218.000000,-0.240897630,62.578540837,40.056587932,0.000000,38.183333333
218.500000,-0.241439389,62.572977422,40.056905492,0.000000,38.179166667
219.000000,-0.241981100,62.567413962,40.057223057,0.000000,38.175000000
219.500000,-0.242522761,62.561850459,40.057540629,0.000000,38.170833333
220.000000,-0.243064375,62.556286912,40.057858207,0.000000,38.166666667
220.500000,-0.243605939,62.550723320,40.058175792,0.000000,38.162500000
221.000000,-0.244147455,62.545159685,40.058493382,0.000000,38.158333333
221.500000,-0.244688922,62.539596005,40.058810979,0.000000,38.154166667
222.000000,-0.245230341,62.534032282,40.059128582,0.000000,38.150000000
222.500000,-0.245771711,62.528468514,40.059446191,0.000000,38.145833333
223.000000,-0.246313032,62.522904702,40.059763807,0.000000,38.141666667
223.500000,-0.246854305,62.517340846,40.060081429,0.000000,38.137500000
224.000000,-0.247395529,62.511776945,40.060399057,0.000000,38.133333333
224.500000,-0.247936705,62.506213001,40.060716691,0.000000,38.129166667
225.000000,-0.248477832,62.500649013,40.061034331,0.000000,38.125000000
225.500000,-0.249018910,62.495084980,40.061351978,0.000000,38.120833333
226.000000,-0.249559940,62.489520904,40.061669631,0.000000,38.116666667
226.500000,-0.250100921,62.483956783,40.061987290,0.000000,38.112500000
227.000000,-0.250641853,62.478392618,40.062304956,0.000000,38.108333333
227.500000,-0.251182737,62.472828409,40.062622627,0.000000,38.104166667
228.000000,-0.251723572,62.467264156,40.062940305,0.000000,38.100000000
228.500000,-0.252264359,62.461699858,40.063257990,0.000000,38.095833333
229.000000,-0.252805097,62.456135517,40.063575680,0.000000,38.091666667
229.500000,-0.253345787,62.450571132,40.063893377,0.000000,38.087500000
230.000000,-0.253886428,62.445006702,40.064211080,0.000000,38.083333333
230.500000,-0.254427020,62.439442228,40.064528789,0.000000,38.079166667
231.000000,-0.254967564,62.433877710,40.064846504,0.000000,38.075000000
231.500000,-0.255508059,62.428313148,40.065164226,0.000000,38.070833333
232.000000,-0.256048506,62.422748542,40.065481954,0.000000,38.066666667
232.500000,-0.256588904,62.417183892,40.065799688,0.000000,38.062500000
233.000000,-0.257129254,62.411619197,40.066117428,0.000000,38.058333333
233.500000,-0.257669555,62.406054459,40.066435175,0.000000,38.054166667
234.000000,-0.258209808,62.400489676,40.066752928,0.000000,38.050000000
234.500000,-0.258750012,62.394924849,40.067070687,0.000000,38.045833333
235.000000,-0.259290167,62.389359978,40.067388452,0.000000,38.041666667
235.500000,-0.259830274,62.383795063,40.067706224,0.000000,38.037500000
236.000000,-0.260370333,62.378230104,40.068024002,0.000000,38.033333333
236.500000,-0.260910343,62.372665101,40.068341786,0.000000,38.029166667
237.000000,-0.261450304,62.367100053,40.068659576,0.000000,38.025000000
237.500000,-0.261990217,62.361534962,40.068977373,0.000000,38.020833333
238.000000,-0.262530081,62.355969826,40.069295176,0.000000,38.016666667
238.500000,-0.263069897,62.350404646,40.069612985,0.000000,38.012500000
239.000000,-0.263609665,62.344839422,40.069930800,0.000000,38.008333333
239.500000,-0.264149383,62.339274154,40.070248622,0.000000,38.004166667
240.000000,-0.264689054,62.333708842,58.901363813,0.000000,38.000000000
240.500000,-0.265370557,62.325528097,58.902055159,0.000000,37.991666667
241.000000,-0.266051977,62.317347256,58.902746526,0.000000,37.983333333
241.500000,-0.266733316,62.309166319,58.903437915,0.000000,37.975000000
242.000000,-0.267414573,62.300985286,58.904129324,0.000000,37.966666667
242.500000,-0.268095748,62.292804157,58.904820754,0.000000,37.958333333
243.000000,-0.268776841,62.284622931,58.905512206,0.000000,37.950000000
243.500000,-0.269457852,62.276441610,58.906203678,0.000000,37.941666667
244.000000,-0.270138781,62.268260193,58.906895171,0.000000,37.933333333
244.500000,-0.270819628,62.260078680,58.907586685,0.000000,37.925000000
245.000000,-0.271500394,62.251897071,58.908278220,0.000000,37.916666667
245.500000,-0.272181077,62.243715365,58.908969776,0.000000,37.908333333
246.000000,-0.272861678,62.235533564,58.909661353,0.000000,37.900000000
246.500000,-0.273542198,62.227351667,58.910352951,0.000000,37.891666667
247.000000,-0.274222636,62.219169673,58.911044570,0.000000,37.883333333
247.500000,-0.274902991,62.210987584,58.911736210,0.000000,37.875000000
248.000000,-0.275583265,62.202805398,58.912427871,0.000000,37.866666667
248.500000,-0.276263457,62.194623116,58.913119553,0.000000,37.858333333
249.000000,-0.276943567,62.186440739,58.913811256,0.000000,37.850000000
249.500000,-0.277623596,62.178258265,58.914502980,0.000000,37.841666667
250.000000,-0.278303542,62.170075695,58.915194725,0.000000,37.833333333
250.500000,-0.278983407,62.161893029,58.915886491,0.000000,37.825000000
251.000000,-0.279663190,62.153710267,58.916578278,0.000000,37.816666667
251.500000,-0.280342891,62.145527409,58.917270086,0.000000,37.808333333
252.000000,-0.281022510,62.137344455,58.917961915,0.000000,37.800000000
252.500000,-0.281702048,62.129161405,58.918653765,0.000000,37.791666667
253.000000,-0.282381503,62.120978258,58.919345635,0.000000,37.783333333
253.500000,-0.283060877,62.112795016,58.920037527,0.000000,37.775000000
254.000000,-0.283740169,62.104611677,58.920729440,0.000000,37.766666667
254.500000,-0.284419379,62.096428243,58.921421374,0.000000,37.758333333
255.000000,-0.285098508,62.088244712,58.922113329,0.000000,37.750000000
255.500000,-0.285777555,62.080061085,58.922805305,0.000000,37.741666667
256.000000,-0.286456520,62.071877362,58.923497302,0.000000,37.733333333
256.500000,-0.287135403,62.063693543,58.924189320,0.000000,37.725000000
257.000000,-0.287814205,62.055509628,58.924881359,0.000000,37.716666667
257.500000,-0.288492925,62.047325616,58.925573418,0.000000,37.708333333
258.000000,-0.289171563,62.039141509,58.926265499,0.000000,37.700000000
258.500000,-0.289850119,62.030957305,58.926957601,0.000000,37.691666667
259.000000,-0.290528594,62.022773006,58.927649724,0.000000,37.683333333
259.500000,-0.291206987,62.014588610,58.928341868,0.000000,37.675000000
260.000000,-0.291885299,62.006404118,58.929034033,0.000000,37.666666667
260.500000,-0.292563528,61.998219530,58.929726219,0.000000,37.658333333
261.000000,-0.293241676,61.990034846,58.930418426,0.000000,37.650000000
261.500000,-0.293919743,61.981850065,58.931110654,0.000000,37.641666667
262.000000,-0.294597728,61.973665189,58.931802903,0.000000,37.633333333
262.500000,-0.295275631,61.965480216,58.932495174,0.000000,37.625000000
263.000000,-0.295953452,61.957295148,58.933187465,0.000000,37.616666667
263.500000,-0.296631192,61.949109983,58.933879777,0.000000,37.608333333
264.000000,-0.297308850,61.940924722,58.934572110,0.000000,37.600000000
264.500000,-0.297986427,61.932739364,58.935264464,0.000000,37.591666667
265.000000,-0.298663922,61.924553911,58.935956840,0.000000,37.583333333
265.500000,-0.299341336,61.916368361,58.936649236,0.000000,37.575000000
266.000000,-0.300018667,61.908182716,58.937341653,0.000000,37.566666667
266.500000,-0.300695918,61.899996974,58.938034091,0.000000,37.558333333
267.000000,-0.301373086,61.891811136,58.938726551,0.000000,37.550000000
267.500000,-0.302050174,61.883625201,58.939419031,0.000000,37.541666667
268.000000,-0.302727179,61.875439171,58.940111533,0.000000,37.533333333
268.500000,-0.303404103,61.867253044,58.940804055,0.000000,37.525000000
269.000000,-0.304080946,61.859066822,58.941496599,0.000000,37.516666667
269.500000,-0.304757707,61.850880503,58.942189163,0.000000,37.508333333
270.000000,-0.305434386,61.842694088,58.942881749,0.000000,37.500000000
270.500000,-0.306110984,61.834507576,58.943574356,0.000000,37.491666667
271.000000,-0.306787501,61.826320969,58.944266984,0.000000,37.483333333
271.500000,-0.307463936,61.818134265,58.944959632,0.000000,37.475000000
272.000000,-0.308140289,61.809947465,75.166846289,6.000000,37.466666667
272.500000,-0.301570776,61.799507625,75.167462671,6.000000,37.458333333
273.000000,-0.295001998,61.789067700,75.168079111,6.000000,37.450000000
273.500000,-0.288433954,61.778627689,75.168695608,6.000000,37.441666667
274.000000,-0.281866644,61.768187592,75.169312163,6.000000,37.433333333
274.500000,-0.275300068,61.757747410,75.169928775,6.000000,37.425000000
275.000000,-0.268734227,61.747307142,75.170545444,6.000000,37.416666667
275.500000,-0.262169119,61.736866789,75.171162171,6.000000,37.408333333
276.000000,-0.255604745,61.726426349,75.171778955,6.000000,37.400000000
276.500000,-0.249041105,61.715985824,75.172395796,6.000000,37.391666667
277.000000,-0.242478199,61.705545214,75.173012695,6.000000,37.383333333
277.500000,-0.235916027,61.695104518,75.173629651,6.000000,37.375000000
278.000000,-0.229354588,61.684663736,75.174246664,6.000000,37.366666667
278.500000,-0.222793883,61.674222868,75.174863734,6.000000,37.358333333
279.000000,-0.216233911,61.663781915,75.175480862,6.000000,37.350000000
279.500000,-0.209674673,61.653340876,75.176098048,6.000000,37.341666667
280.000000,-0.203116168,61.642899751,75.176715290,6.000000,37.333333333
280.500000,-0.196558396,61.632458541,75.177332590,6.000000,37.325000000
281.000000,-0.190001357,61.622017245,75.177949947,6.000000,37.316666667
281.500000,-0.183445051,61.611575863,75.178567362,6.000000,37.308333333
282.000000,-0.176889479,61.601134395,75.179184834,6.000000,37.300000000
282.500000,-0.170334639,61.590692841,75.179802363,6.000000,37.291666667
283.000000,-0.163780532,61.580251202,75.180419950,6.000000,37.283333333
283.500000,-0.157227158,61.569809477,75.181037594,6.000000,37.275000000
284.000000,-0.150674516,61.559367667,75.181655295,6.000000,37.266666667
284.500000,-0.144122608,61.548925770,75.182273054,6.000000,37.258333333
285.000000,-0.137571431,61.538483788,75.182890870,6.000000,37.250000000
285.500000,-0.131020988,61.528041719,75.183508743,6.000000,37.241666667
286.000000,-0.124471276,61.517599565,75.184126674,6.000000,37.233333333
286.500000,-0.117922297,61.507157326,75.184744662,6.000000,37.225000000
287.000000,-0.111374050,61.496715000,75.185362707,6.000000,37.216666667
287.500000,-0.104826536,61.486272588,75.185980809,6.000000,37.208333333
288.000000,-0.098279753,61.475830091,75.186598969,6.000000,37.200000000
288.500000,-0.091733703,61.465387508,75.187217187,6.000000,37.191666667
289.000000,-0.085188384,61.454944839,75.187835461,6.000000,37.183333333
289.500000,-0.078643797,61.444502084,75.188453793,6.000000,37.175000000
290.000000,-0.072099942,61.434059243,75.189072182,6.000000,37.166666667
290.500000,-0.065556819,61.423616316,75.189690629,6.000000,37.158333333
291.000000,-0.059014427,61.413173304,75.190309133,6.000000,37.150000000
291.500000,-0.052472767,61.402730205,75.190927694,6.000000,37.141666667
292.000000,-0.045931839,61.392287021,75.191546312,6.000000,37.133333333
292.500000,-0.039391641,61.381843751,75.192164988,6.000000,37.125000000
293.000000,-0.032852175,61.371400394,75.192783721,6.000000,37.116666667
293.500000,-0.026313441,61.360956952,75.193402512,6.000000,37.108333333
294.000000,-0.019775437,61.350513424,75.194021360,6.000000,37.100000000
294.500000,-0.013238165,61.340069810,75.194640265,6.000000,37.091666667
295.000000,-0.006701623,61.329626110,75.195259227,6.000000,37.083333333
295.500000,-0.000165813,61.319182324,75.195878247,6.000000,37.075000000
296.000000,0.006369266,61.308738452,75.196575393,6.000000,37.066666667
296.500000,0.012903652,61.298294483,75.197274623,6.000000,37.058333333
297.000000,0.019437344,61.287850417,75.197973904,6.000000,37.050000000
297.500000,0.025970344,61.277406254,75.198673236,6.000000,37.041666667
298.000000,0.032502650,61.266961994,75.199372620,6.000000,37.033333333
298.500000,0.039034263,61.256517637,75.200072054,6.000000,37.025000000
299.000000,0.045565184,61.246073182,75.200771540,6.000000,37.016666667
299.500000,0.052095412,61.235628631,75.201471078,6.000000,37.008333333
300.000000,0.058624947,61.225183982,75.202170666,6.000000,37.000000000
300.500000,0.065153789,61.214739236,75.202870306,6.000000,36.991666667
301.000000,0.071681939,61.204294393,75.203569997,6.000000,36.983333333
301.500000,0.078209397,61.193849453,75.204269740,6.000000,36.975000000
302.000000,0.084736162,61.183404415,75.204969533,6.000000,36.966666667
302.500000,0.091262234,61.172959281,75.205669378,6.000000,36.958333333
303.000000,0.097787615,61.162514049,75.206369275,6.000000,36.950000000
303.500000,0.104312303,61.152068720,75.207069222,6.000000,36.941666667
304.000000,0.110836299,61.141623293,75.207769221,6.000000,36.933333333
304.500000,0.117359603,61.131177770,75.208469271,6.000000,36.925000000
305.000000,0.123882215,61.120732149,75.209169372,6.000000,36.916666667
305.500000,0.130404135,61.110286431,75.209869525,6.000000,36.908333333
306.000000,0.136925363,61.099840616,75.210569729,6.000000,36.900000000
306.500000,0.143445899,61.089394703,75.211269984,6.000000,36.891666667
307.000000,0.149965744,61.078948694,75.211970290,6.000000,36.883333333
307.500000,0.156484897,61.068502587,75.212670648,6.000000,36.875000000
308.000000,0.163003358,61.058056382,75.213371057,6.000000,36.866666667
308.500000,0.169521128,61.047610081,75.214071517,6.000000,36.858333333
309.000000,0.176038207,61.037163682,75.214772029,6.000000,36.850000000
309.500000,0.182554594,61.026717186,75.215472592,6.000000,36.841666667
310.000000,0.189070289,61.016270593,75.216173206,6.000000,36.833333333
310.500000,0.195585294,61.005823902,75.216873871,6.000000,36.825000000
311.000000,0.202099607,60.995377114,75.217574588,6.000000,36.816666667
311.500000,0.208613229,60.984930228,75.218275356,6.000000,36.808333333
312.000000,0.215126160,60.974483246,75.218976175,6.000000,36.800000000
312.500000,0.221638400,60.964036166,75.219677045,6.000000,36.791666667
313.000000,0.228149950,60.953588988,75.220377967,6.000000,36.783333333
313.500000,0.234660808,60.943141714,75.221078940,6.000000,36.775000000
314.000000,0.241170976,60.932694342,75.221779965,6.000000,36.766666667
314.500000,0.247680453,60.922246872,75.222481040,6.000000,36.758333333
315.000000,0.254189239,60.911799305,75.223182167,6.000000,36.750000000
315.500000,0.260697335,60.901351641,75.223883345,6.000000,36.741666667
316.000000,0.267204740,60.890903880,75.224584575,6.000000,36.733333333
316.500000,0.273711455,60.880456021,75.225285856,6.000000,36.725000000
317.000000,0.280217479,60.870008064,75.225987188,6.000000,36.716666667
317.500000,0.286722813,60.859560010,75.226688571,6.000000,36.708333333
318.000000,0.293227457,60.849111859,75.227390006,6.000000,36.700000000
318.500000,0.299731411,60.838663611,75.228091492,6.000000,36.691666667
319.000000,0.306234675,60.828215265,75.228793029,6.000000,36.683333333
319.500000,0.312737248,60.817766821,75.229494618,6.000000,36.675000000
320.000000,0.319239132,60.807318280,75.230196257,6.000000,36.666666667
320.500000,0.325740326,60.796869642,75.230897949,6.000000,36.658333333
321.000000,0.332240830,60.786420906,75.231599691,6.000000,36.650000000
321.500000,0.338740644,60.775972073,75.232301485,6.000000,36.641666667
322.000000,0.345239769,60.765523142,75.233003330,6.000000,36.633333333
322.500000,0.351738204,60.755074114,75.233705226,6.000000,36.625000000
323.000000,0.358235950,60.744624988,75.234407174,6.000000,36.616666667
323.500000,0.364733006,60.734175765,75.235109173,6.000000,36.608333333
324.000000,0.371229372,60.723726444,75.235811223,6.000000,36.600000000
324.500000,0.377725050,60.713277026,75.236513324,6.000000,36.591666667
325.000000,0.384220038,60.702827510,75.237215477,6.000000,36.583333333
325.500000,0.390714337,60.692377897,75.237917681,6.000000,36.575000000
326.000000,0.397207947,60.681928186,75.238619936,6.000000,36.566666667
326.500000,0.403700867,60.671478378,75.239322243,6.000000,36.558333333
327.000000,0.410193099,60.661028472,75.240024601,6.000000,36.550000000
327.500000,0.416684642,60.650578468,75.240727010,6.000000,36.541666667
328.000000,0.423175496,60.640128367,75.241429471,6.000000,36.533333333
328.500000,0.429665661,60.629678169,75.242131983,6.000000,36.525000000
329.000000,0.436155138,60.619227873,75.242834546,6.000000,36.516666667
329.500000,0.442643925,60.608777479,75.243537161,6.000000,36.508333333
330.000000,0.449132025,60.598326988,75.244239827,6.000000,36.500000000
330.500000,0.455619436,60.587876399,75.244942544,6.000000,36.491666667
331.000000,0.462106158,60.577425713,75.245645312,6.000000,36.483333333
331.500000,0.468592192,60.566974928,75.246348132,6.000000,36.475000000
332.000000,0.475077538,60.556524047,75.247051003,6.000000,36.466666667
332.500000,0.481562195,60.546073067,75.247753925,6.000000,36.458333333
333.000000,0.488046164,60.535621991,75.248456899,6.000000,36.450000000
333.500000,0.494529445,60.525170816,75.249159924,6.000000,36.441666667
334.000000,0.501012039,60.514719544,75.249863000,6.000000,36.433333333
334.500000,0.507493944,60.504268174,75.250566128,6.000000,36.425000000
335.000000,0.513975161,60.493816706,75.251269307,6.000000,36.416666667
335.500000,0.520455691,60.483365141,75.251972537,6.000000,36.408333333
336.000000,0.526935532,60.472913478,75.252675818,6.000000,36.400000000
336.500000,0.533414686,60.462461718,75.253379151,6.000000,36.391666667
337.000000,0.539893153,60.452009860,75.254082535,6.000000,36.383333333
337.500000,0.546370932,60.441557904,75.254785971,6.000000,36.375000000
338.000000,0.552848023,60.431105850,75.255489458,6.000000,36.366666667
338.500000,0.559324427,60.420653699,75.256192996,6.000000,36.358333333
339.000000,0.565800144,60.410201450,75.256896585,6.000000,36.350000000
339.500000,0.572275173,60.399749103,75.257600226,6.000000,36.341666667
340.000000,0.578749516,60.389296659,75.258303918,6.000000,36.333333333
340.500000,0.585223171,60.378844116,75.259007661,6.000000,36.325000000
341.000000,0.591696139,60.368391476,75.259711456,6.000000,36.316666667
341.500000,0.598168420,60.357938739,75.260415302,6.000000,36.308333333
342.000000,0.604640014,60.347485903,75.261119199,6.000000,36.300000000
342.500000,0.611110921,60.337032970,75.261823148,6.000000,36.291666667
343.000000,0.617581141,60.326579939,75.262527148,6.000000,36.283333333
343.500000,0.624050675,60.316126810,75.263231199,6.000000,36.275000000
344.000000,0.630519522,60.305673584,75.263935302,6.000000,36.266666667
344.500000,0.636987682,60.295220259,75.264639456,6.000000,36.258333333
345.000000,0.643455156,60.284766837,75.265343661,6.000000,36.250000000
345.500000,0.649921944,60.274313317,75.266047918,6.000000,36.241666667
346.000000,0.656388045,60.263859699,75.266752226,6.000000,36.233333333
346.500000,0.662853460,60.253405984,75.267456585,6.000000,36.225000000
347.000000,0.669318188,60.242952170,75.268160996,6.000000,36.216666667
347.500000,0.675782231,60.232498259,75.268865457,6.000000,36.208333333
348.000000,0.682245587,60.222044250,75.269569971,6.000000,36.200000000
348.500000,0.688708257,60.211590143,75.270274535,6.000000,36.191666667
349.000000,0.695170241,60.201135938,75.270979151,6.000000,36.183333333
349.500000,0.701631539,60.190681636,75.271683818,6.000000,36.175000000
350.000000,0.708092152,60.180227235,75.272388537,6.000000,36.166666667
350.500000,0.714552079,60.169772737,75.273093307,6.000000,36.158333333
351.000000,0.721011320,60.159318140,75.273798128,6.000000,36.150000000
351.500000,0.727469875,60.148863446,75.274503001,6.000000,36.141666667
352.000000,0.733927745,60.138408654,75.275207924,6.000000,36.133333333
352.500000,0.740384929,60.127953764,75.275912900,6.000000,36.125000000
353.000000,0.746841428,60.117498776,75.276617926,6.000000,36.116666667
353.500000,0.753297241,60.107043690,75.277323004,6.000000,36.108333333
354.000000,0.759752370,60.096588507,75.278028133,6.000000,36.100000000
354.500000,0.766206813,60.086133225,75.278733314,6.000000,36.091666667
355.000000,0.772660570,60.075677845,75.279438546,6.000000,36.083333333
355.500000,0.779113643,60.065222368,75.280143829,6.000000,36.075000000
356.000000,0.785566031,60.054766792,75.280849164,6.000000,36.066666667
356.500000,0.792017734,60.044311119,75.281554549,6.000000,36.058333333
357.000000,0.798468752,60.033855347,75.282259987,6.000000,36.050000000
357.500000,0.804919085,60.023399478,75.282965475,6.000000,36.041666667
358.000000,0.811368733,60.012943510,75.283671015,6.000000,36.033333333
358.500000,0.817817697,60.002487445,75.284376607,6.000000,36.025000000
359.000000,0.824265976,59.992031282,75.285082249,6.000000,36.016666667
359.500000,0.830713570,59.981575020,75.285787943,6.000000,36.008333333
360.000000,0.837160480,59.971118661,75.286493688,6.000000,36.000000000
360.500000,0.843606706,59.960662203,75.287199485,6.000000,35.991666667
361.000000,0.850052247,59.950205648,75.287905333,6.000000,35.983333333
361.500000,0.856497104,59.939748994,75.288611232,6.000000,35.975000000
362.000000,0.862941277,59.929292243,75.289317183,6.000000,35.966666667
362.500000,0.869384765,59.918835393,75.290023185,6.000000,35.958333333
363.000000,0.875827570,59.908378445,75.290729238,6.000000,35.950000000
363.500000,0.882269691,59.897921400,75.291435343,6.000000,35.941666667
364.000000,0.888711127,59.887464256,75.292141499,6.000000,35.933333333
364.500000,0.895151880,59.877007014,75.292847707,6.000000,35.925000000
365.000000,0.901591949,59.866549674,75.293553965,6.000000,35.916666667
365.500000,0.908031334,59.856092236,75.294260276,6.000000,35.908333333
366.000000,0.914470036,59.845634700,75.294966637,6.000000,35.900000000
366.500000,0.920908054,59.835177066,75.295673050,6.000000,35.891666667
367.000000,0.927345388,59.824719333,75.296379514,6.000000,35.883333333
367.500000,0.933782039,59.814261503,75.297086030,6.000000,35.875000000
368.000000,0.940218007,59.803803574,75.297792596,6.000000,35.866666667
368.500000,0.946653291,59.793345547,75.298499215,6.000000,35.858333333
369.000000,0.953087893,59.782887423,75.299205884,6.000000,35.850000000
369.500000,0.959521810,59.772429200,75.299912605,6.000000,35.841666667
370.000000,0.965955045,59.761970878,75.300619378,6.000000,35.833333333
370.500000,0.972387597,59.751512459,75.301326201,6.000000,35.825000000
371.000000,0.978819466,59.741053941,75.302033076,6.000000,35.816666667
371.500000,0.985250652,59.730595326,75.302740003,6.000000,35.808333333
372.000000,0.991681155,59.720136612,75.303446980,6.000000,35.800000000
372.500000,0.998110975,59.709677800,75.304154009,6.000000,35.791666667
373.000000,1.004540112,59.699218889,75.304861090,6.000000,35.783333333
373.500000,1.010968567,59.688759881,75.305568222,6.000000,35.775000000
374.000000,1.017396340,59.678300774,75.306275405,6.000000,35.766666667
374.500000,1.023823429,59.667841569,75.306982639,6.000000,35.758333333
375.000000,1.030249837,59.657382266,75.307689925,6.000000,35.750000000
375.500000,1.036675562,59.646922865,75.308397263,6.000000,35.741666667
376.000000,1.043100605,59.636463365,75.309104651,6.000000,35.733333333
376.500000,1.049524965,59.626003767,75.309812091,6.000000,35.725000000
377.000000,1.055948643,59.615544071,75.310519583,6.000000,35.716666667
377.500000,1.062371640,59.605084277,75.311227125,6.000000,35.708333333
378.000000,1.068793954,59.594624384,75.311934719,6.000000,35.700000000
378.500000,1.075215586,59.584164393,75.312642365,6.000000,35.691666667
379.000000,1.081636536,59.573704304,75.313350062,6.000000,35.683333333
379.500000,1.088056805,59.563244117,75.314057810,6.000000,35.675000000
380.000000,1.094476392,59.552783831,75.314765610,6.000000,35.666666667
380.500000,1.100895297,59.542323447,75.315473461,6.000000,35.658333333
381.000000,1.107313520,59.531862964,75.316181363,6.000000,35.650000000
381.500000,1.113731062,59.521402383,75.316889317,6.000000,35.641666667
382.000000,1.120147922,59.510941704,75.317597322,6.000000,35.633333333
382.500000,1.126564101,59.500480927,75.318305378,6.000000,35.625000000
383.000000,1.132979599,59.490020051,75.319013486,6.000000,35.616666667
383.500000,1.139394415,59.479559077,75.319721645,6.000000,35.608333333
384.000000,1.145808550,59.469098005,75.320429856,6.000000,35.600000000
384.500000,1.152222004,59.458636834,75.321138118,6.000000,35.591666667
385.000000,1.158634777,59.448175565,75.321846431,6.000000,35.583333333
385.500000,1.165046869,59.437714197,75.322554796,6.000000,35.575000000
386.000000,1.171458280,59.427252731,75.323263212,6.000000,35.566666667
386.500000,1.177869010,59.416791167,75.323971679,6.000000,35.558333333
387.000000,1.184279059,59.406329504,75.324680198,6.000000,35.550000000
387.500000,1.190688428,59.395867743,75.325388768,6.000000,35.541666667
388.000000,1.197097116,59.385405883,75.326097390,6.000000,35.533333333
388.500000,1.203505123,59.374943925,75.326806063,6.000000,35.525000000
389.000000,1.209912450,59.364481869,75.327514787,6.000000,35.516666667
389.500000,1.216319096,59.354019714,75.328223563,6.000000,35.508333333
390.000000,1.222725062,59.343557461,75.328932390,6.000000,35.500000000
390.500000,1.229130347,59.333095109,75.329641268,6.000000,35.491666667
391.000000,1.235534953,59.322632659,75.330350198,6.000000,35.483333333
391.500000,1.241938878,59.312170110,75.331059179,6.000000,35.475000000
392.000000,1.248342123,59.301707463,75.331768212,6.000000,35.466666667
392.500000,1.254744687,59.291244718,75.332477296,6.000000,35.458333333
393.000000,1.261146572,59.280781874,75.333186432,6.000000,35.450000000
393.500000,1.267547777,59.270318931,75.333895618,6.000000,35.441666667
394.000000,1.273948302,59.259855890,75.334604857,6.000000,35.433333333
394.500000,1.280348147,59.249392750,75.335314146,6.000000,35.425000000
395.000000,1.286747313,59.238929512,75.336023487,6.000000,35.416666667
395.500000,1.293145799,59.228466176,75.336732880,6.000000,35.408333333
396.000000,1.299543605,59.218002741,75.337442323,6.000000,35.400000000
396.500000,1.305940732,59.207539207,75.338151818,6.000000,35.391666667
397.000000,1.312337179,59.197075575,75.338861365,6.000000,35.383333333
397.500000,1.318732947,59.186611844,75.339570963,6.000000,35.375000000
398.000000,1.325128036,59.176148015,75.340280612,6.000000,35.366666667
398.500000,1.331522445,59.165684087,75.340990313,6.000000,35.358333333
399.000000,1.337916175,59.155220061,75.341700065,6.000000,35.350000000
399.500000,1.344309226,59.144755935,75.342409869,6.000000,35.341666667
400.000000,1.350701598,59.134291712,75.343119724,6.000000,35.333333333
400.500000,1.357093291,59.123827390,75.343829630,6.000000,35.325000000
401.000000,1.363484305,59.113362969,75.344539588,6.000000,35.316666667
401.500000,1.369874640,59.102898450,75.345249597,6.000000,35.308333333
402.000000,1.376264297,59.092433832,75.345959657,6.000000,35.300000000
402.500000,1.382653275,59.081969115,75.346669769,6.000000,35.291666667
403.000000,1.389041574,59.071504300,75.347379932,6.000000,35.283333333
403.500000,1.395429194,59.061039386,75.348090147,6.000000,35.275000000
404.000000,1.401816136,59.050574373,75.348800413,6.000000,35.266666667
404.500000,1.408202400,59.040109262,75.349510731,6.000000,35.258333333
405.000000,1.414587985,59.029644052,75.350221100,6.000000,35.250000000
405.500000,1.420972892,59.019178744,75.350931520,6.000000,35.241666667
406.000000,1.427357121,59.008713337,75.351641992,6.000000,35.233333333
406.500000,1.433740671,58.998247831,75.352352515,6.000000,35.225000000
407.000000,1.440123543,58.987782226,75.353063089,6.000000,35.216666667
407.500000,1.446505738,58.977316523,75.353773715,6.000000,35.208333333
408.000000,1.452887254,58.966850721,75.354484393,6.000000,35.200000000
408.500000,1.459268093,58.956384821,75.355195121,6.000000,35.191666667
409.000000,1.465648253,58.945918821,75.355905902,6.000000,35.183333333
409.500000,1.472027736,58.935452723,75.356616733,6.000000,35.175000000
410.000000,1.478406541,58.924986526,75.357327616,6.000000,35.166666667
410.500000,1.484784669,58.914520231,75.358038550,6.000000,35.158333333
411.000000,1.491162119,58.904053837,75.358749536,6.000000,35.150000000
411.500000,1.497538891,58.893587344,75.359460574,6.000000,35.141666667
412.000000,1.503914986,58.883120752,75.360171662,6.000000,35.133333333
412.500000,1.510290404,58.872654061,75.360882802,6.000000,35.125000000
413.000000,1.516665144,58.862187272,75.361593994,6.000000,35.116666667
413.500000,1.523039207,58.851720384,75.362305237,6.000000,35.108333333
414.000000,1.529412593,58.841253397,75.363016531,6.000000,35.100000000
414.500000,1.535785302,58.830786312,75.363727877,6.000000,35.091666667
415.000000,1.542157334,58.820319127,75.364439274,6.000000,35.083333333
415.500000,1.548528689,58.809851844,75.365150722,6.000000,35.075000000
416.000000,1.554899367,58.799384462,75.365862222,6.000000,35.066666667
416.500000,1.561269368,58.788916981,75.366573774,6.000000,35.058333333
417.000000,1.567638692,58.778449401,75.367285376,6.000000,35.050000000
417.500000,1.574007340,58.767981723,75.367997031,6.000000,35.041666667
418.000000,1.580375311,58.757513946,75.368708736,6.000000,35.033333333
418.500000,1.586742606,58.747046069,75.369420493,6.000000,35.025000000
419.000000,1.593109224,58.736578094,75.370132302,6.000000,35.016666667
419.500000,1.599475166,58.726110020,75.370844162,6.000000,35.008333333
420.000000,1.605840431,58.715641847,75.371556073,6.000000,35.000000000
420.500000,1.612205020,58.705173576,75.372268036,6.000000,34.991666667
421.000000,1.618568933,58.694705205,75.372980050,6.000000,34.983333333
421.500000,1.624932169,58.684236736,75.373692115,6.000000,34.975000000
422.000000,1.631294730,58.673768167,75.374404233,6.000000,34.966666667
422.500000,1.637656614,58.663299500,75.375116401,6.000000,34.958333333
423.000000,1.644017823,58.652830734,75.375828621,6.000000,34.950000000
423.500000,1.650378356,58.642361869,75.376540892,6.000000,34.941666667
424.000000,1.656738212,58.631892905,75.377253215,6.000000,34.933333333
424.500000,1.663097394,58.621423842,75.377965589,6.000000,34.925000000
425.000000,1.669455899,58.610954680,75.378678015,6.000000,34.916666667
425.500000,1.675813729,58.600485419,75.379390492,6.000000,34.908333333
426.000000,1.682170883,58.590016059,75.380103020,6.000000,34.900000000
426.500000,1.688527362,58.579546601,75.380815600,6.000000,34.891666667
427.000000,1.694883165,58.569077043,75.381528231,6.000000,34.883333333
427.500000,1.701238293,58.558607386,75.382240914,6.000000,34.875000000
428.000000,1.707592746,58.548137631,75.382953648,6.000000,34.866666667
428.500000,1.713946524,58.537667776,75.383666434,6.000000,34.858333333
429.000000,1.720299626,58.527197822,75.384379271,6.000000,34.850000000
429.500000,1.726652053,58.516727770,75.385092160,6.000000,34.841666667
430.000000,1.733003806,58.506257618,75.385805100,6.000000,34.833333333
430.500000,1.739354883,58.495787367,75.386518091,6.000000,34.825000000
431.000000,1.745705286,58.485317017,75.387231134,6.000000,34.816666667
431.500000,1.752055013,58.474846569,75.387944228,6.000000,34.808333333
432.000000,1.758404066,58.464376021,75.388657374,6.000000,34.800000000
432.500000,1.764752444,58.453905374,75.389370571,6.000000,34.791666667
433.000000,1.771100148,58.443434628,75.390083819,6.000000,34.783333333
433.500000,1.777447177,58.432963783,75.390797120,6.000000,34.775000000
434.000000,1.783793532,58.422492839,75.391510471,6.000000,34.766666667
434.500000,1.790139212,58.412021796,75.392223874,6.000000,34.758333333
435.000000,1.796484218,58.401550654,75.392937328,6.000000,34.750000000
435.500000,1.802828550,58.391079412,75.393650834,6.000000,34.741666667
436.000000,1.809172207,58.380608072,75.394364391,6.000000,34.733333333
436.500000,1.815515190,58.370136633,75.395078000,6.000000,34.725000000
437.000000,1.821857500,58.359665094,75.395791660,6.000000,34.716666667
437.500000,1.828199135,58.349193456,75.396505372,6.000000,34.708333333
438.000000,1.834540096,58.338721719,75.397219135,6.000000,34.700000000
438.500000,1.840880384,58.328249883,75.397932949,6.000000,34.691666667
439.000000,1.847219997,58.317777948,75.398646815,6.000000,34.683333333
439.500000,1.853558937,58.307305914,75.399360733,6.000000,34.675000000
440.000000,1.859897203,58.296833781,75.400074701,6.000000,34.666666667
440.500000,1.866234796,58.286361548,75.400788722,6.000000,34.658333333
441.000000,1.872571715,58.275889216,75.401502794,6.000000,34.650000000
441.500000,1.878907960,58.265416785,75.402216917,6.000000,34.641666667
442.000000,1.885243533,58.254944255,75.402931091,6.000000,34.633333333
442.500000,1.891578432,58.244471626,75.403645318,6.000000,34.625000000
443.000000,1.897912657,58.233998897,75.404359595,6.000000,34.616666667
443.500000,1.904246210,58.223526070,75.405073924,6.000000,34.608333333
444.000000,1.910579089,58.213053143,75.405788305,6.000000,34.600000000
444.500000,1.916911295,58.202580116,75.406502737,6.000000,34.591666667
445.000000,1.923242828,58.192106991,75.407217220,6.000000,34.583333333
445.500000,1.929573689,58.181633766,75.407931755,6.000000,34.575000000
446.000000,1.935903876,58.171160443,75.408646341,6.000000,34.566666667
446.500000,1.942233391,58.160687020,75.409360979,6.000000,34.558333333
447.000000,1.948562232,58.150213497,75.410075668,6.000000,34.550000000
447.500000,1.954890402,58.139739876,75.410790409,6.000000,34.541666667
448.000000,1.961217898,58.129266155,75.411505201,6.000000,34.533333333
448.500000,1.967544722,58.118792334,75.412220045,6.000000,34.525000000
449.000000,1.973870874,58.108318415,75.412934940,6.000000,34.516666667
449.500000,1.980196353,58.097844396,75.413649886,6.000000,34.508333333
450.000000,1.986521160,58.087370278,75.414364884,6.000000,34.500000000
450.500000,1.992845295,58.076896061,75.415079934,6.000000,34.491666667
451.000000,1.999168757,58.066421744,75.415795035,6.000000,34.483333333
451.500000,2.005491547,58.055947328,75.416510187,6.000000,34.475000000
452.000000,2.011813666,58.045472813,75.417225391,6.000000,34.466666667
452.500000,2.018135112,58.034998198,75.417940646,6.000000,34.458333333
453.000000,2.024455886,58.024523484,75.418655953,6.000000,34.450000000
453.500000,2.030775989,58.014048671,75.419371312,6.000000,34.441666667
454.000000,2.037095419,58.003573758,75.420086721,6.000000,34.433333333
454.500000,2.043414178,57.993098746,75.420802183,6.000000,34.425000000
455.000000,2.049732266,57.982623635,75.421517695,6.000000,34.416666667
455.500000,2.056049681,57.972148424,75.422233259,6.000000,34.408333333
456.000000,2.062366425,57.961673114,75.422948875,6.000000,34.400000000
456.500000,2.068682498,57.951197704,75.423664542,6.000000,34.391666667
457.000000,2.074997899,57.940722195,75.424380261,6.000000,34.383333333
457.500000,2.081312629,57.930246587,75.425096031,6.000000,34.375000000
458.000000,2.087626688,57.919770879,75.425811853,6.000000,34.366666667
458.500000,2.093940076,57.909295072,75.426527726,6.000000,34.358333333
459.000000,2.100252792,57.898819165,75.427243650,6.000000,34.350000000
459.500000,2.106564837,57.888343159,75.427959626,6.000000,34.341666667
460.000000,2.112876212,57.877867054,75.428675654,6.000000,34.333333333
460.500000,2.119186915,57.867390849,75.429391733,6.000000,34.325000000
461.000000,2.125496948,57.856914544,75.430107863,6.000000,34.316666667
461.500000,2.131806309,57.846438141,75.430824045,6.000000,34.308333333
462.000000,2.138115000,57.835961637,75.431540278,6.000000,34.300000000
462.500000,2.144423021,57.825485034,75.432256563,6.000000,34.291666667
463.000000,2.150730371,57.815008332,75.432972900,6.000000,34.283333333
463.500000,2.157037050,57.804531530,75.433689288,6.000000,34.275000000
464.000000,2.163343059,57.794054629,75.434405727,6.000000,34.266666667
464.500000,2.169648397,57.783577628,75.435122218,6.000000,34.258333333
465.000000,2.175953065,57.773100528,75.435838760,6.000000,34.250000000
465.500000,2.182257063,57.762623328,75.436555354,6.000000,34.241666667
466.000000,2.188560390,57.752146029,75.437271999,6.000000,34.233333333
466.500000,2.194863048,57.741668630,75.437988696,6.000000,34.225000000
467.000000,2.201165035,57.731191131,75.438705444,6.000000,34.216666667
467.500000,2.207466353,57.720713533,75.439422244,6.000000,34.208333333
468.000000,2.213767000,57.710235836,75.440139095,6.000000,34.200000000
468.500000,2.220066978,57.699758039,75.440855998,6.000000,34.191666667
469.000000,2.226366286,57.689280142,75.441572952,6.000000,34.183333333
469.500000,2.232664924,57.678802146,75.442289958,6.000000,34.175000000
470.000000,2.238962892,57.668324050,75.443007015,6.000000,34.166666667
470.500000,2.245260191,57.657845855,75.443724124,6.000000,34.158333333
471.000000,2.251556821,57.647367560,75.444441284,6.000000,34.150000000
471.500000,2.257852780,57.636889165,75.445158496,6.000000,34.141666667
472.000000,2.264148071,57.626410671,75.445875759,6.000000,34.133333333
472.500000,2.270442692,57.615932077,75.446593074,6.000000,34.125000000
473.000000,2.276736644,57.605453383,75.447310440,6.000000,34.116666667
473.500000,2.283029927,57.594974590,75.448027858,6.000000,34.108333333
474.000000,2.289322540,57.584495698,75.448745327,6.000000,34.100000000
474.500000,2.295614485,57.574016705,75.449462848,6.000000,34.091666667
475.000000,2.301905760,57.563537613,75.450180420,6.000000,34.083333333
475.500000,2.308196367,57.553058421,75.450898044,6.000000,34.075000000
476.000000,2.314486305,57.542579130,75.451615719,6.000000,34.066666667
476.500000,2.320775574,57.532099739,75.452333445,6.000000,34.058333333
477.000000,2.327064174,57.521620248,75.453051224,6.000000,34.050000000
477.500000,2.333352105,57.511140658,75.453769053,6.000000,34.041666667
478.000000,2.339639368,57.500660968,75.454486935,6.000000,34.033333333
478.500000,2.345925963,57.490181178,75.455204867,6.000000,34.025000000
479.000000,2.352211889,57.479701288,75.455922852,6.000000,34.016666667
479.500000,2.358497146,57.469221299,75.456640887,6.000000,34.008333333
480.000000,2.364781735,57.458741210,75.457358975,6.000000,34.000000000
480.500000,2.371065656,57.448261021,75.458077113,6.000000,33.991666667
481.000000,2.377348909,57.437780733,75.458795304,6.000000,33.983333333
481.500000,2.383631494,57.427300344,75.459513546,6.000000,33.975000000
482.000000,2.389913410,57.416819856,75.460231839,6.000000,33.966666667
482.500000,2.396194659,57.406339269,75.460950184,6.000000,33.958333333
483.000000,2.402475240,57.395858581,75.461668580,6.000000,33.950000000
483.500000,2.408755152,57.385377794,75.462387028,6.000000,33.941666667
484.000000,2.415034397,57.374896907,75.463105527,6.000000,33.933333333
484.500000,2.421312975,57.364415920,75.463824078,6.000000,33.925000000
485.000000,2.427590884,57.353934833,75.464542681,6.000000,33.916666667
485.500000,2.433868126,57.343453647,75.465261334,6.000000,33.908333333
486.000000,2.440144701,57.332972360,75.465980040,6.000000,33.900000000
486.500000,2.446420608,57.322490974,75.466698797,6.000000,33.891666667
487.000000,2.452695847,57.312009488,75.467417605,6.000000,33.883333333
487.500000,2.458970420,57.301527903,75.468136465,6.000000,33.875000000
488.000000,2.465244325,57.291046217,75.468855377,6.000000,33.866666667
488.500000,2.471517562,57.280564431,75.469574340,6.000000,33.858333333
489.000000,2.477790133,57.270082546,75.470293354,6.000000,33.850000000
489.500000,2.484062037,57.259600561,75.471012420,6.000000,33.841666667
490.000000,2.490333273,57.249118476,75.471731538,6.000000,33.833333333
490.500000,2.496603843,57.238636291,75.472450707,6.000000,33.825000000
491.000000,2.502873746,57.228154006,75.473169928,6.000000,33.816666667
491.500000,2.509142982,57.217671621,75.473889200,6.000000,33.808333333
492.000000,2.515411551,57.207189137,75.474608524,6.000000,33.800000000
492.500000,2.521679453,57.196706552,75.475327899,6.000000,33.791666667
493.000000,2.527946689,57.186223868,75.476047326,6.000000,33.783333333
493.500000,2.534213259,57.175741084,75.476766804,6.000000,33.775000000
494.000000,2.540479162,57.165258199,75.477486334,6.000000,33.766666667
494.500000,2.546744398,57.154775215,75.478205915,6.000000,33.758333333
495.000000,2.553008969,57.144292131,75.478925548,6.000000,33.750000000
495.500000,2.559272873,57.133808947,75.479645232,6.000000,33.741666667
496.000000,2.565536110,57.123325663,75.480364968,6.000000,33.733333333
496.500000,2.571798682,57.112842279,75.481084756,6.000000,33.725000000
497.000000,2.578060587,57.102358795,75.481804595,6.000000,33.716666667
497.500000,2.584321827,57.091875211,75.482524485,6.000000,33.708333333
498.000000,2.590582400,57.081391527,75.483244427,6.000000,33.700000000
498.500000,2.596842308,57.070907743,75.483964421,6.000000,33.691666667
499.000000,2.603101550,57.060423859,75.484684466,6.000000,33.683333333
499.500000,2.609360126,57.049939875,75.485404563,6.000000,33.675000000
500.000000,2.615618037,57.039455791,75.486124711,6.000000,33.666666667
500.500000,2.621875282,57.028971607,75.486844911,6.000000,33.658333333
501.000000,2.628131861,57.018487323,75.487565162,6.000000,33.650000000
501.500000,2.634387775,57.008002939,75.488285465,6.000000,33.641666667
502.000000,2.640643023,56.997518455,75.489005819,6.000000,33.633333333
502.500000,2.646897606,56.987033871,75.489726225,6.000000,33.625000000
503.000000,2.653151524,56.976549186,75.490446682,6.000000,33.616666667
503.500000,2.659404777,56.966064402,75.491167191,6.000000,33.608333333
504.000000,2.665657364,56.955579518,75.491887752,6.000000,33.600000000
504.500000,2.671909286,56.945094533,75.492608364,6.000000,33.591666667
505.000000,2.678160544,56.934609449,75.493329028,6.000000,33.583333333
505.500000,2.684411136,56.924124264,75.494049743,6.000000,33.575000000
506.000000,2.690661064,56.913638980,75.494770510,6.000000,33.566666667
506.500000,2.696910326,56.903153595,75.495491328,6.000000,33.558333333
507.000000,2.703158924,56.892668110,75.496212198,6.000000,33.550000000
507.500000,2.709406858,56.882182525,75.496933119,6.000000,33.541666667
508.000000,2.715654126,56.871696840,75.497654092,6.000000,33.533333333
508.500000,2.721900730,56.861211055,75.498375117,6.000000,33.525000000
509.000000,2.728146670,56.850725169,75.499096193,6.000000,33.516666667
509.500000,2.734391945,56.840239184,75.499817320,6.000000,33.508333333
510.000000,2.740636556,56.829753098,75.500538499,6.000000,33.500000000
510.500000,2.746880503,56.819266912,75.501259730,6.000000,33.491666667
511.000000,2.753123785,56.808780626,75.501981012,6.000000,33.483333333
511.500000,2.759366403,56.798294240,75.502702346,6.000000,33.475000000
512.000000,2.765608357,56.787807753,75.503423731,6.000000,33.466666667
512.500000,2.771849647,56.777321166,75.504145168,6.000000,33.458333333
513.000000,2.778090273,56.766834480,75.504866657,6.000000,33.450000000
513.500000,2.784330236,56.756347693,75.505588197,6.000000,33.441666667
514.000000,2.790569534,56.745860805,75.506309788,6.000000,33.433333333
514.500000,2.796808169,56.735373818,75.507031431,6.000000,33.425000000
515.000000,2.803046140,56.724886730,75.507753126,6.000000,33.416666667
515.500000,2.809283447,56.714399542,75.508474872,6.000000,33.408333333
516.000000,2.815520091,56.703912254,75.509196670,6.000000,33.400000000
516.500000,2.821756071,56.693424866,75.509918520,6.000000,33.391666667
517.000000,2.827991388,56.682937377,75.510640421,6.000000,33.383333333
517.500000,2.834226041,56.672449788,75.511362373,6.000000,33.375000000
518.000000,2.840460031,56.661962099,75.512084377,6.000000,33.366666667
518.500000,2.846693358,56.651474309,75.512806433,6.000000,33.358333333
519.000000,2.852926022,56.640986420,75.513528540,6.000000,33.350000000
519.500000,2.859158023,56.630498429,75.514250699,6.000000,33.341666667
520.000000,2.865389360,56.620010339,75.514972909,6.000000,33.333333333
520.500000,2.871620035,56.609522148,75.515695171,6.000000,33.325000000
521.000000,2.877850047,56.599033857,75.516417485,6.000000,33.316666667
521.500000,2.884079396,56.588545466,75.517139850,6.000000,33.308333333
522.000000,2.890308082,56.578056974,75.517862266,6.000000,33.300000000
522.500000,2.896536105,56.567568382,75.518584734,6.000000,33.291666667
523.000000,2.902763466,56.557079690,75.519307254,6.000000,33.283333333
523.500000,2.908990165,56.546590897,75.520029826,6.000000,33.275000000
524.000000,2.915216200,56.536102004,75.520752448,6.000000,33.266666667
524.500000,2.921441574,56.525613011,75.521475123,6.000000,33.258333333
525.000000,2.927666285,56.515123917,75.522197849,6.000000,33.250000000
525.500000,2.933890333,56.504634723,75.522920627,6.000000,33.241666667
526.000000,2.940113720,56.494145429,75.523643456,6.000000,33.233333333
526.500000,2.946336444,56.483656034,75.524366337,6.000000,33.225000000
527.000000,2.952558506,56.473166538,75.525089269,6.000000,33.216666667
527.500000,2.958779906,56.462676943,75.525812253,6.000000,33.208333333
528.000000,2.965000644,56.452187246,75.526535289,6.000000,33.200000000
528.500000,2.971220720,56.441697450,75.527258376,6.000000,33.191666667
529.000000,2.977440134,56.431207553,75.527981514,6.000000,33.183333333
529.500000,2.983658887,56.420717555,75.528704705,6.000000,33.175000000
530.000000,2.989876978,56.410227458,75.529427947,6.000000,33.166666667
530.500000,2.996094407,56.399737259,75.530151240,6.000000,33.158333333
531.000000,3.002311175,56.389246960,75.530874585,6.000000,33.150000000
531.500000,3.008527281,56.378756561,75.531597982,6.000000,33.141666667
532.000000,3.014742725,56.368266062,75.532321430,6.000000,33.133333333
532.500000,3.020957508,56.357775461,75.533044930,6.000000,33.125000000
533.000000,3.027171630,56.347284761,75.533768481,6.000000,33.116666667
533.500000,3.033385091,56.336793959,75.534492084,6.000000,33.108333333
534.000000,3.039597890,56.326303058,75.535215739,6.000000,33.100000000
534.500000,3.045810029,56.315812056,75.535939445,6.000000,33.091666667
535.000000,3.052021506,56.305320953,75.536663202,6.000000,33.083333333
535.500000,3.058232322,56.294829750,75.537387012,6.000000,33.075000000
536.000000,3.064442478,56.284338446,75.538110873,6.000000,33.066666667
536.500000,3.070651972,56.273847042,75.538834785,6.000000,33.058333333
537.000000,3.076860806,56.263355537,75.539558749,6.000000,33.050000000
537.500000,3.083068979,56.252863931,75.540282765,6.000000,33.041666667
538.000000,3.089276491,56.242372225,75.541006832,6.000000,33.033333333
538.500000,3.095483343,56.231880419,75.541730951,6.000000,33.025000000
539.000000,3.101689534,56.221388512,75.542455122,6.000000,33.016666667
539.500000,3.107895065,56.210896504,75.543179344,6.000000,33.008333333
540.000000,3.114099935,56.200404396,83.713060500,6.000000,33.000000000
540.500000,3.120106471,56.188777582,83.713997443,6.000000,32.988888889
541.000000,3.126112287,56.177150638,83.714934456,6.000000,32.977777778
541.500000,3.132117382,56.165523564,83.715871538,6.000000,32.966666667
542.000000,3.138121756,56.153896359,83.716808689,6.000000,32.955555556
542.500000,3.144125410,56.142269025,83.717745909,6.000000,32.944444444
543.000000,3.150128344,56.130641560,83.718683199,6.000000,32.933333333
543.500000,3.156130557,56.119013965,83.719620558,6.000000,32.922222222
544.000000,3.162132051,56.107386240,83.720557986,6.000000,32.911111111
544.500000,3.168132824,56.095758385,83.721495484,6.000000,32.900000000
545.000000,3.174132877,56.084130399,83.722433051,6.000000,32.888888889
545.500000,3.180132210,56.072502284,83.723370687,6.000000,32.877777778
546.000000,3.186130824,56.060874038,83.724308392,6.000000,32.866666667
546.500000,3.192128717,56.049245662,83.725246167,6.000000,32.855555556
547.000000,3.198125891,56.037617155,83.726184011,6.000000,32.844444444
547.500000,3.204122346,56.025988518,83.727121924,6.000000,32.833333333
548.000000,3.210118080,56.014359752,83.728059907,6.000000,32.822222222
548.500000,3.216113096,56.002730854,83.728997959,6.000000,32.811111111
549.000000,3.222107392,55.991101827,83.729936080,6.000000,32.800000000
549.500000,3.228100968,55.979472669,83.730874271,6.000000,32.788888889
550.000000,3.234093826,55.967843381,83.731812531,6.000000,32.777777778
550.500000,3.240085964,55.956213963,83.732750860,6.000000,32.766666667
551.000000,3.246077383,55.944584414,83.733689258,6.000000,32.755555556
551.500000,3.252068084,55.932954735,83.734627726,6.000000,32.744444444
552.000000,3.258058065,55.921324925,83.735566263,6.000000,32.733333333
552.500000,3.264047328,55.909694986,83.736504870,6.000000,32.722222222
553.000000,3.270035872,55.898064915,83.737443546,6.000000,32.711111111
553.500000,3.276023697,55.886434715,83.738382291,6.000000,32.700000000
554.000000,3.282010804,55.874804384,83.739321105,6.000000,32.688888889
554.500000,3.287997192,55.863173923,83.740259989,6.000000,32.677777778
555.000000,3.293982862,55.851543331,83.741198942,6.000000,32.666666667
555.500000,3.299967813,55.839912609,83.742137964,6.000000,32.655555556
556.000000,3.305952046,55.828281757,83.743077056,6.000000,32.644444444
556.500000,3.311935562,55.816650774,83.744016217,6.000000,32.633333333
557.000000,3.317918359,55.805019660,83.744955448,6.000000,32.622222222
557.500000,3.323900438,55.793388417,83.745894747,6.000000,32.611111111
558.000000,3.329881799,55.781757042,83.746834116,6.000000,32.600000000
558.500000,3.335862442,55.770125538,83.747773555,6.000000,32.588888889
559.000000,3.341842367,55.758493902,83.748713063,6.000000,32.577777778
559.500000,3.347821575,55.746862137,83.749652640,6.000000,32.566666667
560.000000,3.353800065,55.735230240,83.750592286,6.000000,32.555555556
560.500000,3.359777838,55.723598214,83.751532002,6.000000,32.544444444
561.000000,3.365754893,55.711966056,83.752471787,6.000000,32.533333333
561.500000,3.371731231,55.700333769,83.753411641,6.000000,32.522222222
562.000000,3.377706852,55.688701350,83.754351565,6.000000,32.511111111
562.500000,3.383681755,55.677068802,83.755291558,6.000000,32.500000000
563.000000,3.389655942,55.665436122,83.756231621,6.000000,32.488888889
563.500000,3.395629411,55.653803312,83.757171753,6.000000,32.477777778
564.000000,3.401602163,55.642170372,83.758111954,6.000000,32.466666667
564.500000,3.407574199,55.630537301,83.759052225,6.000000,32.455555556
565.000000,3.413545517,55.618904099,83.759992565,6.000000,32.444444444
565.500000,3.419516119,55.607270767,83.760932974,6.000000,32.433333333
566.000000,3.425486004,55.595637304,83.761873453,6.000000,32.422222222
566.500000,3.431455173,55.584003710,83.762814001,6.000000,32.411111111
567.000000,3.437423625,55.572369986,83.763754618,6.000000,32.400000000
567.500000,3.443391361,55.560736131,83.764695305,6.000000,32.388888889
568.000000,3.449358381,55.549102146,83.765636061,6.000000,32.377777778
568.500000,3.455324684,55.537468030,83.766576887,6.000000,32.366666667
569.000000,3.461290271,55.525833783,83.767517782,6.000000,32.355555556
569.500000,3.467255143,55.514199405,83.768458746,6.000000,32.344444444
570.000000,3.473219298,55.502564897,83.769399779,6.000000,32.333333333
570.500000,3.479182737,55.490930258,83.770340882,6.000000,32.322222222
571.000000,3.485145460,55.479295489,83.771282055,6.000000,32.311111111
571.500000,3.491107468,55.467660589,83.772223297,6.000000,32.300000000
572.000000,3.497068760,55.456025558,83.773164608,6.000000,32.288888889
572.500000,3.503029336,55.444390396,83.774105988,6.000000,32.277777778
573.000000,3.508989197,55.432755103,83.775047438,6.000000,32.266666667
573.500000,3.514948342,55.421119680,83.775988958,6.000000,32.255555556
574.000000,3.520906772,55.409484126,83.776930546,6.000000,32.244444444
574.500000,3.526864487,55.397848441,83.777872204,6.000000,32.233333333
575.000000,3.532821487,55.386212626,83.778813932,6.000000,32.222222222
575.500000,3.538777771,55.374576679,83.779755729,6.000000,32.211111111
576.000000,3.544733341,55.362940602,83.780697595,6.000000,32.200000000
576.500000,3.550688195,55.351304394,83.781639531,6.000000,32.188888889
577.000000,3.556642335,55.339668055,83.782581536,6.000000,32.177777778
577.500000,3.562595760,55.328031586,83.783523610,6.000000,32.166666667
578.000000,3.568548470,55.316394985,83.784465754,6.000000,32.155555556
578.500000,3.574500465,55.304758254,83.785407967,6.000000,32.144444444
579.000000,3.580451746,55.293121391,83.786350250,6.000000,32.133333333
579.500000,3.586402313,55.281484398,83.787292602,6.000000,32.122222222
580.000000,3.592352165,55.269847274,83.788235024,6.000000,32.111111111
580.500000,3.598301303,55.258210020,83.789177515,6.000000,32.100000000
581.000000,3.604249726,55.246572634,83.790120075,6.000000,32.088888889
581.500000,3.610197436,55.234935117,83.791062705,6.000000,32.077777778
582.000000,3.616144431,55.223297470,83.792005404,6.000000,32.066666667
582.500000,3.622090712,55.211659691,83.792948172,6.000000,32.055555556
583.000000,3.628036280,55.200021782,83.793891010,6.000000,32.044444444
583.500000,3.633981134,55.188383741,83.794833918,6.000000,32.033333333
584.000000,3.639925273,55.176745570,83.795776895,6.000000,32.022222222
584.500000,3.645868700,55.165107267,83.796719941,6.000000,32.011111111
585.000000,3.651811412,55.153468834,83.797663057,6.000000,32.000000000
585.500000,3.657753411,55.141830270,83.798606242,6.000000,31.988888889
586.000000,3.663694697,55.130191574,83.799549496,6.000000,31.977777778
586.500000,3.669635269,55.118552748,83.800492820,6.000000,31.966666667
587.000000,3.675575128,55.106913791,83.801436214,6.000000,31.955555556
587.500000,3.681514274,55.095274702,83.802379676,6.000000,31.944444444
588.000000,3.687452707,55.083635483,83.803323209,6.000000,31.933333333
588.500000,3.693390427,55.071996133,83.804266810,6.000000,31.922222222
589.000000,3.699327433,55.060356651,83.805210482,6.000000,31.911111111
589.500000,3.705263727,55.048717038,83.806154222,6.000000,31.900000000
590.000000,3.711199308,55.037077295,83.807098032,6.000000,31.888888889
590.500000,3.717134177,55.025437420,83.808041912,6.000000,31.877777778
591.000000,3.723068333,55.013797414,83.808985861,6.000000,31.866666667
591.500000,3.729001776,55.002157277,83.809929879,6.000000,31.855555556
592.000000,3.734934507,54.990517009,83.810873967,6.000000,31.844444444
592.500000,3.740866525,54.978876610,83.811818124,6.000000,31.833333333
593.000000,3.746797831,54.967236080,83.812762351,6.000000,31.822222222
593.500000,3.752728425,54.955595418,83.813706647,6.000000,31.811111111
594.000000,3.758658306,54.943954626,83.814651012,6.000000,31.800000000
594.500000,3.764587476,54.932313702,83.815595447,6.000000,31.788888889
595.000000,3.770515934,54.920672647,83.816539952,6.000000,31.777777778
595.500000,3.776443679,54.909031461,83.817484526,6.000000,31.766666667
596.000000,3.782370713,54.897390144,83.818429169,6.000000,31.755555556
596.500000,3.788297035,54.885748695,83.819373882,6.000000,31.744444444
597.000000,3.794222646,54.874107116,83.820318665,6.000000,31.733333333
597.500000,3.800147544,54.862465405,83.821263517,6.000000,31.722222222
598.000000,3.806071732,54.850823562,83.822208438,6.000000,31.711111111
598.500000,3.811995208,54.839181589,83.823153429,6.000000,31.700000000
599.000000,3.817917972,54.827539484,83.824098489,6.000000,31.688888889
599.500000,3.823840025,54.815897249,83.825043619,6.000000,31.677777778
600.000000,3.829761368,54.804254881,83.825988818,6.000000,31.666666667
600.500000,3.835681998,54.792612383,83.826934086,6.000000,31.655555556
601.000000,3.841601918,54.780969753,83.827879425,6.000000,31.644444444
601.500000,3.847521127,54.769326992,83.828824832,6.000000,31.633333333
602.000000,3.853439625,54.757684100,83.829770309,6.000000,31.622222222
602.500000,3.859357413,54.746041076,83.830715856,6.000000,31.611111111
603.000000,3.865274489,54.734397921,83.831661472,6.000000,31.600000000
603.500000,3.871190855,54.722754635,83.832607158,6.000000,31.588888889
604.000000,3.877106511,54.711111217,83.833552913,6.000000,31.577777778
604.500000,3.883021455,54.699467668,83.834498737,6.000000,31.566666667
605.000000,3.888935690,54.687823988,83.835444631,6.000000,31.555555556
605.500000,3.894849214,54.676180176,83.836390595,6.000000,31.544444444
606.000000,3.900762028,54.664536233,83.837336628,6.000000,31.533333333
606.500000,3.906674132,54.652892158,83.838282730,6.000000,31.522222222
607.000000,3.912585525,54.641247952,83.839228902,6.000000,31.511111111
607.500000,3.918496209,54.629603615,83.840175144,6.000000,31.500000000
608.000000,3.924406183,54.617959146,83.841121455,6.000000,31.488888889
608.500000,3.930315447,54.606314546,83.842067835,6.000000,31.477777778
609.000000,3.936224001,54.594669815,83.843014285,6.000000,31.466666667
609.500000,3.942131846,54.583024951,83.843960805,6.000000,31.455555556
610.000000,3.948038980,54.571379957,83.844907394,6.000000,31.444444444
610.500000,3.953945406,54.559734831,83.845854053,6.000000,31.433333333
611.000000,3.959851122,54.548089573,83.846800781,6.000000,31.422222222
611.500000,3.965756128,54.536444184,83.847747578,6.000000,31.411111111
612.000000,3.971660425,54.524798664,83.848694445,6.000000,31.400000000
612.500000,3.977564014,54.513153012,83.849641382,6.000000,31.388888889
613.000000,3.983466892,54.501507228,83.850588388,6.000000,31.377777778
613.500000,3.989369062,54.489861313,83.851535464,6.000000,31.366666667
614.000000,3.995270523,54.478215267,83.852482609,6.000000,31.355555556
614.500000,4.001171275,54.466569089,83.853429824,6.000000,31.344444444
615.000000,4.007071318,54.454922779,83.854377108,6.000000,31.333333333
615.500000,4.012970653,54.443276338,83.855324461,6.000000,31.322222222
616.000000,4.018869279,54.431629765,83.856271885,6.000000,31.311111111
616.500000,4.024767196,54.419983060,83.857219378,6.000000,31.300000000
617.000000,4.030664405,54.408336224,83.858166940,6.000000,31.288888889
617.500000,4.036560905,54.396689257,83.859114572,6.000000,31.277777778
618.000000,4.042456697,54.385042157,83.860062273,6.000000,31.266666667
618.500000,4.048351781,54.373394927,83.861010044,6.000000,31.255555556
619.000000,4.054246157,54.361747564,83.861957885,6.000000,31.244444444
619.500000,4.060139824,54.350100070,83.862905795,6.000000,31.233333333
620.000000,4.066032784,54.338452444,83.863853774,6.000000,31.222222222
620.500000,4.071925035,54.326804687,83.864801823,6.000000,31.211111111
621.000000,4.077816579,54.315156797,83.865749942,6.000000,31.200000000
621.500000,4.083707415,54.303508777,83.866698130,6.000000,31.188888889
622.000000,4.089597543,54.291860624,83.867646388,6.000000,31.177777778
622.500000,4.095486964,54.280212340,83.868594715,6.000000,31.166666667
623.000000,4.101375677,54.268563924,83.869543112,6.000000,31.155555556
623.500000,4.107263682,54.256915376,83.870491578,6.000000,31.144444444
624.000000,4.113150981,54.245266697,83.871440114,6.000000,31.133333333
624.500000,4.119037572,54.233617886,83.872388720,6.000000,31.122222222
625.000000,4.124923455,54.221968943,83.873337395,6.000000,31.111111111
625.500000,4.130808632,54.210319868,83.874286139,6.000000,31.100000000
626.000000,4.136693101,54.198670662,83.875234954,6.000000,31.088888889
626.500000,4.142576864,54.187021324,83.876183837,6.000000,31.077777778
627.000000,4.148459920,54.175371854,83.877132791,6.000000,31.066666667
627.500000,4.154342268,54.163722252,83.878081814,6.000000,31.055555556
628.000000,4.160223910,54.152072518,83.879030906,6.000000,31.044444444
628.500000,4.166104846,54.140422653,83.879980068,6.000000,31.033333333
629.000000,4.171985075,54.128772656,83.880929300,6.000000,31.022222222
629.500000,4.177864597,54.117122527,83.881878601,6.000000,31.011111111
630.000000,4.183743413,54.105472266,83.882827972,6.000000,31.000000000
630.500000,4.189621522,54.093821873,83.883777412,6.000000,30.988888889
631.000000,4.195498925,54.082171348,83.884726922,6.000000,30.977777778
631.500000,4.201375622,54.070520692,83.885676501,6.000000,30.966666667
632.000000,4.207251613,54.058869903,83.886626150,6.000000,30.955555556
632.500000,4.213126898,54.047218983,83.887575869,6.000000,30.944444444
633.000000,4.219001477,54.035567931,83.888525657,6.000000,30.933333333
633.500000,4.224875350,54.023916747,83.889475515,6.000000,30.922222222
634.000000,4.230748518,54.012265431,83.890425442,6.000000,30.911111111
634.500000,4.236620979,54.000613983,83.891375439,6.000000,30.900000000
635.000000,4.242492735,53.988962403,83.892325506,6.000000,30.888888889
635.500000,4.248363785,53.977310691,83.893275642,6.000000,30.877777778
636.000000,4.254234130,53.965658847,83.894225848,6.000000,30.866666667
636.500000,4.260103770,53.954006871,83.895176123,6.000000,30.855555556
637.000000,4.265972704,53.942354763,83.896126468,6.000000,30.844444444
637.500000,4.271840933,53.930702524,83.897076883,6.000000,30.833333333
638.000000,4.277708456,53.919050152,83.898027367,6.000000,30.822222222
638.500000,4.283575275,53.907397648,83.898977921,6.000000,30.811111111
639.000000,4.289441389,53.895745012,83.899928544,6.000000,30.800000000
639.500000,4.295306797,53.884092244,83.900879237,6.000000,30.788888889
640.000000,4.301171501,53.872439345,83.901830000,6.000000,30.777777778
640.500000,4.307035500,53.860786313,83.902780832,6.000000,30.766666667
641.000000,4.312898795,53.849133149,83.903731734,6.000000,30.755555556
641.500000,4.318761384,53.837479853,83.904682705,6.000000,30.744444444
642.000000,4.324623270,53.825826424,83.905633747,6.000000,30.733333333
642.500000,4.330484451,53.814172864,83.906584857,6.000000,30.722222222
643.000000,4.336344927,53.802519172,83.907536038,6.000000,30.711111111
643.500000,4.342204699,53.790865347,83.908487287,6.000000,30.700000000
644.000000,4.348063767,53.779211391,83.909438607,6.000000,30.688888889
644.500000,4.353922131,53.767557302,83.910389996,6.000000,30.677777778
645.000000,4.359779790,53.755903081,83.911341455,6.000000,30.666666667
645.500000,4.365636746,53.744248728,83.912292983,6.000000,30.655555556
646.000000,4.371492998,53.732594243,83.913244582,6.000000,30.644444444
646.500000,4.377348546,53.720939626,83.914196249,6.000000,30.633333333
647.000000,4.383203390,53.709284876,83.915147987,6.000000,30.622222222
647.500000,4.389057531,53.697629995,83.916099793,6.000000,30.611111111
648.000000,4.394910968,53.685974981,83.917051670,6.000000,30.600000000
648.500000,4.400763701,53.674319835,83.918003616,6.000000,30.588888889
649.000000,4.406615731,53.662664556,83.918955632,6.000000,30.577777778
649.500000,4.412467058,53.651009146,83.919907718,6.000000,30.566666667
650.000000,4.418317682,53.639353603,83.920859873,6.000000,30.555555556
650.500000,4.424167602,53.627697928,83.921812098,6.000000,30.544444444
651.000000,4.430016819,53.616042121,83.922764392,6.000000,30.533333333
651.500000,4.435865333,53.604386181,83.923716756,6.000000,30.522222222
652.000000,4.441713144,53.592730110,83.924669190,6.000000,30.511111111
652.500000,4.447560253,53.581073906,83.925621693,6.000000,30.500000000
653.000000,4.453406658,53.569417569,83.926574267,6.000000,30.488888889
653.500000,4.459252361,53.557761101,83.927526909,6.000000,30.477777778
654.000000,4.465097361,53.546104500,83.928479622,6.000000,30.466666667
654.500000,4.470941659,53.534447766,83.929432404,6.000000,30.455555556
655.000000,4.476785254,53.522790901,83.930385255,6.000000,30.444444444
655.500000,4.482628146,53.511133903,83.931338177,6.000000,30.433333333
656.000000,4.488470337,53.499476773,83.932291168,6.000000,30.422222222
656.500000,4.494311825,53.487819510,83.933244228,6.000000,30.411111111
657.000000,4.500152611,53.476162115,83.934197359,6.000000,30.400000000
657.500000,4.505992694,53.464504587,83.935150559,6.000000,30.388888889
658.000000,4.511832076,53.452846928,83.936103829,6.000000,30.377777778
658.500000,4.517670756,53.441189135,83.937057168,6.000000,30.366666667
659.000000,4.523508734,53.429531211,83.938010577,6.000000,30.355555556
659.500000,4.529346010,53.417873154,83.938964056,6.000000,30.344444444
660.000000,4.535182585,53.406214964,83.939917604,6.000000,30.333333333
660.500000,4.541018458,53.394556642,83.940871222,6.000000,30.322222222
661.000000,4.546853629,53.382898188,83.941824910,6.000000,30.311111111
661.500000,4.552688099,53.371239601,83.942778667,6.000000,30.300000000
662.000000,4.558521868,53.359580882,83.943732495,6.000000,30.288888889
662.500000,4.564354935,53.347922030,83.944686391,6.000000,30.277777778
663.000000,4.570187301,53.336263046,83.945640358,6.000000,30.266666667
663.500000,4.576018966,53.324603929,83.946594394,6.000000,30.255555556
664.000000,4.581849930,53.312944680,83.947548500,6.000000,30.244444444
664.500000,4.587680193,53.301285298,83.948502676,6.000000,30.233333333
665.000000,4.593509755,53.289625784,83.949456921,6.000000,30.222222222
665.500000,4.599338616,53.277966137,83.950411236,6.000000,30.211111111
666.000000,4.605166776,53.266306358,83.951365621,6.000000,30.200000000
666.500000,4.610994236,53.254646446,83.952320075,6.000000,30.188888889
667.000000,4.616820995,53.242986402,83.953274599,6.000000,30.177777778
667.500000,4.622647053,53.231326225,83.954229193,6.000000,30.166666667
668.000000,4.628472411,53.219665915,83.955183856,6.000000,30.155555556
668.500000,4.634297069,53.208005473,83.956138589,6.000000,30.144444444
669.000000,4.640121026,53.196344898,83.957093392,6.000000,30.133333333
669.500000,4.645944284,53.184684191,83.958048265,6.000000,30.122222222
670.000000,4.651766841,53.173023351,83.959003207,6.000000,30.111111111
670.500000,4.657588698,53.161362378,83.959958219,6.000000,30.100000000
671.000000,4.663409855,53.149701273,83.960913301,6.000000,30.088888889
671.500000,4.669230312,53.138040035,83.961868453,6.000000,30.077777778
672.000000,4.675050070,53.126378664,83.962823674,6.000000,30.066666667
672.500000,4.680869127,53.114717161,83.963778965,6.000000,30.055555556
673.000000,4.686687485,53.103055525,83.964734325,6.000000,30.044444444
673.500000,4.692505144,53.091393756,83.965689756,6.000000,30.033333333
674.000000,4.698322103,53.079731855,83.966645256,6.000000,30.022222222
674.500000,4.704138362,53.068069821,83.967600826,6.000000,30.011111111
675.000000,4.709953922,53.056407654,83.968556465,6.000000,30.000000000
675.500000,4.715768783,53.044745354,83.969512175,6.000000,29.988888889
676.000000,4.721582945,53.033082922,83.970467954,6.000000,29.977777778
676.500000,4.727396407,53.021420357,83.971423802,6.000000,29.966666667
677.000000,4.733209171,53.009757659,83.972379721,6.000000,29.955555556
677.500000,4.739021236,52.998094829,83.973335709,6.000000,29.944444444
678.000000,4.744832601,52.986431866,83.974291767,6.000000,29.933333333
678.500000,4.750643268,52.974768770,83.975247895,6.000000,29.922222222
679.000000,4.756453237,52.963105541,83.976204092,6.000000,29.911111111
679.500000,4.762262506,52.951442179,83.977160360,6.000000,29.900000000
680.000000,4.768071077,52.939778685,83.978116697,6.000000,29.888888889
680.500000,4.773878950,52.928115057,83.979073103,6.000000,29.877777778
681.000000,4.779686124,52.916451297,83.980029580,6.000000,29.866666667
681.500000,4.785492600,52.904787404,83.980986126,6.000000,29.855555556
682.000000,4.791298377,52.893123378,83.981942742,6.000000,29.844444444
682.500000,4.797103457,52.881459219,83.982899428,6.000000,29.833333333
683.000000,4.802907838,52.869794928,83.983856183,6.000000,29.822222222
683.500000,4.808711521,52.858130503,83.984813008,6.000000,29.811111111
684.000000,4.814514507,52.846465946,83.985769903,6.000000,29.800000000
684.500000,4.820316794,52.834801256,83.986726868,6.000000,29.788888889
685.000000,4.826118384,52.823136433,83.987683903,6.000000,29.777777778
685.500000,4.831919276,52.811471477,83.988641007,6.000000,29.766666667
686.000000,4.837719470,52.799806388,83.989598181,6.000000,29.755555556
686.500000,4.843518967,52.788141166,83.990555425,6.000000,29.744444444
687.000000,4.849317767,52.776475811,83.991512739,6.000000,29.733333333
687.500000,4.855115869,52.764810323,83.992470122,6.000000,29.722222222
688.000000,4.860913273,52.753144702,83.993427575,6.000000,29.711111111
688.500000,4.866709981,52.741478948,83.994385098,6.000000,29.700000000
689.000000,4.872505991,52.729813061,83.995342691,6.000000,29.688888889
689.500000,4.878301305,52.718147041,83.996300353,6.000000,29.677777778
690.000000,4.884095921,52.706480889,83.997258086,6.000000,29.666666667
690.500000,4.889889840,52.694814603,83.998215888,6.000000,29.655555556
691.000000,4.895683063,52.683148184,83.999173760,6.000000,29.644444444
691.500000,4.901475588,52.671481632,84.000131701,6.000000,29.633333333
692.000000,4.907267417,52.659814947,84.001089713,6.000000,29.622222222
692.500000,4.913058550,52.648148129,84.002047794,6.000000,29.611111111
693.000000,4.918848986,52.636481178,84.003005945,6.000000,29.600000000
693.500000,4.924638725,52.624814094,84.003964166,6.000000,29.588888889
694.000000,4.930427768,52.613146877,84.004922457,6.000000,29.577777778
694.500000,4.936216115,52.601479526,84.005880817,6.000000,29.566666667
695.000000,4.942003766,52.589812043,84.006839247,6.000000,29.555555556
695.500000,4.947790720,52.578144426,84.007797747,6.000000,29.544444444
696.000000,4.953576979,52.566476676,84.008756317,6.000000,29.533333333
696.500000,4.959362541,52.554808794,84.009714957,6.000000,29.522222222
697.000000,4.965147408,52.543140778,84.010673666,6.000000,29.511111111
697.500000,4.970931578,52.531472629,84.011632445,6.000000,29.500000000
698.000000,4.976715053,52.519804346,84.012591295,6.000000,29.488888889
698.500000,4.982497833,52.508135931,84.013550213,6.000000,29.477777778
699.000000,4.988279916,52.496467382,84.014509202,6.000000,29.466666667
699.500000,4.994061304,52.484798700,84.015468261,6.000000,29.455555556
700.000000,4.999841997,52.473129885,84.016427389,6.000000,29.444444444
700.500000,5.005621995,52.461460937,84.017386587,6.000000,29.433333333
701.000000,5.011401297,52.449791856,84.018345855,6.000000,29.422222222
701.500000,5.017179903,52.438122641,84.019305193,6.000000,29.411111111
702.000000,5.022957815,52.426453293,84.020264601,6.000000,29.400000000
702.500000,5.028735032,52.414783812,84.021224078,6.000000,29.388888889
703.000000,5.034511554,52.403114197,84.022183625,6.000000,29.377777778
703.500000,5.040287381,52.391444450,84.023143242,6.000000,29.366666667
704.000000,5.046062513,52.379774569,84.024102929,6.000000,29.355555556
704.500000,5.051836950,52.368104554,84.025062686,6.000000,29.344444444
705.000000,5.057610693,52.356434407,84.026022513,6.000000,29.333333333
705.500000,5.063383741,52.344764126,84.026982409,6.000000,29.322222222
706.000000,5.069156094,52.333093712,84.027942376,6.000000,29.311111111
706.500000,5.074927753,52.321423164,84.028902412,6.000000,29.300000000
707.000000,5.080698718,52.309752483,84.029862518,6.000000,29.288888889
707.500000,5.086468989,52.298081669,84.030822694,6.000000,29.277777778
708.000000,5.092238565,52.286410721,84.031782939,6.000000,29.266666667
708.500000,5.098007447,52.274739640,84.032743255,6.000000,29.255555556
709.000000,5.103775635,52.263068426,84.033703640,6.000000,29.244444444
709.500000,5.109543130,52.251397078,84.034664095,6.000000,29.233333333
710.000000,5.115309930,52.239725597,84.035624620,6.000000,29.222222222
710.500000,5.121076037,52.228053983,84.036585215,6.000000,29.211111111
711.000000,5.126841449,52.216382235,84.037545880,6.000000,29.200000000
711.500000,5.132606169,52.204710353,84.038506615,6.000000,29.188888889
712.000000,5.138370194,52.193038338,84.039467419,6.000000,29.177777778
712.500000,5.144133526,52.181366190,84.040428294,6.000000,29.166666667
713.000000,5.149896165,52.169693908,84.041389238,6.000000,29.155555556
713.500000,5.155658110,52.158021493,84.042350252,6.000000,29.144444444
714.000000,5.161419362,52.146348945,84.043311336,6.000000,29.133333333
714.500000,5.167179921,52.134676263,84.044272490,6.000000,29.122222222
715.000000,5.172939787,52.123003447,84.045233714,6.000000,29.111111111
715.500000,5.178698960,52.111330498,84.046195007,6.000000,29.100000000
716.000000,5.184457440,52.099657415,84.047156371,6.000000,29.088888889
716.500000,5.190215227,52.087984199,84.048117804,6.000000,29.077777778
717.000000,5.195972321,52.076310849,84.049079307,6.000000,29.066666667
717.500000,5.201728722,52.064637366,84.050040880,6.000000,29.055555556
718.000000,5.207484431,52.052963749,84.051002523,6.000000,29.044444444
718.500000,5.213239448,52.041289999,84.051964236,6.000000,29.033333333
719.000000,5.218993771,52.029616115,84.052926019,6.000000,29.022222222
719.500000,5.224747403,52.017942097,84.053887872,6.000000,29.011111111
720.000000,5.230500342,52.006267946,84.054849794,6.000000,29.000000000
720.500000,5.236252589,51.994593662,84.055811787,6.000000,28.988888889
721.000000,5.242004143,51.982919243,84.056773849,6.000000,28.977777778
721.500000,5.247755006,51.971244691,84.057735981,6.000000,28.966666667
722.000000,5.253505176,51.959570006,84.058698183,6.000000,28.955555556
722.500000,5.259254655,51.947895187,84.059660455,6.000000,28.944444444
723.000000,5.265003442,51.936220234,84.060622797,6.000000,28.933333333
723.500000,5.270751537,51.924545147,84.061585209,6.000000,28.922222222
724.000000,5.276498940,51.912869927,84.062547691,6.000000,28.911111111
724.500000,5.282245652,51.901194573,84.063510243,6.000000,28.900000000
725.000000,5.287991672,51.889519086,84.064472864,6.000000,28.888888889
725.500000,5.293737000,51.877843465,84.065435556,6.000000,28.877777778
726.000000,5.299481637,51.866167710,84.066398317,6.000000,28.866666667
726.500000,5.305225583,51.854491821,84.067361148,6.000000,28.855555556
727.000000,5.310968838,51.842815799,84.068324049,6.000000,28.844444444
727.500000,5.316711401,51.831139643,84.069287021,6.000000,28.833333333
728.000000,5.322453274,51.819463353,84.070250062,6.000000,28.822222222
728.500000,5.328194455,51.807786929,84.071213173,6.000000,28.811111111
729.000000,5.333934945,51.796110372,84.072176353,6.000000,28.800000000
729.500000,5.339674745,51.784433680,84.073139604,6.000000,28.788888889
730.000000,5.345413854,51.772756856,84.074102925,6.000000,28.777777778
730.500000,5.351152272,51.761079897,84.075066316,6.000000,28.766666667
731.000000,5.356889999,51.749402804,84.076029776,6.000000,28.755555556
731.500000,5.362627036,51.737725578,84.076993307,6.000000,28.744444444
732.000000,5.368363383,51.726048218,84.077956907,6.000000,28.733333333
732.500000,5.374099039,51.714370724,84.078920578,6.000000,28.722222222
733.000000,5.379834005,51.702693096,84.079884318,6.000000,28.711111111
733.500000,5.385568280,51.691015334,84.080848128,6.000000,28.700000000
734.000000,5.391301866,51.679337439,84.081812008,6.000000,28.688888889
734.500000,5.397034761,51.667659409,84.082775958,6.000000,28.677777778
735.000000,5.402766966,51.655981246,84.083739979,6.000000,28.666666667
735.500000,5.408498482,51.644302949,84.084704069,6.000000,28.655555556
736.000000,5.414229307,51.632624517,84.085668229,6.000000,28.644444444
736.500000,5.419959443,51.620945952,84.086632459,6.000000,28.633333333
737.000000,5.425688889,51.609267253,84.087596758,6.000000,28.622222222
737.500000,5.431417645,51.597588421,84.088561128,6.000000,28.611111111
738.000000,5.437145712,51.585909454,84.089525568,6.000000,28.600000000
738.500000,5.442873090,51.574230353,84.090490078,6.000000,28.588888889
739.000000,5.448599778,51.562551118,84.091454658,6.000000,28.577777778
739.500000,5.454325776,51.550871750,84.092419307,6.000000,28.566666667
740.000000,5.460051086,51.539192247,84.093384027,6.000000,28.555555556
740.500000,5.465775706,51.527512610,84.094348816,6.000000,28.544444444
741.000000,5.471499637,51.515832840,84.095313676,6.000000,28.533333333
741.500000,5.477222880,51.504152935,84.096278606,6.000000,28.522222222
742.000000,5.482945433,51.492472896,84.097243605,6.000000,28.511111111
742.500000,5.488667297,51.480792723,84.098208675,6.000000,28.500000000
743.000000,5.494388473,51.469112417,84.099173814,6.000000,28.488888889
743.500000,5.500108960,51.457431976,84.100139023,6.000000,28.477777778
744.000000,5.505828759,51.445751401,84.101104303,6.000000,28.466666667
744.500000,5.511547868,51.434070692,84.102069652,6.000000,28.455555556
745.000000,5.517266290,51.422389849,84.103035072,6.000000,28.444444444
745.500000,5.522984023,51.410708872,84.104000561,6.000000,28.433333333
746.000000,5.528701068,51.399027761,84.104966120,6.000000,28.422222222
746.500000,5.534417424,51.387346515,84.105931749,6.000000,28.411111111
747.000000,5.540133093,51.375665136,84.106897449,6.000000,28.400000000
747.500000,5.545848073,51.363983623,84.107863218,6.000000,28.388888889
748.000000,5.551562365,51.352301975,84.108829057,6.000000,28.377777778
748.500000,5.557275969,51.340620193,84.109794967,6.000000,28.366666667
749.000000,5.562988886,51.328938277,84.110760946,6.000000,28.355555556
749.500000,5.568701115,51.317256227,84.111726995,6.000000,28.344444444
750.000000,5.574412656,51.305574043,84.112693114,6.000000,28.333333333
750.500000,5.580123509,51.293891724,84.113659304,6.000000,28.322222222
751.000000,5.585833675,51.282209271,84.114625563,6.000000,28.311111111
751.500000,5.591543154,51.270526685,84.115591892,6.000000,28.300000000
752.000000,5.597251945,51.258843964,84.116558292,6.000000,28.288888889
752.500000,5.602960048,51.247161108,84.117524761,6.000000,28.277777778
753.000000,5.608667465,51.235478119,84.118491300,6.000000,28.266666667
753.500000,5.614374194,51.223794995,84.119457909,6.000000,28.255555556
754.000000,5.620080237,51.212111737,84.120424589,6.000000,28.244444444
754.500000,5.625785592,51.200428345,84.121391338,6.000000,28.233333333
755.000000,5.631490260,51.188744818,84.122358157,6.000000,28.222222222
755.500000,5.637194242,51.177061157,84.123325047,6.000000,28.211111111
756.000000,5.642897537,51.165377362,84.124292006,6.000000,28.200000000
756.500000,5.648600145,51.153693432,84.125259036,6.000000,28.188888889
757.000000,5.654302066,51.142009369,84.126226135,6.000000,28.177777778
757.500000,5.660003301,51.130325171,84.127193305,6.000000,28.166666667
758.000000,5.665703850,51.118640838,84.128160544,6.000000,28.155555556
758.500000,5.671403712,51.106956372,84.129127854,6.000000,28.144444444
759.000000,5.677102888,51.095271770,84.130095233,6.000000,28.133333333
759.500000,5.682801377,51.083587035,84.131062683,6.000000,28.122222222
760.000000,5.688499181,51.071902165,84.132030202,6.000000,28.111111111
760.500000,5.694196298,51.060217161,84.132997792,6.000000,28.100000000
761.000000,5.699892730,51.048532022,84.133965452,6.000000,28.088888889
761.500000,5.705588475,51.036846749,84.134933182,6.000000,28.077777778
762.000000,5.711283535,51.025161342,84.135900981,6.000000,28.066666667
762.500000,5.716977909,51.013475800,84.136868851,6.000000,28.055555556
763.000000,5.722671597,51.001790124,84.137836791,6.000000,28.044444444
763.500000,5.728364599,50.990104313,84.138804801,6.000000,28.033333333
764.000000,5.734056916,50.978418368,84.139772881,6.000000,28.022222222
764.500000,5.739748548,50.966732289,84.140741031,6.000000,28.011111111
765.000000,5.745439494,50.955046075,84.141709251,6.000000,28.000000000
765.500000,5.751129755,50.943359726,84.142677541,6.000000,27.988888889
766.000000,5.756819330,50.931673243,84.143645902,6.000000,27.977777778
766.500000,5.762508221,50.919986626,84.144614332,6.000000,27.966666667
767.000000,5.768196426,50.908299874,84.145582832,6.000000,27.955555556
767.500000,5.773883947,50.896612987,84.146551402,6.000000,27.944444444
768.000000,5.779570782,50.884925966,84.147520043,6.000000,27.933333333
768.500000,5.785256933,50.873238811,84.148488753,6.000000,27.922222222
769.000000,5.790942399,50.861551520,84.149457534,6.000000,27.911111111
769.500000,5.796627180,50.849864096,84.150426385,6.000000,27.900000000
770.000000,5.802311277,50.838176537,84.151395305,6.000000,27.888888889
770.500000,5.807994689,50.826488843,84.152364296,6.000000,27.877777778
771.000000,5.813677416,50.814801014,84.153333357,6.000000,27.866666667
771.500000,5.819359459,50.803113051,84.154302488,6.000000,27.855555556
772.000000,5.825040818,50.791424954,84.155271689,6.000000,27.844444444
772.500000,5.830721493,50.779736722,84.156240960,6.000000,27.833333333
773.000000,5.836401483,50.768048355,84.157210302,6.000000,27.822222222
773.500000,5.842080790,50.756359853,84.158179713,6.000000,27.811111111
774.000000,5.847759412,50.744671217,84.159149194,6.000000,27.800000000
774.500000,5.853437351,50.732982447,84.160118746,6.000000,27.788888889
775.000000,5.859114605,50.721293541,84.161088367,6.000000,27.777777778
775.500000,5.864791176,50.709604501,84.162058059,6.000000,27.766666667
776.000000,5.870467063,50.697915326,84.163027821,6.000000,27.755555556
776.500000,5.876142267,50.686226017,84.163997653,6.000000,27.744444444
777.000000,5.881816787,50.674536573,84.164967554,6.000000,27.733333333
777.500000,5.887490624,50.662846994,84.165937527,6.000000,27.722222222
778.000000,5.893163777,50.651157281,84.166907569,6.000000,27.711111111
778.500000,5.898836247,50.639467432,84.167877681,6.000000,27.700000000
779.000000,5.904508033,50.627777449,84.168847863,6.000000,27.688888889
779.500000,5.910179137,50.616087332,84.169818116,6.000000,27.677777778
780.000000,5.915849557,50.604397079,84.170788438,6.000000,27.666666667
780.500000,5.921519294,50.592706692,84.171758831,6.000000,27.655555556
781.000000,5.927188349,50.581016170,84.172729294,6.000000,27.644444444
781.500000,5.932856720,50.569325513,84.173699827,6.000000,27.633333333
782.000000,5.938524409,50.557634721,84.174670430,6.000000,27.622222222
782.500000,5.944191415,50.545943795,84.175641103,6.000000,27.611111111
783.000000,5.949857739,50.534252733,84.176611846,6.000000,27.600000000
783.500000,5.955523380,50.522561537,84.177582660,6.000000,27.588888889
784.000000,5.961188338,50.510870206,84.178553543,6.000000,27.577777778
784.500000,5.966852614,50.499178741,84.179524497,6.000000,27.566666667
785.000000,5.972516208,50.487487140,84.180495521,6.000000,27.555555556
785.500000,5.978179120,50.475795405,84.181466615,6.000000,27.544444444
786.000000,5.983841349,50.464103534,84.182437779,6.000000,27.533333333
786.500000,5.989502896,50.452411529,84.183409013,6.000000,27.522222222
787.000000,5.995163761,50.440719389,84.184380317,6.000000,27.511111111
787.500000,6.000823945,50.429027114,84.185351692,6.000000,27.500000000
788.000000,6.006483446,50.417334704,84.186323136,6.000000,27.488888889
788.500000,6.012142266,50.405642159,84.187294651,6.000000,27.477777778
789.000000,6.017800404,50.393949479,84.188266236,6.000000,27.466666667
789.500000,6.023457860,50.382256664,84.189237891,6.000000,27.455555556
790.000000,6.029114635,50.370563715,84.190209616,6.000000,27.444444444
790.500000,6.034770728,50.358870630,84.191181411,6.000000,27.433333333
791.000000,6.040426140,50.347177410,84.192153277,6.000000,27.422222222
791.500000,6.046080871,50.335484056,84.193125212,6.000000,27.411111111
792.000000,6.051734920,50.323790566,84.194097218,6.000000,27.400000000
792.500000,6.057388288,50.312096942,84.195069294,6.000000,27.388888889
793.000000,6.063040975,50.300403182,84.196041440,6.000000,27.377777778
793.500000,6.068692981,50.288709287,84.197013656,6.000000,27.366666667
794.000000,6.074344306,50.277015258,84.197985943,6.000000,27.355555556
794.500000,6.079994951,50.265321093,84.198958299,6.000000,27.344444444
795.000000,6.085644914,50.253626793,84.199930726,6.000000,27.333333333
795.500000,6.091294197,50.241932358,84.200903223,6.000000,27.322222222
796.000000,6.096942799,50.230237788,84.201875790,6.000000,27.311111111
796.500000,6.102590721,50.218543083,84.202848427,6.000000,27.300000000
797.000000,6.108237962,50.206848243,84.203821135,6.000000,27.288888889
797.500000,6.113884522,50.195153268,84.204793912,6.000000,27.277777778
798.000000,6.119530402,50.183458158,84.205766760,6.000000,27.266666667
798.500000,6.125175603,50.171762913,84.206739678,6.000000,27.255555556
799.000000,6.130820122,50.160067532,84.207712666,6.000000,27.244444444
799.500000,6.136463962,50.148372016,84.208685725,6.000000,27.233333333
800.000000,6.142107122,50.136676366,84.209658853,6.000000,27.222222222
800.500000,6.147749602,50.124980580,84.210632052,6.000000,27.211111111
801.000000,6.153391402,50.113284659,84.211605321,6.000000,27.200000000
801.500000,6.159032522,50.101588602,84.212578660,6.000000,27.188888889
802.000000,6.164672962,50.089892411,84.213552069,6.000000,27.177777778
802.500000,6.170312723,50.078196084,84.214525549,6.000000,27.166666667
803.000000,6.175951804,50.066499622,84.215499098,6.000000,27.155555556
803.500000,6.181590206,50.054803025,84.216472718,6.000000,27.144444444
804.000000,6.187227928,50.043106293,84.217446408,6.000000,27.133333333
804.500000,6.192864971,50.031409425,84.218420168,6.000000,27.122222222
805.000000,6.198501334,50.019712422,84.219393999,6.000000,27.111111111
805.500000,6.204137019,50.008015284,84.220367900,6.000000,27.100000000
806.000000,6.209772024,49.996318011,84.221472918,6.000000,27.088888889
806.500000,6.215406353,49.984620584,84.222863305,6.000000,27.077777778
807.000000,6.221040011,49.972922964,84.224253798,6.000000,27.066666667
807.500000,6.226673000,49.961225151,84.225644397,6.000000,27.055555556
808.000000,6.232305317,49.949527145,84.227035102,6.000000,27.044444444
808.500000,6.237936965,49.937828946,84.228425914,6.000000,27.033333333
809.000000,6.243567942,49.926130553,84.229816831,6.000000,27.022222222
809.500000,6.249198249,49.914431968,84.231207854,6.000000,27.011111111
810.000000,6.254827886,49.902733189,84.232598984,6.000000,27.000000000
810.500000,6.260456853,49.891034217,84.233990219,6.000000,26.988888889
811.000000,6.266085151,49.879335051,84.235381561,6.000000,26.977777778
811.500000,6.271712778,49.867635693,84.236773009,6.000000,26.966666667
812.000000,6.277339736,49.855936141,84.238164563,6.000000,26.955555556
812.500000,6.282966024,49.844236396,84.239556223,6.000000,26.944444444
813.000000,6.288591642,49.832536458,84.240947990,6.000000,26.933333333
813.500000,6.294216591,49.820836326,84.242339862,6.000000,26.922222222
814.000000,6.299840871,49.809136001,84.243731841,6.000000,26.911111111
814.500000,6.305464481,49.797435483,84.245123925,6.000000,26.900000000
815.000000,6.311087422,49.785734771,84.246516116,6.000000,26.888888889
815.500000,6.316709693,49.774033866,84.247908413,6.000000,26.877777778
816.000000,6.322331296,49.762332768,84.249300817,6.000000,26.866666667
816.500000,6.327952229,49.750631476,84.250693326,6.000000,26.855555556
817.000000,6.333572494,49.738929991,84.252085942,6.000000,26.844444444
817.500000,6.339192089,49.727228312,84.253478664,6.000000,26.833333333
818.000000,6.344811016,49.715526440,84.254871492,6.000000,26.822222222
818.500000,6.350429274,49.703824374,84.256264426,6.000000,26.811111111
819.000000,6.356046863,49.692122116,84.257657467,6.000000,26.800000000
819.500000,6.361663784,49.680419663,84.259050614,6.000000,26.788888889
820.000000,6.367280036,49.668717017,84.260443867,6.000000,26.777777778
820.500000,6.372895619,49.657014178,84.261837226,6.000000,26.766666667
821.000000,6.378510534,49.645311145,84.263230692,6.000000,26.755555556
821.500000,6.384124781,49.633607918,84.264624263,6.000000,26.744444444
822.000000,6.389738360,49.621904498,84.266017942,6.000000,26.733333333
822.500000,6.395351270,49.610200885,84.267411726,6.000000,26.722222222
823.000000,6.400963513,49.598497078,84.268805617,6.000000,26.711111111
823.500000,6.406575087,49.586793077,84.270199614,6.000000,26.700000000
824.000000,6.412185993,49.575088882,84.271593717,6.000000,26.688888889
824.500000,6.417796232,49.563384494,84.272987926,6.000000,26.677777778
825.000000,6.423405803,49.551679913,84.274382242,6.000000,26.666666667
825.500000,6.429014706,49.539975137,84.275776664,6.000000,26.655555556
826.000000,6.434622941,49.528270168,84.277171193,6.000000,26.644444444
826.500000,6.440230509,49.516565006,84.278565828,6.000000,26.633333333
827.000000,6.445837409,49.504859649,84.279960569,6.000000,26.622222222
827.500000,6.451443642,49.493154099,84.281355417,6.000000,26.611111111
828.000000,6.457049207,49.481448355,84.282750371,6.000000,26.600000000
828.500000,6.462654105,49.469742418,84.284145431,6.000000,26.588888889
829.000000,6.468258336,49.458036287,84.285540597,6.000000,26.577777778
829.500000,6.473861900,49.446329962,84.286935871,6.000000,26.566666667
830.000000,6.479464797,49.434623443,84.288331250,6.000000,26.555555556
830.500000,6.485067027,49.422916730,84.289726736,6.000000,26.544444444
831.000000,6.490668590,49.411209823,84.291122328,6.000000,26.533333333
831.500000,6.496269486,49.399502723,84.292518027,6.000000,26.522222222
832.000000,6.501869715,49.387795429,84.293913832,6.000000,26.511111111
832.500000,6.507469278,49.376087941,84.295309743,6.000000,26.500000000
833.000000,6.513068174,49.364380259,84.296705761,6.000000,26.488888889
833.500000,6.518666404,49.352672383,84.298101885,6.000000,26.477777778
834.000000,6.524263967,49.340964314,84.299498116,6.000000,26.466666667
834.500000,6.529860863,49.329256050,84.300894453,6.000000,26.455555556
835.000000,6.535457094,49.317547592,84.302290897,6.000000,26.444444444
835.500000,6.541052658,49.305838941,84.303687447,6.000000,26.433333333
836.000000,6.546647556,49.294130095,84.305084104,6.000000,26.422222222
836.500000,6.552241788,49.282421056,84.306480867,6.000000,26.411111111
837.000000,6.557835353,49.270711822,84.307877736,6.000000,26.400000000
837.500000,6.563428253,49.259002395,84.309274712,6.000000,26.388888889
838.000000,6.569020487,49.247292773,84.310671795,6.000000,26.377777778
838.500000,6.574612056,49.235582958,84.312068984,6.000000,26.366666667
839.000000,6.580202958,49.223872948,84.313466280,6.000000,26.355555556
839.500000,6.585793195,49.212162745,84.314863682,6.000000,26.344444444
840.000000,6.591382766,49.200452347,84.316261190,6.000000,26.333333333
840.500000,6.596971672,49.188741755,84.317658806,6.000000,26.322222222
841.000000,6.602559913,49.177030969,84.319056527,6.000000,26.311111111
841.500000,6.608147488,49.165319989,84.320454356,6.000000,26.300000000
842.000000,6.613734398,49.153608815,84.321852290,6.000000,26.288888889
842.500000,6.619320642,49.141897447,84.323250332,6.000000,26.277777778
843.000000,6.624906222,49.130185884,84.324648480,6.000000,26.266666667
843.500000,6.630491136,49.118474127,84.326046734,6.000000,26.255555556
844.000000,6.636075386,49.106762176,84.327445095,6.000000,26.244444444
844.500000,6.641658970,49.095050031,84.328843563,6.000000,26.233333333
845.000000,6.647241890,49.083337692,84.330242137,6.000000,26.222222222
845.500000,6.652824145,49.071625158,84.331640818,6.000000,26.211111111
846.000000,6.658405735,49.059912430,84.333039606,6.000000,26.200000000
846.500000,6.663986661,49.048199508,84.334438500,6.000000,26.188888889
847.000000,6.669566922,49.036486392,84.335837501,6.000000,26.177777778
847.500000,6.675146519,49.024773081,84.337236608,6.000000,26.166666667
848.000000,6.680725451,49.013059576,84.338635822,6.000000,26.155555556
848.500000,6.686303719,49.001345876,84.340035143,6.000000,26.144444444
849.000000,6.691881323,48.989631983,84.341434571,6.000000,26.133333333
849.500000,6.697458263,48.977917894,84.342834105,6.000000,26.122222222
850.000000,6.703034538,48.966203612,84.344233745,6.000000,26.111111111
850.500000,6.708610150,48.954489135,84.345633493,6.000000,26.100000000
851.000000,6.714185097,48.942774464,84.347033347,6.000000,26.088888889
851.500000,6.719759381,48.931059598,84.348433308,6.000000,26.077777778
852.000000,6.725333001,48.919344538,84.349833375,6.000000,26.066666667
852.500000,6.730905957,48.907629283,84.351233549,6.000000,26.055555556
853.000000,6.736478250,48.895913834,84.352633830,6.000000,26.044444444
853.500000,6.742049879,48.884198190,84.354034218,6.000000,26.033333333
854.000000,6.747620845,48.872482352,84.355434712,6.000000,26.022222222
854.500000,6.753191147,48.860766320,84.356835314,6.000000,26.011111111
855.000000,6.758760786,48.849050093,84.358236021,6.000000,26.000000000
855.500000,6.764329761,48.837333671,84.359636836,6.000000,25.988888889
856.000000,6.769898073,48.825617055,84.361037757,6.000000,25.977777778
856.500000,6.775465723,48.813900244,84.362438785,6.000000,25.966666667
857.000000,6.781032709,48.802183239,84.363839920,6.000000,25.955555556
857.500000,6.786599032,48.790466039,84.365241162,6.000000,25.944444444
858.000000,6.792164692,48.778748644,84.366642511,6.000000,25.933333333
858.500000,6.797729690,48.767031055,84.368043966,6.000000,25.922222222
859.000000,6.803294024,48.755313271,84.369445528,6.000000,25.911111111
859.500000,6.808857696,48.743595292,84.370847197,6.000000,25.900000000
860.000000,6.814420706,48.731877119,84.372248973,6.000000,25.888888889
860.500000,6.819983053,48.720158751,84.373650855,6.000000,25.877777778
861.000000,6.825544737,48.708440189,84.375052844,6.000000,25.866666667
861.500000,6.831105759,48.696721431,84.376454941,6.000000,25.855555556
862.000000,6.836666119,48.685002479,84.377857144,6.000000,25.844444444
862.500000,6.842225816,48.673283332,84.379259454,6.000000,25.833333333
863.000000,6.847784852,48.661563991,84.380661870,6.000000,25.822222222
863.500000,6.853343225,48.649844454,84.382064394,6.000000,25.811111111
864.000000,6.858900936,48.638124723,84.383467024,6.000000,25.800000000
864.500000,6.864457986,48.626404797,84.384869762,6.000000,25.788888889
865.000000,6.870014373,48.614684676,84.386272606,6.000000,25.777777778
865.500000,6.875570099,48.602964361,84.387675557,6.000000,25.766666667
866.000000,6.881125163,48.591243850,84.389078615,6.000000,25.755555556
866.500000,6.886679565,48.579523145,84.390481780,6.000000,25.744444444
867.000000,6.892233306,48.567802245,84.391885052,6.000000,25.733333333
867.500000,6.897786385,48.556081150,84.393288431,6.000000,25.722222222
868.000000,6.903338803,48.544359859,84.394691917,6.000000,25.711111111
868.500000,6.908890559,48.532638375,84.396095510,6.000000,25.700000000
869.000000,6.914441654,48.520916695,84.397499209,6.000000,25.688888889
869.500000,6.919992088,48.509194820,84.398903016,6.000000,25.677777778
870.000000,6.925541861,48.497472750,84.400306929,6.000000,25.666666667
870.500000,6.931090973,48.485750485,84.401710950,6.000000,25.655555556
871.000000,6.936639424,48.474028025,84.403115078,6.000000,25.644444444
871.500000,6.942187213,48.462305370,84.404519312,6.000000,25.633333333
872.000000,6.947734343,48.450582520,84.405923654,6.000000,25.622222222
872.500000,6.953280811,48.438859475,84.407328102,6.000000,25.611111111
873.000000,6.958826618,48.427136235,84.408732657,6.000000,25.600000000
873.500000,6.964371765,48.415412800,84.410137320,6.000000,25.588888889
874.000000,6.969916252,48.403689170,84.411542090,6.000000,25.577777778
874.500000,6.975460078,48.391965345,84.412946966,6.000000,25.566666667
875.000000,6.981003243,48.380241324,84.414351950,6.000000,25.555555556
875.500000,6.986545749,48.368517109,84.415757040,6.000000,25.544444444
876.000000,6.992087594,48.356792698,84.417162238,6.000000,25.533333333
876.500000,6.997628779,48.345068092,84.418567543,6.000000,25.522222222
877.000000,7.003169303,48.333343291,84.419972955,6.000000,25.511111111
877.500000,7.008709168,48.321618295,84.421378473,6.000000,25.500000000
878.000000,7.014248373,48.309893104,84.422784099,6.000000,25.488888889
878.500000,7.019786918,48.298167717,84.424189832,6.000000,25.477777778
879.000000,7.025324803,48.286442135,84.425595673,6.000000,25.466666667
879.500000,7.030862028,48.274716358,84.427001620,6.000000,25.455555556
880.000000,7.036398594,48.262990385,84.428407674,6.000000,25.444444444
880.500000,7.041934500,48.251264218,84.429813836,6.000000,25.433333333
881.000000,7.047469747,48.239537855,84.431220104,6.000000,25.422222222
881.500000,7.053004334,48.227811296,84.432626480,6.000000,25.411111111
882.000000,7.058538262,48.216084543,84.434032963,6.000000,25.400000000
882.500000,7.064071531,48.204357593,84.435439553,6.000000,25.388888889
883.000000,7.069604140,48.192630449,84.436846250,6.000000,25.377777778
883.500000,7.075136090,48.180903109,84.438253054,6.000000,25.366666667
884.000000,7.080667381,48.169175574,84.439659966,6.000000,25.355555556
884.500000,7.086198014,48.157447844,84.441066984,6.000000,25.344444444
885.000000,7.091727987,48.145719918,84.442474110,6.000000,25.333333333
885.500000,7.097257301,48.133991796,84.443881343,6.000000,25.322222222
886.000000,7.102785957,48.122263479,84.445288683,6.000000,25.311111111
886.500000,7.108313954,48.110534967,84.446696131,6.000000,25.300000000
887.000000,7.113841292,48.098806259,84.448103685,6.000000,25.288888889
887.500000,7.119367972,48.087077356,84.449511347,6.000000,25.277777778
888.000000,7.124893993,48.075348257,84.450919116,6.000000,25.266666667
888.500000,7.130419356,48.063618963,84.452326992,6.000000,25.255555556
889.000000,7.135944060,48.051889473,84.453734976,6.000000,25.244444444
889.500000,7.141468107,48.040159788,84.455143067,6.000000,25.233333333
890.000000,7.146991495,48.028429907,84.456551265,6.000000,25.222222222
890.500000,7.152514225,48.016699830,84.457959570,6.000000,25.211111111
891.000000,7.158036297,48.004969558,84.459367982,6.000000,25.200000000
891.500000,7.163557711,47.993239090,84.460776502,6.000000,25.188888889
892.000000,7.169078467,47.981508427,84.462185129,6.000000,25.177777778
892.500000,7.174598565,47.969777568,84.463593864,6.000000,25.166666667
893.000000,7.180118006,47.958046513,84.465002705,6.000000,25.155555556
893.500000,7.185636788,47.946315263,84.466411654,6.000000,25.144444444
894.000000,7.191154914,47.934583817,84.467820711,6.000000,25.133333333
894.500000,7.196672381,47.922852175,84.469229874,6.000000,25.122222222
895.000000,7.202189192,47.911120337,84.470639145,6.000000,25.111111111
895.500000,7.207705345,47.899388304,84.472048523,6.000000,25.100000000
896.000000,7.213220840,47.887656075,84.473458009,6.000000,25.088888889
896.500000,7.218735678,47.875923650,84.474867602,6.000000,25.077777778
897.000000,7.224249860,47.864191030,84.476277302,6.000000,25.066666667
897.500000,7.229763384,47.852458214,84.477687110,6.000000,25.055555556
898.000000,7.235276251,47.840725202,84.479097025,6.000000,25.044444444
898.500000,7.240788461,47.828991994,84.480507048,6.000000,25.033333333
899.000000,7.246300014,47.817258590,84.481917177,6.000000,25.022222222
899.500000,7.251810911,47.805524990,84.483327415,6.000000,25.011111111
900.000000,7.257321151,47.793791195,70.761458658,6.000000,25.000000000
900.500000,7.263244493,47.783963214,70.762384772,6.000000,24.993055556
901.000000,7.269167248,47.774135105,70.763310949,6.000000,24.986111111
901.500000,7.275089416,47.764306868,70.764237189,6.000000,24.979166667
902.000000,7.281010997,47.754478501,70.765163492,6.000000,24.972222222
902.500000,7.286931991,47.744650007,70.766089859,6.000000,24.965277778
903.000000,7.292852397,47.734821383,70.767016289,6.000000,24.958333333
903.500000,7.298772217,47.724992631,70.767942782,6.000000,24.951388889
904.000000,7.304691450,47.715163750,70.768869338,6.000000,24.944444444
904.500000,7.310610096,47.705334740,70.769795957,6.000000,24.937500000
905.000000,7.316528155,47.695505602,70.770722640,6.000000,24.930555556
905.500000,7.322445628,47.685676335,70.771649386,6.000000,24.923611111
906.000000,7.328362513,47.675846939,70.772576195,6.000000,24.916666667
906.500000,7.334278813,47.666017415,70.773503067,6.000000,24.909722222
907.000000,7.340194525,47.656187761,70.774430003,6.000000,24.902777778
907.500000,7.346109651,47.646357979,70.775357002,6.000000,24.895833333
908.000000,7.352024191,47.636528069,70.776284064,6.000000,24.888888889
908.500000,7.357938144,47.626698029,70.777211190,6.000000,24.881944444
909.000000,7.363851511,47.616867861,70.778138378,6.000000,24.875000000
909.500000,7.369764291,47.607037564,70.779065630,6.000000,24.868055556
910.000000,7.375676486,47.597207138,70.779992945,6.000000,24.861111111
910.500000,7.381588094,47.587376584,70.780920324,6.000000,24.854166667
911.000000,7.387499116,47.577545900,70.781847765,6.000000,24.847222222
911.500000,7.393409551,47.567715088,70.782775270,6.000000,24.840277778
912.000000,7.399319401,47.557884147,70.783702839,6.000000,24.833333333
912.500000,7.405228665,47.548053077,70.784630470,6.000000,24.826388889
913.000000,7.411137343,47.538221879,70.785558165,6.000000,24.819444444
913.500000,7.417045435,47.528390551,70.786485923,6.000000,24.812500000
914.000000,7.422952941,47.518559095,70.787413744,6.000000,24.805555556
914.500000,7.428859861,47.508727509,70.788341629,6.000000,24.798611111
915.000000,7.434766196,47.498895795,70.789269577,6.000000,24.791666667
915.500000,7.440671945,47.489063952,70.790197588,6.000000,24.784722222
916.000000,7.446577109,47.479231980,70.791125663,6.000000,24.777777778
916.500000,7.452481687,47.469399880,70.792053800,6.000000,24.770833333
917.000000,7.458385679,47.459567650,70.792982002,6.000000,24.763888889
917.500000,7.464289086,47.449735291,70.793910266,6.000000,24.756944444
918.000000,7.470191907,47.439902804,70.794838594,6.000000,24.750000000
918.500000,7.476094144,47.430070187,70.795766985,6.000000,24.743055556
919.000000,7.481995795,47.420237442,70.796695439,6.000000,24.736111111
919.500000,7.487896860,47.410404568,70.797623957,6.000000,24.729166667
920.000000,7.493797341,47.400571564,70.798552538,6.000000,24.722222222
920.500000,7.499697237,47.390738432,70.799481182,6.000000,24.715277778
921.000000,7.505596547,47.380905171,70.800409890,6.000000,24.708333333
921.500000,7.511495272,47.371071780,70.801338661,6.000000,24.701388889
922.000000,7.517393413,47.361238261,70.802267495,6.000000,24.694444444
922.500000,7.523290968,47.351404613,70.803196393,6.000000,24.687500000
923.000000,7.529187939,47.341570836,70.804125354,6.000000,24.680555556
923.500000,7.535084325,47.331736929,70.805054378,6.000000,24.673611111
924.000000,7.540980126,47.321902894,70.805983466,6.000000,24.666666667
924.500000,7.546875343,47.312068730,70.806912617,6.000000,24.659722222
925.000000,7.552769975,47.302234436,70.807841831,6.000000,24.652777778
925.500000,7.558664022,47.292400014,70.808771109,6.000000,24.645833333
926.000000,7.564557485,47.282565462,70.809700450,6.000000,24.638888889
926.500000,7.570450363,47.272730782,70.810629855,6.000000,24.631944444
927.000000,7.576342657,47.262895972,70.811559323,6.000000,24.625000000
927.500000,7.582234367,47.253061033,70.812488854,6.000000,24.618055556
928.000000,7.588125492,47.243225965,70.813418448,6.000000,24.611111111
928.500000,7.594016033,47.233390768,70.814348106,6.000000,24.604166667
929.000000,7.599905990,47.223555442,70.815277828,6.000000,24.597222222
929.500000,7.605795363,47.213719987,70.816207612,6.000000,24.590277778
930.000000,7.611684152,47.203884402,70.817137461,6.000000,24.583333333
930.500000,7.617572356,47.194048689,70.818067372,6.000000,24.576388889
931.000000,7.623459977,47.184212846,70.818997347,6.000000,24.569444444
931.500000,7.629347014,47.174376874,70.819927385,6.000000,24.562500000
932.000000,7.635233466,47.164540773,70.820857487,6.000000,24.555555556
932.500000,7.641119335,47.154704543,70.821787652,6.000000,24.548611111
933.000000,7.647004621,47.144868184,70.822717880,6.000000,24.541666667
933.500000,7.652889322,47.135031695,70.823648172,6.000000,24.534722222
934.000000,7.658773440,47.125195077,70.824578527,6.000000,24.527777778
934.500000,7.664656975,47.115358330,70.825508946,6.000000,24.520833333
935.000000,7.670539925,47.105521454,70.826439428,6.000000,24.513888889
935.500000,7.676422293,47.095684449,70.827369974,6.000000,24.506944444
936.000000,7.682304077,47.085847314,70.828300583,6.000000,24.500000000
936.500000,7.688185277,47.076010050,70.829231255,6.000000,24.493055556
937.000000,7.694065894,47.066172657,70.830161991,6.000000,24.486111111
937.500000,7.699945928,47.056335134,70.831092790,6.000000,24.479166667
938.000000,7.705825379,47.046497482,70.832023653,6.000000,24.472222222
938.500000,7.711704246,47.036659701,70.832954579,6.000000,24.465277778
939.000000,7.717582531,47.026821791,70.833885568,6.000000,24.458333333
939.500000,7.723460232,47.016983751,70.834816621,6.000000,24.451388889
940.000000,7.729337351,47.007145582,70.835747738,6.000000,24.444444444
940.500000,7.735213886,46.997307284,70.836678917,6.000000,24.437500000
941.000000,7.741089839,46.987468856,70.837610161,6.000000,24.430555556
941.500000,7.746965208,46.977630299,70.838541467,6.000000,24.423611111
942.000000,7.752839995,46.967791613,70.839472838,6.000000,24.416666667
942.500000,7.758714199,46.957952797,70.840404271,6.000000,24.409722222
943.000000,7.764587821,46.948113852,70.841335768,6.000000,24.402777778
943.500000,7.770460860,46.938274778,70.842267329,6.000000,24.395833333
944.000000,7.776333316,46.928435574,70.843198953,6.000000,24.388888889
944.500000,7.782205190,46.918596241,70.844130641,6.000000,24.381944444
945.000000,7.788076481,46.908756778,70.845062392,6.000000,24.375000000
945.500000,7.793947190,46.898917186,70.845994206,6.000000,24.368055556
946.000000,7.799817317,46.889077465,70.846926084,6.000000,24.361111111
946.500000,7.805686861,46.879237614,70.847858025,6.000000,24.354166667
947.000000,7.811555823,46.869397634,70.848790030,6.000000,24.347222222
947.500000,7.817424203,46.859557524,70.849722099,6.000000,24.340277778
948.000000,7.823292001,46.849717285,70.850654231,6.000000,24.333333333
948.500000,7.829159216,46.839876916,70.851586426,6.000000,24.326388889
949.000000,7.835025850,46.830036418,70.852518685,6.000000,24.319444444
949.500000,7.840891901,46.820195791,70.853451008,6.000000,24.312500000
950.000000,7.846757371,46.810355033,70.854383393,6.000000,24.305555556
950.500000,7.852622259,46.800514147,70.855315843,6.000000,24.298611111
951.000000,7.858486565,46.790673131,70.856248356,6.000000,24.291666667
951.500000,7.864350289,46.780831985,70.857180932,6.000000,24.284722222
952.000000,7.870213432,46.770990710,70.858113572,6.000000,24.277777778
952.500000,7.876075993,46.761149305,70.859046276,6.000000,24.270833333
953.000000,7.881937972,46.751307771,70.859979043,6.000000,24.263888889
953.500000,7.887799370,46.741466107,70.860911873,6.000000,24.256944444
954.000000,7.893660186,46.731624314,70.861844767,6.000000,24.250000000
954.500000,7.899520421,46.721782391,70.862777725,6.000000,24.243055556
955.000000,7.905380074,46.711940339,70.863710746,6.000000,24.236111111
955.500000,7.911239147,46.702098157,70.864643831,6.000000,24.229166667
956.000000,7.917097637,46.692255845,70.865576979,6.000000,24.222222222
956.500000,7.922955547,46.682413404,70.866510191,6.000000,24.215277778
957.000000,7.928812876,46.672570833,70.867443466,6.000000,24.208333333
957.500000,7.934669623,46.662728133,70.868376805,6.000000,24.201388889
958.000000,7.940525789,46.652885302,70.869310208,6.000000,24.194444444
958.500000,7.946381375,46.643042343,70.870243674,6.000000,24.187500000
959.000000,7.952236379,46.633199253,70.871177203,6.000000,24.180555556
959.500000,7.958090802,46.623356034,70.872110796,6.000000,24.173611111
960.000000,7.963944645,46.613512685,70.873044453,6.000000,24.166666667
960.500000,7.969797907,46.603669207,70.873978173,6.000000,24.159722222
961.000000,7.975650588,46.593825599,70.874911957,6.000000,24.152777778
961.500000,7.981502688,46.583981861,70.875845804,6.000000,24.145833333
962.000000,7.987354208,46.574137994,70.876779715,6.000000,24.138888889
962.500000,7.993205147,46.564293997,70.877713690,6.000000,24.131944444
963.000000,7.999055506,46.554449870,70.878647728,6.000000,24.125000000
963.500000,8.004905284,46.544605613,70.879581830,6.000000,24.118055556
964.000000,8.010754482,46.534761227,70.880515995,6.000000,24.111111111
964.500000,8.016603100,46.524916711,70.881450224,6.000000,24.104166667
965.000000,8.022451137,46.515072065,70.882384517,6.000000,24.097222222
965.500000,8.028298594,46.505227289,70.883318873,6.000000,24.090277778
966.000000,8.034145470,46.495382384,70.884253293,6.000000,24.083333333
966.500000,8.039991767,46.485537349,70.885187776,6.000000,24.076388889
967.000000,8.045837483,46.475692184,70.886122323,6.000000,24.069444444
967.500000,8.051682620,46.465846889,70.887056933,6.000000,24.062500000
968.000000,8.057527176,46.456001464,70.887991608,6.000000,24.055555556
968.500000,8.063371153,46.446155910,70.888926345,6.000000,24.048611111
969.000000,8.069214550,46.436310226,70.889861147,6.000000,24.041666667
969.500000,8.075057366,46.426464412,70.890796012,6.000000,24.034722222
970.000000,8.080899603,46.416618468,70.891730941,6.000000,24.027777778
970.500000,8.086741261,46.406772394,70.892665933,6.000000,24.020833333
971.000000,8.092582339,46.396926190,70.893600989,6.000000,24.013888889
971.500000,8.098422837,46.387079857,70.894536108,6.000000,24.006944444
972.000000,8.104262755,46.377233393,70.895471292,6.000000,24.000000000
972.500000,8.110102094,46.367386800,70.896406539,6.000000,23.993055556
973.000000,8.115940854,46.357540077,70.897341849,6.000000,23.986111111
973.500000,8.121779034,46.347693224,70.898277223,6.000000,23.979166667
974.000000,8.127616635,46.337846241,70.899212661,6.000000,23.972222222
974.500000,8.133453657,46.327999128,70.900148163,6.000000,23.965277778
975.000000,8.139290099,46.318151885,70.901083728,6.000000,23.958333333
975.500000,8.145125962,46.308304513,70.902019357,6.000000,23.951388889
976.000000,8.150961246,46.298457010,70.902955049,6.000000,23.944444444
976.500000,8.156795951,46.288609377,70.903890805,6.000000,23.937500000
977.000000,8.162630077,46.278761615,70.904826625,6.000000,23.930555556
977.500000,8.168463624,46.268913722,70.905762509,6.000000,23.923611111
978.000000,8.174296592,46.259065700,70.906698456,6.000000,23.916666667
978.500000,8.180128982,46.249217547,70.907634467,6.000000,23.909722222
979.000000,8.185960792,46.239369264,70.908570541,6.000000,23.902777778
979.500000,8.191792024,46.229520852,70.909506679,6.000000,23.895833333
980.000000,8.197622677,46.219672309,70.910442881,6.000000,23.888888889
980.500000,8.203452751,46.209823637,70.911379147,6.000000,23.881944444
981.000000,8.209282247,46.199974834,70.912315476,6.000000,23.875000000
981.500000,8.215111164,46.190125901,70.913251869,6.000000,23.868055556
982.000000,8.220939503,46.180276839,70.914188326,6.000000,23.861111111
982.500000,8.226767263,46.170427646,70.915124846,6.000000,23.854166667
983.000000,8.232594445,46.160578323,70.916061431,6.000000,23.847222222
983.500000,8.238421049,46.150728870,70.916998078,6.000000,23.840277778
984.000000,8.244247075,46.140879287,70.917934790,6.000000,23.833333333
984.500000,8.250072522,46.131029574,70.918871565,6.000000,23.826388889
985.000000,8.255897391,46.121179730,70.919808404,6.000000,23.819444444
985.500000,8.261721682,46.111329757,70.920745307,6.000000,23.812500000
986.000000,8.267545395,46.101479653,70.921682274,6.000000,23.805555556
986.500000,8.273368530,46.091629420,70.922619304,6.000000,23.798611111
987.000000,8.279191087,46.081779056,70.923556398,6.000000,23.791666667
987.500000,8.285013066,46.071928562,70.924493555,6.000000,23.784722222
988.000000,8.290834467,46.062077938,70.925430777,6.000000,23.777777778
988.500000,8.296655290,46.052227184,70.926368062,6.000000,23.770833333
989.000000,8.302475536,46.042376299,70.927305411,6.000000,23.763888889
989.500000,8.308295204,46.032525285,70.928242823,6.000000,23.756944444
990.000000,8.314114295,46.022674140,70.929180300,6.000000,23.750000000
990.500000,8.319932808,46.012822865,70.930117840,6.000000,23.743055556
991.000000,8.325750743,46.002971459,70.931055444,6.000000,23.736111111
991.500000,8.331568101,45.993119924,70.931993112,6.000000,23.729166667
992.000000,8.337384881,45.983268258,70.932930843,6.000000,23.722222222
992.500000,8.343201084,45.973416462,70.933868638,6.000000,23.715277778
993.000000,8.349016710,45.963564536,70.934806497,6.000000,23.708333333
993.500000,8.354831759,45.953712480,70.935744420,6.000000,23.701388889
994.000000,8.360646230,45.943860293,70.936682407,6.000000,23.694444444
994.500000,8.366460125,45.934007976,70.937620457,6.000000,23.687500000
995.000000,8.372273442,45.924155529,70.938558571,6.000000,23.680555556
995.500000,8.378086182,45.914302951,70.939496749,6.000000,23.673611111
996.000000,8.383898345,45.904450243,70.940434991,6.000000,23.666666667
996.500000,8.389709931,45.894597405,70.941373296,6.000000,23.659722222
997.000000,8.395520941,45.884744437,70.942311666,6.000000,23.652777778
997.500000,8.401331373,45.874891338,70.943250099,6.000000,23.645833333
998.000000,8.407141229,45.865038108,70.944188596,6.000000,23.638888889
998.500000,8.412950508,45.855184749,70.945127156,6.000000,23.631944444
999.000000,8.418759211,45.845331259,70.946065781,6.000000,23.625000000
999.500000,8.424567336,45.835477639,70.947004469,6.000000,23.618055556
1000.000000,8.430374886,45.825623888,70.947943221,6.000000,23.611111111
1000.500000,8.436181858,45.815770007,70.948882037,6.000000,23.604166667
1001.000000,8.441988255,45.805915996,70.949820917,6.000000,23.597222222
1001.500000,8.447794075,45.796061854,70.950759861,6.000000,23.590277778
1002.000000,8.453599318,45.786207582,70.951698868,6.000000,23.583333333
1002.500000,8.459403986,45.776353179,70.952637939,6.000000,23.576388889
1003.000000,8.465208077,45.766498646,70.953577075,6.000000,23.569444444
1003.500000,8.471011592,45.756643983,70.954516274,6.000000,23.562500000
1004.000000,8.476814530,45.746789189,70.955455536,6.000000,23.555555556
1004.500000,8.482616893,45.736934264,70.956394863,6.000000,23.548611111
1005.000000,8.488418680,45.727079210,70.957334253,6.000000,23.541666667
1005.500000,8.494219891,45.717224024,70.958273708,6.000000,23.534722222
1006.000000,8.500020525,45.707368708,70.959213226,6.000000,23.527777778
1006.500000,8.505820584,45.697513262,70.960152808,6.000000,23.520833333
1007.000000,8.511620067,45.687657685,70.961092454,6.000000,23.513888889
1007.500000,8.517418975,45.677801978,70.962032164,6.000000,23.506944444
1008.000000,8.523217307,45.667946140,70.962971937,6.000000,23.500000000
1008.500000,8.529015063,45.658090172,70.963911775,6.000000,23.493055556
1009.000000,8.534812243,45.648234073,70.964851676,6.000000,23.486111111
1009.500000,8.540608848,45.638377844,70.965791642,6.000000,23.479166667
1010.000000,8.546404878,45.628521484,70.966731671,6.000000,23.472222222
1010.500000,8.552200332,45.618664993,70.967671764,6.000000,23.465277778
1011.000000,8.557995210,45.608808372,70.968611921,6.000000,23.458333333
1011.500000,8.563789514,45.598951620,70.969552141,6.000000,23.451388889
1012.000000,8.569583242,45.589094738,70.970492426,6.000000,23.444444444
1012.500000,8.575376395,45.579237725,70.971432775,6.000000,23.437500000
1013.000000,8.581168972,45.569380582,70.972373187,6.000000,23.430555556
1013.500000,8.586960975,45.559523308,70.973313664,6.000000,23.423611111
1014.000000,8.592752402,45.549665903,70.974254204,6.000000,23.416666667
1014.500000,8.598543255,45.539808368,70.975194808,6.000000,23.409722222
1015.000000,8.604333533,45.529950702,70.976135476,6.000000,23.402777778
1015.500000,8.610123235,45.520092905,70.977076208,6.000000,23.395833333
1016.000000,8.615912363,45.510234978,70.978017004,6.000000,23.388888889
1016.500000,8.621700916,45.500376920,70.978957864,6.000000,23.381944444
1017.000000,8.627488894,45.490518732,70.979898788,6.000000,23.375000000
1017.500000,8.633276298,45.480660412,70.980839775,6.000000,23.368055556
1018.000000,8.639063127,45.470801962,70.981780827,6.000000,23.361111111
1018.500000,8.644849381,45.460943382,70.982721943,6.000000,23.354166667
1019.000000,8.650635061,45.451084670,70.983663122,6.000000,23.347222222
1019.500000,8.656420167,45.441225828,70.984604366,6.000000,23.340277778
1020.000000,8.662204698,45.431366855,70.985545673,6.000000,23.333333333
1020.500000,8.667988654,45.421507752,70.986487044,6.000000,23.326388889
1021.000000,8.673772037,45.411648518,70.987428480,6.000000,23.319444444
1021.500000,8.679554845,45.401789152,70.988369979,6.000000,23.312500000
1022.000000,8.685337079,45.391929657,70.989311542,6.000000,23.305555556
1022.500000,8.691118738,45.382070030,70.990253169,6.000000,23.298611111
1023.000000,8.696899824,45.372210273,70.991194860,6.000000,23.291666667
1023.500000,8.702680336,45.362350384,70.992136615,6.000000,23.284722222
1024.000000,8.708460273,45.352490365,70.993078434,6.000000,23.277777778
1024.500000,8.714239637,45.342630216,70.994020317,6.000000,23.270833333
1025.000000,8.720018427,45.332769935,70.994962264,6.000000,23.263888889
1025.500000,8.725796643,45.322909524,70.995904275,6.000000,23.256944444
1026.000000,8.731574285,45.313048981,70.996846350,6.000000,23.250000000
1026.500000,8.737351353,45.303188308,70.997788489,6.000000,23.243055556
1027.000000,8.743127848,45.293327504,70.998730692,6.000000,23.236111111
1027.500000,8.748903769,45.283466570,70.999672959,6.000000,23.229166667
1028.000000,8.754679117,45.273605504,71.000615290,6.000000,23.222222222
1028.500000,8.760453891,45.263744307,71.001557685,6.000000,23.215277778
1029.000000,8.766228091,45.253882980,71.002500144,6.000000,23.208333333
1029.500000,8.772001718,45.244021521,71.003442667,6.000000,23.201388889
1030.000000,8.777774772,45.234159932,71.004385254,6.000000,23.194444444
1030.500000,8.783547253,45.224298212,71.005327904,6.000000,23.187500000
1031.000000,8.789319160,45.214436361,71.006270619,6.000000,23.180555556
1031.500000,8.795090494,45.204574379,71.007213398,6.000000,23.173611111
1032.000000,8.800861255,45.194712266,71.008156241,6.000000,23.166666667
1032.500000,8.806631443,45.184850022,71.009099148,6.000000,23.159722222
1033.000000,8.812401058,45.174987647,71.010042119,6.000000,23.152777778
1033.500000,8.818170100,45.165125141,71.010985154,6.000000,23.145833333
1034.000000,8.823938569,45.155262504,71.011928253,6.000000,23.138888889
1034.500000,8.829706465,45.145399737,71.012871416,6.000000,23.131944444
1035.000000,8.835473788,45.135536838,71.013814644,6.000000,23.125000000
1035.500000,8.841240538,45.125673808,71.014757935,6.000000,23.118055556
1036.000000,8.847006716,45.115810647,71.015701290,6.000000,23.111111111
1036.500000,8.852772321,45.105947355,71.016644709,6.000000,23.104166667
1037.000000,8.858537354,45.096083932,71.017588192,6.000000,23.097222222
1037.500000,8.864301814,45.086220379,71.018531740,6.000000,23.090277778
1038.000000,8.870065701,45.076356694,71.019475351,6.000000,23.083333333
1038.500000,8.875829016,45.066492878,71.020419027,6.000000,23.076388889
1039.000000,8.881591759,45.056628931,71.021362766,6.000000,23.069444444
1039.500000,8.887353929,45.046764852,71.022306570,6.000000,23.062500000
1040.000000,8.893115527,45.036900643,71.023250438,6.000000,23.055555556
1040.500000,8.898876552,45.027036303,71.024194369,6.000000,23.048611111
1041.000000,8.904637006,45.017171831,71.025138365,6.000000,23.041666667
1041.500000,8.910396887,45.007307229,71.026082425,6.000000,23.034722222
1042.000000,8.916156197,44.997442495,71.027026549,6.000000,23.027777778
1042.500000,8.921914934,44.987577630,71.027970737,6.000000,23.020833333
1043.000000,8.927673099,44.977712634,71.028914989,6.000000,23.013888889
1043.500000,8.933430692,44.967847507,71.029859306,6.000000,23.006944444
1044.000000,8.939187714,44.957982249,71.030803686,6.000000,23.000000000
1044.500000,8.944944164,44.948116860,71.031748130,6.000000,22.993055556
1045.000000,8.950700042,44.938251339,71.032692639,6.000000,22.986111111
1045.500000,8.956455348,44.928385687,71.033637212,6.000000,22.979166667
1046.000000,8.962210082,44.918519904,71.034581848,6.000000,22.972222222
1046.500000,8.967964245,44.908653990,71.035526549,6.000000,22.965277778
1047.000000,8.973717837,44.898787945,71.036471314,6.000000,22.958333333
1047.500000,8.979470857,44.888921768,71.037416143,6.000000,22.951388889
1048.000000,8.985223305,44.879055460,71.038361036,6.000000,22.944444444
1048.500000,8.990975182,44.869189021,71.039305994,6.000000,22.937500000
1049.000000,8.996726488,44.859322451,71.040251015,6.000000,22.930555556
1049.500000,9.002477222,44.849455750,71.041196101,6.000000,22.923611111
1050.000000,9.008227386,44.839588917,71.042141251,6.000000,22.916666667
1050.500000,9.013976978,44.829721953,71.043086464,6.000000,22.909722222
1051.000000,9.019725999,44.819854857,71.044031742,6.000000,22.902777778
1051.500000,9.025474448,44.809987631,71.044977085,6.000000,22.895833333
1052.000000,9.031222327,44.800120273,71.045922491,6.000000,22.888888889
1052.500000,9.036969635,44.790252784,71.046867961,6.000000,22.881944444
1053.000000,9.042716372,44.780385163,71.047813496,6.000000,22.875000000
1053.500000,9.048462538,44.770517411,71.048759095,6.000000,22.868055556
1054.000000,9.054208133,44.760649528,71.049704758,6.000000,22.861111111
1054.500000,9.059953158,44.750781513,71.050650485,6.000000,22.854166667
1055.000000,9.065697612,44.740913368,71.051596276,6.000000,22.847222222
1055.500000,9.071441495,44.731045090,71.052542131,6.000000,22.840277778
1056.000000,9.077184808,44.721176682,71.053488051,6.000000,22.833333333
1056.500000,9.082927550,44.711308142,71.054434035,6.000000,22.826388889
1057.000000,9.088669721,44.701439470,71.055380083,6.000000,22.819444444
1057.500000,9.094411322,44.691570668,71.056326195,6.000000,22.812500000
1058.000000,9.100152353,44.681701733,71.057272371,6.000000,22.805555556
1058.500000,9.105892813,44.671832668,71.058218611,6.000000,22.798611111
1059.000000,9.111632703,44.661963471,71.059164916,6.000000,22.791666667
1059.500000,9.117372023,44.652094142,71.060111285,6.000000,22.784722222
1060.000000,9.123110773,44.642224682,71.061057718,6.000000,22.777777778
1060.500000,9.128848953,44.632355091,71.062004215,6.000000,22.770833333
1061.000000,9.134586562,44.622485368,71.062950777,6.000000,22.763888889
1061.500000,9.140323601,44.612615514,71.063897402,6.000000,22.756944444
1062.000000,9.146060071,44.602745528,71.064844092,6.000000,22.750000000
1062.500000,9.151795971,44.592875411,71.065790846,6.000000,22.743055556
1063.000000,9.157531300,44.583005162,71.066737665,6.000000,22.736111111
1063.500000,9.163266060,44.573134782,71.067684547,6.000000,22.729166667
1064.000000,9.169000251,44.563264270,71.068631494,6.000000,22.722222222
1064.500000,9.174733871,44.553393627,71.069578505,6.000000,22.715277778
1065.000000,9.180466922,44.543522852,71.070525580,6.000000,22.708333333
1065.500000,9.186199403,44.533651946,71.071472720,6.000000,22.701388889
1066.000000,9.191931315,44.523780908,71.072419923,6.000000,22.694444444
1066.500000,9.197662657,44.513909738,71.073367191,6.000000,22.687500000
1067.000000,9.203393430,44.504038437,71.074314523,6.000000,22.680555556
1067.500000,9.209123633,44.494167005,71.075261920,6.000000,22.673611111
1068.000000,9.214853267,44.484295441,71.076209380,6.000000,22.666666667
1068.500000,9.220582332,44.474423745,71.077156905,6.000000,22.659722222
1069.000000,9.226310828,44.464551918,71.078104494,6.000000,22.652777778
1069.500000,9.232038754,44.454679959,71.079052148,6.000000,22.645833333
1070.000000,9.237766112,44.444807868,71.079999865,6.000000,22.638888889
1070.500000,9.243492900,44.434935646,71.080947647,6.000000,22.631944444
1071.000000,9.249219119,44.425063292,71.081895494,6.000000,22.625000000
1071.500000,9.254944769,44.415190807,71.082843404,6.000000,22.618055556
1072.000000,9.260669851,44.405318189,71.083791379,6.000000,22.611111111
1072.500000,9.266394363,44.395445441,71.084739418,6.000000,22.604166667
1073.000000,9.272118307,44.385572560,71.085687521,6.000000,22.597222222
1073.500000,9.277841682,44.375699548,71.086635689,6.000000,22.590277778
1074.000000,9.283564488,44.365826404,71.087583920,6.000000,22.583333333
1074.500000,9.289286726,44.355953129,71.088532217,6.000000,22.576388889
1075.000000,9.295008395,44.346079721,71.089480577,6.000000,22.569444444
1075.500000,9.300729495,44.336206182,71.090429002,6.000000,22.562500000
1076.000000,9.306450027,44.326332512,71.091377491,6.000000,22.555555556
1076.500000,9.312169991,44.316458709,71.092326044,6.000000,22.548611111
1077.000000,9.317889386,44.306584775,71.093274662,6.000000,22.541666667
1077.500000,9.323608213,44.296710709,71.094223344,6.000000,22.534722222
1078.000000,9.329326471,44.286836512,71.095172090,6.000000,22.527777778
1078.500000,9.335044162,44.276962182,71.096120901,6.000000,22.520833333
1079.000000,9.340761284,44.267087721,71.097069776,6.000000,22.513888889
1079.500000,9.346477838,44.257213128,71.098018715,6.000000,22.506944444
1080.000000,9.352193824,44.247338403,71.098967718,6.000000,22.500000000
1080.500000,9.357909242,44.237463546,71.099916786,6.000000,22.493055556
1081.000000,9.363624092,44.227588558,71.100865918,6.000000,22.486111111
1081.500000,9.369338374,44.217713438,71.101815115,6.000000,22.479166667
1082.000000,9.375052088,44.207838186,71.102764376,6.000000,22.472222222
1082.500000,9.380765235,44.197962802,71.103713701,6.000000,22.465277778
1083.000000,9.386477813,44.188087286,71.104663091,6.000000,22.458333333
1083.500000,9.392189825,44.178211638,71.105612545,6.000000,22.451388889
1084.000000,9.397901268,44.168335859,71.106562063,6.000000,22.444444444
1084.500000,9.403612144,44.158459947,71.107511646,6.000000,22.437500000
1085.000000,9.409322452,44.148583904,71.108461293,6.000000,22.430555556
1085.500000,9.415032193,44.138707729,71.109411004,6.000000,22.423611111
1086.000000,9.420741366,44.128831422,71.110360780,6.000000,22.416666667
1086.500000,9.426449972,44.118954983,71.111310620,6.000000,22.409722222
1087.000000,9.432158011,44.109078412,71.112260524,6.000000,22.402777778
1087.500000,9.437865482,44.099201709,71.113210493,6.000000,22.395833333
1088.000000,9.443572386,44.089324874,71.114160526,6.000000,22.388888889
1088.500000,9.449278723,44.079447907,71.115110624,6.000000,22.381944444
1089.000000,9.454984493,44.069570809,71.116060786,6.000000,22.375000000
1089.500000,9.460689696,44.059693578,71.117011012,6.000000,22.368055556
1090.000000,9.466394331,44.049816215,71.117961303,6.000000,22.361111111
1090.500000,9.472098400,44.039938721,71.118911658,6.000000,22.354166667
1091.000000,9.477801902,44.030061094,71.119862077,6.000000,22.347222222
1091.500000,9.483504837,44.020183336,71.120812561,6.000000,22.340277778
1092.000000,9.489207205,44.010305445,71.121763110,6.000000,22.333333333
1092.500000,9.494909007,44.000427422,71.122713722,6.000000,22.326388889
1093.000000,9.500610241,43.990549268,71.123664400,6.000000,22.319444444
1093.500000,9.506310910,43.980670981,71.124615141,6.000000,22.312500000
1094.000000,9.512011011,43.970792562,71.125565947,6.000000,22.305555556
1094.500000,9.517710546,43.960914011,71.126516817,6.000000,22.298611111
1095.000000,9.523409515,43.951035328,71.127467752,6.000000,22.291666667
1095.500000,9.529107917,43.941156513,71.128418752,6.000000,22.284722222
1096.000000,9.534805752,43.931277566,71.129369815,6.000000,22.277777778
1096.500000,9.540503022,43.921398487,71.130320943,6.000000,22.270833333
1097.000000,9.546199725,43.911519276,71.131272136,6.000000,22.263888889
1097.500000,9.551895862,43.901639933,71.132223393,6.000000,22.256944444
1098.000000,9.557591432,43.891760457,71.133174714,6.000000,22.250000000
1098.500000,9.563286437,43.881880850,71.134126100,6.000000,22.243055556
1099.000000,9.568980875,43.872001110,71.135077550,6.000000,22.236111111
1099.500000,9.574674748,43.862121238,71.136029065,6.000000,22.229166667
1100.000000,9.580368054,43.852241234,71.136980644,6.000000,22.222222222
1100.500000,9.586060795,43.842361098,71.137932288,6.000000,22.215277778
1101.000000,9.591752970,43.832480829,71.138883996,6.000000,22.208333333
1101.500000,9.597444579,43.822600429,71.139835769,6.000000,22.201388889
1102.000000,9.603135622,43.812719896,71.140787606,6.000000,22.194444444
1102.500000,9.608826099,43.802839231,71.141739507,6.000000,22.187500000
1103.000000,9.614516011,43.792958434,71.142691473,6.000000,22.180555556
1103.500000,9.620205357,43.783077505,71.143643504,6.000000,22.173611111
1104.000000,9.625894138,43.773196443,71.144595599,6.000000,22.166666667
1104.500000,9.631582353,43.763315249,71.145547758,6.000000,22.159722222
1105.000000,9.637270003,43.753433923,71.146499982,6.000000,22.152777778
1105.500000,9.642957087,43.743552465,71.147452271,6.000000,22.145833333
1106.000000,9.648643606,43.733670874,71.148404624,6.000000,22.138888889
1106.500000,9.654329560,43.723789151,71.149357041,6.000000,22.131944444
1107.000000,9.660014949,43.713907296,71.150309523,6.000000,22.125000000
1107.500000,9.665699772,43.704025309,71.151262069,6.000000,22.118055556
1108.000000,9.671384030,43.694143189,71.152214680,6.000000,22.111111111
1108.500000,9.677067723,43.684260937,71.153167356,6.000000,22.104166667
1109.000000,9.682750851,43.674378553,71.154120096,6.000000,22.097222222
1109.500000,9.688433415,43.664496036,71.155072900,6.000000,22.090277778
1110.000000,9.694115413,43.654613387,71.156025769,6.000000,22.083333333
1110.500000,9.699796846,43.644730605,71.156978703,6.000000,22.076388889
1111.000000,9.705477715,43.634847692,71.157931701,6.000000,22.069444444
1111.500000,9.711158019,43.624964646,71.158884763,6.000000,22.062500000
1112.000000,9.716837758,43.615081467,71.159837890,6.000000,22.055555556
1112.500000,9.722516932,43.605198156,71.160791082,6.000000,22.048611111
1113.000000,9.728195542,43.595314713,71.161744338,6.000000,22.041666667
1113.500000,9.733873587,43.585431138,71.162697659,6.000000,22.034722222
1114.000000,9.739551068,43.575547430,71.163651044,6.000000,22.027777778
1114.500000,9.745227984,43.565663589,71.164604494,6.000000,22.020833333
1115.000000,9.750904336,43.555779616,71.165558008,6.000000,22.013888889
1115.500000,9.756580124,43.545895511,71.166511587,6.000000,22.006944444
1116.000000,9.762255347,43.536011273,71.167465231,6.000000,22.000000000
1116.500000,9.767930006,43.526126903,71.168418939,6.000000,21.993055556
1117.000000,9.773604101,43.516242401,71.169372711,6.000000,21.986111111
1117.500000,9.779277632,43.506357765,71.170326548,6.000000,21.979166667
1118.000000,9.784950599,43.496472998,71.171280450,6.000000,21.972222222
1118.500000,9.790623002,43.486588098,71.172234416,6.000000,21.965277778
1119.000000,9.796294840,43.476703065,71.173188447,6.000000,21.958333333
1119.500000,9.801966115,43.466817900,71.174142543,6.000000,21.951388889
1120.000000,9.807636826,43.456932603,71.175096703,6.000000,21.944444444
1120.500000,9.813306973,43.447047173,71.176050928,6.000000,21.937500000
1121.000000,9.818976556,43.437161610,71.177005217,6.000000,21.930555556
1121.500000,9.824645576,43.427275915,71.177959571,6.000000,21.923611111
1122.000000,9.830314032,43.417390087,71.178913989,6.000000,21.916666667
1122.500000,9.835981924,43.407504127,71.179868472,6.000000,21.909722222
1123.000000,9.841649253,43.397618034,71.180823020,6.000000,21.902777778
1123.500000,9.847316018,43.387731808,71.181777632,6.000000,21.895833333
1124.000000,9.852982220,43.377845450,71.182732309,6.000000,21.888888889
1124.500000,9.858647859,43.367958960,71.183687050,6.000000,21.881944444
1125.000000,9.864312934,43.358072337,71.184641856,6.000000,21.875000000
1125.500000,9.869977445,43.348185581,71.185596727,6.000000,21.868055556
1126.000000,9.875641394,43.338298692,71.186551662,6.000000,21.861111111
1126.500000,9.881304779,43.328411671,71.187506662,6.000000,21.854166667
1127.000000,9.886967602,43.318524518,71.188461727,6.000000,21.847222222
1127.500000,9.892629861,43.308637231,71.189416856,6.000000,21.840277778
1128.000000,9.898291557,43.298749812,71.190372050,6.000000,21.833333333
1128.500000,9.903952690,43.288862261,71.191327309,6.000000,21.826388889
1129.000000,9.909613260,43.278974576,71.192282632,6.000000,21.819444444
1129.500000,9.915273267,43.269086759,71.193238019,6.000000,21.812500000
1130.000000,9.920932712,43.259198810,71.194193472,6.000000,21.805555556
1130.500000,9.926591593,43.249310727,71.195148989,6.000000,21.798611111
1131.000000,9.932249912,43.239422512,71.196104571,6.000000,21.791666667
1131.500000,9.937907669,43.229534164,71.197060217,6.000000,21.784722222
1132.000000,9.943564862,43.219645684,71.198015928,6.000000,21.777777778
1132.500000,9.949221494,43.209757070,71.198971704,6.000000,21.770833333
1133.000000,9.954877562,43.199868324,71.199927544,6.000000,21.763888889
1133.500000,9.960533068,43.189979445,71.200883450,6.000000,21.756944444
1134.000000,9.966188012,43.180090434,71.201839419,6.000000,21.750000000
1134.500000,9.971842393,43.170201289,71.202795454,6.000000,21.743055556
1135.000000,9.977496212,43.160312012,71.203751553,6.000000,21.736111111
1135.500000,9.983149469,43.150422602,71.204707717,6.000000,21.729166667
1136.000000,9.988802164,43.140533060,71.205663945,6.000000,21.722222222
1136.500000,9.994454296,43.130643384,71.206620238,6.000000,21.715277778
1137.000000,10.000105867,43.120753576,71.207579317,6.000000,21.708333333
1137.500000,10.005756875,43.110863634,71.208680998,6.000000,21.701388889
1138.000000,10.011407338,43.100973539,71.209782748,6.000000,21.694444444
1138.500000,10.017057256,43.091083292,71.210884568,6.000000,21.687500000
1139.000000,10.022706628,43.081192891,71.211986456,6.000000,21.680555556
1139.500000,10.028355455,43.071302338,71.213088414,6.000000,21.673611111
1140.000000,10.034003736,43.061411631,71.214190442,6.000000,21.666666667
1140.500000,10.039651472,43.051520771,71.215292539,6.000000,21.659722222
1141.000000,10.045298663,43.041629758,71.216394705,6.000000,21.652777778
1141.500000,10.050945309,43.031738592,71.217496940,6.000000,21.645833333
1142.000000,10.056591409,43.021847273,71.218599245,6.000000,21.638888889
1142.500000,10.062236965,43.011955801,71.219701620,6.000000,21.631944444
1143.000000,10.067881975,43.002064176,71.220804063,6.000000,21.625000000
1143.500000,10.073526440,42.992172398,71.221906577,6.000000,21.618055556
1144.000000,10.079170361,42.982280466,71.223009159,6.000000,21.611111111
1144.500000,10.084813736,42.972388381,71.224111811,6.000000,21.604166667
1145.000000,10.090456567,42.962496144,71.225214532,6.000000,21.597222222
1145.500000,10.096098853,42.952603753,71.226317323,6.000000,21.590277778
1146.000000,10.101740595,42.942711209,71.227420183,6.000000,21.583333333
1146.500000,10.107381791,42.932818511,71.228523113,6.000000,21.576388889
1147.000000,10.113022443,42.922925661,71.229626112,6.000000,21.569444444
1147.500000,10.118662551,42.913032657,71.230729180,6.000000,21.562500000
1148.000000,10.124302114,42.903139501,71.231832318,6.000000,21.555555556
1148.500000,10.129941132,42.893246191,71.232935525,6.000000,21.548611111
1149.000000,10.135579607,42.883352727,71.234038802,6.000000,21.541666667
1149.500000,10.141217536,42.873459111,71.235142148,6.000000,21.534722222
1150.000000,10.146854922,42.863565341,71.236245563,6.000000,21.527777778
1150.500000,10.152491763,42.853671418,71.237349048,6.000000,21.520833333
1151.000000,10.158128060,42.843777342,71.238452603,6.000000,21.513888889
1151.500000,10.163763813,42.833883112,71.239556227,6.000000,21.506944444
1152.000000,10.169399022,42.823988729,71.240659920,6.000000,21.500000000
1152.500000,10.175033687,42.814094193,71.241763683,6.000000,21.493055556
1153.000000,10.180667808,42.804199504,71.242867516,6.000000,21.486111111
1153.500000,10.186301385,42.794304661,71.243971418,6.000000,21.479166667
1154.000000,10.191934418,42.784409665,71.245075389,6.000000,21.472222222
1154.500000,10.197566908,42.774514516,71.246179430,6.000000,21.465277778
1155.000000,10.203198853,42.764619213,71.247283540,6.000000,21.458333333
1155.500000,10.208830255,42.754723757,71.248387720,6.000000,21.451388889
1156.000000,10.214461113,42.744828148,71.249491969,6.000000,21.444444444
1156.500000,10.220091428,42.734932385,71.250596288,6.000000,21.437500000
1157.000000,10.225721199,42.725036469,71.251700677,6.000000,21.430555556
1157.500000,10.231350427,42.715140399,71.252805135,6.000000,21.423611111
1158.000000,10.236979111,42.705244176,71.253909662,6.000000,21.416666667
1158.500000,10.242607251,42.695347800,71.255014259,6.000000,21.409722222
1159.000000,10.248234849,42.685451270,71.256118925,6.000000,21.402777778
1159.500000,10.253861903,42.675554587,71.257223661,6.000000,21.395833333
1160.000000,10.259488414,42.665657750,71.258328467,6.000000,21.388888889
1160.500000,10.265114382,42.655760760,71.259433342,6.000000,21.381944444
1161.000000,10.270739806,42.645863617,71.260538287,6.000000,21.375000000
1161.500000,10.276364688,42.635966320,71.261643301,6.000000,21.368055556
1162.000000,10.281989026,42.626068869,71.262748385,6.000000,21.361111111
1162.500000,10.287612822,42.616171265,71.263853538,6.000000,21.354166667
1163.000000,10.293236075,42.606273508,71.264958761,6.000000,21.347222222
1163.500000,10.298858784,42.596375597,71.266064054,6.000000,21.340277778
1164.000000,10.304480952,42.586477533,71.267169416,6.000000,21.333333333
1164.500000,10.310102576,42.576579315,71.268274847,6.000000,21.326388889
1165.000000,10.315723657,42.566680943,71.269380349,6.000000,21.319444444
1165.500000,10.321344196,42.556782418,71.270485920,6.000000,21.312500000
1166.000000,10.326964193,42.546883739,71.271591560,6.000000,21.305555556
1166.500000,10.332583646,42.536984907,71.272697270,6.000000,21.298611111
1167.000000,10.338202558,42.527085922,71.273803050,6.000000,21.291666667
1167.500000,10.343820926,42.517186782,71.274908899,6.000000,21.284722222
1168.000000,10.349438753,42.507287489,71.276014818,6.000000,21.277777778
1168.500000,10.355056037,42.497388043,71.277120807,6.000000,21.270833333
1169.000000,10.360672779,42.487488443,71.278226865,6.000000,21.263888889
1169.500000,10.366288979,42.477588689,71.279332993,6.000000,21.256944444
1170.000000,10.371904636,42.467688782,71.280439190,6.000000,21.250000000
1170.500000,10.377519751,42.457788721,71.281545457,6.000000,21.243055556
1171.000000,10.383134325,42.447888506,71.282651794,6.000000,21.236111111
1171.500000,10.388748356,42.437988138,71.283758200,6.000000,21.229166667
1172.000000,10.394361845,42.428087616,71.284864676,6.000000,21.222222222
1172.500000,10.399974793,42.418186940,71.285971222,6.000000,21.215277778
1173.000000,10.405587198,42.408286111,71.287077837,6.000000,21.208333333
1173.500000,10.411199062,42.398385128,71.288184522,6.000000,21.201388889
1174.000000,10.416810384,42.388483991,71.289291277,6.000000,21.194444444
1174.500000,10.422421164,42.378582701,71.290398101,6.000000,21.187500000
1175.000000,10.428031403,42.368681256,71.291504995,6.000000,21.180555556
1175.500000,10.433641100,42.358779658,71.292611959,6.000000,21.173611111
1176.000000,10.439250256,42.348877907,71.293718993,6.000000,21.166666667
1176.500000,10.444858870,42.338976001,71.294826096,6.000000,21.159722222
1177.000000,10.450466943,42.329073942,71.295933269,6.000000,21.152777778
1177.500000,10.456074474,42.319171729,71.297040511,6.000000,21.145833333
1178.000000,10.461681464,42.309269362,71.298147824,6.000000,21.138888889
1178.500000,10.467287912,42.299366842,71.299255205,6.000000,21.131944444
1179.000000,10.472893820,42.289464168,71.300362657,6.000000,21.125000000
1179.500000,10.478499186,42.279561339,71.301470179,6.000000,21.118055556
1180.000000,10.484104011,42.269658357,71.302577770,6.000000,21.111111111
1180.500000,10.489708295,42.259755222,71.303685431,6.000000,21.104166667
1181.000000,10.495312038,42.249851932,71.304793161,6.000000,21.097222222
1181.500000,10.500915241,42.239948489,71.305900962,6.000000,21.090277778
1182.000000,10.506517902,42.230044891,71.307008832,6.000000,21.083333333
1182.500000,10.512120022,42.220141140,71.308116772,6.000000,21.076388889
1183.000000,10.517721602,42.210237235,71.309224781,6.000000,21.069444444
1183.500000,10.523322641,42.200333176,71.310332861,6.000000,21.062500000
1184.000000,10.528923139,42.190428963,71.311441010,6.000000,21.055555556
1184.500000,10.534523096,42.180524596,71.312549229,6.000000,21.048611111
1185.000000,10.540122513,42.170620075,71.313657518,6.000000,21.041666667
1185.500000,10.545721390,42.160715401,71.314765876,6.000000,21.034722222
1186.000000,10.551319725,42.150810572,71.315874305,6.000000,21.027777778
1186.500000,10.556917521,42.140905590,71.316982803,6.000000,21.020833333
1187.000000,10.562514776,42.131000453,71.318091371,6.000000,21.013888889
1187.500000,10.568111491,42.121095163,71.319200008,6.000000,21.006944444
1188.000000,10.573707665,42.111189718,71.320308716,6.000000,21.000000000
1188.500000,10.579303300,42.101284120,71.321417493,6.000000,20.993055556
1189.000000,10.584898394,42.091378367,71.322526340,6.000000,20.986111111
1189.500000,10.590492948,42.081472461,71.323635257,6.000000,20.979166667
1190.000000,10.596086962,42.071566400,71.324744244,6.000000,20.972222222
1190.500000,10.601680435,42.061660186,71.325853301,6.000000,20.965277778
1191.000000,10.607273369,42.051753817,71.326962427,6.000000,20.958333333
1191.500000,10.612865764,42.041847295,71.328071623,6.000000,20.951388889
1192.000000,10.618457618,42.031940618,71.329180889,6.000000,20.944444444
1192.500000,10.624048932,42.022033788,71.330290225,6.000000,20.937500000
1193.000000,10.629639707,42.012126803,71.331399631,6.000000,20.930555556
1193.500000,10.635229942,42.002219664,71.332509107,6.000000,20.923611111
1194.000000,10.640819637,41.992312371,71.333618652,6.000000,20.916666667
1194.500000,10.646408793,41.982404924,71.334728268,6.000000,20.909722222
1195.000000,10.651997409,41.972497323,71.335837953,6.000000,20.902777778
1195.500000,10.657585486,41.962589568,71.336947708,6.000000,20.895833333
1196.000000,10.663173023,41.952681658,71.338057533,6.000000,20.888888889
1196.500000,10.668760021,41.942773595,71.339167428,6.000000,20.881944444
1197.000000,10.674346480,41.932865377,71.340277393,6.000000,20.875000000
1197.500000,10.679932399,41.922957005,71.341387428,6.000000,20.868055556
1198.000000,10.685517779,41.913048479,71.342497533,6.000000,20.861111111
1198.500000,10.691102620,41.903139799,71.343607707,6.000000,20.854166667
1199.000000,10.696686922,41.893230964,71.344717952,6.000000,20.847222222
1199.500000,10.702270685,41.883321976,71.345828266,6.000000,20.840277778
1200.000000,10.707853908,41.873412833,71.346938650,6.000000,20.833333333
1200.500000,10.713436593,41.863503536,71.348049104,6.000000,20.826388889
1201.000000,10.719018739,41.853594085,71.349159628,6.000000,20.819444444
1201.500000,10.724600346,41.843684479,71.350270223,6.000000,20.812500000
1202.000000,10.730181414,41.833774720,71.351380887,6.000000,20.805555556
1202.500000,10.735761944,41.823864806,71.352491621,6.000000,20.798611111
1203.000000,10.741341934,41.813954737,71.353602424,6.000000,20.791666667
1203.500000,10.746921387,41.804044515,71.354713298,6.000000,20.784722222
1204.000000,10.752500300,41.794134138,71.355824242,6.000000,20.777777778
1204.500000,10.758078675,41.784223607,71.356935256,6.000000,20.770833333
1205.000000,10.763656512,41.774312921,71.358046340,6.000000,20.763888889
1205.500000,10.769233810,41.764402081,71.359157493,6.000000,20.756944444
1206.000000,10.774810570,41.754491087,71.360268717,6.000000,20.750000000
1206.500000,10.780386791,41.744579939,71.361380011,6.000000,20.743055556
1207.000000,10.785962474,41.734668636,71.362491374,6.000000,20.736111111
1207.500000,10.791537619,41.724757179,71.363602808,6.000000,20.729166667
1208.000000,10.797112226,41.714845568,71.364714312,6.000000,20.722222222
1208.500000,10.802686294,41.704933802,71.365825885,6.000000,20.715277778
1209.000000,10.808259825,41.695021881,71.366937529,6.000000,20.708333333
1209.500000,10.813832817,41.685109807,71.368049242,6.000000,20.701388889
1210.000000,10.819405272,41.675197578,71.369161026,6.000000,20.694444444
1210.500000,10.824977189,41.665285194,71.370272880,6.000000,20.687500000
1211.000000,10.830548567,41.655372656,71.371384804,6.000000,20.680555556
1211.500000,10.836119408,41.645459964,71.372496797,6.000000,20.673611111
1212.000000,10.841689712,41.635547117,71.373608861,6.000000,20.666666667
1212.500000,10.847259477,41.625634116,71.374720995,6.000000,20.659722222
1213.000000,10.852828705,41.615720960,71.375833199,6.000000,20.652777778
1213.500000,10.858397395,41.605807650,71.376945473,6.000000,20.645833333
1214.000000,10.863965548,41.595894185,71.378057817,6.000000,20.638888889
1214.500000,10.869533163,41.585980566,71.379170231,6.000000,20.631944444
1215.000000,10.875100241,41.576066793,71.380282715,6.000000,20.625000000
1215.500000,10.880666782,41.566152864,71.381395269,6.000000,20.618055556
1216.000000,10.886232785,41.556238782,71.382507893,6.000000,20.611111111
1216.500000,10.891798251,41.546324545,71.383620587,6.000000,20.604166667
1217.000000,10.897363179,41.536410153,71.384733352,6.000000,20.597222222
1217.500000,10.902927571,41.526495607,71.385846186,6.000000,20.590277778
1218.000000,10.908491425,41.516580906,71.386959091,6.000000,20.583333333
1218.500000,10.914054742,41.506666050,71.388072065,6.000000,20.576388889
1219.000000,10.919617523,41.496751040,71.389185110,6.000000,20.569444444
1219.500000,10.925179766,41.486835876,71.390298225,6.000000,20.562500000
1220.000000,10.930741472,41.476920556,71.391411410,6.000000,20.555555556
1220.500000,10.936302642,41.467005083,71.392524665,6.000000,20.548611111
1221.000000,10.941863274,41.457089454,71.393637990,6.000000,20.541666667
1221.500000,10.947423370,41.447173671,71.394751385,6.000000,20.534722222
1222.000000,10.952982929,41.437257733,71.395864851,6.000000,20.527777778
1222.500000,10.958541952,41.427341641,71.396978386,6.000000,20.520833333
1223.000000,10.964100438,41.417425394,71.398091992,6.000000,20.513888889
1223.500000,10.969658387,41.407508992,71.399205668,6.000000,20.506944444
1224.000000,10.975215800,41.397592436,71.400319414,6.000000,20.500000000
1224.500000,10.980772677,41.387675725,71.401433230,6.000000,20.493055556
1225.000000,10.986329017,41.377758859,71.402547116,6.000000,20.486111111
1225.500000,10.991884821,41.367841839,71.403661073,6.000000,20.479166667
1226.000000,10.997440088,41.357924664,71.404775100,6.000000,20.472222222
1226.500000,11.002994819,41.348007334,71.405889196,6.000000,20.465277778
1227.000000,11.008549014,41.338089849,71.407003363,6.000000,20.458333333
1227.500000,11.014102673,41.328172210,71.408117601,6.000000,20.451388889
1228.000000,11.019655796,41.318254416,71.409231908,6.000000,20.444444444
1228.500000,11.025208383,41.308336467,71.410346285,6.000000,20.437500000
1229.000000,11.030760434,41.298418363,71.411460733,6.000000,20.430555556
1229.500000,11.036311949,41.288500105,71.412575251,6.000000,20.423611111
1230.000000,11.041862928,41.278581692,71.413689839,6.000000,20.416666667
1230.500000,11.047413371,41.268663124,71.414804498,6.000000,20.409722222
1231.000000,11.052963279,41.258744401,71.415919226,6.000000,20.402777778
1231.500000,11.058512650,41.248825523,71.417034025,6.000000,20.395833333
1232.000000,11.064061487,41.238906491,71.418148894,6.000000,20.388888889
1232.500000,11.069609787,41.228987303,71.419263833,6.000000,20.381944444
1233.000000,11.075157552,41.219067961,71.420378843,6.000000,20.375000000
1233.500000,11.080704781,41.209148464,71.421493922,6.000000,20.368055556
1234.000000,11.086251475,41.199228812,71.422609072,6.000000,20.361111111
1234.500000,11.091797634,41.189309005,71.423724293,6.000000,20.354166667
1235.000000,11.097343257,41.179389044,71.424839583,6.000000,20.347222222
1235.500000,11.102888345,41.169468927,71.425954944,6.000000,20.340277778
1236.000000,11.108432898,41.159548655,71.427070375,6.000000,20.333333333
1236.500000,11.113976915,41.149628229,71.428185876,6.000000,20.326388889
1237.000000,11.119520398,41.139707648,71.429301447,6.000000,20.319444444
1237.500000,11.125063345,41.129786911,71.430417089,6.000000,20.312500000
1238.000000,11.130605757,41.119866020,71.431532801,6.000000,20.305555556
1238.500000,11.136147635,41.109944974,71.432648584,6.000000,20.298611111
1239.000000,11.141688977,41.100023773,71.433764436,6.000000,20.291666667
1239.500000,11.147229785,41.090102416,71.434880359,6.000000,20.284722222
1240.000000,11.152770057,41.080180905,71.435996353,6.000000,20.277777778
1240.500000,11.158309795,41.070259239,71.437112416,6.000000,20.270833333
1241.000000,11.163848998,41.060337418,71.438228550,6.000000,20.263888889
1241.500000,11.169387667,41.050415442,71.439344754,6.000000,20.256944444
1242.000000,11.174925801,41.040493311,71.440461029,6.000000,20.250000000
1242.500000,11.180463400,41.030571024,71.441577373,6.000000,20.243055556
1243.000000,11.186000465,41.020648583,71.442693789,6.000000,20.236111111
1243.500000,11.191536995,41.010725987,71.443810274,6.000000,20.229166667
1244.000000,11.197072991,41.000803235,71.444926830,6.000000,20.222222222
1244.500000,11.202608453,40.990880329,71.446043456,6.000000,20.215277778
1245.000000,11.208143380,40.980957267,71.447160153,6.000000,20.208333333
1245.500000,11.213677773,40.971034050,71.448276919,6.000000,20.201388889
1246.000000,11.219211632,40.961110679,71.449393757,6.000000,20.194444444
1246.500000,11.224744956,40.951187152,71.450510664,6.000000,20.187500000
1247.000000,11.230277747,40.941263470,71.451627642,6.000000,20.180555556
1247.500000,11.235810004,40.931339633,71.452744691,6.000000,20.173611111
1248.000000,11.241341726,40.921415640,71.453861809,6.000000,20.166666667
1248.500000,11.246872915,40.911491493,71.454978998,6.000000,20.159722222
1249.000000,11.252403569,40.901567190,71.456096258,6.000000,20.152777778
1249.500000,11.257933690,40.891642732,71.457213588,6.000000,20.145833333
1250.000000,11.263463277,40.881718119,71.458330988,6.000000,20.138888889
1250.500000,11.268992331,40.871793351,71.459448459,6.000000,20.131944444
1251.000000,11.274520851,40.861868428,71.460566000,6.000000,20.125000000
1251.500000,11.280048837,40.851943349,71.461683611,6.000000,20.118055556
1252.000000,11.285576289,40.842018115,71.462801293,6.000000,20.111111111
1252.500000,11.291103208,40.832092726,71.463919045,6.000000,20.104166667
1253.000000,11.296629594,40.822167182,71.465036868,6.000000,20.097222222
1253.500000,11.302155446,40.812241482,71.466154761,6.000000,20.090277778
1254.000000,11.307680764,40.802315627,71.467272725,6.000000,20.083333333
1254.500000,11.313205550,40.792389617,71.468390759,6.000000,20.076388889
1255.000000,11.318729802,40.782463452,71.469508863,6.000000,20.069444444
1255.500000,11.324253521,40.772537131,71.470627038,6.000000,20.062500000
1256.000000,11.329776707,40.762610655,71.471745284,6.000000,20.055555556
1256.500000,11.335299359,40.752684024,71.472863600,6.000000,20.048611111
1257.000000,11.340821479,40.742757237,71.473981986,6.000000,20.041666667
1257.500000,11.346343065,40.732830295,71.475100443,6.000000,20.034722222
1258.000000,11.351864119,40.722903198,71.476218970,6.000000,20.027777778
1258.500000,11.357384640,40.712975946,71.477337568,6.000000,20.020833333
1259.000000,11.362904628,40.703048538,71.478456236,6.000000,20.013888889
1259.500000,11.368424083,40.693120974,71.479574974,6.000000,20.006944444
1260.000000,11.373943005,40.683193255,71.480693784,6.000000,20.000000000
1260.500000,11.379461395,40.673265381,71.481812663,6.000000,19.993055556
1261.000000,11.384979252,40.663337352,71.482931614,6.000000,19.986111111
1261.500000,11.390496576,40.653409167,71.484050634,6.000000,19.979166667
1262.000000,11.396013368,40.643480826,71.485169725,6.000000,19.972222222
1262.500000,11.401529627,40.633552331,71.486288887,6.000000,19.965277778
1263.000000,11.407045354,40.623623679,71.487408119,6.000000,19.958333333
1263.500000,11.412560549,40.613694873,71.488527422,6.000000,19.951388889
1264.000000,11.418075211,40.603765911,71.489646796,6.000000,19.944444444
1264.500000,11.423589341,40.593836793,71.490766239,6.000000,19.937500000
1265.000000,11.429102939,40.583907520,71.491885754,6.000000,19.930555556
1265.500000,11.434616005,40.573978091,71.493005339,6.000000,19.923611111
1266.000000,11.440128538,40.564048507,71.494124994,6.000000,19.916666667
1266.500000,11.445640539,40.554118768,71.495244720,6.000000,19.909722222
1267.000000,11.451152009,40.544188873,71.496364517,6.000000,19.902777778
1267.500000,11.456662946,40.534258822,71.497484384,6.000000,19.895833333
1268.000000,11.462173352,40.524328616,71.498604322,6.000000,19.888888889
1268.500000,11.467683225,40.514398254,71.499724330,6.000000,19.881944444
1269.000000,11.473192567,40.504467737,71.500844409,6.000000,19.875000000
1269.500000,11.478701377,40.494537064,71.501964558,6.000000,19.868055556
1270.000000,11.484209656,40.484606236,71.503084778,6.000000,19.861111111
1270.500000,11.489717402,40.474675252,71.504205069,6.000000,19.854166667
1271.000000,11.495224617,40.464744112,71.505325430,6.000000,19.847222222
1271.500000,11.500731301,40.454812817,71.506445862,6.000000,19.840277778
1272.000000,11.506237453,40.444881366,71.507566365,6.000000,19.833333333
1272.500000,11.511743074,40.434949760,71.508686938,6.000000,19.826388889
1273.000000,11.517248163,40.425017997,71.509807581,6.000000,19.819444444
1273.500000,11.522752721,40.415086080,71.510928296,6.000000,19.812500000
1274.000000,11.528256747,40.405154006,71.512049081,6.000000,19.805555556
1274.500000,11.533760243,40.395221777,71.513169936,6.000000,19.798611111
1275.000000,11.539263207,40.385289393,71.514290862,6.000000,19.791666667
1275.500000,11.544765640,40.375356852,71.515411859,6.000000,19.784722222
1276.000000,11.550267542,40.365424156,71.516532927,6.000000,19.777777778
1276.500000,11.555768913,40.355491304,71.517654065,6.000000,19.770833333
1277.000000,11.561269753,40.345558297,71.518775274,6.000000,19.763888889
1277.500000,11.566770062,40.335625134,71.519896553,6.000000,19.756944444
1278.000000,11.572269840,40.325691815,71.521017903,6.000000,19.750000000
1278.500000,11.577769087,40.315758340,71.522139324,6.000000,19.743055556
1279.000000,11.583267803,40.305824709,71.523260816,6.000000,19.736111111
1279.500000,11.588765989,40.295890923,71.524382378,6.000000,19.729166667
1280.000000,11.594263644,40.285956981,71.525504011,6.000000,19.722222222
1280.500000,11.599760769,40.276022883,71.526625714,6.000000,19.715277778
1281.000000,11.605257363,40.266088630,71.527747488,6.000000,19.708333333
1281.500000,11.610753426,40.256154220,71.528869333,6.000000,19.701388889
1282.000000,11.616248959,40.246219655,71.529991249,6.000000,19.694444444
1282.500000,11.621743961,40.236284934,71.531113235,6.000000,19.687500000
1283.000000,11.627238434,40.226350057,71.532235292,6.000000,19.680555556
1283.500000,11.632732375,40.216415025,71.533357420,6.000000,19.673611111
1284.000000,11.638225787,40.206479836,71.534479619,6.000000,19.666666667
1284.500000,11.643718668,40.196544492,71.535601888,6.000000,19.659722222
1285.000000,11.649211020,40.186608992,71.536724228,6.000000,19.652777778
1285.500000,11.654702841,40.176673335,71.537846639,6.000000,19.645833333
1286.000000,11.660194132,40.166737523,71.538969120,6.000000,19.638888889
1286.500000,11.665684893,40.156801555,71.540091672,6.000000,19.631944444
1287.000000,11.671175124,40.146865432,71.541214295,6.000000,19.625000000
1287.500000,11.676664825,40.136929152,71.542336989,6.000000,19.618055556
1288.000000,11.682153997,40.126992716,71.543459753,6.000000,19.611111111
1288.500000,11.687642638,40.117056125,71.544582589,6.000000,19.604166667
1289.000000,11.693130750,40.107119377,71.545705495,6.000000,19.597222222
1289.500000,11.698618332,40.097182473,71.546828472,6.000000,19.590277778
1290.000000,11.704105385,40.087245414,71.547951519,6.000000,19.583333333
1290.500000,11.709591908,40.077308198,71.549074638,6.000000,19.576388889
1291.000000,11.715077901,40.067370827,71.550197827,6.000000,19.569444444
1291.500000,11.720563365,40.057433299,71.551321087,6.000000,19.562500000
1292.000000,11.726048300,40.047495616,71.552444417,6.000000,19.555555556
1292.500000,11.731532705,40.037557776,71.553567819,6.000000,19.548611111
1293.000000,11.737016581,40.027619781,71.554691291,6.000000,19.541666667
1293.500000,11.742499927,40.017681629,71.555814835,6.000000,19.534722222
1294.000000,11.747982744,40.007743322,71.556938449,6.000000,19.527777778
1294.500000,11.753465032,39.997804858,71.558062133,6.000000,19.520833333
1295.000000,11.758946791,39.987866238,71.559185889,6.000000,19.513888889
1295.500000,11.764428021,39.977927463,71.560309716,6.000000,19.506944444
1296.000000,11.769908722,39.967988531,71.561433613,6.000000,19.500000000
1296.500000,11.775388894,39.958049443,71.562557581,6.000000,19.493055556
1297.000000,11.780868537,39.948110199,71.563681620,6.000000,19.486111111
1297.500000,11.786347651,39.938170798,71.564805730,6.000000,19.479166667
1298.000000,11.791826237,39.928231242,71.565929911,6.000000,19.472222222
1298.500000,11.797304293,39.918291529,71.567054163,6.000000,19.465277778
1299.000000,11.802781821,39.908351661,71.568178485,6.000000,19.458333333
1299.500000,11.808258820,39.898411636,71.569302878,6.000000,19.451388889
1300.000000,11.813735291,39.888471455,71.570427343,6.000000,19.444444444
1300.500000,11.819211233,39.878531118,71.571551878,6.000000,19.437500000
1301.000000,11.824686646,39.868590625,71.572676484,6.000000,19.430555556
1301.500000,11.830161531,39.858649975,71.573801161,6.000000,19.423611111
1302.000000,11.835635888,39.848709169,71.574925909,6.000000,19.416666667
1302.500000,11.841109717,39.838768207,71.576050727,6.000000,19.409722222
1303.000000,11.846583017,39.828827089,71.577175617,6.000000,19.402777778
1303.500000,11.852055788,39.818885815,71.578300578,6.000000,19.395833333
1304.000000,11.857528032,39.808944384,71.579425609,6.000000,19.388888889
1304.500000,11.862999747,39.799002797,71.580550711,6.000000,19.381944444
1305.000000,11.868470935,39.789061054,71.581675885,6.000000,19.375000000
1305.500000,11.873941594,39.779119155,71.582801129,6.000000,19.368055556
1306.000000,11.879411725,39.769177099,71.583926444,6.000000,19.361111111
1306.500000,11.884881329,39.759234887,71.585051830,6.000000,19.354166667
1307.000000,11.890350404,39.749292519,71.586177287,6.000000,19.347222222
1307.500000,11.895818952,39.739349994,71.587302816,6.000000,19.340277778
1308.000000,11.901286972,39.729407313,71.588428415,6.000000,19.333333333
1308.500000,11.906754464,39.719464476,71.589554085,6.000000,19.326388889
1309.000000,11.912221429,39.709521482,71.590679825,6.000000,19.319444444
1309.500000,11.917687865,39.699578332,71.591805637,6.000000,19.312500000
1310.000000,11.923153775,39.689635026,71.592931520,6.000000,19.305555556
1310.500000,11.928619156,39.679691563,71.594057474,6.000000,19.298611111
1311.000000,11.934084011,39.669747944,71.595183499,6.000000,19.291666667
1311.500000,11.939548338,39.659804169,71.596309595,6.000000,19.284722222
1312.000000,11.945012137,39.649860237,71.597435762,6.000000,19.277777778
1312.500000,11.950475409,39.639916149,71.598562000,6.000000,19.270833333
1313.000000,11.955938154,39.629971904,71.599688308,6.000000,19.263888889
1313.500000,11.961400372,39.620027503,71.600814688,6.000000,19.256944444
1314.000000,11.966862062,39.610082945,71.601941139,6.000000,19.250000000
1314.500000,11.972323226,39.600138231,71.603067661,6.000000,19.243055556
1315.000000,11.977783862,39.590193360,71.604194254,6.000000,19.236111111
1315.500000,11.983243971,39.580248334,71.605320918,6.000000,19.229166667
1316.000000,11.988703554,39.570303150,71.606447653,6.000000,19.222222222
1316.500000,11.994162609,39.560357810,71.607574459,6.000000,19.215277778
1317.000000,11.999621138,39.550412314,71.608701336,6.000000,19.208333333
1317.500000,12.005079139,39.540466661,71.609828284,6.000000,19.201388889
1318.000000,12.010536614,39.530520851,71.610955303,6.000000,19.194444444
1318.500000,12.015993563,39.520574885,71.612082394,6.000000,19.187500000
1319.000000,12.021449984,39.510628763,71.613209555,6.000000,19.180555556
1319.500000,12.026905880,39.500682484,71.614336787,6.000000,19.173611111
1320.000000,12.032361248,39.490736048,71.615464091,6.000000,19.166666667
1320.500000,12.037816090,39.480789456,71.616591465,6.000000,19.159722222
1321.000000,12.043270406,39.470842707,71.617718911,6.000000,19.152777778
1321.500000,12.048724195,39.460895801,71.618846428,6.000000,19.145833333
1322.000000,12.054177458,39.450948739,71.619974016,6.000000,19.138888889
1322.500000,12.059630194,39.441001521,71.621101675,6.000000,19.131944444
1323.000000,12.065082405,39.431054146,71.622229405,6.000000,19.125000000
1323.500000,12.070534089,39.421106614,71.623357206,6.000000,19.118055556
1324.000000,12.075985247,39.411158925,71.624485078,6.000000,19.111111111
1324.500000,12.081435878,39.401211080,71.625613021,6.000000,19.104166667
1325.000000,12.086885984,39.391263078,71.626741036,6.000000,19.097222222
1325.500000,12.092335564,39.381314920,71.627869122,6.000000,19.090277778
1326.000000,12.097784618,39.371366605,71.628997278,6.000000,19.083333333
1326.500000,12.103233146,39.361418133,71.630125506,6.000000,19.076388889
1327.000000,12.108681148,39.351469504,71.631253805,6.000000,19.069444444
1327.500000,12.114128625,39.341520719,71.632382175,6.000000,19.062500000
1328.000000,12.119575575,39.331571777,71.633510617,6.000000,19.055555556
1328.500000,12.125022001,39.321622678,71.634639129,6.000000,19.048611111
1329.000000,12.130467900,39.311673423,71.635767713,6.000000,19.041666667
1329.500000,12.135913274,39.301724011,71.636896368,6.000000,19.034722222
1330.000000,12.141358122,39.291774442,71.638025094,6.000000,19.027777778
1330.500000,12.146802445,39.281824716,71.639153891,6.000000,19.020833333
1331.000000,12.152246242,39.271874834,71.640282759,6.000000,19.013888889
1331.500000,12.157689514,39.261924794,71.641411699,6.000000,19.006944444
1332.000000,12.163132261,39.251974598,71.642540710,6.000000,19.000000000
1332.500000,12.168574482,39.242024245,71.643669792,6.000000,18.993055556
1333.000000,12.174016179,39.232073736,71.644798945,6.000000,18.986111111
1333.500000,12.179457350,39.222123069,71.645928169,6.000000,18.979166667
1334.000000,12.184897996,39.212172246,71.647057465,6.000000,18.972222222
1334.500000,12.190338117,39.202221266,71.648186832,6.000000,18.965277778
1335.000000,12.195777712,39.192270129,71.649316270,6.000000,18.958333333
1335.500000,12.201216783,39.182318835,71.650445779,6.000000,18.951388889
1336.000000,12.206655329,39.172367384,71.651575359,6.000000,18.944444444
1336.500000,12.212093350,39.162415776,71.652705011,6.000000,18.937500000
1337.000000,12.217530847,39.152464012,71.653834734,6.000000,18.930555556
1337.500000,12.222967818,39.142512090,71.654964528,6.000000,18.923611111
1338.000000,12.228404265,39.132560012,71.656094394,6.000000,18.916666667
1338.500000,12.233840187,39.122607776,71.657224331,6.000000,18.909722222
1339.000000,12.239275585,39.112655384,71.658354339,6.000000,18.902777778
1339.500000,12.244710458,39.102702835,71.659484418,6.000000,18.895833333
1340.000000,12.250144807,39.092750129,71.660614568,6.000000,18.888888889
1340.500000,12.255578631,39.082797265,71.661744790,6.000000,18.881944444
1341.000000,12.261011930,39.072844245,71.662875083,6.000000,18.875000000
1341.500000,12.266444706,39.062891068,71.664005448,6.000000,18.868055556
1342.000000,12.271876957,39.052937734,71.665135883,6.000000,18.861111111
1342.500000,12.277308684,39.042984243,71.666266390,6.000000,18.854166667
1343.000000,12.282739886,39.033030595,71.667396969,6.000000,18.847222222
1343.500000,12.288170565,39.023076790,71.668527618,6.000000,18.840277778
1344.000000,12.293600719,39.013122828,71.669658339,6.000000,18.833333333
1344.500000,12.299030350,39.003168708,71.670789131,6.000000,18.826388889
1345.000000,12.304459456,38.993214432,71.671919995,6.000000,18.819444444
1345.500000,12.309888038,38.983259999,71.673050930,6.000000,18.812500000
1346.000000,12.315316097,38.973305408,71.674181936,6.000000,18.805555556
1346.500000,12.320743632,38.963350661,71.675313013,6.000000,18.798611111
1347.000000,12.326170642,38.953395756,71.676444162,6.000000,18.791666667
1347.500000,12.331597130,38.943440695,71.677575382,6.000000,18.784722222
1348.000000,12.337023093,38.933485476,71.678706674,6.000000,18.777777778
1348.500000,12.342448533,38.923530100,71.679838037,6.000000,18.770833333
1349.000000,12.347873449,38.913574567,71.680969471,6.000000,18.763888889
1349.500000,12.353297842,38.903618877,71.682100977,6.000000,18.756944444
1350.000000,12.358721711,38.893663029,71.683232554,6.000000,18.750000000
1350.500000,12.364145057,38.883707025,71.684364202,6.000000,18.743055556
1351.000000,12.369567880,38.873750863,71.685495922,6.000000,18.736111111
1351.500000,12.374990179,38.863794544,71.686627713,6.000000,18.729166667
1352.000000,12.380411955,38.853838068,71.687759576,6.000000,18.722222222
1352.500000,12.385833207,38.843881435,71.688891510,6.000000,18.715277778
1353.000000,12.391253937,38.833924644,71.690023515,6.000000,18.708333333
1353.500000,12.396674143,38.823967697,71.691155592,6.000000,18.701388889
1354.000000,12.402093826,38.814010592,71.692287740,6.000000,18.694444444
1354.500000,12.407512987,38.804053330,71.693419960,6.000000,18.687500000
1355.000000,12.412931624,38.794095910,71.694552251,6.000000,18.680555556
1355.500000,12.418349738,38.784138333,71.695684613,6.000000,18.673611111
1356.000000,12.423767330,38.774180599,71.696817047,6.000000,18.666666667
1356.500000,12.429184398,38.764222708,71.697949552,6.000000,18.659722222
1357.000000,12.434600944,38.754264660,71.699082129,6.000000,18.652777778
1357.500000,12.440016968,38.744306454,71.700214777,6.000000,18.645833333
1358.000000,12.445432468,38.734348091,71.701347497,6.000000,18.638888889
1358.500000,12.450847446,38.724389570,71.702480288,6.000000,18.631944444
1359.000000,12.456261901,38.714430892,71.703613150,6.000000,18.625000000
1359.500000,12.461675834,38.704472057,71.704746084,6.000000,18.618055556
1360.000000,12.467089245,38.694513065,71.705879090,6.000000,18.611111111
1360.500000,12.472502133,38.684553915,71.707012167,6.000000,18.604166667
1361.000000,12.477914498,38.674594608,71.708145315,6.000000,18.597222222
1361.500000,12.483326342,38.664635143,71.709278535,6.000000,18.590277778
1362.000000,12.488737663,38.654675521,71.710411827,6.000000,18.583333333
1362.500000,12.494148461,38.644715741,71.711545190,6.000000,18.576388889
1363.000000,12.499558738,38.634755805,71.712678624,6.000000,18.569444444
1363.500000,12.504968493,38.624795710,71.713812130,6.000000,18.562500000
1364.000000,12.510377725,38.614835459,71.714945707,6.000000,18.555555556
1364.500000,12.515786436,38.604875050,71.716079356,6.000000,18.548611111
1365.000000,12.521194624,38.594914483,71.717213077,6.000000,18.541666667
1365.500000,12.526602291,38.584953759,71.718346869,6.000000,18.534722222
1366.000000,12.532009436,38.574992877,71.719480732,6.000000,18.527777778
1366.500000,12.537416059,38.565031838,71.720614667,6.000000,18.520833333
1367.000000,12.542822160,38.555070642,71.721748674,6.000000,18.513888889
1367.500000,12.548227740,38.545109288,71.722882752,6.000000,18.506944444
1368.000000,12.553632798,38.535147777,71.724016902,6.000000,18.500000000
1368.500000,12.559037334,38.525186107,71.725151123,6.000000,18.493055556
1369.000000,12.564441349,38.515224281,71.726285416,6.000000,18.486111111
1369.500000,12.569844842,38.505262297,71.727419780,6.000000,18.479166667
1370.000000,12.575247814,38.495300155,71.728554216,6.000000,18.472222222
1370.500000,12.580650265,38.485337856,71.729688724,6.000000,18.465277778
1371.000000,12.586052194,38.475375399,71.730823303,6.000000,18.458333333
1371.500000,12.591453602,38.465412785,71.731957954,6.000000,18.451388889
1372.000000,12.596854488,38.455450013,71.733092676,6.000000,18.444444444
1372.500000,12.602254854,38.445487083,71.734227470,6.000000,18.437500000
1373.000000,12.607654698,38.435523996,71.735362335,6.000000,18.430555556
1373.500000,12.613054021,38.425560752,71.736497272,6.000000,18.423611111
1374.000000,12.618452824,38.415597349,71.737632281,6.000000,18.416666667
1374.500000,12.623851105,38.405633789,71.738767361,6.000000,18.409722222
1375.000000,12.629248865,38.395670071,71.739902513,6.000000,18.402777778
1375.500000,12.634646104,38.385706196,71.741037737,6.000000,18.395833333
1376.000000,12.640042823,38.375742163,71.742173032,6.000000,18.388888889
1376.500000,12.645439021,38.365777972,71.743308399,6.000000,18.381944444
1377.000000,12.650834698,38.355813624,71.744443837,6.000000,18.375000000
1377.500000,12.656229854,38.345849118,71.745579347,6.000000,18.368055556
1378.000000,12.661624490,38.335884454,71.746714929,6.000000,18.361111111
1378.500000,12.667018605,38.325919633,71.747850582,6.000000,18.354166667
1379.000000,12.672412200,38.315954653,71.748986307,6.000000,18.347222222
1379.500000,12.677805274,38.305989516,71.750122104,6.000000,18.340277778
1380.000000,12.683197827,38.296024222,71.751257973,6.000000,18.333333333
1380.500000,12.688589861,38.286058769,71.752393913,6.000000,18.326388889
1381.000000,12.693981374,38.276093159,71.753529924,6.000000,18.319444444
1381.500000,12.699372367,38.266127391,71.754666008,6.000000,18.312500000
1382.000000,12.704762839,38.256161465,71.755802163,6.000000,18.305555556
1382.500000,12.710152791,38.246195381,71.756938390,6.000000,18.298611111
1383.000000,12.715542224,38.236229140,71.758074688,6.000000,18.291666667
1383.500000,12.720931136,38.226262741,71.759211059,6.000000,18.284722222
1384.000000,12.726319528,38.216296183,71.760347500,6.000000,18.277777778
1384.500000,12.731707400,38.206329469,71.761484014,6.000000,18.270833333
1385.000000,12.737094752,38.196362596,71.762620599,6.000000,18.263888889
1385.500000,12.742481585,38.186395565,71.763757257,6.000000,18.256944444
1386.000000,12.747867897,38.176428377,71.764893985,6.000000,18.250000000
1386.500000,12.753253690,38.166461030,71.766030786,6.000000,18.243055556
1387.000000,12.758638963,38.156493526,71.767167658,6.000000,18.236111111
1387.500000,12.764023716,38.146525864,71.768304602,6.000000,18.229166667
1388.000000,12.769407950,38.136558044,71.769441618,6.000000,18.222222222
1388.500000,12.774791664,38.126590066,71.770578706,6.000000,18.215277778
1389.000000,12.780174859,38.116621930,71.771715865,6.000000,18.208333333
1389.500000,12.785557534,38.106653636,71.772853096,6.000000,18.201388889
1390.000000,12.790939690,38.096685184,71.773990399,6.000000,18.194444444
1390.500000,12.796321327,38.086716574,71.775127773,6.000000,18.187500000
1391.000000,12.801702444,38.076747807,71.776265220,6.000000,18.180555556
1391.500000,12.807083042,38.066778881,71.777402738,6.000000,18.173611111
1392.000000,12.812463120,38.056809797,71.778540328,6.000000,18.166666667
1392.500000,12.817842680,38.046840555,71.779677990,6.000000,18.159722222
1393.000000,12.823221720,38.036871156,71.780815723,6.000000,18.152777778
1393.500000,12.828600242,38.026901598,71.781953529,6.000000,18.145833333
1394.000000,12.833978244,38.016931882,71.783091406,6.000000,18.138888889
1394.500000,12.839355728,38.006962008,71.784229355,6.000000,18.131944444
1395.000000,12.844732692,37.996991977,71.785367376,6.000000,18.125000000
1395.500000,12.850109138,37.987021787,71.786505468,6.000000,18.118055556
1396.000000,12.855485065,37.977051439,71.787643633,6.000000,18.111111111
1396.500000,12.860860473,37.967080933,71.788781869,6.000000,18.104166667
1397.000000,12.866235362,37.957110268,71.789920177,6.000000,18.097222222
1397.500000,12.871609733,37.947139446,71.791058557,6.000000,18.090277778
1398.000000,12.876983585,37.937168466,71.792197009,6.000000,18.083333333
1398.500000,12.882356918,37.927197327,71.793335533,6.000000,18.076388889
1399.000000,12.887729733,37.917226031,71.794474128,6.000000,18.069444444
1399.500000,12.893102030,37.907254576,71.795612796,6.000000,18.062500000
1400.000000,12.898473808,37.897282963,71.796751535,6.000000,18.055555556
1400.500000,12.903845068,37.887311192,71.797890346,6.000000,18.048611111
1401.000000,12.909215810,37.877339263,71.799029229,6.000000,18.041666667
1401.500000,12.914586033,37.867367175,71.800168184,6.000000,18.034722222
1402.000000,12.919955738,37.857394930,71.801307211,6.000000,18.027777778
1402.500000,12.925324925,37.847422526,71.802446310,6.000000,18.020833333
1403.000000,12.930693594,37.837449964,71.803585480,6.000000,18.013888889
1403.500000,12.936061745,37.827477244,71.804724723,6.000000,18.006944444
1404.000000,12.941429378,37.817504365,71.805864037,6.000000,18.000000000
1404.500000,12.946796492,37.807531329,71.807003424,6.000000,17.993055556
1405.000000,12.952163089,37.797558134,71.808142882,6.000000,17.986111111
1405.500000,12.957529169,37.787584781,71.809282412,6.000000,17.979166667
1406.000000,12.962894730,37.777611269,71.810422014,6.000000,17.972222222
1406.500000,12.968259773,37.767637600,71.811561688,6.000000,17.965277778
1407.000000,12.973624299,37.757663772,71.812701434,6.000000,17.958333333
1407.500000,12.978988308,37.747689785,71.813841252,6.000000,17.951388889
1408.000000,12.984351798,37.737715641,71.814981142,6.000000,17.944444444
1408.500000,12.989714771,37.727741338,71.816121104,6.000000,17.937500000
1409.000000,12.995077227,37.717766876,71.817261138,6.000000,17.930555556
1409.500000,13.000439165,37.707792257,71.818401244,6.000000,17.923611111
1410.000000,13.005800586,37.697817479,71.819541421,6.000000,17.916666667
1410.500000,13.011161489,37.687842543,71.820681671,6.000000,17.909722222
1411.000000,13.016521876,37.677867448,71.821821993,6.000000,17.902777778
1411.500000,13.021881745,37.667892195,71.822962386,6.000000,17.895833333
1412.000000,13.027241096,37.657916783,71.824102852,6.000000,17.888888889
1412.500000,13.032599931,37.647941214,71.825243390,6.000000,17.881944444
1413.000000,13.037958248,37.637965485,71.826383999,6.000000,17.875000000
1413.500000,13.043316049,37.627989599,71.827524681,6.000000,17.868055556
1414.000000,13.048673332,37.618013554,71.828665435,6.000000,17.861111111
1414.500000,13.054030099,37.608037350,71.829806261,6.000000,17.854166667
1415.000000,13.059386349,37.598060988,71.830947158,6.000000,17.847222222
1415.500000,13.064742081,37.588084468,71.832088128,6.000000,17.840277778
1416.000000,13.070097297,37.578107789,71.833229170,6.000000,17.833333333
1416.500000,13.075451997,37.568130951,71.834370284,6.000000,17.826388889
1417.000000,13.080806179,37.558153955,71.835511470,6.000000,17.819444444
1417.500000,13.086159845,37.548176801,71.836652728,6.000000,17.812500000
1418.000000,13.091512995,37.538199488,71.837794057,6.000000,17.805555556
1418.500000,13.096865628,37.528222017,71.838935460,6.000000,17.798611111
1419.000000,13.102217744,37.518244387,71.840076934,6.000000,17.791666667
1419.500000,13.107569344,37.508266598,71.841218480,6.000000,17.784722222
1420.000000,13.112920428,37.498288651,71.842360098,6.000000,17.777777778
1420.500000,13.118270995,37.488310546,71.843501788,6.000000,17.770833333
1421.000000,13.123621046,37.478332282,71.844643551,6.000000,17.763888889
1421.500000,13.128970580,37.468353859,71.845785385,6.000000,17.756944444
1422.000000,13.134319599,37.458375278,71.846927292,6.000000,17.750000000
1422.500000,13.139668101,37.448396538,71.848069270,6.000000,17.743055556
1423.000000,13.145016088,37.438417639,71.849211321,6.000000,17.736111111
1423.500000,13.150363558,37.428438582,71.850353444,6.000000,17.729166667
1424.000000,13.155710512,37.418459366,71.851495639,6.000000,17.722222222
1424.500000,13.161056951,37.408479992,71.852637906,6.000000,17.715277778
1425.000000,13.166402873,37.398500459,71.853780245,6.000000,17.708333333
1425.500000,13.171748280,37.388520767,71.854922657,6.000000,17.701388889
1426.000000,13.177093171,37.378540917,71.856065140,6.000000,17.694444444
1426.500000,13.182437546,37.368560908,71.857207696,6.000000,17.687500000
1427.000000,13.187781405,37.358580740,71.858350324,6.000000,17.680555556
1427.500000,13.193124749,37.348600414,71.859493023,6.000000,17.673611111
1428.000000,13.198467578,37.338619928,71.860635796,6.000000,17.666666667
1428.500000,13.203809890,37.328639285,71.861778640,6.000000,17.659722222
1429.000000,13.209151688,37.318658482,71.862921556,6.000000,17.652777778
1429.500000,13.214492970,37.308677521,71.864064545,6.000000,17.645833333
1430.000000,13.219833736,37.298696401,71.865207605,6.000000,17.638888889
1430.500000,13.225173987,37.288715122,71.866350738,6.000000,17.631944444
1431.000000,13.230513723,37.278733684,71.867493943,6.000000,17.625000000
1431.500000,13.235852944,37.268752088,71.868637221,6.000000,17.618055556
1432.000000,13.241191649,37.258770333,71.869780570,6.000000,17.611111111
1432.500000,13.246529839,37.248788419,71.870923992,6.000000,17.604166667
1433.000000,13.251867515,37.238806346,71.872067486,6.000000,17.597222222
1433.500000,13.257204675,37.228824114,71.873211052,6.000000,17.590277778
1434.000000,13.262541320,37.218841724,71.874354690,6.000000,17.583333333
1434.500000,13.267877451,37.208859175,71.875498401,6.000000,17.576388889
1435.000000,13.273213066,37.198876466,71.876642183,6.000000,17.569444444
1435.500000,13.278548167,37.188893600,71.877786038,6.000000,17.562500000
1436.000000,13.283882753,37.178910574,71.878929966,6.000000,17.555555556
1436.500000,13.289216824,37.168927389,71.880073965,6.000000,17.548611111
1437.000000,13.294550380,37.158944045,71.881218037,6.000000,17.541666667
1437.500000,13.299883422,37.148960543,71.882362181,6.000000,17.534722222
1438.000000,13.305215949,37.138976881,71.883506397,6.000000,17.527777778
1438.500000,13.310547962,37.128993061,71.884650685,6.000000,17.520833333
1439.000000,13.315879460,37.119009082,71.885795046,6.000000,17.513888889
1439.500000,13.321210444,37.109024944,71.886939479,6.000000,17.506944444
1440.000000,13.326540914,37.099040646,71.888083984,6.000000,17.500000000
1440.500000,13.331870869,37.089056190,71.889228562,6.000000,17.493055556
1441.000000,13.337200310,37.079071575,71.890373212,6.000000,17.486111111
1441.500000,13.342529236,37.069086801,71.891517934,6.000000,17.479166667
1442.000000,13.347857649,37.059101868,71.892662728,6.000000,17.472222222
1442.500000,13.353185547,37.049116776,71.893807595,6.000000,17.465277778
1443.000000,13.358512932,37.039131525,71.894952534,6.000000,17.458333333
1443.500000,13.363839802,37.029146115,71.896097545,6.000000,17.451388889
1444.000000,13.369166158,37.019160546,71.897242629,6.000000,17.444444444
1444.500000,13.374492000,37.009174818,71.898387785,6.000000,17.437500000
1445.000000,13.379817329,36.999188931,71.899533013,6.000000,17.430555556
1445.500000,13.385142144,36.989202884,71.900678314,6.000000,17.423611111
1446.000000,13.390466445,36.979216679,71.901823687,6.000000,17.416666667
1446.500000,13.395790232,36.969230315,71.902969132,6.000000,17.409722222
1447.000000,13.401113505,36.959243791,71.904114649,6.000000,17.402777778
1447.500000,13.406436265,36.949257109,71.905260239,6.000000,17.395833333
1448.000000,13.411758512,36.939270267,71.906405902,6.000000,17.388888889
1448.500000,13.417080244,36.929283266,71.907551637,6.000000,17.381944444
1449.000000,13.422401464,36.919296106,71.908697444,6.000000,17.375000000
1449.500000,13.427722170,36.909308787,71.909843323,6.000000,17.368055556
1450.000000,13.433042362,36.899321309,71.910989275,6.000000,17.361111111
1450.500000,13.438362041,36.889333671,71.912135299,6.000000,17.354166667
1451.000000,13.443681207,36.879345875,71.913281396,6.000000,17.347222222
1451.500000,13.448999860,36.869357919,71.914427565,6.000000,17.340277778
1452.000000,13.454318000,36.859369804,71.915573806,6.000000,17.333333333
1452.500000,13.459635626,36.849381530,71.916720120,6.000000,17.326388889
1453.000000,13.464952739,36.839393097,71.917866506,6.000000,17.319444444
1453.500000,13.470269340,36.829404504,71.919012965,6.000000,17.312500000
1454.000000,13.475585427,36.819415752,71.920159496,6.000000,17.305555556
1454.500000,13.480901002,36.809426841,71.921306099,6.000000,17.298611111
1455.000000,13.486216063,36.799437771,71.922452775,6.000000,17.291666667
1455.500000,13.491530612,36.789448541,71.923599523,6.000000,17.284722222
1456.000000,13.496844648,36.779459153,71.924746344,6.000000,17.277777778
1456.500000,13.502158171,36.769469604,71.925893237,6.000000,17.270833333
1457.000000,13.507471182,36.759479897,71.927040203,6.000000,17.263888889
1457.500000,13.512783680,36.749490030,71.928187241,6.000000,17.256944444
1458.000000,13.518095665,36.739500004,71.929334351,6.000000,17.250000000
1458.500000,13.523407138,36.729509819,71.930481534,6.000000,17.243055556
1459.000000,13.528718099,36.719519474,71.931628790,6.000000,17.236111111
1459.500000,13.534028547,36.709528970,71.932776118,6.000000,17.229166667
1460.000000,13.539338482,36.699538307,71.933923518,6.000000,17.222222222
1460.500000,13.544647906,36.689547484,71.935070991,6.000000,17.215277778
1461.000000,13.549956817,36.679556502,71.936218537,6.000000,17.208333333
1461.500000,13.555265216,36.669565361,71.937366154,6.000000,17.201388889
1462.000000,13.560573102,36.659574060,71.938513845,6.000000,17.194444444
1462.500000,13.565880477,36.649582600,71.939661608,6.000000,17.187500000
1463.000000,13.571187339,36.639590980,71.940809443,6.000000,17.180555556
1463.500000,13.576493690,36.629599201,71.941957351,6.000000,17.173611111
1464.000000,13.581799528,36.619607262,71.943105332,6.000000,17.166666667
1464.500000,13.587104855,36.609615164,71.944253385,6.000000,17.159722222
1465.000000,13.592409669,36.599622907,71.945401510,6.000000,17.152777778
1465.500000,13.597713972,36.589630490,71.946549708,6.000000,17.145833333
1466.000000,13.603017763,36.579637914,71.947697979,6.000000,17.138888889
1466.500000,13.608321043,36.569645178,71.948846322,6.000000,17.131944444
1467.000000,13.613623810,36.559652283,71.949994737,6.000000,17.125000000
1467.500000,13.618926067,36.549659228,71.951143226,6.000000,17.118055556
1468.000000,13.624227811,36.539666013,71.952291786,6.000000,17.111111111
1468.500000,13.629529044,36.529672640,71.953440420,6.000000,17.104166667
1469.000000,13.634829766,36.519679106,71.954589126,6.000000,17.097222222
1469.500000,13.640129976,36.509685413,71.955737904,6.000000,17.090277778
1470.000000,13.645429674,36.499691561,71.956886755,6.000000,17.083333333
1470.500000,13.650728862,36.489697549,71.958035679,6.000000,17.076388889
1471.000000,13.656027538,36.479703377,71.959184675,6.000000,17.069444444
1471.500000,13.661325703,36.469709046,71.960333744,6.000000,17.062500000
1472.000000,13.666623356,36.459714555,71.961482885,6.000000,17.055555556
1472.500000,13.671920499,36.449719905,71.962632100,6.000000,17.048611111
1473.000000,13.677217131,36.439725095,71.963781386,6.000000,17.041666667
1473.500000,13.682513251,36.429730125,71.964930746,6.000000,17.034722222
1474.000000,13.687808861,36.419734996,71.966080177,6.000000,17.027777778
1474.500000,13.693103959,36.409739707,71.967229682,6.000000,17.020833333
1475.000000,13.698398547,36.399744258,71.968379259,6.000000,17.013888889
1475.500000,13.703692624,36.389748650,71.969528909,6.000000,17.006944444
1476.000000,13.708986190,36.379752882,58.059974938,6.000000,17.000000000
1476.500000,13.713654855,36.371688997,58.060717834,6.000000,16.986111111
1477.000000,13.718322928,36.363625008,58.061460775,6.000000,16.972222222
1477.500000,13.722990408,36.355560916,58.062203758,6.000000,16.958333333
1478.000000,13.727657296,36.347496721,58.062946785,6.000000,16.944444444
1478.500000,13.732323591,36.339432423,58.063689855,6.000000,16.930555556
1479.000000,13.736989295,36.331368022,58.064432968,6.000000,16.916666667
1479.500000,13.741654406,36.323303517,58.065176125,6.000000,16.902777778
1480.000000,13.746318925,36.315238909,58.065919325,6.000000,16.888888889
1480.500000,13.750982852,36.307174198,58.066662569,6.000000,16.875000000
1481.000000,13.755646187,36.299109384,58.067405855,6.000000,16.861111111
1481.500000,13.760308930,36.291044467,58.068149186,6.000000,16.847222222
1482.000000,13.764971081,36.282979446,58.068892559,6.000000,16.833333333
1482.500000,13.769632641,36.274914322,58.069635976,6.000000,16.819444444
1483.000000,13.774293609,36.266849095,58.070379436,6.000000,16.805555556
1483.500000,13.778953986,36.258783764,58.071122939,6.000000,16.791666667
1484.000000,13.783613771,36.250718331,58.071866486,6.000000,16.777777778
1484.500000,13.788272964,36.242652794,58.072610077,6.000000,16.763888889
1485.000000,13.792931567,36.234587153,58.073353710,6.000000,16.750000000
1485.500000,13.797589578,36.226521410,58.074097387,6.000000,16.736111111
1486.000000,13.802246998,36.218455563,58.074841107,6.000000,16.722222222
1486.500000,13.806903826,36.210389613,58.075584871,6.000000,16.708333333
1487.000000,13.811560064,36.202323559,58.076328678,6.000000,16.694444444
1487.500000,13.816215711,36.194257403,58.077072528,6.000000,16.680555556
1488.000000,13.820870767,36.186191142,58.077816422,6.000000,16.666666667
1488.500000,13.825525232,36.178124779,58.078560359,6.000000,16.652777778
1489.000000,13.830179106,36.170058312,58.079304339,6.000000,16.638888889
1489.500000,13.834832390,36.161991742,58.080048363,6.000000,16.625000000
1490.000000,13.839485083,36.153925069,58.080792430,6.000000,16.611111111
1490.500000,13.844137186,36.145858292,58.081536540,6.000000,16.597222222
1491.000000,13.848788698,36.137791412,58.082280694,6.000000,16.583333333
1491.500000,13.853439620,36.129724429,58.083024891,6.000000,16.569444444
1492.000000,13.858089952,36.121657342,58.083769132,6.000000,16.555555556
1492.500000,13.862739693,36.113590152,58.084513416,6.000000,16.541666667
1493.000000,13.867388845,36.105522858,58.085257743,6.000000,16.527777778
1493.500000,13.872037406,36.097455461,58.086002114,6.000000,16.513888889
1494.000000,13.876685377,36.089387961,58.086746528,6.000000,16.500000000
1494.500000,13.881332759,36.081320357,58.087490986,6.000000,16.486111111
1495.000000,13.885979550,36.073252650,58.088235486,6.000000,16.472222222
1495.500000,13.890625752,36.065184840,58.088980031,6.000000,16.458333333
1496.000000,13.895271364,36.057116926,58.089724618,6.000000,16.444444444
1496.500000,13.899916387,36.049048909,58.090469249,6.000000,16.430555556
1497.000000,13.904560820,36.040980788,58.091213924,6.000000,16.416666667
1497.500000,13.909204664,36.032912564,58.091958641,6.000000,16.402777778
1498.000000,13.913847918,36.024844236,58.092703403,6.000000,16.388888889
1498.500000,13.918490583,36.016775805,58.093448207,6.000000,16.375000000
1499.000000,13.923132659,36.008707271,58.094193055,6.000000,16.361111111
1499.500000,13.927774146,36.000638633,58.094937946,6.000000,16.347222222
1500.000000,13.932415043,35.992569891,58.095682881,6.000000,16.333333333
1500.500000,13.937055352,35.984501046,58.096427859,6.000000,16.319444444
1501.000000,13.941695071,35.976432098,58.097172881,6.000000,16.305555556
1501.500000,13.946334202,35.968363046,58.097917946,6.000000,16.291666667
1502.000000,13.950972744,35.960293891,58.098663054,6.000000,16.277777778
1502.500000,13.955610698,35.952224632,58.099408206,6.000000,16.263888889
1503.000000,13.960248062,35.944155270,58.100153401,6.000000,16.250000000
1503.500000,13.964884839,35.936085804,58.100898640,6.000000,16.236111111
1504.000000,13.969521026,35.928016235,58.101643922,6.000000,16.222222222
1504.500000,13.974156626,35.919946562,58.102389247,6.000000,16.208333333
1505.000000,13.978791637,35.911876786,58.103134616,6.000000,16.194444444
1505.500000,13.983426060,35.903806906,58.103880028,6.000000,16.180555556
1506.000000,13.988059894,35.895736923,58.104625484,6.000000,16.166666667
1506.500000,13.992693141,35.887666836,58.105370983,6.000000,16.152777778
1507.000000,13.997325800,35.879596646,58.106116525,6.000000,16.138888889
1507.500000,14.001957870,35.871526352,58.106862111,6.000000,16.125000000
1508.000000,14.006589353,35.863455954,58.107607740,6.000000,16.111111111
1508.500000,14.011220248,35.855385453,58.108353413,6.000000,16.097222222
1509.000000,14.015850555,35.847314848,58.109099129,6.000000,16.083333333
1509.500000,14.020480275,35.839244140,58.109844889,6.000000,16.069444444
1510.000000,14.025109407,35.831173328,58.110590692,6.000000,16.055555556
1510.500000,14.029737951,35.823102413,58.111336538,6.000000,16.041666667
1511.000000,14.034365909,35.815031394,58.112082428,6.000000,16.027777778
1511.500000,14.038993278,35.806960271,58.112828361,6.000000,16.013888889
1512.000000,14.043620061,35.798889045,58.113574338,6.000000,16.000000000
1512.500000,14.048246256,35.790817716,58.114320358,6.000000,15.986111111
1513.000000,14.052871865,35.782746282,58.115066422,6.000000,15.972222222
1513.500000,14.057496886,35.774674745,58.115812529,6.000000,15.958333333
1514.000000,14.062121320,35.766603105,58.116558679,6.000000,15.944444444
1514.500000,14.066745168,35.758531360,58.117304873,6.000000,15.930555556
1515.000000,14.071368428,35.750459512,58.118051111,6.000000,15.916666667
1515.500000,14.075991102,35.742387561,58.118797392,6.000000,15.902777778
1516.000000,14.080613189,35.734315506,58.119543716,6.000000,15.888888889
1516.500000,14.085234690,35.726243347,58.120290084,6.000000,15.875000000
1517.000000,14.089855604,35.718171084,58.121036495,6.000000,15.861111111
1517.500000,14.094475932,35.710098718,58.121782949,6.000000,15.847222222
1518.000000,14.099095673,35.702026248,58.122529447,6.000000,15.833333333
1518.500000,14.103714828,35.693953675,58.123275989,6.000000,15.819444444
1519.000000,14.108333397,35.685880997,58.124022574,6.000000,15.805555556
1519.500000,14.112951379,35.677808217,58.124769202,6.000000,15.791666667
1520.000000,14.117568776,35.669735332,58.125515874,6.000000,15.777777778
1520.500000,14.122185587,35.661662344,58.126262590,6.000000,15.763888889
1521.000000,14.126801811,35.653589252,58.127009349,6.000000,15.750000000
1521.500000,14.131417450,35.645516056,58.127756151,6.000000,15.736111111
1522.000000,14.136032503,35.637442756,58.128502997,6.000000,15.722222222
1522.500000,14.140646971,35.629369353,58.129249886,6.000000,15.708333333
1523.000000,14.145260852,35.621295846,58.129996819,6.000000,15.694444444
1523.500000,14.149874149,35.613222236,58.130743795,6.000000,15.680555556
1524.000000,14.154486860,35.605148521,58.131490814,6.000000,15.666666667
1524.500000,14.159098985,35.597074703,58.132237878,6.000000,15.652777778
1525.000000,14.163710525,35.589000781,58.132984984,6.000000,15.638888889
1525.500000,14.168321480,35.580926755,58.133732134,6.000000,15.625000000
1526.000000,14.172931850,35.572852626,58.134479328,6.000000,15.611111111
1526.500000,14.177541634,35.564778393,58.135226565,6.000000,15.597222222
1527.000000,14.182150834,35.556704056,58.135973845,6.000000,15.583333333
1527.500000,14.186759449,35.548629615,58.136721169,6.000000,15.569444444
1528.000000,14.191367478,35.540555070,58.137468537,6.000000,15.555555556
1528.500000,14.195974923,35.532480422,58.138215948,6.000000,15.541666667
1529.000000,14.200581784,35.524405670,58.138963402,6.000000,15.527777778
1529.500000,14.205188059,35.516330814,58.139710900,6.000000,15.513888889
1530.000000,14.209793750,35.508255854,58.140458442,6.000000,15.500000000
1530.500000,14.214398857,35.500180790,58.141206027,6.000000,15.486111111
1531.000000,14.219003379,35.492105623,58.141953655,6.000000,15.472222222
1531.500000,14.223607317,35.484030351,58.142701327,6.000000,15.458333333
1532.000000,14.228210671,35.475954976,58.143449043,6.000000,15.444444444
1532.500000,14.232813440,35.467879497,58.144196802,6.000000,15.430555556
1533.000000,14.237415625,35.459803914,58.144944604,6.000000,15.416666667
1533.500000,14.242017226,35.451728227,58.145692450,6.000000,15.402777778
1534.000000,14.246618244,35.443652437,58.146440339,6.000000,15.388888889
1534.500000,14.251218677,35.435576542,58.147188272,6.000000,15.375000000
1535.000000,14.255818527,35.427500544,58.147936249,6.000000,15.361111111
1535.500000,14.260417792,35.419424442,58.148684269,6.000000,15.347222222
1536.000000,14.265016475,35.411348235,58.149432332,6.000000,15.333333333
1536.500000,14.269614573,35.403271925,58.150180439,6.000000,15.319444444
1537.000000,14.274212088,35.395195511,58.150928590,6.000000,15.305555556
1537.500000,14.278809020,35.387118994,58.151676784,6.000000,15.291666667
1538.000000,14.283405368,35.379042372,58.152425021,6.000000,15.277777778
1538.500000,14.288001133,35.370965646,58.153173302,6.000000,15.263888889
1539.000000,14.292596314,35.362888817,58.153921627,6.000000,15.250000000
1539.500000,14.297190913,35.354811883,58.154669995,6.000000,15.236111111
1540.000000,14.301784928,35.346734845,58.155418407,6.000000,15.222222222
1540.500000,14.306378361,35.338657704,58.156166862,6.000000,15.208333333
1541.000000,14.310971210,35.330580459,58.156915361,6.000000,15.194444444
1541.500000,14.315563477,35.322503109,58.157663903,6.000000,15.180555556
1542.000000,14.320155161,35.314425656,58.158412489,6.000000,15.166666667
1542.500000,14.324746262,35.306348099,58.159161118,6.000000,15.152777778
1543.000000,14.329336781,35.298270437,58.159909791,6.000000,15.138888889
1543.500000,14.333926717,35.290192672,58.160658507,6.000000,15.125000000
1544.000000,14.338516070,35.282114803,58.161407267,6.000000,15.111111111
1544.500000,14.343104842,35.274036830,58.162156071,6.000000,15.097222222
1545.000000,14.347693030,35.265958752,58.162904918,6.000000,15.083333333
1545.500000,14.352280637,35.257880571,58.163653808,6.000000,15.069444444
1546.000000,14.356867661,35.249802286,58.164402742,6.000000,15.055555556
1546.500000,14.361454104,35.241723897,58.165151720,6.000000,15.041666667
1547.000000,14.366039964,35.233645403,58.165900741,6.000000,15.027777778
1547.500000,14.370625242,35.225566806,58.166649806,6.000000,15.013888889
1548.000000,14.375209939,35.217488105,58.167398914,6.000000,15.000000000
1548.500000,14.379794053,35.209409299,58.168148066,6.000000,14.986111111
1549.000000,14.384377586,35.201330390,58.168897261,6.000000,14.972222222
1549.500000,14.388960537,35.193251376,58.169646500,6.000000,14.958333333
1550.000000,14.393542907,35.185172259,58.170395782,6.000000,14.944444444
1550.500000,14.398124695,35.177093037,58.171145108,6.000000,14.930555556
1551.000000,14.402705902,35.169013711,58.171894478,6.000000,14.916666667
1551.500000,14.407286527,35.160934282,58.172643891,6.000000,14.902777778
1552.000000,14.411866571,35.152854748,58.173393348,6.000000,14.888888889
1552.500000,14.416446034,35.144775110,58.174142848,6.000000,14.875000000
1553.000000,14.421024916,35.136695368,58.174892392,6.000000,14.861111111
1553.500000,14.425603216,35.128615522,58.175641980,6.000000,14.847222222
1554.000000,14.430180936,35.120535571,58.176391611,6.000000,14.833333333
1554.500000,14.434758075,35.112455517,58.177141285,6.000000,14.819444444
1555.000000,14.439334632,35.104375358,58.177891003,6.000000,14.805555556
1555.500000,14.443910610,35.096295096,58.178640765,6.000000,14.791666667
1556.000000,14.448486006,35.088214729,58.179390570,6.000000,14.777777778
1556.500000,14.453060822,35.080134258,58.180140419,6.000000,14.763888889
1557.000000,14.457635057,35.072053683,58.180890312,6.000000,14.750000000
1557.500000,14.462208712,35.063973004,58.181640248,6.000000,14.736111111
1558.000000,14.466781786,35.055892220,58.182390227,6.000000,14.722222222
1558.500000,14.471354280,35.047811333,58.183140250,6.000000,14.708333333
1559.000000,14.475926194,35.039730341,58.183890317,6.000000,14.694444444
1559.500000,14.480497528,35.031649245,58.184640428,6.000000,14.680555556
1560.000000,14.485068281,35.023568045,58.185390582,6.000000,14.666666667
1560.500000,14.489638455,35.015486741,58.186140779,6.000000,14.652777778
1561.000000,14.494208048,35.007405333,58.186891020,6.000000,14.638888889
1561.500000,14.498777062,34.999323820,58.187641305,6.000000,14.625000000
1562.000000,14.503345496,34.991242203,58.188391633,6.000000,14.611111111
1562.500000,14.507913350,34.983160482,58.189142005,6.000000,14.597222222
1563.000000,14.512480624,34.975078657,58.189892421,6.000000,14.583333333
1563.500000,14.517047319,34.966996727,58.190642880,6.000000,14.569444444
1564.000000,14.521613435,34.958914694,58.191393383,6.000000,14.555555556
1564.500000,14.526178971,34.950832556,58.192143929,6.000000,14.541666667
1565.000000,14.530743927,34.942750313,58.192894519,6.000000,14.527777778
1565.500000,14.535308305,34.934667967,58.193645153,6.000000,14.513888889
1566.000000,14.539872103,34.926585516,58.194395830,6.000000,14.500000000
1566.500000,14.544435322,34.918502961,58.195146551,6.000000,14.486111111
1567.000000,14.548997962,34.910420302,58.195897315,6.000000,14.472222222
1567.500000,14.553560023,34.902337538,58.196648123,6.000000,14.458333333
1568.000000,14.558121505,34.894254671,58.197398975,6.000000,14.444444444
1568.500000,14.562682408,34.886171699,58.198149870,6.000000,14.430555556
1569.000000,14.567242732,34.878088622,58.198900809,6.000000,14.416666667
1569.500000,14.571802478,34.870005442,58.199651791,6.000000,14.402777778
1570.000000,14.576361645,34.861922157,58.200402817,6.000000,14.388888889
1570.500000,14.580920234,34.853838767,58.201153887,6.000000,14.375000000
1571.000000,14.585478244,34.845755274,58.201905000,6.000000,14.361111111
1571.500000,14.590035675,34.837671676,58.202656157,6.000000,14.347222222
1572.000000,14.594592529,34.829587974,58.203407358,6.000000,14.333333333
1572.500000,14.599148804,34.821504167,58.204158602,6.000000,14.319444444
1573.000000,14.603704501,34.813420256,58.204909890,6.000000,14.305555556
1573.500000,14.608259620,34.805336241,58.205661222,6.000000,14.291666667
1574.000000,14.612814161,34.797252121,58.206412597,6.000000,14.277777778
1574.500000,14.617368123,34.789167897,58.207164016,6.000000,14.263888889
1575.000000,14.621921508,34.781083569,58.207915478,6.000000,14.250000000
1575.500000,14.626474316,34.772999136,58.208666984,6.000000,14.236111111
1576.000000,14.631026545,34.764914599,58.209418534,6.000000,14.222222222
1576.500000,14.635578197,34.756829958,58.210170127,6.000000,14.208333333
1577.000000,14.640129271,34.748745212,58.210921764,6.000000,14.194444444
1577.500000,14.644679768,34.740660361,58.211673445,6.000000,14.180555556
1578.000000,14.649229687,34.732575407,58.212425169,6.000000,14.166666667
1578.500000,14.653779029,34.724490348,58.213176937,6.000000,14.152777778
1579.000000,14.658327793,34.716405184,58.213928749,6.000000,14.138888889
1579.500000,14.662875981,34.708319916,58.214680604,6.000000,14.125000000
1580.000000,14.667423591,34.700234544,58.215432503,6.000000,14.111111111
1580.500000,14.671970624,34.692149067,58.216184445,6.000000,14.097222222
1581.000000,14.676517080,34.684063486,58.216936432,6.000000,14.083333333
1581.500000,14.681062960,34.675977801,58.217688461,6.000000,14.069444444
1582.000000,14.685608262,34.667892011,58.218440535,6.000000,14.055555556
1582.500000,14.690152988,34.659806116,58.219192652,6.000000,14.041666667
1583.000000,14.694697137,34.651720117,58.219944813,6.000000,14.027777778
1583.500000,14.699240709,34.643634014,58.220697018,6.000000,14.013888889
1584.000000,14.703783705,34.635547806,58.221449266,6.000000,14.000000000
1584.500000,14.708326124,34.627461493,58.222201558,6.000000,13.986111111
1585.000000,14.712867967,34.619375076,58.222953893,6.000000,13.972222222
1585.500000,14.717409233,34.611288555,58.223706272,6.000000,13.958333333
1586.000000,14.721949924,34.603201929,58.224458695,6.000000,13.944444444
1586.500000,14.726490038,34.595115199,58.225211162,6.000000,13.930555556
1587.000000,14.731029576,34.587028364,58.225963672,6.000000,13.916666667
1587.500000,14.735568538,34.578941424,58.226716226,6.000000,13.902777778
1588.000000,14.740106924,34.570854381,58.227468824,6.000000,13.888888889
1588.500000,14.744644734,34.562767232,58.228221465,6.000000,13.875000000
1589.000000,14.749181968,34.554679979,58.228974150,6.000000,13.861111111
1589.500000,14.753718627,34.546592622,58.229726879,6.000000,13.847222222
1590.000000,14.758254710,34.538505160,58.230479651,6.000000,13.833333333
1590.500000,14.762790217,34.530417593,58.231232467,6.000000,13.819444444
1591.000000,14.767325149,34.522329922,58.231985327,6.000000,13.805555556
1591.500000,14.771859505,34.514242146,58.232738230,6.000000,13.791666667
1592.000000,14.776393286,34.506154266,58.233491177,6.000000,13.777777778
1592.500000,14.780926492,34.498066281,58.234244168,6.000000,13.763888889
1593.000000,14.785459122,34.489978191,58.234997203,6.000000,13.750000000
1593.500000,14.789991177,34.481889997,58.235750281,6.000000,13.736111111
1594.000000,14.794522657,34.473801699,58.236503403,6.000000,13.722222222
1594.500000,14.799053563,34.465713295,58.237256568,6.000000,13.708333333
1595.000000,14.803583893,34.457624788,58.238009778,6.000000,13.694444444
1595.500000,14.808113648,34.449536175,58.238763031,6.000000,13.680555556
1596.000000,14.812642829,34.441447458,58.239516328,6.000000,13.666666667
1596.500000,14.817171435,34.433358636,58.240269668,6.000000,13.652777778
1597.000000,14.821699466,34.425269710,58.241023052,6.000000,13.638888889
1597.500000,14.826226923,34.417180679,58.241776480,6.000000,13.625000000
1598.000000,14.830753805,34.409091543,58.242529952,6.000000,13.611111111
1598.500000,14.835280113,34.401002303,58.243283467,6.000000,13.597222222
1599.000000,14.839805846,34.392912958,58.244037026,6.000000,13.583333333
1599.500000,14.844331005,34.384823509,58.244790629,6.000000,13.569444444
1600.000000,14.848855590,34.376733954,58.245544275,6.000000,13.555555556
1600.500000,14.853379601,34.368644295,58.246297965,6.000000,13.541666667
1601.000000,14.857903038,34.360554532,58.247051699,6.000000,13.527777778
1601.500000,14.862425901,34.352464663,58.247805477,6.000000,13.513888889
1602.000000,14.866948190,34.344374690,58.248559298,6.000000,13.500000000
1602.500000,14.871469905,34.336284613,58.249313163,6.000000,13.486111111
1603.000000,14.875991046,34.328194430,58.250067072,6.000000,13.472222222
1603.500000,14.880511614,34.320104143,58.250821025,6.000000,13.458333333
1604.000000,14.885031608,34.312013752,58.251575021,6.000000,13.444444444
1604.500000,14.889551028,34.303923255,58.252329061,6.000000,13.430555556
1605.000000,14.894069875,34.295832654,58.253083145,6.000000,13.416666667
1605.500000,14.898588149,34.287741948,58.253837272,6.000000,13.402777778
1606.000000,14.903105849,34.279651137,58.254591444,6.000000,13.388888889
1606.500000,14.907622976,34.271560222,58.255345659,6.000000,13.375000000
1607.000000,14.912139530,34.263469201,58.256099917,6.000000,13.361111111
1607.500000,14.916655511,34.255378076,58.256854220,6.000000,13.347222222
1608.000000,14.921170919,34.247286847,58.257608566,6.000000,13.333333333
1608.500000,14.925685753,34.239195512,58.258362956,6.000000,13.319444444
1609.000000,14.930200015,34.231104073,58.259117390,6.000000,13.305555556
1609.500000,14.934713705,34.223012529,58.259871867,6.000000,13.291666667
1610.000000,14.939226821,34.214920880,58.260626389,6.000000,13.277777778
1610.500000,14.943739365,34.206829126,58.261380954,6.000000,13.263888889
1611.000000,14.948251336,34.198737268,58.262135563,6.000000,13.250000000
1611.500000,14.952762734,34.190645304,58.262890215,6.000000,13.236111111
1612.000000,14.957273561,34.182553236,58.263644911,6.000000,13.222222222
1612.500000,14.961783815,34.174461063,58.264399651,6.000000,13.208333333
1613.000000,14.966293496,34.166368786,58.265154435,6.000000,13.194444444
1613.500000,14.970802605,34.158276403,58.265909263,6.000000,13.180555556
1614.000000,14.975311143,34.150183916,58.266664134,6.000000,13.166666667
1614.500000,14.979819108,34.142091323,58.267419049,6.000000,13.152777778
1615.000000,14.984326501,34.133998626,58.268174008,6.000000,13.138888889
1615.500000,14.988833322,34.125905824,58.268929011,6.000000,13.125000000
1616.000000,14.993339571,34.117812918,58.269684057,6.000000,13.111111111
1616.500000,14.997845249,34.109719906,58.270439147,6.000000,13.097222222
1617.000000,15.002350355,34.101626789,58.271194281,6.000000,13.083333333
1617.500000,15.006854889,34.093533568,58.271949459,6.000000,13.069444444
1618.000000,15.011358851,34.085440242,58.272704681,6.000000,13.055555556
1618.500000,15.015862243,34.077346810,58.273459946,6.000000,13.041666667
1619.000000,15.020365062,34.069253274,58.274215255,6.000000,13.027777778
1619.500000,15.024867311,34.061159633,58.274970608,6.000000,13.013888889
1620.000000,15.029368988,34.053065887,58.275726005,6.000000,13.000000000
1620.500000,15.033870094,34.044972037,58.276481445,6.000000,12.986111111
1621.000000,15.038370628,34.036878081,58.277236930,6.000000,12.972222222
1621.500000,15.042870592,34.028784020,58.277992458,6.000000,12.958333333
1622.000000,15.047369985,34.020689855,58.278748030,6.000000,12.944444444
1622.500000,15.051868807,34.012595584,58.279503645,6.000000,12.930555556
1623.000000,15.056367058,34.004501208,58.280259305,6.000000,12.916666667
1623.500000,15.060864738,33.996406728,58.281015008,6.000000,12.902777778
1624.000000,15.065361848,33.988312143,58.281770755,6.000000,12.888888889
1624.500000,15.069858387,33.980217452,58.282526546,6.000000,12.875000000
1625.000000,15.074354355,33.972122657,58.283282381,6.000000,12.861111111
1625.500000,15.078849753,33.964027757,58.284038259,6.000000,12.847222222
1626.000000,15.083344581,33.955932751,58.284794181,6.000000,12.833333333
1626.500000,15.087838838,33.947837641,58.285550148,6.000000,12.819444444
1627.000000,15.092332525,33.939742426,58.286306157,6.000000,12.805555556
1627.500000,15.096825642,33.931647105,58.287062211,6.000000,12.791666667
1628.000000,15.101318188,33.923551680,58.287818309,6.000000,12.777777778
1628.500000,15.105810165,33.915456150,58.288574450,6.000000,12.763888889
1629.000000,15.110301572,33.907360514,58.289330635,6.000000,12.750000000
1629.500000,15.114792409,33.899264774,58.290086864,6.000000,12.736111111
1630.000000,15.119282676,33.891168929,58.290843137,6.000000,12.722222222
1630.500000,15.123772373,33.883072978,58.291599454,6.000000,12.708333333
1631.000000,15.128261501,33.874976923,58.292355814,6.000000,12.694444444
1631.500000,15.132750059,33.866880762,58.293112219,6.000000,12.680555556
1632.000000,15.137238047,33.858784497,58.293868667,6.000000,12.666666667
1632.500000,15.141725466,33.850688126,58.294625159,6.000000,12.652777778
1633.000000,15.146212316,33.842591650,58.295381694,6.000000,12.638888889
1633.500000,15.150698596,33.834495069,58.296138274,6.000000,12.625000000
1634.000000,15.155184307,33.826398384,58.296894898,6.000000,12.611111111
1634.500000,15.159669449,33.818301593,58.297651565,6.000000,12.597222222
1635.000000,15.164154022,33.810204697,58.298408276,6.000000,12.583333333
1635.500000,15.168638026,33.802107695,58.299165031,6.000000,12.569444444
1636.000000,15.173121461,33.794010589,58.299921830,6.000000,12.555555556
1636.500000,15.177604327,33.785913378,58.300678672,6.000000,12.541666667
1637.000000,15.182086625,33.777816061,58.301435559,6.000000,12.527777778
1637.500000,15.186568353,33.769718640,58.302192489,6.000000,12.513888889
1638.000000,15.191049513,33.761621113,58.302949463,6.000000,12.500000000
1638.500000,15.195530105,33.753523481,58.303706482,6.000000,12.486111111
1639.000000,15.200010128,33.745425744,58.304463543,6.000000,12.472222222
1639.500000,15.204489582,33.737327902,58.305220649,6.000000,12.458333333
1640.000000,15.208968468,33.729229955,58.305977799,6.000000,12.444444444
1640.500000,15.213446786,33.721131902,58.306734992,6.000000,12.430555556
1641.000000,15.217924535,33.713033744,58.307492230,6.000000,12.416666667
1641.500000,15.222401717,33.704935482,58.308249511,6.000000,12.402777778
1642.000000,15.226878330,33.696837114,58.309006836,6.000000,12.388888889
1642.500000,15.231354376,33.688738640,58.309764205,6.000000,12.375000000
1643.000000,15.235829853,33.680640062,58.310521618,6.000000,12.361111111
1643.500000,15.240304763,33.672541379,58.311279074,6.000000,12.347222222
1644.000000,15.244779105,33.664442590,58.312036575,6.000000,12.333333333
1644.500000,15.249252879,33.656343696,58.312794119,6.000000,12.319444444
1645.000000,15.253726085,33.648244697,58.313551707,6.000000,12.305555556
1645.500000,15.258198724,33.640145592,58.314309340,6.000000,12.291666667
1646.000000,15.262670796,33.632046383,58.315067016,6.000000,12.277777778
1646.500000,15.267142300,33.623947068,58.315824736,6.000000,12.263888889
1647.000000,15.271613236,33.615847648,58.316582499,6.000000,12.250000000
1647.500000,15.276083606,33.607748122,58.317340307,6.000000,12.236111111
1648.000000,15.280553408,33.599648492,58.318098159,6.000000,12.222222222
1648.500000,15.285022643,33.591548756,58.318856054,6.000000,12.208333333
1649.000000,15.289491311,33.583448915,58.319613993,6.000000,12.194444444
1649.500000,15.293959413,33.575348968,58.320371976,6.000000,12.180555556
1650.000000,15.298426947,33.567248917,58.321130004,6.000000,12.166666667
1650.500000,15.302893914,33.559148760,58.321888075,6.000000,12.152777778
1651.000000,15.307360315,33.551048497,58.322646189,6.000000,12.138888889
1651.500000,15.311826149,33.542948130,58.323404348,6.000000,12.125000000
1652.000000,15.316291416,33.534847657,58.324162551,6.000000,12.111111111
1652.500000,15.320756117,33.526747079,58.324920797,6.000000,12.097222222
1653.000000,15.325220251,33.518646396,58.325679088,6.000000,12.083333333
1653.500000,15.329683819,33.510545607,58.326437422,6.000000,12.069444444
1654.000000,15.334146820,33.502444713,58.327195801,6.000000,12.055555556
1654.500000,15.338609256,33.494343713,58.327954223,6.000000,12.041666667
1655.000000,15.343071125,33.486242609,58.328712689,6.000000,12.027777778
1655.500000,15.347532428,33.478141398,58.329471199,6.000000,12.013888889
1656.000000,15.351993165,33.470040083,58.330229753,6.000000,12.000000000
1656.500000,15.356453336,33.461938662,58.330988351,6.000000,11.986111111
1657.000000,15.360912941,33.453837136,58.331746992,6.000000,11.972222222
1657.500000,15.365371980,33.445735505,58.332505678,6.000000,11.958333333
1658.000000,15.369830454,33.437633768,58.333264407,6.000000,11.944444444
1658.500000,15.374288362,33.429531925,58.334023181,6.000000,11.930555556
1659.000000,15.378745704,33.421429978,58.334781998,6.000000,11.916666667
1659.500000,15.383202481,33.413327925,58.335540860,6.000000,11.902777778
1660.000000,15.387658692,33.405225766,58.336299765,6.000000,11.888888889
1660.500000,15.392114338,33.397123502,58.337058714,6.000000,11.875000000
1661.000000,15.396569419,33.389021133,58.337817707,6.000000,11.861111111
1661.500000,15.401023934,33.380918658,58.338576744,6.000000,11.847222222
1662.000000,15.405477884,33.372816078,58.339335825,6.000000,11.833333333
1662.500000,15.409931269,33.364713393,58.340094950,6.000000,11.819444444
1663.000000,15.414384089,33.356610602,58.340854119,6.000000,11.805555556
1663.500000,15.418836344,33.348507705,58.341613332,6.000000,11.791666667
1664.000000,15.423288035,33.340404704,58.342372588,6.000000,11.777777778
1664.500000,15.427739160,33.332301596,58.343131889,6.000000,11.763888889
1665.000000,15.432189721,33.324198383,58.343891234,6.000000,11.750000000
1665.500000,15.436639717,33.316095065,58.344650622,6.000000,11.736111111
1666.000000,15.441089148,33.307991642,58.345410054,6.000000,11.722222222
1666.500000,15.445538015,33.299888112,58.346169531,6.000000,11.708333333
1667.000000,15.449986318,33.291784478,58.346929051,6.000000,11.694444444
1667.500000,15.454434056,33.283680738,58.347688616,6.000000,11.680555556
1668.000000,15.458881230,33.275576892,58.348448224,6.000000,11.666666667
1668.500000,15.463327839,33.267472941,58.349207876,6.000000,11.652777778
1669.000000,15.467773885,33.259368884,58.349967572,6.000000,11.638888889
1669.500000,15.472219366,33.251264722,58.350727312,6.000000,11.625000000
1670.000000,15.476664283,33.243160454,58.351487096,6.000000,11.611111111
1670.500000,15.481108637,33.235056081,58.352246924,6.000000,11.597222222
1671.000000,15.485552426,33.226951602,58.353006796,6.000000,11.583333333
1671.500000,15.489995652,33.218847018,58.353766712,6.000000,11.569444444
1672.000000,15.494438314,33.210742328,58.354526672,6.000000,11.555555556
1672.500000,15.498880412,33.202637533,58.355286676,6.000000,11.541666667
1673.000000,15.503321947,33.194532632,58.356046724,6.000000,11.527777778
1673.500000,15.507762918,33.186427625,58.356806816,6.000000,11.513888889
1674.000000,15.512203326,33.178322513,58.357566952,6.000000,11.500000000
1674.500000,15.516643170,33.170217296,58.358327132,6.000000,11.486111111
1675.000000,15.521082451,33.162111973,58.359087355,6.000000,11.472222222
1675.500000,15.525521169,33.154006544,58.359847623,6.000000,11.458333333
1676.000000,15.529959324,33.145901009,58.360607935,6.000000,11.444444444
1676.500000,15.534396916,33.137795369,58.361368290,6.000000,11.430555556
1677.000000,15.538833944,33.129689624,58.362128690,6.000000,11.416666667
1677.500000,15.543270410,33.121583773,58.362889134,6.000000,11.402777778
1678.000000,15.547706313,33.113477816,58.363649621,6.000000,11.388888889
1678.500000,15.552141653,33.105371753,58.364410153,6.000000,11.375000000
1679.000000,15.556576430,33.097265585,58.365170729,6.000000,11.361111111
1679.500000,15.561010645,33.089159311,58.365931348,6.000000,11.347222222
1680.000000,15.565444297,33.081052932,58.366692012,6.000000,11.333333333
1680.500000,15.569877387,33.072946447,58.367452720,6.000000,11.319444444
1681.000000,15.574309914,33.064839856,58.368213471,6.000000,11.305555556
1681.500000,15.578741879,33.056733160,58.368974267,6.000000,11.291666667
1682.000000,15.583173282,33.048626358,58.369735106,6.000000,11.277777778
1682.500000,15.587604122,33.040519451,58.370495990,6.000000,11.263888889
1683.000000,15.592034400,33.032412437,58.371256917,6.000000,11.250000000
1683.500000,15.596464116,33.024305318,58.372017889,6.000000,11.236111111
1684.000000,15.600893271,33.016198093,58.372778905,6.000000,11.222222222
1684.500000,15.605321863,33.008090763,58.373539964,6.000000,11.208333333
1685.000000,15.609749893,32.999983327,58.374301068,6.000000,11.194444444
1685.500000,15.614177362,32.991875785,58.375062216,6.000000,11.180555556
1686.000000,15.618604269,32.983768138,58.375823407,6.000000,11.166666667
1686.500000,15.623030614,32.975660384,58.376584643,6.000000,11.152777778
1687.000000,15.627456398,32.967552525,58.377345923,6.000000,11.138888889
1687.500000,15.631881620,32.959444561,58.378107246,6.000000,11.125000000
1688.000000,15.636306280,32.951336490,58.378868614,6.000000,11.111111111
1688.500000,15.640730380,32.943228314,58.379630026,6.000000,11.097222222
1689.000000,15.645153918,32.935120032,58.380391481,6.000000,11.083333333
1689.500000,15.649576895,32.927011644,58.381152981,6.000000,11.069444444
1690.000000,15.653999311,32.918903151,58.381914525,6.000000,11.055555556
1690.500000,15.658421165,32.910794552,58.382676113,6.000000,11.041666667
1691.000000,15.662842459,32.902685847,58.383437745,6.000000,11.027777778
1691.500000,15.667263192,32.894577036,58.384199421,6.000000,11.013888889
1692.000000,15.671683364,32.886468119,58.384961141,6.000000,11.000000000
1692.500000,15.676102975,32.878359097,58.385722905,6.000000,10.986111111
1693.000000,15.680522025,32.870249969,58.386484713,6.000000,10.972222222
1693.500000,15.684940515,32.862140735,58.387246565,6.000000,10.958333333
1694.000000,15.689358445,32.854031395,58.388008461,6.000000,10.944444444
1694.500000,15.693775813,32.845921949,58.388770401,6.000000,10.930555556
1695.000000,15.698192622,32.837812398,58.389532385,6.000000,10.916666667
1695.500000,15.702608870,32.829702741,58.390294413,6.000000,10.902777778
1696.000000,15.707024557,32.821592977,58.391056486,6.000000,10.888888889
1696.500000,15.711439685,32.813483109,58.391818602,6.000000,10.875000000
1697.000000,15.715854252,32.805373134,58.392580762,6.000000,10.861111111
1697.500000,15.720268260,32.797263053,58.393342967,6.000000,10.847222222
1698.000000,15.724681707,32.789152867,58.394105215,6.000000,10.833333333
1698.500000,15.729094594,32.781042574,58.394867508,6.000000,10.819444444
1699.000000,15.733506922,32.772932176,58.395629844,6.000000,10.805555556
1699.500000,15.737918690,32.764821672,58.396392225,6.000000,10.791666667
1700.000000,15.742329898,32.756711062,58.397154650,6.000000,10.777777778
1700.500000,15.746740546,32.748600346,58.397917119,6.000000,10.763888889
1701.000000,15.751150635,32.740489524,58.398679631,6.000000,10.750000000
1701.500000,15.755560164,32.732378596,58.399442188,6.000000,10.736111111
1702.000000,15.759969134,32.724267563,58.400204789,6.000000,10.722222222
1702.500000,15.764377545,32.716156423,58.400967434,6.000000,10.708333333
1703.000000,15.768785396,32.708045178,58.401730124,6.000000,10.694444444
1703.500000,15.773192688,32.699933826,58.402492857,6.000000,10.680555556
1704.000000,15.777599422,32.691822369,58.403255634,6.000000,10.666666667
1704.500000,15.782005595,32.683710806,58.404018455,6.000000,10.652777778
1705.000000,15.786411210,32.675599136,58.404781321,6.000000,10.638888889
1705.500000,15.790816266,32.667487361,58.405544230,6.000000,10.625000000
1706.000000,15.795220764,32.659375480,58.406307184,6.000000,10.611111111
1706.500000,15.799624702,32.651263493,58.407070182,6.000000,10.597222222
1707.000000,15.804028082,32.643151400,58.407833223,6.000000,10.583333333
1707.500000,15.808430903,32.635039201,58.408596309,6.000000,10.569444444
1708.000000,15.812833165,32.626926896,58.409359439,6.000000,10.555555556
1708.500000,15.817234870,32.618814485,58.410122613,6.000000,10.541666667
1709.000000,15.821636015,32.610701968,58.410885831,6.000000,10.527777778
1709.500000,15.826036602,32.602589345,58.411649094,6.000000,10.513888889
1710.000000,15.830436631,32.594476616,58.412412400,6.000000,10.500000000
1710.500000,15.834836102,32.586363780,58.413175750,6.000000,10.486111111
1711.000000,15.839235015,32.578250839,58.413939145,6.000000,10.472222222
1711.500000,15.843633369,32.570137792,58.414702583,6.000000,10.458333333
1712.000000,15.848031166,32.562024639,58.415466066,6.000000,10.444444444
1712.500000,15.852428405,32.553911380,58.416229593,6.000000,10.430555556
1713.000000,15.856825086,32.545798015,58.416993164,6.000000,10.416666667
1713.500000,15.861221209,32.537684543,58.417756779,6.000000,10.402777778
1714.000000,15.865616774,32.529570966,58.418520438,6.000000,10.388888889
1714.500000,15.870011782,32.521457283,58.419284141,6.000000,10.375000000
1715.000000,15.874406232,32.513343493,58.420047889,6.000000,10.361111111
1715.500000,15.878800125,32.505229598,58.420811680,6.000000,10.347222222
1716.000000,15.883193460,32.497115596,58.421575516,6.000000,10.333333333
1716.500000,15.887586238,32.489001488,58.422339396,6.000000,10.319444444
1717.000000,15.891978459,32.480887275,58.423103320,6.000000,10.305555556
1717.500000,15.896370122,32.472772955,58.423867288,6.000000,10.291666667
1718.000000,15.900761228,32.464658529,58.424631300,6.000000,10.277777778
1718.500000,15.905151778,32.456543997,58.425395356,6.000000,10.263888889
1719.000000,15.909541770,32.448429358,58.426159456,6.000000,10.250000000
1719.500000,15.913931205,32.440314614,58.426923601,6.000000,10.236111111
1720.000000,15.918320084,32.432199763,58.427687789,6.000000,10.222222222
1720.500000,15.922708405,32.424084807,58.428452022,6.000000,10.208333333
1721.000000,15.927096170,32.415969744,58.429216299,6.000000,10.194444444
1721.500000,15.931483379,32.407854575,58.429980620,6.000000,10.180555556
1722.000000,15.935870030,32.399739300,58.430744985,6.000000,10.166666667
1722.500000,15.940256126,32.391623919,58.431509395,6.000000,10.152777778
1723.000000,15.944641665,32.383508431,58.432273848,6.000000,10.138888889
1723.500000,15.949026647,32.375392838,58.433038346,6.000000,10.125000000
1724.000000,15.953411073,32.367277138,58.433802887,6.000000,10.111111111
1724.500000,15.957794943,32.359161332,58.434567473,6.000000,10.097222222
1725.000000,15.962178257,32.351045420,58.435332103,6.000000,10.083333333
1725.500000,15.966561015,32.342929402,58.436096777,6.000000,10.069444444
1726.000000,15.970943217,32.334813277,58.436861496,6.000000,10.055555556
1726.500000,15.975324863,32.326697046,58.437626258,6.000000,10.041666667
1727.000000,15.979705953,32.318580709,58.438391065,6.000000,10.027777778
1727.500000,15.984086487,32.310464266,58.439155916,6.000000,10.013888889
1728.000000,15.988466466,32.302347717,58.439920811,6.000000,10.000000000
1728.500000,15.992845889,32.294231061,58.440685750,6.000000,9.986111111
1729.000000,15.997224756,32.286114299,58.441450733,6.000000,9.972222222
1729.500000,16.001603068,32.277997431,58.442215761,6.000000,9.958333333
1730.000000,16.005980824,32.269880456,58.442980832,6.000000,9.944444444
1730.500000,16.010358025,32.261763376,58.443745948,6.000000,9.930555556
1731.000000,16.014734671,32.253646189,58.444511108,6.000000,9.916666667
1731.500000,16.019110762,32.245528896,58.445276312,6.000000,9.902777778
1732.000000,16.023486297,32.237411496,58.446041560,6.000000,9.888888889
1732.500000,16.027861277,32.229293990,58.446806853,6.000000,9.875000000
1733.000000,16.032235703,32.221176378,58.447572190,6.000000,9.861111111
1733.500000,16.036609573,32.213058660,58.448337570,6.000000,9.847222222
1734.000000,16.040982889,32.204940835,58.449102995,6.000000,9.833333333
1734.500000,16.045355650,32.196822904,58.449868465,6.000000,9.819444444
1735.000000,16.049727856,32.188704867,58.450633978,6.000000,9.805555556
1735.500000,16.054099507,32.180586723,58.451399536,6.000000,9.791666667
1736.000000,16.058470604,32.172468474,58.452165137,6.000000,9.777777778
1736.500000,16.062841146,32.164350117,58.452930783,6.000000,9.763888889
1737.000000,16.067211134,32.156231655,58.453696473,6.000000,9.750000000
1737.500000,16.071580568,32.148113086,58.454462208,6.000000,9.736111111
1738.000000,16.075949447,32.139994410,58.455227986,6.000000,9.722222222
1738.500000,16.080317772,32.131875629,58.455993809,6.000000,9.708333333
1739.000000,16.084685543,32.123756741,58.456759676,6.000000,9.694444444
1739.500000,16.089052760,32.115637746,58.457525587,6.000000,9.680555556
1740.000000,16.093419422,32.107518646,58.458291542,6.000000,9.666666667
1740.500000,16.097785531,32.099399438,58.459057542,6.000000,9.652777778
1741.000000,16.102151086,32.091280125,58.459823586,6.000000,9.638888889
1741.500000,16.106516087,32.083160705,58.460589674,6.000000,9.625000000
1742.000000,16.110880535,32.075041179,58.461355806,6.000000,9.611111111
1742.500000,16.115244429,32.066921546,58.462121982,6.000000,9.597222222
1743.000000,16.119607769,32.058801807,58.462888203,6.000000,9.583333333
1743.500000,16.123970555,32.050681961,58.463654468,6.000000,9.569444444
1744.000000,16.128332789,32.042562009,58.464420777,6.000000,9.555555556
1744.500000,16.132694469,32.034441951,58.465187130,6.000000,9.541666667
1745.000000,16.137055595,32.026321786,58.465953527,6.000000,9.527777778
1745.500000,16.141416169,32.018201514,58.466719969,6.000000,9.513888889
1746.000000,16.145776189,32.010081137,58.467486455,6.000000,9.500000000
1746.500000,16.150135656,32.001960652,58.468252985,6.000000,9.486111111
1747.000000,16.154494570,31.993840062,58.469019559,6.000000,9.472222222
1747.500000,16.158852931,31.985719365,58.469786178,6.000000,9.458333333
1748.000000,16.163210739,31.977598561,58.470552841,6.000000,9.444444444
1748.500000,16.167567995,31.969477651,58.471319548,6.000000,9.430555556
1749.000000,16.171924697,31.961356634,58.472086299,6.000000,9.416666667
1749.500000,16.176280848,31.953235511,58.472853095,6.000000,9.402777778
1750.000000,16.180636445,31.945114281,58.473619934,6.000000,9.388888889
1750.500000,16.184991490,31.936992945,58.474386818,6.000000,9.375000000
1751.000000,16.189345982,31.928871503,58.475153746,6.000000,9.361111111
1751.500000,16.193699923,31.920749954,58.475920719,6.000000,9.347222222
1752.000000,16.198053310,31.912628298,58.476687736,6.000000,9.333333333
1752.500000,16.202406146,31.904506536,58.477454797,6.000000,9.319444444
1753.000000,16.206758429,31.896384667,58.478221902,6.000000,9.305555556
1753.500000,16.211110161,31.888262692,58.478989051,6.000000,9.291666667
1754.000000,16.215461340,31.880140610,58.479756245,6.000000,9.277777778
1754.500000,16.219811967,31.872018422,58.480523483,6.000000,9.263888889
1755.000000,16.224162042,31.863896127,58.481290765,6.000000,9.250000000
1755.500000,16.228511566,31.855773725,58.482058092,6.000000,9.236111111
1756.000000,16.232860538,31.847651217,58.482825462,6.000000,9.222222222
1756.500000,16.237208958,31.839528602,58.483592877,6.000000,9.208333333
1757.000000,16.241556827,31.831405881,58.484360337,6.000000,9.194444444
1757.500000,16.245904144,31.823283053,58.485127840,6.000000,9.180555556
1758.000000,16.250250909,31.815160119,58.485895388,6.000000,9.166666667
1758.500000,16.254597123,31.807037078,58.486662980,6.000000,9.152777778
1759.000000,16.258942786,31.798913930,58.487430616,6.000000,9.138888889
1759.500000,16.263287898,31.790790676,58.488198297,6.000000,9.125000000
1760.000000,16.267632458,31.782667315,58.488966022,6.000000,9.111111111
1760.500000,16.271976467,31.774543848,58.489733791,6.000000,9.097222222
1761.000000,16.276319926,31.766420274,58.490501604,6.000000,9.083333333
1761.500000,16.280662833,31.758296593,58.491269462,6.000000,9.069444444
1762.000000,16.285005189,31.750172805,58.492037364,6.000000,9.055555556
1762.500000,16.289346995,31.742048911,58.492805310,6.000000,9.041666667
1763.000000,16.293688250,31.733924911,58.493573301,6.000000,9.027777778
1763.500000,16.298028954,31.725800803,58.494341336,6.000000,9.013888889
1764.000000,16.302369107,31.717676589,58.495109415,6.000000,9.000000000
1764.500000,16.306708710,31.709552268,58.495877538,6.000000,8.986111111
1765.000000,16.311047763,31.701427841,58.496645706,6.000000,8.972222222
1765.500000,16.315386265,31.693303307,58.497413918,6.000000,8.958333333
1766.000000,16.319724216,31.685178666,58.498182174,6.000000,8.944444444
1766.500000,16.324061618,31.677053918,58.498950475,6.000000,8.930555556
1767.000000,16.328398469,31.668929064,58.499718820,6.000000,8.916666667
1767.500000,16.332734770,31.660804103,58.500487209,6.000000,8.902777778
1768.000000,16.337070521,31.652679036,58.501255642,6.000000,8.888888889
1768.500000,16.341405722,31.644553861,58.502024120,6.000000,8.875000000
1769.000000,16.345740373,31.636428580,58.502792642,6.000000,8.861111111
1769.500000,16.350074475,31.628303192,58.503561209,6.000000,8.847222222
1770.000000,16.354408026,31.620177698,58.504329819,6.000000,8.833333333
1770.500000,16.358741028,31.612052096,58.505098474,6.000000,8.819444444
1771.000000,16.363073480,31.603926388,58.505867174,6.000000,8.805555556
1771.500000,16.367405383,31.595800573,58.506635917,6.000000,8.791666667
1772.000000,16.371736736,31.587674652,58.507404705,6.000000,8.777777778
1772.500000,16.376067540,31.579548623,58.508173538,6.000000,8.763888889
1773.000000,16.380397794,31.571422488,58.508942414,6.000000,8.750000000
1773.500000,16.384727499,31.563296246,58.509711335,6.000000,8.736111111
1774.000000,16.389056655,31.555169897,58.510480300,6.000000,8.722222222
1774.500000,16.393385262,31.547043441,58.511249310,6.000000,8.708333333
1775.000000,16.397713319,31.538916879,58.512018364,6.000000,8.694444444
1775.500000,16.402040828,31.530790210,58.512787462,6.000000,8.680555556
1776.000000,16.406367788,31.522663434,58.513556605,6.000000,8.666666667
1776.500000,16.410694198,31.514536551,58.514325792,6.000000,8.652777778
1777.000000,16.415020060,31.506409561,58.515095023,6.000000,8.638888889
1777.500000,16.419345374,31.498282465,58.515864298,6.000000,8.625000000
1778.000000,16.423670138,31.490155261,58.516633618,6.000000,8.611111111
1778.500000,16.427994355,31.482027951,58.517402983,6.000000,8.597222222
1779.000000,16.432318022,31.473900534,58.518172391,6.000000,8.583333333
1779.500000,16.436641141,31.465773010,58.518941844,6.000000,8.569444444
1780.000000,16.440963712,31.457645379,58.519711341,6.000000,8.555555556
1780.500000,16.445285735,31.449517642,58.520480883,6.000000,8.541666667
1781.000000,16.449607209,31.441389797,58.521250469,6.000000,8.527777778
1781.500000,16.453928135,31.433261846,58.522020099,6.000000,8.513888889
1782.000000,16.458248513,31.425133787,58.522789774,6.000000,8.500000000
1782.500000,16.462568343,31.417005622,58.523559493,6.000000,8.486111111
1783.000000,16.466887625,31.408877350,58.524329256,6.000000,8.472222222
1783.500000,16.471206359,31.400748971,58.525099064,6.000000,8.458333333
1784.000000,16.475524545,31.392620485,58.525868916,6.000000,8.444444444
1784.500000,16.479842184,31.384491892,58.526638813,6.000000,8.430555556
1785.000000,16.484159275,31.376363192,58.527408753,6.000000,8.416666667
1785.500000,16.488475818,31.368234385,58.528178739,6.000000,8.402777778
1786.000000,16.492791814,31.360105472,58.528948768,6.000000,8.388888889
1786.500000,16.497107262,31.351976451,58.529718842,6.000000,8.375000000
1787.000000,16.501422163,31.343847323,58.530488960,6.000000,8.361111111
1787.500000,16.505736517,31.335718089,58.531259123,6.000000,8.347222222
1788.000000,16.510050323,31.327588747,58.532029330,6.000000,8.333333333
1788.500000,16.514363582,31.319459299,58.532799582,6.000000,8.319444444
1789.000000,16.518676294,31.311329743,58.533569877,6.000000,8.305555556
1789.500000,16.522988459,31.303200081,58.534340217,6.000000,8.291666667
1790.000000,16.527300077,31.295070311,58.535110602,6.000000,8.277777778
1790.500000,16.531611149,31.286940435,58.535881031,6.000000,8.263888889
1791.000000,16.535921673,31.278810451,58.536651504,6.000000,8.250000000
1791.500000,16.540231650,31.270680361,58.537422022,6.000000,8.236111111
1792.000000,16.544541081,31.262550163,58.538192584,6.000000,8.222222222
1792.500000,16.548849966,31.254419859,58.538963191,6.000000,8.208333333
1793.000000,16.553158303,31.246289447,58.539733841,6.000000,8.194444444
1793.500000,16.557466095,31.238158929,58.540504537,6.000000,8.180555556
1794.000000,16.561773339,31.230028303,58.541275276,6.000000,8.166666667
1794.500000,16.566080038,31.221897570,58.542046060,6.000000,8.152777778
1795.000000,16.570386190,31.213766731,58.542816889,6.000000,8.138888889
1795.500000,16.574691796,31.205635784,58.543587762,6.000000,8.125000000
1796.000000,16.578996856,31.197504730,58.544358679,6.000000,8.111111111
1796.500000,16.583301370,31.189373569,58.545129641,6.000000,8.097222222
1797.000000,16.587605337,31.181242301,58.545900647,6.000000,8.083333333
1797.500000,16.591908759,31.173110926,58.546671697,6.000000,8.069444444
1798.000000,16.596211635,31.164979444,58.547442792,6.000000,8.055555556
1798.500000,16.600513966,31.156847854,58.548213931,6.000000,8.041666667
1799.000000,16.604815750,31.148716158,58.548985115,6.000000,8.027777778
1799.500000,16.609116989,31.140584355,58.549756343,6.000000,8.013888889
1800.000000,16.613417682,31.132452444,58.550527616,6.000000,8.000000000
1800.500000,16.617717830,31.124320426,58.551298933,6.000000,7.986111111
1801.000000,16.622017433,31.116188301,58.552070294,6.000000,7.972222222
1801.500000,16.626316490,31.108056069,58.552841700,6.000000,7.958333333
1802.000000,16.630615001,31.099923730,58.553613150,6.000000,7.944444444
1802.500000,16.634912968,31.091791284,58.554384645,6.000000,7.930555556
1803.000000,16.639210389,31.083658731,58.555156184,6.000000,7.916666667
1803.500000,16.643507265,31.075526070,58.555927768,6.000000,7.902777778
1804.000000,16.647803597,31.067393302,58.556699395,6.000000,7.888888889
1804.500000,16.652099383,31.059260427,58.557471068,6.000000,7.875000000
1805.000000,16.656394624,31.051127445,58.558242785,6.000000,7.861111111
1805.500000,16.660689321,31.042994356,58.559014546,6.000000,7.847222222
1806.000000,16.664983473,31.034861159,58.559786352,6.000000,7.833333333
1806.500000,16.669277080,31.026727856,58.560558202,6.000000,7.819444444
1807.000000,16.673570143,31.018594445,58.561330096,6.000000,7.805555556
1807.500000,16.677862661,31.010460927,58.562102035,6.000000,7.791666667
1808.000000,16.682154634,31.002327302,58.562874019,6.000000,7.777777778
1808.500000,16.686446064,30.994193569,58.563646047,6.000000,7.763888889
1809.000000,16.690736949,30.986059729,58.564418119,6.000000,7.750000000
1809.500000,16.695027289,30.977925782,58.565190236,6.000000,7.736111111
1810.000000,16.699317086,30.969791728,58.565962397,6.000000,7.722222222
1810.500000,16.703606338,30.961657567,58.566734603,6.000000,7.708333333
1811.000000,16.707895046,30.953523298,58.567506853,6.000000,7.694444444
1811.500000,16.712183211,30.945388922,58.568279148,6.000000,7.680555556
1812.000000,16.716470831,30.937254439,58.569051487,6.000000,7.666666667
1812.500000,16.720757908,30.929119848,58.569823871,6.000000,7.652777778
1813.000000,16.725044441,30.920985151,58.570596299,6.000000,7.638888889
1813.500000,16.729330430,30.912850346,58.571368771,6.000000,7.625000000
1814.000000,16.733615875,30.904715433,58.572141288,6.000000,7.611111111
1814.500000,16.737900777,30.896580414,58.572913850,6.000000,7.597222222
1815.000000,16.742185136,30.888445287,58.573686455,6.000000,7.583333333
1815.500000,16.746468951,30.880310053,58.574459106,6.000000,7.569444444
1816.000000,16.750752223,30.872174711,58.575231801,6.000000,7.555555556
1816.500000,16.755034951,30.864039262,58.576004540,6.000000,7.541666667
1817.000000,16.759317136,30.855903706,58.576777324,6.000000,7.527777778
1817.500000,16.763598779,30.847768042,58.577550152,6.000000,7.513888889
1818.000000,16.767879878,30.839632272,58.578323025,6.000000,7.500000000
1818.500000,16.772160434,30.831496393,58.579095942,6.000000,7.486111111
1819.000000,16.776440447,30.823360408,58.579868904,6.000000,7.472222222
1819.500000,16.780719917,30.815224315,58.580641910,6.000000,7.458333333
1820.000000,16.784998845,30.807088115,58.581414961,6.000000,7.444444444
1820.500000,16.789277229,30.798951807,58.582188056,6.000000,7.430555556
1821.000000,16.793555071,30.790815392,58.582961196,6.000000,7.416666667
1821.500000,16.797832371,30.782678870,58.583734380,6.000000,7.402777778
1822.000000,16.802109128,30.774542240,58.584507609,6.000000,7.388888889
1822.500000,16.806385343,30.766405503,58.585280882,6.000000,7.375000000
1823.000000,16.810661015,30.758268658,58.586054200,6.000000,7.361111111
1823.500000,16.814936145,30.750131706,58.586827562,6.000000,7.347222222
1824.000000,16.819210732,30.741994647,58.587600969,6.000000,7.333333333
1824.500000,16.823484778,30.733857480,58.588374420,6.000000,7.319444444
1825.000000,16.827758281,30.725720206,58.589147916,6.000000,7.305555556
1825.500000,16.832031243,30.717582824,58.589921456,6.000000,7.291666667
1826.000000,16.836303662,30.709445335,58.590695041,6.000000,7.277777778
1826.500000,16.840575539,30.701307738,58.591468670,6.000000,7.263888889
1827.000000,16.844846875,30.693170034,58.592242344,6.000000,7.250000000
1827.500000,16.849117669,30.685032223,58.593016062,6.000000,7.236111111
1828.000000,16.853387921,30.676894304,58.593789825,6.000000,7.222222222
1828.500000,16.857657632,30.668756278,58.594563632,6.000000,7.208333333
1829.000000,16.861926801,30.660618144,58.595337484,6.000000,7.194444444
1829.500000,16.866195429,30.652479903,58.596111381,6.000000,7.180555556
1830.000000,16.870463515,30.644341554,58.596885321,6.000000,7.166666667
1830.500000,16.874731060,30.636203098,58.597659307,6.000000,7.152777778
1831.000000,16.878998064,30.628064534,58.598433337,6.000000,7.138888889
1831.500000,16.883264526,30.619925862,58.599207411,6.000000,7.125000000
1832.000000,16.887530447,30.611787084,58.599981530,6.000000,7.111111111
1832.500000,16.891795828,30.603648197,58.600755694,6.000000,7.097222222
1833.000000,16.896060667,30.595509203,58.601529902,6.000000,7.083333333
1833.500000,16.900324965,30.587370102,58.602304155,6.000000,7.069444444
1834.000000,16.904588723,30.579230893,58.603078452,6.000000,7.055555556
1834.500000,16.908851939,30.571091577,58.603852794,6.000000,7.041666667
1835.000000,16.913114615,30.562952153,58.604627180,6.000000,7.027777778
1835.500000,16.917376751,30.554812621,58.605401611,6.000000,7.013888889
1836.000000,16.921638346,30.546672982,44.601059537,6.000000,7.000000000
1836.500000,16.926082296,30.540478390,44.601490192,6.000000,6.990277778
1837.000000,16.930525769,30.534283739,44.601920868,6.000000,6.980555556
1837.500000,16.934968764,30.528089028,44.602351565,6.000000,6.970833333
1838.000000,16.939411281,30.521894257,44.602782284,6.000000,6.961111111
1838.500000,16.943853320,30.515699426,44.603213023,6.000000,6.951388889
1839.000000,16.948294882,30.509504535,44.603643783,6.000000,6.941666667
1839.500000,16.952735965,30.503309585,44.604074564,6.000000,6.931944444
1840.000000,16.957176571,30.497114574,44.604505366,6.000000,6.922222222
1840.500000,16.961616699,30.490919504,44.604936189,6.000000,6.912500000
1841.000000,16.966056349,30.484724374,44.605367033,6.000000,6.902777778
1841.500000,16.970495522,30.478529184,44.605797899,6.000000,6.893055556
1842.000000,16.974934217,30.472333935,44.606228785,6.000000,6.883333333
1842.500000,16.979372434,30.466138625,44.606659692,6.000000,6.873611111
1843.000000,16.983810175,30.459943256,44.607090620,6.000000,6.863888889
1843.500000,16.988247438,30.453747826,44.607521570,6.000000,6.854166667
1844.000000,16.992684223,30.447552337,44.607952540,6.000000,6.844444444
1844.500000,16.997120531,30.441356788,44.608383531,6.000000,6.834722222
1845.000000,17.001556362,30.435161179,44.608814543,6.000000,6.825000000
1845.500000,17.005991716,30.428965511,44.609245577,6.000000,6.815277778
1846.000000,17.010426593,30.422769782,44.609676631,6.000000,6.805555556
1846.500000,17.014860992,30.416573994,44.610107706,6.000000,6.795833333
1847.000000,17.019294915,30.410378145,44.610538803,6.000000,6.786111111
1847.500000,17.023728361,30.404182237,44.610969920,6.000000,6.776388889
1848.000000,17.028161329,30.397986269,44.611401059,6.000000,6.766666667
1848.500000,17.032593821,30.391790241,44.611832218,6.000000,6.756944444
1849.000000,17.037025836,30.385594154,44.612263399,6.000000,6.747222222
1849.500000,17.041457374,30.379398006,44.612694600,6.000000,6.737500000
1850.000000,17.045888436,30.373201798,44.613125823,6.000000,6.727777778
1850.500000,17.050319021,30.367005531,44.613557066,6.000000,6.718055556
1851.000000,17.054749129,30.360809203,44.613988331,6.000000,6.708333333
1851.500000,17.059178761,30.354612816,44.614419616,6.000000,6.698611111
1852.000000,17.063607916,30.348416369,44.614850923,6.000000,6.688888889
1852.500000,17.068036594,30.342219862,44.615282250,6.000000,6.679166667
1853.000000,17.072464797,30.336023295,44.615713599,6.000000,6.669444444
1853.500000,17.076892523,30.329826668,44.616144969,6.000000,6.659722222
1854.000000,17.081319772,30.323629981,44.616576359,6.000000,6.650000000
1854.500000,17.085746546,30.317433234,44.617007771,6.000000,6.640277778
1855.000000,17.090172843,30.311236428,44.617439204,6.000000,6.630555556
1855.500000,17.094598664,30.305039561,44.617870657,6.000000,6.620833333
1856.000000,17.099024009,30.298842635,44.618302132,6.000000,6.611111111
1856.500000,17.103448877,30.292645648,44.618733628,6.000000,6.601388889
1857.000000,17.107873270,30.286448602,44.619165145,6.000000,6.591666667
1857.500000,17.112297187,30.280251496,44.619596683,6.000000,6.581944444
1858.000000,17.116720628,30.274054330,44.620028242,6.000000,6.572222222
1858.500000,17.121143593,30.267857103,44.620459822,6.000000,6.562500000
1859.000000,17.125566083,30.261659817,44.620891422,6.000000,6.552777778
1859.500000,17.129988096,30.255462471,44.621323044,6.000000,6.543055556
1860.000000,17.134409634,30.249265065,44.621754687,6.000000,6.533333333
1860.500000,17.138830696,30.243067599,44.622186351,6.000000,6.523611111
1861.000000,17.143251283,30.236870074,44.622618037,6.000000,6.513888889
1861.500000,17.147671394,30.230672488,44.623049743,6.000000,6.504166667
1862.000000,17.152091030,30.224474842,44.623481470,6.000000,6.494444444
1862.500000,17.156510190,30.218277136,44.623913218,6.000000,6.484722222
1863.000000,17.160928875,30.212079370,44.624344987,6.000000,6.475000000
1863.500000,17.165347084,30.205881545,44.624776777,6.000000,6.465277778
1864.000000,17.169764819,30.199683659,44.625208588,6.000000,6.455555556
1864.500000,17.174182078,30.193485713,44.625640421,6.000000,6.445833333
1865.000000,17.178598862,30.187287708,44.626072274,6.000000,6.436111111
1865.500000,17.183015170,30.181089642,44.626504148,6.000000,6.426388889
1866.000000,17.187431004,30.174891517,44.626936044,6.000000,6.416666667
1866.500000,17.191846362,30.168693331,44.627367960,6.000000,6.406944444
1867.000000,17.196261246,30.162495086,44.627799898,6.000000,6.397222222
1867.500000,17.200675655,30.156296780,44.628231856,6.000000,6.387500000
1868.000000,17.205089589,30.150098414,44.628663836,6.000000,6.377777778
1868.500000,17.209503048,30.143899989,44.629095836,6.000000,6.368055556
1869.000000,17.213916032,30.137701503,44.629527858,6.000000,6.358333333
1869.500000,17.218328541,30.131502958,44.629959900,6.000000,6.348611111
1870.000000,17.222740576,30.125304352,44.630391964,6.000000,6.338888889
1870.500000,17.227152136,30.119105687,44.630824049,6.000000,6.329166667
1871.000000,17.231563222,30.112906961,44.631256154,6.000000,6.319444444
1871.500000,17.235973833,30.106708176,44.631688281,6.000000,6.309722222
1872.000000,17.240383970,30.100509330,44.632120429,6.000000,6.300000000
1872.500000,17.244793632,30.094310424,44.632552598,6.000000,6.290277778
1873.000000,17.249202820,30.088111459,44.632984788,6.000000,6.280555556
1873.500000,17.253611534,30.081912433,44.633416999,6.000000,6.270833333
1874.000000,17.258019773,30.075713347,44.633849231,6.000000,6.261111111
1874.500000,17.262427538,30.069514202,44.634281484,6.000000,6.251388889
1875.000000,17.266834829,30.063314996,44.634713758,6.000000,6.241666667
1875.500000,17.271241646,30.057115730,44.635146053,6.000000,6.231944444
1876.000000,17.275647989,30.050916404,44.635578369,6.000000,6.222222222
1876.500000,17.280053858,30.044717018,44.636010706,6.000000,6.212500000
1877.000000,17.284459253,30.038517572,44.636443064,6.000000,6.202777778
1877.500000,17.288864174,30.032318067,44.636875443,6.000000,6.193055556
1878.000000,17.293268621,30.026118500,44.637307844,6.000000,6.183333333
1878.500000,17.297672594,30.019918874,44.637740265,6.000000,6.173611111
1879.000000,17.302076094,30.013719188,44.638172707,6.000000,6.163888889
1879.500000,17.306479120,30.007519442,44.638605171,6.000000,6.154166667
1880.000000,17.310881672,30.001319636,44.639037655,6.000000,6.144444444
1880.500000,17.315283751,29.995119769,44.639809124,6.000000,6.134722222
1881.000000,17.319685358,29.988919796,44.640672301,6.000000,6.125000000
1881.500000,17.324086496,29.982719703,44.641535535,6.000000,6.115277778
1882.000000,17.328487164,29.976519489,44.642398824,6.000000,6.105555556
1882.500000,17.332887361,29.970319156,44.643262170,6.000000,6.095833333
1883.000000,17.337287089,29.964118703,44.644125572,6.000000,6.086111111
1883.500000,17.341686346,29.957918130,44.644989030,6.000000,6.076388889
1884.000000,17.346085134,29.951717437,44.645852544,6.000000,6.066666667
1884.500000,17.350483452,29.945516624,44.646716114,6.000000,6.056944444
1885.000000,17.354881300,29.939315691,44.647579741,6.000000,6.047222222
1885.500000,17.359278678,29.933114639,44.648443423,6.000000,6.037500000
1886.000000,17.363675587,29.926913466,44.649307162,6.000000,6.027777778
1886.500000,17.368072026,29.920712173,44.650170957,6.000000,6.018055556
1887.000000,17.372467996,29.914510761,44.651034808,6.000000,6.008333333
1887.500000,17.376863496,29.908309228,44.651898715,6.000000,5.998611111
1888.000000,17.381258526,29.902107576,44.652762679,6.000000,5.988888889
1888.500000,17.385653087,29.895905803,44.653626698,6.000000,5.979166667
1889.000000,17.390047179,29.889703910,44.654490774,6.000000,5.969444444
1889.500000,17.394440801,29.883501898,44.655354906,6.000000,5.959722222
1890.000000,17.398833954,29.877299765,44.656219094,6.000000,5.950000000
1890.500000,17.403226637,29.871097512,44.657083339,6.000000,5.940277778
1891.000000,17.407618852,29.864895140,44.657947639,6.000000,5.930555556
1891.500000,17.412010597,29.858692647,44.658811996,6.000000,5.920833333
1892.000000,17.416401874,29.852490034,44.659676409,6.000000,5.911111111
1892.500000,17.420792681,29.846287301,44.660540879,6.000000,5.901388889
1893.000000,17.425183019,29.840084449,44.661405404,6.000000,5.891666667
1893.500000,17.429572888,29.833881476,44.662269986,6.000000,5.881944444
1894.000000,17.433962289,29.827678382,44.663134624,6.000000,5.872222222
1894.500000,17.438351220,29.821475169,44.663999318,6.000000,5.862500000
1895.000000,17.442739683,29.815271836,44.664864069,6.000000,5.852777778
1895.500000,17.447127677,29.809068383,44.665728876,6.000000,5.843055556
1896.000000,17.451515202,29.802864809,44.666593739,6.000000,5.833333333
1896.500000,17.455902259,29.796661116,44.667458658,6.000000,5.823611111
1897.000000,17.460288847,29.790457302,44.668323634,6.000000,5.813888889
1897.500000,17.464674966,29.784253368,44.669188666,6.000000,5.804166667
1898.000000,17.469060617,29.778049314,44.670053754,6.000000,5.794444444
1898.500000,17.473445800,29.771845140,44.670918898,6.000000,5.784722222
1899.000000,17.477830514,29.765640846,44.671784099,6.000000,5.775000000
1899.500000,17.482214760,29.759436431,44.672649356,6.000000,5.765277778
1900.000000,17.486598537,29.753231897,44.673514670,6.000000,5.755555556
1900.500000,17.490981847,29.747027242,44.674380039,6.000000,5.745833333
1901.000000,17.495364688,29.740822467,44.675245465,6.000000,5.736111111
1901.500000,17.499747060,29.734617572,44.676110948,6.000000,5.726388889
1902.000000,17.504128965,29.728412556,44.676976486,6.000000,5.716666667
1902.500000,17.508510402,29.722207421,44.677842081,6.000000,5.706944444
1903.000000,17.512891370,29.716002165,44.678707733,6.000000,5.697222222
1903.500000,17.517271871,29.709796789,44.679573440,6.000000,5.687500000
1904.000000,17.521651904,29.703591292,44.680439204,6.000000,5.677777778
1904.500000,17.526031469,29.697385676,44.681305025,6.000000,5.668055556
1905.000000,17.530410566,29.691179939,44.682170901,6.000000,5.658333333
1905.500000,17.534789195,29.684974082,44.683036835,6.000000,5.648611111
1906.000000,17.539167357,29.678768105,44.683902824,6.000000,5.638888889
1906.500000,17.543545051,29.672562007,44.684768870,6.000000,5.629166667
1907.000000,17.547922277,29.666355789,44.685634972,6.000000,5.619444444
1907.500000,17.552299036,29.660149451,44.686501131,6.000000,5.609722222
1908.000000,17.556675327,29.653942992,44.687367346,6.000000,5.600000000
1908.500000,17.561051151,29.647736414,44.688233617,6.000000,5.590277778
1909.000000,17.565426507,29.641529715,44.689099945,6.000000,5.580555556
1909.500000,17.569801396,29.635322895,44.689966329,6.000000,5.570833333
1910.000000,17.574175818,29.629115955,44.690832770,6.000000,5.561111111
1910.500000,17.578549772,29.622908895,44.691699267,6.000000,5.551388889
1911.000000,17.582923259,29.616701715,44.692565821,6.000000,5.541666667
1911.500000,17.587296279,29.610494414,44.693432430,6.000000,5.531944444
1912.000000,17.591668832,29.604286993,44.694299097,6.000000,5.522222222
1912.500000,17.596040918,29.598079451,44.695165820,6.000000,5.512500000
1913.000000,17.600412537,29.591871789,44.696032599,6.000000,5.502777778
1913.500000,17.604783688,29.585664007,44.696899435,6.000000,5.493055556
1914.000000,17.609154373,29.579456104,44.697766327,6.000000,5.483333333
1914.500000,17.613524591,29.573248081,44.698633275,6.000000,5.473611111
1915.000000,17.617894342,29.567039938,44.699500280,6.000000,5.463888889
1915.500000,17.622263627,29.560831674,44.700367342,6.000000,5.454166667
1916.000000,17.626632444,29.554623289,44.701234460,6.000000,5.444444444
1916.500000,17.631000795,29.548414785,44.702101634,6.000000,5.434722222
1917.000000,17.635368679,29.542206159,44.702968865,6.000000,5.425000000
1917.500000,17.639736097,29.535997414,44.703836153,6.000000,5.415277778
1918.000000,17.644103048,29.529788548,44.704703497,6.000000,5.405555556
1918.500000,17.648469533,29.523579561,44.705570897,6.000000,5.395833333
1919.000000,17.652835551,29.517370454,44.706438354,6.000000,5.386111111
1919.500000,17.657201103,29.511161226,44.707305868,6.000000,5.376388889
1920.000000,17.661566189,29.504951878,44.708173438,6.000000,5.366666667
1920.500000,17.665930808,29.498742410,44.709041065,6.000000,5.356944444
1921.000000,17.670294961,29.492532821,44.709908748,6.000000,5.347222222
1921.500000,17.674658648,29.486323111,44.710776487,6.000000,5.337500000
1922.000000,17.679021868,29.480113281,44.711644283,6.000000,5.327777778
1922.500000,17.683384623,29.473903331,44.712512136,6.000000,5.318055556
1923.000000,17.687746911,29.467693259,44.713380045,6.000000,5.308333333
1923.500000,17.692108734,29.461483068,44.714248011,6.000000,5.298611111
1924.000000,17.696470090,29.455272756,44.715116034,6.000000,5.288888889
1924.500000,17.700830981,29.449062323,44.715984113,6.000000,5.279166667
1925.000000,17.705191406,29.442851769,44.716852248,6.000000,5.269444444
1925.500000,17.709551365,29.436641095,44.717720440,6.000000,5.259722222
1926.000000,17.713910858,29.430430301,44.718588689,6.000000,5.250000000
1926.500000,17.718269885,29.424219386,44.719456994,6.000000,5.240277778
1927.000000,17.722628447,29.418008350,44.720325356,6.000000,5.230555556
1927.500000,17.726986543,29.411797194,44.721193774,6.000000,5.220833333
1928.000000,17.731344174,29.405585917,44.722062249,6.000000,5.211111111
1928.500000,17.735701339,29.399374519,44.722930781,6.000000,5.201388889
1929.000000,17.740058039,29.393163001,44.723799369,6.000000,5.191666667
1929.500000,17.744414273,29.386951362,44.724668014,6.000000,5.181944444
1930.000000,17.748770042,29.380739603,44.725536716,6.000000,5.172222222
1930.500000,17.753125346,29.374527723,44.726405474,6.000000,5.162500000
1931.000000,17.757480184,29.368315722,44.727274289,6.000000,5.152777778
1931.500000,17.761834557,29.362103601,44.728143160,6.000000,5.143055556
1932.000000,17.766188465,29.355891359,44.729012088,6.000000,5.133333333
1932.500000,17.770541908,29.349678996,44.729881073,6.000000,5.123611111
1933.000000,17.774894886,29.343466512,44.730750115,6.000000,5.113888889
1933.500000,17.779247399,29.337253908,44.731619213,6.000000,5.104166667
1934.000000,17.783599447,29.331041183,44.732488367,6.000000,5.094444444
1934.500000,17.787951030,29.324828338,44.733357579,6.000000,5.084722222
1935.000000,17.792302148,29.318615371,44.734226847,6.000000,5.075000000
1935.500000,17.796652801,29.312402284,44.735096172,6.000000,5.065277778
1936.000000,17.801002989,29.306189077,44.735965553,6.000000,5.055555556
1936.500000,17.805352713,29.299975748,44.736834991,6.000000,5.045833333
1937.000000,17.809701972,29.293762299,44.737704486,6.000000,5.036111111
1937.500000,17.814050766,29.287548729,44.738574038,6.000000,5.026388889
1938.000000,17.818399096,29.281335038,44.739443646,6.000000,5.016666667
1938.500000,17.822746961,29.275121226,44.740313311,6.000000,5.006944444
1939.000000,17.827094362,29.268907294,44.741183033,6.000000,4.997222222
1939.500000,17.831441299,29.262693241,44.742052811,6.000000,4.987500000
1940.000000,17.835787771,29.256479067,44.742922646,6.000000,4.977777778
1940.500000,17.840133778,29.250264772,44.743792538,6.000000,4.968055556
1941.000000,17.844479322,29.244050356,44.744662487,6.000000,4.958333333
1941.500000,17.848824401,29.237835820,44.745532492,6.000000,4.948611111
1942.000000,17.853169016,29.231621162,44.746402554,6.000000,4.938888889
1942.500000,17.857513166,29.225406384,44.747272673,6.000000,4.929166667
1943.000000,17.861856853,29.219191485,44.748142849,6.000000,4.919444444
1943.500000,17.866200076,29.212976465,44.749013081,6.000000,4.909722222
1944.000000,17.870542834,29.206761325,44.749883370,6.000000,4.900000000
1944.500000,17.874885129,29.200546063,44.750753716,6.000000,4.890277778
1945.000000,17.879226960,29.194330681,44.751624119,6.000000,4.880555556
1945.500000,17.883568327,29.188115177,44.752494579,6.000000,4.870833333
1946.000000,17.887909230,29.181899553,44.753365095,6.000000,4.861111111
1946.500000,17.892249670,29.175683808,44.754235668,6.000000,4.851388889
1947.000000,17.896589645,29.169467942,44.755106298,6.000000,4.841666667
1947.500000,17.900929157,29.163251955,44.755976985,6.000000,4.831944444
1948.000000,17.905268206,29.157035847,44.756847729,6.000000,4.822222222
1948.500000,17.909606791,29.150819618,44.757718529,6.000000,4.812500000
1949.000000,17.913944912,29.144603268,44.758589386,6.000000,4.802777778
1949.500000,17.918282570,29.138386798,44.759460300,6.000000,4.793055556
1950.000000,17.922619765,29.132170206,44.760331271,6.000000,4.783333333
1950.500000,17.926956496,29.125953493,44.761202299,6.000000,4.773611111
1951.000000,17.931292764,29.119736659,44.762073384,6.000000,4.763888889
1951.500000,17.935628568,29.113519705,44.762944525,6.000000,4.754166667
1952.000000,17.939963910,29.107302629,44.763815724,6.000000,4.744444444
1952.500000,17.944298788,29.101085433,44.764686979,6.000000,4.734722222
1953.000000,17.948633203,29.094868115,44.765558291,6.000000,4.725000000
1953.500000,17.952967155,29.088650676,44.766429660,6.000000,4.715277778
1954.000000,17.957300644,29.082433117,44.767301086,6.000000,4.705555556
1954.500000,17.961633670,29.076215436,44.768172568,6.000000,4.695833333
1955.000000,17.965966233,29.069997634,44.769044108,6.000000,4.686111111
1955.500000,17.970298333,29.063779711,44.769915704,6.000000,4.676388889
1956.000000,17.974629971,29.057561668,44.770787358,6.000000,4.666666667
1956.500000,17.978961145,29.051343503,44.771659068,6.000000,4.656944444
1957.000000,17.983291857,29.045125217,44.772530835,6.000000,4.647222222
1957.500000,17.987622107,29.038906810,44.773402660,6.000000,4.637500000
1958.000000,17.991951893,29.032688281,44.774274541,6.000000,4.627777778
1958.500000,17.996281217,29.026469632,44.775146479,6.000000,4.618055556
1959.000000,18.000610079,29.020250862,44.776018474,6.000000,4.608333333
1959.500000,18.004938478,29.014031970,44.776890525,6.000000,4.598611111
1960.000000,18.009266414,29.007812958,44.777762634,6.000000,4.588888889
1960.500000,18.013593888,29.001593824,44.778634800,6.000000,4.579166667
1961.000000,18.017920900,28.995374569,44.779507023,6.000000,4.569444444
1961.500000,18.022247450,28.989155193,44.780379303,6.000000,4.559722222
1962.000000,18.026573537,28.982935696,44.781251639,6.000000,4.550000000
1962.500000,18.030899162,28.976716078,44.782124033,6.000000,4.540277778
1963.000000,18.035224325,28.970496338,44.782996483,6.000000,4.530555556
1963.500000,18.039549026,28.964276478,44.783868991,6.000000,4.520833333
1964.000000,18.043873265,28.958056496,44.784741556,6.000000,4.511111111
1964.500000,18.048197042,28.951836393,44.785614177,6.000000,4.501388889
1965.000000,18.052520357,28.945616169,44.786486856,6.000000,4.491666667
1965.500000,18.056843210,28.939395823,44.787359591,6.000000,4.481944444
1966.000000,18.061165601,28.933175357,44.788232384,6.000000,4.472222222
1966.500000,18.065487530,28.926954769,44.789105234,6.000000,4.462500000
1967.000000,18.069808998,28.920734060,44.789978140,6.000000,4.452777778
1967.500000,18.074130003,28.914513230,44.790851104,6.000000,4.443055556
1968.000000,18.078450548,28.908292278,44.791724125,6.000000,4.433333333
1968.500000,18.082770630,28.902071205,44.792597202,6.000000,4.423611111
1969.000000,18.087090251,28.895850011,44.793470337,6.000000,4.413888889
1969.500000,18.091409411,28.889628696,44.794343529,6.000000,4.404166667
1970.000000,18.095728109,28.883407259,44.795216778,6.000000,4.394444444
1970.500000,18.100046345,28.877185701,44.796090084,6.000000,4.384722222
1971.000000,18.104364121,28.870964022,44.796963447,6.000000,4.375000000
1971.500000,18.108681435,28.864742222,44.797836867,6.000000,4.365277778
1972.000000,18.112998287,28.858520300,44.798710344,6.000000,4.355555556
1972.500000,18.117314679,28.852298257,44.799583878,6.000000,4.345833333
1973.000000,18.121630609,28.846076092,44.800457469,6.000000,4.336111111
1973.500000,18.125946078,28.839853807,44.801331118,6.000000,4.326388889
1974.000000,18.130261086,28.833631400,44.802204823,6.000000,4.316666667
1974.500000,18.134575633,28.827408871,44.803078586,6.000000,4.306944444
1975.000000,18.138889719,28.821186221,44.803952406,6.000000,4.297222222
1975.500000,18.143203345,28.814963450,44.804826282,6.000000,4.287500000
1976.000000,18.147516509,28.808740558,44.805700216,6.000000,4.277777778
1976.500000,18.151829212,28.802517544,44.806574207,6.000000,4.268055556
1977.000000,18.156141455,28.796294408,44.807448256,6.000000,4.258333333
1977.500000,18.160453237,28.790071152,44.808322361,6.000000,4.248611111
1978.000000,18.164764558,28.783847774,44.809196523,6.000000,4.238888889
1978.500000,18.169075419,28.777624274,44.810070743,6.000000,4.229166667
1979.000000,18.173385819,28.771400653,44.810945020,6.000000,4.219444444
1979.500000,18.177695758,28.765176911,44.811819354,6.000000,4.209722222
1980.000000,18.182005237,28.758953047,44.812693745,6.000000,4.200000000
1980.500000,18.186314255,28.752729062,44.813568193,6.000000,4.190277778
1981.000000,18.190622813,28.746504955,44.814442698,6.000000,4.180555556
1981.500000,18.194930911,28.740280727,44.815317261,6.000000,4.170833333
1982.000000,18.199238549,28.734056377,44.816191881,6.000000,4.161111111
1982.500000,18.203545726,28.727831906,44.817066558,6.000000,4.151388889
1983.000000,18.207852443,28.721607314,44.817941292,6.000000,4.141666667
1983.500000,18.212158700,28.715382600,44.818816083,6.000000,4.131944444
1984.000000,18.216464496,28.709157764,44.819690932,6.000000,4.122222222
1984.500000,18.220769833,28.702932807,44.820565837,6.000000,4.112500000
1985.000000,18.225074710,28.696707728,44.821440800,6.000000,4.102777778
1985.500000,18.229379126,28.690482528,44.822315821,6.000000,4.093055556
1986.000000,18.233683083,28.684257207,44.823190898,6.000000,4.083333333
1986.500000,18.237986580,28.678031763,44.824066033,6.000000,4.073611111
1987.000000,18.242289617,28.671806199,44.824941225,6.000000,4.063888889
1987.500000,18.246592194,28.665580512,44.825816474,6.000000,4.054166667
1988.000000,18.250894312,28.659354705,44.826691780,6.000000,4.044444444
1988.500000,18.255195970,28.653128775,44.827567144,6.000000,4.034722222
1989.000000,18.259497168,28.646902724,44.828442565,6.000000,4.025000000
1989.500000,18.263797907,28.640676552,44.829318043,6.000000,4.015277778
1990.000000,18.268098186,28.634450257,44.830193578,6.000000,4.005555556
1990.500000,18.272398006,28.628223842,44.831069171,6.000000,3.995833333
1991.000000,18.276697366,28.621997304,44.831944821,6.000000,3.986111111
1991.500000,18.280996267,28.615770645,44.832820528,6.000000,3.976388889
1992.000000,18.285294708,28.609543865,44.833696293,6.000000,3.966666667
1992.500000,18.289592691,28.603316962,44.834572115,6.000000,3.956944444
1993.000000,18.293890214,28.597089938,44.835447994,6.000000,3.947222222
1993.500000,18.298187278,28.590862793,44.836323930,6.000000,3.937500000
1994.000000,18.302483882,28.584635526,44.837199924,6.000000,3.927777778
1994.500000,18.306780028,28.578408137,44.838075975,6.000000,3.918055556
1995.000000,18.311075714,28.572180626,44.838952083,6.000000,3.908333333
1995.500000,18.315370942,28.565952994,44.839828249,6.000000,3.898611111
1996.000000,18.319665711,28.559725240,44.840704472,6.000000,3.888888889
1996.500000,18.323960020,28.553497364,44.841580753,6.000000,3.879166667
1997.000000,18.328253871,28.547269367,44.842457090,6.000000,3.869444444
1997.500000,18.332547263,28.541041248,44.843333486,6.000000,3.859722222
1998.000000,18.336840197,28.534813007,44.844209938,6.000000,3.850000000
1998.500000,18.341132671,28.528584645,44.845086448,6.000000,3.840277778
1999.000000,18.345424687,28.522356161,44.845963015,6.000000,3.830555556
1999.500000,18.349716244,28.516127555,44.846839640,6.000000,3.820833333
2000.000000,18.354007343,28.509898827,44.847716322,6.000000,3.811111111
2000.500000,18.358297983,28.503669977,44.848593061,6.000000,3.801388889
2001.000000,18.362588165,28.497441006,44.849469858,6.000000,3.791666667
2001.500000,18.366877888,28.491211913,44.850346712,6.000000,3.781944444
2002.000000,18.371167153,28.484982698,44.851223623,6.000000,3.772222222
2002.500000,18.375455960,28.478753362,44.852100592,6.000000,3.762500000
2003.000000,18.379744308,28.472523903,44.852977618,6.000000,3.752777778
2003.500000,18.384032199,28.466294323,44.853854702,6.000000,3.743055556
2004.000000,18.388319631,28.460064621,44.854731843,6.000000,3.733333333
2004.500000,18.392606604,28.453834797,44.855609042,6.000000,3.723611111
2005.000000,18.396893120,28.447604851,44.856486298,6.000000,3.713888889
2005.500000,18.401179178,28.441374784,44.857363611,6.000000,3.704166667
2006.000000,18.405464778,28.435144594,44.858240982,6.000000,3.694444444
2006.500000,18.409749920,28.428914283,44.859118411,6.000000,3.684722222
2007.000000,18.414034603,28.422683850,44.859995896,6.000000,3.675000000
2007.500000,18.418318830,28.416453295,44.860873440,6.000000,3.665277778
2008.000000,18.422602598,28.410222618,44.861751040,6.000000,3.655555556
2008.500000,18.426885908,28.403991820,44.862628699,6.000000,3.645833333
2009.000000,18.431168761,28.397760899,44.863506414,6.000000,3.636111111
2009.500000,18.435451156,28.391529856,44.864384187,6.000000,3.626388889
2010.000000,18.439733094,28.385298692,44.865262018,6.000000,3.616666667
2010.500000,18.444014574,28.379067405,44.866139906,6.000000,3.606944444
2011.000000,18.448295597,28.372835997,44.867017852,6.000000,3.597222222
2011.500000,18.452576162,28.366604467,44.867895855,6.000000,3.587500000
2012.000000,18.456856269,28.360372815,44.868773916,6.000000,3.577777778
2012.500000,18.461135920,28.354141041,44.869652034,6.000000,3.568055556
2013.000000,18.465415113,28.347909144,44.870530209,6.000000,3.558333333
2013.500000,18.469693848,28.341677126,44.871408443,6.000000,3.548611111
2014.000000,18.473972127,28.335444986,44.872286733,6.000000,3.538888889
2014.500000,18.478249948,28.329212724,44.873165082,6.000000,3.529166667
2015.000000,18.482527313,28.322980340,44.874043487,6.000000,3.519444444
2015.500000,18.486804220,28.316747834,44.874921951,6.000000,3.509722222
2016.000000,18.491080670,28.310515206,44.875800472,6.000000,3.500000000
2016.500000,18.495356663,28.304282456,44.876679050,6.000000,3.490277778
2017.000000,18.499632199,28.298049584,44.877557686,6.000000,3.480555556
2017.500000,18.503907279,28.291816590,44.878436380,6.000000,3.470833333
2018.000000,18.508181901,28.285583474,44.879315131,6.000000,3.461111111
2018.500000,18.512456067,28.279350235,44.880193940,6.000000,3.451388889
2019.000000,18.516729776,28.273116875,44.881072806,6.000000,3.441666667
2019.500000,18.521003028,28.266883393,44.881951730,6.000000,3.431944444
2020.000000,18.525275824,28.260649788,44.882830711,6.000000,3.422222222
2020.500000,18.529548163,28.254416062,44.883709750,6.000000,3.412500000
2021.000000,18.533820046,28.248182213,44.884588847,6.000000,3.402777778
2021.500000,18.538091472,28.241948243,44.885468001,6.000000,3.393055556
2022.000000,18.542362441,28.235714150,44.886347213,6.000000,3.383333333
2022.500000,18.546632955,28.229479935,44.887226483,6.000000,3.373611111
2023.000000,18.550903011,28.223245598,44.888105810,6.000000,3.363888889
2023.500000,18.555172612,28.217011139,44.888985195,6.000000,3.354166667
2024.000000,18.559441756,28.210776558,44.889864637,6.000000,3.344444444
2024.500000,18.563710444,28.204541854,44.890744138,6.000000,3.334722222
2025.000000,18.567978676,28.198307029,44.891623695,6.000000,3.325000000
2025.500000,18.572246452,28.192072081,44.892503311,6.000000,3.315277778
2026.000000,18.576513772,28.185837011,44.893382984,6.000000,3.305555556
2026.500000,18.580780636,28.179601819,44.894262715,6.000000,3.295833333
2027.000000,18.585047043,28.173366505,44.895142503,6.000000,3.286111111
2027.500000,18.589312995,28.167131068,44.896022349,6.000000,3.276388889
2028.000000,18.593578491,28.160895509,44.896902253,6.000000,3.266666667
2028.500000,18.597843531,28.154659829,44.897782214,6.000000,3.256944444
2029.000000,18.602108116,28.148424026,44.898662233,6.000000,3.247222222
2029.500000,18.606372244,28.142188100,44.899542310,6.000000,3.237500000
2030.000000,18.610635917,28.135952053,44.900422445,6.000000,3.227777778
2030.500000,18.614899135,28.129715883,44.901302637,6.000000,3.218055556
2031.000000,18.619161897,28.123479591,44.902182887,6.000000,3.208333333
2031.500000,18.623424203,28.117243177,44.903063195,6.000000,3.198611111
2032.000000,18.627686053,28.111006640,44.903943560,6.000000,3.188888889
2032.500000,18.631947449,28.104769981,44.904823983,6.000000,3.179166667
2033.000000,18.636208389,28.098533200,44.905704464,6.000000,3.169444444
2033.500000,18.640468873,28.092296297,44.906585003,6.000000,3.159722222
2034.000000,18.644728902,28.086059271,44.907465599,6.000000,3.150000000
2034.500000,18.648988476,28.079822123,44.908346254,6.000000,3.140277778
2035.000000,18.653247595,28.073584853,44.909226965,6.000000,3.130555556
2035.500000,18.657506259,28.067347460,44.910107735,6.000000,3.120833333
2036.000000,18.661764467,28.061109945,44.910988563,6.000000,3.111111111
2036.500000,18.666022221,28.054872308,44.911869448,6.000000,3.101388889
2037.000000,18.670279519,28.048634548,44.912750391,6.000000,3.091666667
2037.500000,18.674536363,28.042396666,44.913631392,6.000000,3.081944444
2038.000000,18.678792752,28.036158662,44.914512450,6.000000,3.072222222
2038.500000,18.683048685,28.029920535,44.915393567,6.000000,3.062500000
2039.000000,18.687304164,28.023682286,44.916274741,6.000000,3.052777778
2039.500000,18.691559188,28.017443914,44.917155973,6.000000,3.043055556
2040.000000,18.695813758,28.011205421,44.918037262,6.000000,3.033333333
2040.500000,18.700067873,28.004966804,44.918918610,6.000000,3.023611111
2041.000000,18.704321533,27.998728066,44.919800016,6.000000,3.013888889
2041.500000,18.708574738,27.992489204,44.920681479,6.000000,3.004166667
2042.000000,18.712827489,27.986250221,44.921563000,6.000000,2.994444444
2042.500000,18.717079786,27.980011115,44.922444579,6.000000,2.984722222
2043.000000,18.721331628,27.973771887,44.923326216,6.000000,2.975000000
2043.500000,18.725583016,27.967532536,44.924207910,6.000000,2.965277778
2044.000000,18.729833949,27.961293062,44.925089663,6.000000,2.955555556
2044.500000,18.734084428,27.955053467,44.925971473,6.000000,2.945833333
2045.000000,18.738334453,27.948813748,44.926853342,6.000000,2.936111111
2045.500000,18.742584023,27.942573908,44.927735268,6.000000,2.926388889
2046.000000,18.746833140,27.936333944,44.928617252,6.000000,2.916666667
2046.500000,18.751081802,27.930093859,44.929499294,6.000000,2.906944444
2047.000000,18.755330011,27.923853650,44.930381393,6.000000,2.897222222
2047.500000,18.759577765,27.917613320,44.931263551,6.000000,2.887500000
2048.000000,18.763825065,27.911372866,44.932145767,6.000000,2.877777778
2048.500000,18.768071912,27.905132291,44.933028040,6.000000,2.868055556
2049.000000,18.772318304,27.898891592,44.933910371,6.000000,2.858333333
2049.500000,18.776564243,27.892650771,44.934792761,6.000000,2.848611111
2050.000000,18.780809728,27.886409828,44.935675208,6.000000,2.838888889
2050.500000,18.785054759,27.880168762,44.936557713,6.000000,2.829166667
2051.000000,18.789299337,27.873927573,44.937440276,6.000000,2.819444444
2051.500000,18.793543461,27.867686262,44.938322897,6.000000,2.809722222
2052.000000,18.797787131,27.861444828,44.939205576,6.000000,2.800000000
2052.500000,18.802030348,27.855203272,44.940088313,6.000000,2.790277778
2053.000000,18.806273111,27.848961593,44.940971108,6.000000,2.780555556
2053.500000,18.810515421,27.842719792,44.941853961,6.000000,2.770833333
2054.000000,18.814757278,27.836477867,44.942736872,6.000000,2.761111111
2054.500000,18.818998681,27.830235821,44.943619841,6.000000,2.751388889
2055.000000,18.823239631,27.823993651,44.944502868,6.000000,2.741666667
2055.500000,18.827480128,27.817751359,44.945385952,6.000000,2.731944444
2056.000000,18.831720171,27.811508944,44.946269095,6.000000,2.722222222
2056.500000,18.835959762,27.805266407,44.947152296,6.000000,2.712500000
2057.000000,18.840198899,27.799023747,44.948035555,6.000000,2.702777778
2057.500000,18.844437583,27.792780964,44.948918871,6.000000,2.693055556
2058.000000,18.848675814,27.786538059,44.949802246,6.000000,2.683333333
2058.500000,18.852913592,27.780295031,44.950685679,6.000000,2.673611111
2059.000000,18.857150918,27.774051880,44.951569170,6.000000,2.663888889
2059.500000,18.861387790,27.767808607,44.952452719,6.000000,2.654166667
2060.000000,18.865624210,27.761565210,44.953336325,6.000000,2.644444444
2060.500000,18.869860177,27.755321691,44.954219990,6.000000,2.634722222
2061.000000,18.874095691,27.749078050,44.955103713,6.000000,2.625000000
2061.500000,18.878330752,27.742834285,44.955987494,6.000000,2.615277778
2062.000000,18.882565361,27.736590398,44.956871334,6.000000,2.605555556
2062.500000,18.886799517,27.730346388,44.957755231,6.000000,2.595833333
2063.000000,18.891033221,27.724102256,44.958639186,6.000000,2.586111111
2063.500000,18.895266472,27.717858000,44.959523199,6.000000,2.576388889
2064.000000,18.899499271,27.711613622,44.960407271,6.000000,2.566666667
2064.500000,18.903731617,27.705369121,44.961291400,6.000000,2.556944444
2065.000000,18.907963512,27.699124497,44.962175588,6.000000,2.547222222
2065.500000,18.912194953,27.692879751,44.963059833,6.000000,2.537500000
2066.000000,18.916425943,27.686634881,44.963944137,6.000000,2.527777778
2066.500000,18.920656480,27.680389889,44.964828499,6.000000,2.518055556
2067.000000,18.924886565,27.674144774,44.965712919,6.000000,2.508333333
2067.500000,18.929116199,27.667899536,44.966597397,6.000000,2.498611111
2068.000000,18.933345380,27.661654175,44.967481933,6.000000,2.488888889
2068.500000,18.937574109,27.655408692,44.968366527,6.000000,2.479166667
2069.000000,18.941802386,27.649163085,44.969251180,6.000000,2.469444444
2069.500000,18.946030211,27.642917356,44.970135890,6.000000,2.459722222
2070.000000,18.950257584,27.636671504,44.971020659,6.000000,2.450000000
2070.500000,18.954484506,27.630425528,44.971905486,6.000000,2.440277778
2071.000000,18.958710975,27.624179430,44.972790371,6.000000,2.430555556
2071.500000,18.962936993,27.617933210,44.973675314,6.000000,2.420833333
2072.000000,18.967162560,27.611686866,44.974560316,6.000000,2.411111111
2072.500000,18.971387674,27.605440399,44.975445375,6.000000,2.401388889
2073.000000,18.975612338,27.599193809,44.976330493,6.000000,2.391666667
2073.500000,18.979836549,27.592947097,44.977215669,6.000000,2.381944444
2074.000000,18.984060309,27.586700261,44.978100903,6.000000,2.372222222
2074.500000,18.988283618,27.580453303,44.978986195,6.000000,2.362500000
2075.000000,18.992506475,27.574206221,44.979871546,6.000000,2.352777778
2075.500000,18.996728881,27.567959017,44.980756954,6.000000,2.343055556
2076.000000,19.000950836,27.561711690,44.981642421,6.000000,2.333333333
2076.500000,19.005172339,27.555464239,44.982527946,6.000000,2.323611111
2077.000000,19.009393391,27.549216666,44.983413530,6.000000,2.313888889
2077.500000,19.013613992,27.542968970,44.984299171,6.000000,2.304166667
2078.000000,19.017834142,27.536721150,44.985184871,6.000000,2.294444444
2078.500000,19.022053841,27.530473208,44.986070629,6.000000,2.284722222
2079.000000,19.026273089,27.524225143,44.986956446,6.000000,2.275000000
2079.500000,19.030491886,27.517976954,44.987842320,6.000000,2.265277778
2080.000000,19.034710232,27.511728643,44.988728253,6.000000,2.255555556
2080.500000,19.038928127,27.505480208,44.989614244,6.000000,2.245833333
2081.000000,19.043145571,27.499231651,44.990500293,6.000000,2.236111111
2081.500000,19.047362565,27.492982970,44.991386401,6.000000,2.226388889
2082.000000,19.051579108,27.486734167,44.992272567,6.000000,2.216666667
2082.500000,19.055795200,27.480485240,44.993158791,6.000000,2.206944444
2083.000000,19.060010841,27.474236190,44.994045074,6.000000,2.197222222
2083.500000,19.064226032,27.467987017,44.994931414,6.000000,2.187500000
2084.000000,19.068440772,27.461737721,44.995817813,6.000000,2.177777778
2084.500000,19.072655062,27.455488302,44.996704271,6.000000,2.168055556
2085.000000,19.076868902,27.449238760,44.997590787,6.000000,2.158333333
2085.500000,19.081082291,27.442989094,44.998477361,6.000000,2.148611111
2086.000000,19.085295229,27.436739306,44.999363993,6.000000,2.138888889
2086.500000,19.089507718,27.430489394,45.000250683,6.000000,2.129166667
2087.000000,19.093719756,27.424239359,45.001137432,6.000000,2.119444444
2087.500000,19.097931344,27.417989201,45.002024240,6.000000,2.109722222
2088.000000,19.102142482,27.411738920,45.002911105,6.000000,2.100000000
2088.500000,19.106353169,27.405488516,45.003798030,6.000000,2.090277778
2089.000000,19.110563407,27.399237988,45.004685012,6.000000,2.080555556
2089.500000,19.114773194,27.392987338,45.005572053,6.000000,2.070833333
2090.000000,19.118982532,27.386736564,45.006459152,6.000000,2.061111111
2090.500000,19.123191420,27.380485667,45.007346309,6.000000,2.051388889
2091.000000,19.127399858,27.374234646,45.008233525,6.000000,2.041666667
2091.500000,19.131607846,27.367983503,45.009120799,6.000000,2.031944444
2092.000000,19.135815384,27.361732236,45.010008132,6.000000,2.022222222
2092.500000,19.140022472,27.355480846,45.010895523,6.000000,2.012500000
2093.000000,19.144229111,27.349229333,45.011782972,6.000000,2.002777778
2093.500000,19.148435300,27.342977696,45.012670480,6.000000,1.993055556
2094.000000,19.152641040,27.336725936,45.013558047,6.000000,1.983333333
2094.500000,19.156846330,27.330474053,45.014445671,6.000000,1.973611111
2095.000000,19.161051170,27.324222047,45.015333354,6.000000,1.963888889
2095.500000,19.165255561,27.317969917,45.016221096,6.000000,1.954166667
2096.000000,19.169459503,27.311717664,45.017108896,6.000000,1.944444444
2096.500000,19.173662995,27.305465288,45.017996754,6.000000,1.934722222
2097.000000,19.177866038,27.299212789,45.018884671,6.000000,1.925000000
2097.500000,19.182068632,27.292960166,45.019772646,6.000000,1.915277778
2098.000000,19.186270777,27.286707420,45.020660680,6.000000,1.905555556
2098.500000,19.190472472,27.280454550,45.021548772,6.000000,1.895833333
2099.000000,19.194673718,27.274201557,45.022436923,6.000000,1.886111111
2099.500000,19.198874515,27.267948441,45.023325132,6.000000,1.876388889
2100.000000,19.203074864,27.261695201,45.024213400,6.000000,1.866666667
2100.500000,19.207274763,27.255441838,45.025101726,6.000000,1.856944444
2101.000000,19.211474213,27.249188352,45.025990111,6.000000,1.847222222
2101.500000,19.215673214,27.242934742,45.026878554,6.000000,1.837500000
2102.000000,19.219871767,27.236681009,45.027767055,6.000000,1.827777778
2102.500000,19.224069871,27.230427153,45.028655615,6.000000,1.818055556
2103.000000,19.228267526,27.224173173,45.029544234,6.000000,1.808333333
2103.500000,19.232464732,27.217919069,45.030432911,6.000000,1.798611111
2104.000000,19.236661490,27.211664842,45.031321647,6.000000,1.788888889
2104.500000,19.240857799,27.205410492,45.032210441,6.000000,1.779166667
2105.000000,19.245053659,27.199156019,45.033099294,6.000000,1.769444444
2105.500000,19.249249071,27.192901421,45.033988205,6.000000,1.759722222
2106.000000,19.253444035,27.186646701,45.034877175,6.000000,1.750000000
2106.500000,19.257638550,27.180391857,45.035766203,6.000000,1.740277778
2107.000000,19.261832617,27.174136889,45.036655290,6.000000,1.730555556
2107.500000,19.266026235,27.167881798,45.037544436,6.000000,1.720833333
2108.000000,19.270219405,27.161626584,45.038433640,6.000000,1.711111111
2108.500000,19.274412127,27.155371246,45.039322902,6.000000,1.701388889
2109.000000,19.278604401,27.149115784,45.040212224,6.000000,1.691666667
2109.500000,19.282796227,27.142860199,45.041101603,6.000000,1.681944444
2110.000000,19.286987604,27.136604491,45.041991042,6.000000,1.672222222
2110.500000,19.291178534,27.130348659,45.042880539,6.000000,1.662500000
2111.000000,19.295369015,27.124092703,45.043770094,6.000000,1.652777778
2111.500000,19.299559049,27.117836624,45.044659709,6.000000,1.643055556
2112.000000,19.303748635,27.111580421,45.045549381,6.000000,1.633333333
2112.500000,19.307937773,27.105324095,45.046439113,6.000000,1.623611111
2113.000000,19.312126463,27.099067645,45.047328903,6.000000,1.613888889
2113.500000,19.316314705,27.092811071,45.048218752,6.000000,1.604166667
2114.000000,19.320502500,27.086554374,45.049108659,6.000000,1.594444444
2114.500000,19.324689847,27.080297554,45.049998625,6.000000,1.584722222
2115.000000,19.328876746,27.074040609,45.050888650,6.000000,1.575000000
2115.500000,19.333063198,27.067783542,45.051778733,6.000000,1.565277778
2116.000000,19.337249202,27.061526350,45.052668875,6.000000,1.555555556
2116.500000,19.341434759,27.055269035,45.053559075,6.000000,1.545833333
2117.000000,19.345619868,27.049011596,45.054449335,6.000000,1.536111111
2117.500000,19.349804530,27.042754034,45.055339653,6.000000,1.526388889
2118.000000,19.353988745,27.036496348,45.056230029,6.000000,1.516666667
2118.500000,19.358172512,27.030238538,45.057120465,6.000000,1.506944444
2119.000000,19.362355833,27.023980605,45.058010959,6.000000,1.497222222
2119.500000,19.366538706,27.017722548,45.058901511,6.000000,1.487500000
2120.000000,19.370721131,27.011464367,45.059792123,6.000000,1.477777778
2120.500000,19.374903110,27.005206062,45.060682793,6.000000,1.468055556
2121.000000,19.379084642,26.998947634,45.061573522,6.000000,1.458333333
2121.500000,19.383265727,26.992689082,45.062464309,6.000000,1.448611111
2122.000000,19.387446364,26.986430407,45.063355155,6.000000,1.438888889
2122.500000,19.391626555,26.980171607,45.064246060,6.000000,1.429166667
2123.000000,19.395806299,26.973912684,45.065137024,6.000000,1.419444444
2123.500000,19.399985596,26.967653637,45.066028047,6.000000,1.409722222
2124.000000,19.404164447,26.961394467,45.066919128,6.000000,1.400000000
2124.500000,19.408342850,26.955135173,45.067810268,6.000000,1.390277778
2125.000000,19.412520807,26.948875754,45.068701467,6.000000,1.380555556
2125.500000,19.416698318,26.942616213,45.069592724,6.000000,1.370833333
2126.000000,19.420875382,26.936356547,45.070484040,6.000000,1.361111111
2126.500000,19.425051999,26.930096758,45.071375416,6.000000,1.351388889
2127.000000,19.429228170,26.923836844,45.072266849,6.000000,1.341666667
2127.500000,19.433403894,26.917576807,45.073158342,6.000000,1.331944444
2128.000000,19.437579172,26.911316646,45.074049893,6.000000,1.322222222
2128.500000,19.441754004,26.905056362,45.074941504,6.000000,1.312500000
2129.000000,19.445928389,26.898795953,45.075833173,6.000000,1.302777778
2129.500000,19.450102328,26.892535421,45.076724901,6.000000,1.293055556
2130.000000,19.454275821,26.886274764,45.077616687,6.000000,1.283333333
2130.500000,19.458448868,26.880013984,45.078508533,6.000000,1.273611111
2131.000000,19.462621468,26.873753080,45.079400437,6.000000,1.263888889
2131.500000,19.466793623,26.867492053,45.080292400,6.000000,1.254166667
2132.000000,19.470965332,26.861230901,45.081184422,6.000000,1.244444444
2132.500000,19.475136594,26.854969625,45.082076503,6.000000,1.234722222
2133.000000,19.479307411,26.848708226,45.082968643,6.000000,1.225000000
2133.500000,19.483477782,26.842446702,45.083860841,6.000000,1.215277778
2134.000000,19.487647707,26.836185055,45.084753099,6.000000,1.205555556
2134.500000,19.491817186,26.829923284,45.085645415,6.000000,1.195833333
2135.000000,19.495986219,26.823661388,45.086537790,6.000000,1.186111111
2135.500000,19.500154807,26.817399369,45.087430224,6.000000,1.176388889
2136.000000,19.504322949,26.811137226,45.088322717,6.000000,1.166666667
2136.500000,19.508490646,26.804874959,45.089215269,6.000000,1.156944444
2137.000000,19.512657897,26.798612568,45.090107879,6.000000,1.147222222
2137.500000,19.516824702,26.792350053,45.091000549,6.000000,1.137500000
2138.000000,19.520991062,26.786087414,45.091893277,6.000000,1.127777778
2138.500000,19.525156977,26.779824651,45.092786065,6.000000,1.118055556
2139.000000,19.529322446,26.773561764,45.093678911,6.000000,1.108333333
2139.500000,19.533487470,26.767298753,45.094571816,6.000000,1.098611111
2140.000000,19.537652049,26.761035618,45.095464781,6.000000,1.088888889
2140.500000,19.541816182,26.754772359,45.096357804,6.000000,1.079166667
2141.000000,19.545979871,26.748508976,45.097250886,6.000000,1.069444444
2141.500000,19.550143114,26.742245469,45.098144027,6.000000,1.059722222
2142.000000,19.554305912,26.735981838,45.099037227,6.000000,1.050000000
2142.500000,19.558468265,26.729718083,45.099930486,6.000000,1.040277778
2143.000000,19.562630173,26.723454204,45.100823804,6.000000,1.030555556
2143.500000,19.566791636,26.717190200,45.101717180,6.000000,1.020833333
2144.000000,19.570952655,26.710926073,45.102610616,6.000000,1.011111111
2144.500000,19.575113228,26.704661822,45.103504111,6.000000,1.001388889
2145.000000,19.579273357,26.698397446,45.104397665,6.000000,0.991666667
2145.500000,19.583433041,26.692132946,45.105291278,6.000000,0.981944444
2146.000000,19.587592280,26.685868323,45.106184949,6.000000,0.972222222
2146.500000,19.591751074,26.679603575,45.107078680,6.000000,0.962500000
2147.000000,19.595909424,26.673338703,45.107972470,6.000000,0.952777778
2147.500000,19.600067330,26.667073706,45.108866319,6.000000,0.943055556
2148.000000,19.604224790,26.660808586,45.109760227,6.000000,0.933333333
2148.500000,19.608381807,26.654543342,45.110654193,6.000000,0.923611111
2149.000000,19.612538379,26.648277973,45.111548219,6.000000,0.913888889
2149.500000,19.616694506,26.642012480,45.112442304,6.000000,0.904166667
2150.000000,19.620850190,26.635746863,45.113336448,6.000000,0.894444444
2150.500000,19.625005428,26.629481122,45.114230651,6.000000,0.884722222
2151.000000,19.629160223,26.623215257,45.115124913,6.000000,0.875000000
2151.500000,19.633314574,26.616949267,45.116019234,6.000000,0.865277778
2152.000000,19.637468480,26.610683153,45.116913614,6.000000,0.855555556
2152.500000,19.641621942,26.604416915,45.117808054,6.000000,0.845833333
2153.000000,19.645774961,26.598150553,45.118702552,6.000000,0.836111111
2153.500000,19.649927535,26.591884067,45.119597109,6.000000,0.826388889
2154.000000,19.654079665,26.585617456,45.120491726,6.000000,0.816666667
2154.500000,19.658231352,26.579350721,45.121386402,6.000000,0.806944444
2155.000000,19.662382594,26.573083862,45.122281136,6.000000,0.797222222
2155.500000,19.666533393,26.566816878,45.123175930,6.000000,0.787500000
2156.000000,19.670683748,26.560549770,45.124070783,6.000000,0.777777778
2156.500000,19.674833659,26.554282538,45.124965695,6.000000,0.768055556
2157.000000,19.678983126,26.548015182,45.125860666,6.000000,0.758333333
2157.500000,19.683132150,26.541747701,45.126755696,6.000000,0.748611111
2158.000000,19.687280731,26.535480096,45.127650786,6.000000,0.738888889
2158.500000,19.691428867,26.529212367,45.128545934,6.000000,0.729166667
2159.000000,19.695576561,26.522944514,45.129441142,6.000000,0.719444444
2159.500000,19.699723810,26.516676536,45.130336409,6.000000,0.709722222
2160.000000,19.703870617,26.510408433,45.131231735,6.000000,0.700000000
2160.500000,19.708016980,26.504140207,45.132127120,6.000000,0.690277778
2161.000000,19.712162900,26.497871856,45.133022564,6.000000,0.680555556
2161.500000,19.716308376,26.491603380,45.133918068,6.000000,0.670833333
2162.000000,19.720453410,26.485334781,45.134813631,6.000000,0.661111111
2162.500000,19.724598000,26.479066057,45.135709253,6.000000,0.651388889
2163.000000,19.728742147,26.472797208,45.136604934,6.000000,0.641666667
2163.500000,19.732885851,26.466528235,45.137500674,6.000000,0.631944444
2164.000000,19.737029112,26.460259138,45.138396473,6.000000,0.622222222
2164.500000,19.741171930,26.453989916,45.139292332,6.000000,0.612500000
2165.000000,19.745314305,26.447720570,45.140188250,6.000000,0.602777778
2165.500000,19.749456237,26.441451099,45.141084227,6.000000,0.593055556
2166.000000,19.753597726,26.435181504,45.141980263,6.000000,0.583333333
2166.500000,19.757738773,26.428911785,45.142876359,6.000000,0.573611111
2167.000000,19.761879377,26.422641941,45.143772514,6.000000,0.563888889
2167.500000,19.766019538,26.416371973,45.144668728,6.000000,0.554166667
2168.000000,19.770159256,26.410101880,45.145565001,6.000000,0.544444444
2168.500000,19.774298532,26.403831662,45.146461333,6.000000,0.534722222
2169.000000,19.778437365,26.397561320,45.147357725,6.000000,0.525000000
2169.500000,19.782575756,26.391290854,45.148254176,6.000000,0.515277778
2170.000000,19.786713704,26.385020263,45.149150687,6.000000,0.505555556
2170.500000,19.790851210,26.378749548,45.150047256,6.000000,0.495833333
2171.000000,19.794988274,26.372478708,45.150943885,6.000000,0.486111111
2171.500000,19.799124895,26.366207744,45.151840573,6.000000,0.476388889
2172.000000,19.803261074,26.359936655,45.152737321,6.000000,0.466666667
2172.500000,19.807396810,26.353665441,45.153634128,6.000000,0.456944444
2173.000000,19.811532105,26.347394103,45.154530994,6.000000,0.447222222
2173.500000,19.815666957,26.341122640,45.155427919,6.000000,0.437500000
2174.000000,19.819801367,26.334851053,45.156324904,6.000000,0.427777778
2174.500000,19.823935335,26.328579341,45.157221948,6.000000,0.418055556
2175.000000,19.828068862,26.322307505,45.158119051,6.000000,0.408333333
2175.500000,19.832201946,26.316035544,45.159016214,6.000000,0.398611111
2176.000000,19.836334588,26.309763458,45.159913436,6.000000,0.388888889
2176.500000,19.840466789,26.303491248,45.160810717,6.000000,0.379166667
2177.000000,19.844598547,26.297218913,45.161708058,6.000000,0.369444444
2177.500000,19.848729864,26.290946454,45.162605458,6.000000,0.359722222
2178.000000,19.852860739,26.284673870,45.163502917,6.000000,0.350000000
2178.500000,19.856991173,26.278401161,45.164400436,6.000000,0.340277778
2179.000000,19.861121165,26.272128328,45.165298014,6.000000,0.330555556
2179.500000,19.865250715,26.265855370,45.166195652,6.000000,0.320833333
2180.000000,19.869379824,26.259582287,45.167093349,6.000000,0.311111111
2180.500000,19.873508491,26.253309079,45.167991105,6.000000,0.301388889
2181.000000,19.877636717,26.247035747,45.168888921,6.000000,0.291666667
2181.500000,19.881764501,26.240762291,45.169786796,6.000000,0.281944444
2182.000000,19.885891844,26.234488709,45.170684731,6.000000,0.272222222
2182.500000,19.890018746,26.228215003,45.171582725,6.000000,0.262500000
2183.000000,19.894145206,26.221941172,45.172480778,6.000000,0.252777778
2183.500000,19.898271226,26.215667216,45.173378891,6.000000,0.243055556
2184.000000,19.902396804,26.209393136,45.174277063,6.000000,0.233333333
2184.500000,19.906521941,26.203118931,45.175175295,6.000000,0.223611111
2185.000000,19.910646637,26.196844601,45.176073586,6.000000,0.213888889
2185.500000,19.914770892,26.190570146,45.176971936,6.000000,0.204166667
2186.000000,19.918894705,26.184295567,45.177870346,6.000000,0.194444444
2186.500000,19.923018078,26.178020862,45.178768816,6.000000,0.184722222
2187.000000,19.927141011,26.171746033,45.179667345,6.000000,0.175000000
2187.500000,19.931263502,26.165471080,45.180565933,6.000000,0.165277778
2188.000000,19.935385552,26.159196001,45.181464581,6.000000,0.155555556
2188.500000,19.939507162,26.152920798,45.182363288,6.000000,0.145833333
2189.000000,19.943628331,26.146645469,45.183262055,6.000000,0.136111111
2189.500000,19.947749059,26.140370016,45.184160882,6.000000,0.126388889
2190.000000,19.951869347,26.134094438,45.185059767,6.000000,0.116666667
2190.500000,19.955989194,26.127818736,45.185958713,6.000000,0.106944444
2191.000000,19.960108601,26.121542908,45.186857718,6.000000,0.097222222
2191.500000,19.964227567,26.115266956,45.187756782,6.000000,0.087500000
2192.000000,19.968346093,26.108990878,45.188655906,6.000000,0.077777778
2192.500000,19.972464178,26.102714676,45.189555089,6.000000,0.068055556
2193.000000,19.976581823,26.096438349,45.190454332,6.000000,0.058333333
2193.500000,19.980699028,26.090161897,45.191353635,6.000000,0.048611111
2194.000000,19.984815792,26.083885320,45.192252997,6.000000,0.038888889
2194.500000,19.988932117,26.077608618,45.193152418,6.000000,0.029166667
2195.000000,19.993048001,26.071331792,45.194051900,6.000000,0.019444444
2195.500000,19.997163445,26.065054840,45.194951440,6.000000,0.009722222
2196.000000,20.001278449,26.058777763,45.194951440,6.000000,0.000000000
