time_s,temp_c,soc_pct,current_a,heating_kw,remaining_km
0.000000,10.000000000,65.000000000,39.659354086,0.000000,40.000000000
0.500000,9.998600906,64.994491756,39.659681018,0.000000,39.995833333
1.000000,9.997201931,64.988983467,39.660007954,0.000000,39.991666667
1.500000,9.995803073,64.983475133,39.660334896,0.000000,39.987500000
2.000000,9.994404334,64.977966753,39.660661842,0.000000,39.983333333
2.500000,9.993005714,64.972458328,39.660988794,0.000000,39.979166667
3.000000,9.991607212,64.966949857,39.661315752,0.000000,39.975000000
3.500000,9.990208828,64.961441341,39.661642714,0.000000,39.970833333
4.000000,9.988810562,64.955932780,39.661969682,0.000000,39.966666667
4.500000,9.987412415,64.950424173,39.662296654,0.000000,39.962500000
5.000000,9.986014386,64.944915520,39.662623632,0.000000,39.958333333
5.500000,9.984616475,64.939406823,39.662950616,0.000000,39.954166667
6.000000,9.983218683,64.933898079,39.663277604,0.000000,39.950000000
6.500000,9.981821008,64.928389291,39.663604598,0.000000,39.945833333
7.000000,9.980423452,64.922880457,39.663931597,0.000000,39.941666667
7.500000,9.979026015,64.917371578,39.664258601,0.000000,39.937500000
8.000000,9.977628695,64.911862653,39.664585610,0.000000,39.933333333
8.500000,9.976231494,64.906353683,39.664912625,0.000000,39.929166667
9.000000,9.974834411,64.900844667,39.665239644,0.000000,39.925000000
9.500000,9.973437446,64.895335606,39.665566669,0.000000,39.920833333
10.000000,9.972040599,64.889826499,39.665893700,0.000000,39.916666667
10.500000,9.970643870,64.884317347,39.666220735,0.000000,39.912500000
11.000000,9.969247260,64.878808150,39.666547776,0.000000,39.908333333
11.500000,9.967850768,64.873298907,39.666874822,0.000000,39.904166667
12.000000,9.966454394,64.867789619,39.667201873,0.000000,39.900000000
12.500000,9.965058138,64.862280286,39.667528929,0.000000,39.895833333
13.000000,9.963662000,64.856770907,39.667855990,0.000000,39.891666667
13.500000,9.962265980,64.851261482,39.668183057,0.000000,39.887500000
14.000000,9.960870079,64.845752012,39.668510129,0.000000,39.883333333
14.500000,9.959474295,64.840242497,39.668837206,0.000000,39.879166667
15.000000,9.958078630,64.834732936,39.669164288,0.000000,39.875000000
15.500000,9.956683082,64.829223330,39.669491376,0.000000,39.870833333
16.000000,9.955287653,64.823713679,39.669818469,0.000000,39.866666667
16.500000,9.953892342,64.818203982,39.670145567,0.000000,39.862500000
17.000000,9.952497149,64.812694239,39.670472670,0.000000,39.858333333
17.500000,9.951102074,64.807184451,39.670799779,0.000000,39.854166667
18.000000,9.949707117,64.801674618,39.671126892,0.000000,39.850000000
18.500000,9.948312278,64.796164739,39.671454011,0.000000,39.845833333
19.000000,9.946917557,64.790654815,39.671781135,0.000000,39.841666667
19.500000,9.945522953,64.785144845,39.672108265,0.000000,39.837500000
20.000000,9.944128468,64.779634830,39.672435399,0.000000,39.833333333
20.500000,9.942734101,64.774124770,39.672762539,0.000000,39.829166667
21.000000,9.941339852,64.768614664,39.673089684,0.000000,39.825000000
21.500000,9.939945721,64.763104513,39.673416834,0.000000,39.820833333
22.000000,9.938551708,64.757594316,39.673743990,0.000000,39.816666667
22.500000,9.937157813,64.752084074,39.674071151,0.000000,39.812500000
23.000000,9.935764036,64.746573786,39.674398317,0.000000,39.808333333
23.500000,9.934370376,64.741063453,39.674725488,0.000000,39.804166667
24.000000,9.932976835,64.735553074,39.675052664,0.000000,39.800000000
24.500000,9.931583411,64.730042650,39.675379846,0.000000,39.795833333
25.000000,9.930190106,64.724532181,39.675707033,0.000000,39.791666667
25.500000,9.928796918,64.719021666,39.676034225,0.000000,39.787500000
26.000000,9.927403848,64.713511106,39.676361422,0.000000,39.783333333
26.500000,9.926010896,64.708000500,39.676688624,0.000000,39.779166667
27.000000,9.924618062,64.702489849,39.677015832,0.000000,39.775000000
27.500000,9.923225346,64.696979152,39.677343045,0.000000,39.770833333
28.000000,9.921832747,64.691468410,39.677670263,0.000000,39.766666667
28.500000,9.920440267,64.685957623,39.677997487,0.000000,39.762500000
29.000000,9.919047904,64.680446790,39.678324715,0.000000,39.758333333
29.500000,9.917655659,64.674935911,39.678651949,0.000000,39.754166667
30.000000,9.916263532,64.669424987,39.678979188,0.000000,39.750000000
30.500000,9.914871523,64.663914018,39.679306433,0.000000,39.745833333
31.000000,9.913479631,64.658403003,39.679633682,0.000000,39.741666667
31.500000,9.912087857,64.652891943,39.679960937,0.000000,39.737500000
32.000000,9.910696201,64.647380837,39.680288197,0.000000,39.733333333
32.500000,9.909304663,64.641869686,39.680615463,0.000000,39.729166667
33.000000,9.907913242,64.636358489,39.680942733,0.000000,39.725000000
33.500000,9.906521940,64.630847247,39.681270009,0.000000,39.720833333
34.000000,9.905130755,64.625335960,39.681597290,0.000000,39.716666667
34.500000,9.903739687,64.619824627,39.681924576,0.000000,39.712500000
35.000000,9.902348738,64.614313249,39.682251868,0.000000,39.708333333
35.500000,9.900957906,64.608801825,39.682579164,0.000000,39.704166667
36.000000,9.899567191,64.603290355,39.682906466,0.000000,39.700000000
36.500000,9.898176595,64.597778841,39.683233773,0.000000,39.695833333
37.000000,9.896786116,64.592267280,39.683561086,0.000000,39.691666667
37.500000,9.895395755,64.586755675,39.683888403,0.000000,39.687500000
38.000000,9.894005511,64.581244023,39.684215726,0.000000,39.683333333
38.500000,9.892615385,64.575732327,39.684543054,0.000000,39.679166667
39.000000,9.891225377,64.570220585,39.684870388,0.000000,39.675000000
39.500000,9.889835486,64.564708797,39.685197726,0.000000,39.670833333
40.000000,9.888445713,64.559196964,39.685525070,0.000000,39.666666667
40.500000,9.887056058,64.553685086,39.685852419,0.000000,39.662500000
41.000000,9.885666520,64.548173162,39.686179773,0.000000,39.658333333
41.500000,9.884277099,64.542661192,39.686507133,0.000000,39.654166667
42.000000,9.882887797,64.537149177,39.686834498,0.000000,39.650000000
42.500000,9.881498612,64.531637117,39.687161868,0.000000,39.645833333
43.000000,9.880109544,64.526125011,39.687489243,0.000000,39.641666667
43.500000,9.878720594,64.520612860,39.687816623,0.000000,39.637500000
44.000000,9.877331761,64.515100663,39.688144009,0.000000,39.633333333
44.500000,9.875943046,64.509588421,39.688471400,0.000000,39.629166667
45.000000,9.874554449,64.504076133,39.688798796,0.000000,39.625000000
45.500000,9.873165969,64.498563800,39.689126198,0.000000,39.620833333
46.000000,9.871777607,64.493051422,39.689453605,0.000000,39.616666667
46.500000,9.870389362,64.487538997,39.689781017,0.000000,39.612500000
47.000000,9.869001234,64.482026528,39.690108434,0.000000,39.608333333
47.500000,9.867613224,64.476514013,39.690435856,0.000000,39.604166667
48.000000,9.866225332,64.471001452,39.690763284,0.000000,39.600000000
48.500000,9.864837556,64.465488846,39.691090717,0.000000,39.595833333
49.000000,9.863449899,64.459976195,39.691418155,0.000000,39.591666667
49.500000,9.862062359,64.454463498,39.691745598,0.000000,39.587500000
50.000000,9.860674936,64.448950755,39.692073047,0.000000,39.583333333
50.500000,9.859287630,64.443437967,39.692400501,0.000000,39.579166667
51.000000,9.857900442,64.437925134,39.692727960,0.000000,39.575000000
51.500000,9.856513372,64.432412255,39.693055424,0.000000,39.570833333
52.000000,9.855126419,64.426899331,39.693382894,0.000000,39.566666667
52.500000,9.853739583,64.421386361,39.693710369,0.000000,39.562500000
53.000000,9.852352864,64.415873346,39.694037849,0.000000,39.558333333
53.500000,9.850966263,64.410360285,39.694365335,0.000000,39.554166667
54.000000,9.849579779,64.404847178,39.694692825,0.000000,39.550000000
54.500000,9.848193413,64.399334027,39.695020321,0.000000,39.545833333
55.000000,9.846807164,64.393820829,39.695347822,0.000000,39.541666667
55.500000,9.845421032,64.388307587,39.695675329,0.000000,39.537500000
56.000000,9.844035018,64.382794298,39.696002840,0.000000,39.533333333
56.500000,9.842649120,64.377280965,39.696330357,0.000000,39.529166667
57.000000,9.841263341,64.371767585,39.696657879,0.000000,39.525000000
57.500000,9.839877678,64.366254161,39.696985407,0.000000,39.520833333
58.000000,9.838492133,64.360740691,39.697312939,0.000000,39.516666667
58.500000,9.837106705,64.355227175,39.697640477,0.000000,39.512500000
59.000000,9.835721394,64.349713614,39.697968020,0.000000,39.508333333
59.500000,9.834336200,64.344200007,39.698295569,0.000000,39.504166667
60.000000,9.832951124,64.338686355,39.698623122,0.000000,39.500000000
60.500000,9.831566165,64.333172657,39.698950681,0.000000,39.495833333
61.000000,9.830181323,64.327658914,39.699278245,0.000000,39.491666667
61.500000,9.828796598,64.322145125,39.699605815,0.000000,39.487500000
62.000000,9.827411991,64.316631291,39.699933389,0.000000,39.483333333
62.500000,9.826027500,64.311117412,39.700260969,0.000000,39.479166667
63.000000,9.824643127,64.305603487,39.700588555,0.000000,39.475000000
63.500000,9.823258871,64.300089516,39.700916145,0.000000,39.470833333
64.000000,9.821874732,64.294575500,39.701243741,0.000000,39.466666667
64.500000,9.820490711,64.289061438,39.701571342,0.000000,39.462500000
65.000000,9.819106806,64.283547331,39.701898948,0.000000,39.458333333
65.500000,9.817723019,64.278033178,39.702226559,0.000000,39.454166667
66.000000,9.816339349,64.272518980,39.702554176,0.000000,39.450000000
66.500000,9.814955795,64.267004737,39.702881798,0.000000,39.445833333
67.000000,9.813572359,64.261490447,39.703209425,0.000000,39.441666667
67.500000,9.812189040,64.255976113,39.703537058,0.000000,39.437500000
68.000000,9.810805838,64.250461733,39.703864695,0.000000,39.433333333
68.500000,9.809422754,64.244947307,39.704192338,0.000000,39.429166667
69.000000,9.808039786,64.239432836,39.704519987,0.000000,39.425000000
69.500000,9.806656935,64.233918319,39.704847640,0.000000,39.420833333
70.000000,9.805274202,64.228403757,39.705175299,0.000000,39.416666667
70.500000,9.803891585,64.222889149,39.705502963,0.000000,39.412500000
71.000000,9.802509085,64.217374496,39.705830632,0.000000,39.408333333
71.500000,9.801126703,64.211859797,39.706158307,0.000000,39.404166667
72.000000,9.799744437,64.206345053,39.706485987,0.000000,39.400000000
72.500000,9.798362289,64.200830264,39.706813672,0.000000,39.395833333
73.000000,9.796980257,64.195315428,39.707141362,0.000000,39.391666667
73.500000,9.795598342,64.189800548,39.707469058,0.000000,39.387500000
74.000000,9.794216545,64.184285621,39.707796759,0.000000,39.383333333
74.500000,9.792834864,64.178770650,39.708124465,0.000000,39.379166667
75.000000,9.791453300,64.173255632,39.708452176,0.000000,39.375000000
75.500000,9.790071853,64.167740569,39.708779893,0.000000,39.370833333
76.000000,9.788690524,64.162225461,39.709107615,0.000000,39.366666667
76.500000,9.787309311,64.156710307,39.709435342,0.000000,39.362500000
77.000000,9.785928214,64.151195108,39.709763075,0.000000,39.358333333
77.500000,9.784547235,64.145679863,39.710090812,0.000000,39.354166667
78.000000,9.783166373,64.140164573,39.710418555,0.000000,39.350000000
78.500000,9.781785628,64.134649237,39.710746304,0.000000,39.345833333
79.000000,9.780404999,64.129133855,39.711074057,0.000000,39.341666667
79.500000,9.779024488,64.123618428,39.711401816,0.000000,39.337500000
80.000000,9.777644093,64.118102956,39.711729580,0.000000,39.333333333
80.500000,9.776263815,64.112587438,39.712057349,0.000000,39.329166667
81.000000,9.774883654,64.107071874,39.712385124,0.000000,39.325000000
81.500000,9.773503610,64.101556265,39.712712904,0.000000,39.320833333
82.000000,9.772123682,64.096040611,39.713040689,0.000000,39.316666667
82.500000,9.770743871,64.090524911,39.713368479,0.000000,39.312500000
83.000000,9.769364178,64.085009165,39.713696275,0.000000,39.308333333
83.500000,9.767984601,64.079493374,39.714024076,0.000000,39.304166667
84.000000,9.766605140,64.073977537,39.714351882,0.000000,39.300000000
84.500000,9.765225797,64.068461655,39.714679694,0.000000,39.295833333
85.000000,9.763846570,64.062945727,39.715007510,0.000000,39.291666667
85.500000,9.762467460,64.057429754,39.715335332,0.000000,39.287500000
86.000000,9.761088467,64.051913735,39.715663160,0.000000,39.283333333
86.500000,9.759709590,64.046397671,39.715990992,0.000000,39.279166667
87.000000,9.758330830,64.040881561,39.716318830,0.000000,39.275000000
87.500000,9.756952187,64.035365406,39.716646673,0.000000,39.270833333
88.000000,9.755573661,64.029849205,39.716974522,0.000000,39.266666667
88.500000,9.754195251,64.024332958,39.717302375,0.000000,39.262500000
89.000000,9.752816958,64.018816666,39.717630234,0.000000,39.258333333
89.500000,9.751438782,64.013300329,39.717958099,0.000000,39.254166667
90.000000,9.750060722,64.007783946,39.718285968,0.000000,39.250000000
90.500000,9.748682779,64.002267517,39.718613843,0.000000,39.245833333
91.000000,9.747304953,63.996751043,39.718941723,0.000000,39.241666667
91.500000,9.745927243,63.991234523,39.719269608,0.000000,39.237500000
92.000000,9.744549650,63.985717958,39.719597499,0.000000,39.233333333
92.500000,9.743172173,63.980201347,39.719925395,0.000000,39.229166667
93.000000,9.741794814,63.974684691,39.720253296,0.000000,39.225000000
93.500000,9.740417570,63.969167989,39.720581202,0.000000,39.220833333
94.000000,9.739040444,63.963651242,39.720909114,0.000000,39.216666667
94.500000,9.737663433,63.958134449,39.721237031,0.000000,39.212500000
95.000000,9.736286540,63.952617610,39.721564953,0.000000,39.208333333
95.500000,9.734909763,63.947100726,39.721892881,0.000000,39.204166667
96.000000,9.733533103,63.941583797,39.722220814,0.000000,39.200000000
96.500000,9.732156559,63.936066822,39.722548752,0.000000,39.195833333
97.000000,9.730780131,63.930549801,39.722876695,0.000000,39.191666667
97.500000,9.729403820,63.925032735,39.723204644,0.000000,39.187500000
98.000000,9.728027626,63.919515623,39.723532598,0.000000,39.183333333
98.500000,9.726651548,63.913998466,39.723860557,0.000000,39.179166667
99.000000,9.725275587,63.908481263,39.724188522,0.000000,39.175000000
99.500000,9.723899742,63.902964014,39.724516492,0.000000,39.170833333
100.000000,9.722524014,63.897446720,39.724844467,0.000000,39.166666667
100.500000,9.721148402,63.891929381,39.725172447,0.000000,39.162500000
101.000000,9.719772907,63.886411996,39.725500433,0.000000,39.158333333
101.500000,9.718397528,63.880894565,39.725828424,0.000000,39.154166667
102.000000,9.717022265,63.875377089,39.726156420,0.000000,39.150000000
102.500000,9.715647119,63.869859567,39.726484421,0.000000,39.145833333
103.000000,9.714272089,63.864342000,39.726812428,0.000000,39.141666667
103.500000,9.712897176,63.858824387,39.727140440,0.000000,39.137500000
104.000000,9.711522379,63.853306729,39.727468458,0.000000,39.133333333
104.500000,9.710147699,63.847789025,39.727796480,0.000000,39.129166667
105.000000,9.708773135,63.842271275,39.728124508,0.000000,39.125000000
105.500000,9.707398687,63.836753480,39.728452541,0.000000,39.120833333
106.000000,9.706024355,63.831235640,39.728780580,0.000000,39.116666667
106.500000,9.704650140,63.825717753,39.729108624,0.000000,39.112500000
107.000000,9.703276042,63.820199822,39.729436673,0.000000,39.108333333
107.500000,9.701902060,63.814681844,39.729764727,0.000000,39.104166667
108.000000,9.700528194,63.809163822,39.730092787,0.000000,39.100000000
108.500000,9.699154444,63.803645753,39.730420852,0.000000,39.095833333
109.000000,9.697780810,63.798127639,39.730748922,0.000000,39.091666667
109.500000,9.696407293,63.792609480,39.731076997,0.000000,39.087500000
110.000000,9.695033893,63.787091274,39.731405078,0.000000,39.083333333
110.500000,9.693660608,63.781573024,39.731733164,0.000000,39.079166667
111.000000,9.692287440,63.776054727,39.732061256,0.000000,39.075000000
111.500000,9.690914388,63.770536386,39.732389352,0.000000,39.070833333
112.000000,9.689541452,63.765017998,39.732717454,0.000000,39.066666667
112.500000,9.688168633,63.759499565,39.733045562,0.000000,39.062500000
113.000000,9.686795929,63.753981087,39.733373674,0.000000,39.058333333
113.500000,9.685423342,63.748462562,39.733701792,0.000000,39.054166667
114.000000,9.684050872,63.742943993,39.734029915,0.000000,39.050000000
114.500000,9.682678517,63.737425378,39.734358044,0.000000,39.045833333
115.000000,9.681306279,63.731906717,39.734686177,0.000000,39.041666667
115.500000,9.679934156,63.726388010,39.735014317,0.000000,39.037500000
116.000000,9.678562150,63.720869258,39.735342461,0.000000,39.033333333
116.500000,9.677190260,63.715350461,39.735670610,0.000000,39.029166667
117.000000,9.675818487,63.709831618,39.735998765,0.000000,39.025000000
117.500000,9.674446829,63.704312729,39.736326926,0.000000,39.020833333
118.000000,9.673075288,63.698793795,39.736655091,0.000000,39.016666667
118.500000,9.671703862,63.693274815,39.736983262,0.000000,39.012500000
119.000000,9.670332553,63.687755789,39.737311438,0.000000,39.008333333
119.500000,9.668961360,63.682236718,39.737639619,0.000000,39.004166667
120.000000,9.667590283,63.676717602,39.737967806,0.000000,39.000000000
120.500000,9.666219322,63.671198439,39.738295998,0.000000,38.995833333
121.000000,9.664848477,63.665679232,39.738624195,0.000000,38.991666667
121.500000,9.663477748,63.660159978,39.738952398,0.000000,38.987500000
122.000000,9.662107136,63.654640679,39.739280606,0.000000,38.983333333
122.500000,9.660736639,63.649121335,39.739608819,0.000000,38.979166667
123.000000,9.659366259,63.643601945,39.739937038,0.000000,38.975000000
123.500000,9.657995994,63.638082509,39.740265261,0.000000,38.970833333
124.000000,9.656625846,63.632563028,39.740593490,0.000000,38.966666667
124.500000,9.655255813,63.627043501,39.740921725,0.000000,38.962500000
125.000000,9.653885897,63.621523928,39.741249965,0.000000,38.958333333
125.500000,9.652516096,63.616004310,39.741578210,0.000000,38.954166667
126.000000,9.651146411,63.610484647,39.741906460,0.000000,38.950000000
126.500000,9.649776843,63.604964937,39.742234715,0.000000,38.945833333
127.000000,9.648407390,63.599445183,39.742562976,0.000000,38.941666667
127.500000,9.647038054,63.593925382,39.742891243,0.000000,38.937500000
128.000000,9.645668833,63.588405536,39.743219514,0.000000,38.933333333
128.500000,9.644299728,63.582885645,39.743547791,0.000000,38.929166667
129.000000,9.642930740,63.577365707,39.743876073,0.000000,38.925000000
129.500000,9.641561867,63.571845725,39.744204360,0.000000,38.920833333
130.000000,9.640193110,63.566325696,39.744532653,0.000000,38.916666667
130.500000,9.638824469,63.560805622,39.744860951,0.000000,38.912500000
131.000000,9.637455944,63.555285503,39.745189254,0.000000,38.908333333
131.500000,9.636087534,63.549765337,39.745517563,0.000000,38.904166667
132.000000,9.634719241,63.544245127,39.745845877,0.000000,38.900000000
132.500000,9.633351063,63.538724870,39.746174196,0.000000,38.895833333
133.000000,9.631983002,63.533204568,39.746502521,0.000000,38.891666667
133.500000,9.630615056,63.527684221,39.746830851,0.000000,38.887500000
134.000000,9.629247226,63.522163828,39.747159186,0.000000,38.883333333
134.500000,9.627879512,63.516643389,39.747487526,0.000000,38.879166667
135.000000,9.626511913,63.511122904,39.747815872,0.000000,38.875000000
135.500000,9.625144431,63.505602374,39.748144223,0.000000,38.870833333
136.000000,9.623777064,63.500081799,39.748472580,0.000000,38.866666667
136.500000,9.622409813,63.494561178,39.748800941,0.000000,38.862500000
137.000000,9.621042678,63.489040511,39.749129309,0.000000,38.858333333
137.500000,9.619675659,63.483519799,39.749457681,0.000000,38.854166667
138.000000,9.618308755,63.477999041,39.749786059,0.000000,38.850000000
138.500000,9.616941967,63.472478237,39.750114441,0.000000,38.845833333
139.000000,9.615575295,63.466957388,39.750442830,0.000000,38.841666667
139.500000,9.614208739,63.461436493,39.750771223,0.000000,38.837500000
140.000000,9.612842298,63.455915552,39.751099622,0.000000,38.833333333
140.500000,9.611475973,63.450394566,39.751428026,0.000000,38.829166667
141.000000,9.610109764,63.444873535,39.751756436,0.000000,38.825000000
141.500000,9.608743670,63.439352457,39.752084851,0.000000,38.820833333
142.000000,9.607377692,63.433831334,39.752413271,0.000000,38.816666667
142.500000,9.606011830,63.428310166,39.752741696,0.000000,38.812500000
143.000000,9.604646084,63.422788952,39.753070127,0.000000,38.808333333
143.500000,9.603280453,63.417267692,39.753398563,0.000000,38.804166667
144.000000,9.601914938,63.411746387,39.753727005,0.000000,38.800000000
144.500000,9.600549538,63.406225036,39.754055452,0.000000,38.795833333
145.000000,9.599184254,63.400703639,39.754383904,0.000000,38.791666667
145.500000,9.597819086,63.395182197,39.754712361,0.000000,38.787500000
146.000000,9.596454033,63.389660709,39.755040824,0.000000,38.783333333
146.500000,9.595089096,63.384139176,39.755369292,0.000000,38.779166667
147.000000,9.593724275,63.378617597,39.755697765,0.000000,38.775000000
147.500000,9.592359569,63.373095972,39.756026244,0.000000,38.770833333
148.000000,9.590994978,63.367574302,39.756354728,0.000000,38.766666667
148.500000,9.589630504,63.362052586,39.756683217,0.000000,38.762500000
149.000000,9.588266144,63.356530824,39.757011711,0.000000,38.758333333
149.500000,9.586901901,63.351009017,39.757340211,0.000000,38.754166667
150.000000,9.585537773,63.345487164,39.757668717,0.000000,38.750000000
150.500000,9.584173760,63.339965266,39.757997227,0.000000,38.745833333
151.000000,9.582809863,63.334443322,39.758325743,0.000000,38.741666667
151.500000,9.581446081,63.328921332,39.758654264,0.000000,38.737500000
152.000000,9.580082415,63.323399297,39.758982791,0.000000,38.733333333
152.500000,9.578718865,63.317877216,39.759311322,0.000000,38.729166667
153.000000,9.577355430,63.312355089,39.759639860,0.000000,38.725000000
153.500000,9.575992110,63.306832917,39.759968402,0.000000,38.720833333
154.000000,9.574628906,63.301310699,39.760296950,0.000000,38.716666667
154.500000,9.573265817,63.295788436,39.760625503,0.000000,38.712500000
155.000000,9.571902844,63.290266127,39.760954061,0.000000,38.708333333
155.500000,9.570539986,63.284743772,39.761282625,0.000000,38.704166667
156.000000,9.569177244,63.279221371,39.761611194,0.000000,38.700000000
156.500000,9.567814617,63.273698925,39.761939769,0.000000,38.695833333
157.000000,9.566452105,63.268176434,39.762268349,0.000000,38.691666667
157.500000,9.565089709,63.262653897,39.762596934,0.000000,38.687500000
158.000000,9.563727428,63.257131314,39.762925524,0.000000,38.683333333
158.500000,9.562365263,63.251608685,39.763254120,0.000000,38.679166667
159.000000,9.561003213,63.246086011,39.763582721,0.000000,38.675000000
159.500000,9.559641278,63.240563291,39.763911327,0.000000,38.670833333
160.000000,9.558279459,63.235040526,39.764239939,0.000000,38.666666667
160.500000,9.556917755,63.229517715,39.764568556,0.000000,38.662500000
161.000000,9.555556166,63.223994858,39.764897178,0.000000,38.658333333
161.500000,9.554194693,63.218471955,39.765225806,0.000000,38.654166667
162.000000,9.552833335,63.212949007,39.765554439,0.000000,38.650000000
162.500000,9.551472092,63.207426014,39.765883077,0.000000,38.645833333
163.000000,9.550110965,63.201902974,39.766211721,0.000000,38.641666667
163.500000,9.548749953,63.196379889,39.766540370,0.000000,38.637500000
164.000000,9.547389056,63.190856759,39.766869024,0.000000,38.633333333
164.500000,9.546028274,63.185333583,39.767197684,0.000000,38.629166667
165.000000,9.544667608,63.179810361,39.767526349,0.000000,38.625000000
165.500000,9.543307057,63.174287093,39.767855019,0.000000,38.620833333
166.000000,9.541946621,63.168763780,39.768183695,0.000000,38.616666667
166.500000,9.540586300,63.163240421,39.768512376,0.000000,38.612500000
167.000000,9.539226095,63.157717017,39.768841062,0.000000,38.608333333
167.500000,9.537866005,63.152193566,39.769169754,0.000000,38.604166667
168.000000,9.536506030,63.146670071,39.769498451,0.000000,38.600000000
168.500000,9.535146170,63.141146529,39.769827153,0.000000,38.595833333
169.000000,9.533786426,63.135622942,39.770155861,0.000000,38.591666667
169.500000,9.532426796,63.130099309,39.770484574,0.000000,38.587500000
170.000000,9.531067282,63.124575631,39.770813292,0.000000,38.583333333
170.500000,9.529707883,63.119051907,39.771142016,0.000000,38.579166667
171.000000,9.528348599,63.113528137,39.771470745,0.000000,38.575000000
171.500000,9.526989430,63.108004322,39.771799479,0.000000,38.570833333
172.000000,9.525630376,63.102480461,39.772128219,0.000000,38.566666667
172.500000,9.524271438,63.096956554,39.772456964,0.000000,38.562500000
173.000000,9.522912614,63.091432602,39.772785714,0.000000,38.558333333
173.500000,9.521553906,63.085908604,39.773114470,0.000000,38.554166667
174.000000,9.520195313,63.080384560,39.773443231,0.000000,38.550000000
174.500000,9.518836835,63.074860471,39.773771997,0.000000,38.545833333
175.000000,9.517478472,63.069336336,39.774100769,0.000000,38.541666667
175.500000,9.516120223,63.063812155,39.774429546,0.000000,38.537500000
176.000000,9.514762090,63.058287929,39.774758328,0.000000,38.533333333
176.500000,9.513404073,63.052763657,39.775087116,0.000000,38.529166667
177.000000,9.512046170,63.047239339,39.775415909,0.000000,38.525000000
177.500000,9.510688382,63.041714976,39.775744708,0.000000,38.520833333
178.000000,9.509330709,63.036190567,39.776073511,0.000000,38.516666667
178.500000,9.507973151,63.030666112,39.776402320,0.000000,38.512500000
179.000000,9.506615708,63.025141612,39.776731135,0.000000,38.508333333
179.500000,9.505258380,63.019617066,39.777059955,0.000000,38.504166667
180.000000,9.503901167,63.014092474,39.777388780,0.000000,38.500000000
180.500000,9.502544069,63.008567837,39.777717610,0.000000,38.495833333
181.000000,9.501187086,63.003043154,39.778046446,0.000000,38.491666667
181.500000,9.499830218,62.997518425,39.778375287,0.000000,38.487500000
182.000000,9.498473465,62.991993651,39.778704134,0.000000,38.483333333
182.500000,9.497116827,62.986468831,39.779032985,0.000000,38.479166667
183.000000,9.495760304,62.980943965,39.779361842,0.000000,38.475000000
183.500000,9.494403896,62.975419054,39.779690705,0.000000,38.470833333
184.000000,9.493047602,62.969894097,39.780019573,0.000000,38.466666667
184.500000,9.491691424,62.964369094,39.780348446,0.000000,38.462500000
185.000000,9.490335360,62.958844045,39.780677325,0.000000,38.458333333
185.500000,9.488979411,62.953318951,39.781006208,0.000000,38.454166667
186.000000,9.487623577,62.947793812,39.781335098,0.000000,38.450000000
186.500000,9.486267858,62.942268626,39.781663992,0.000000,38.445833333
187.000000,9.484912254,62.936743395,39.781992892,0.000000,38.441666667
187.500000,9.483556765,62.931218118,39.782321798,0.000000,38.437500000
188.000000,9.482201390,62.925692796,39.782650708,0.000000,38.433333333
188.500000,9.480846131,62.920167428,39.782979624,0.000000,38.429166667
189.000000,9.479490986,62.914642014,39.783308545,0.000000,38.425000000
189.500000,9.478135956,62.909116554,39.783637472,0.000000,38.420833333
190.000000,9.476781041,62.903591049,39.783966404,0.000000,38.416666667
190.500000,9.475426240,62.898065498,39.784295342,0.000000,38.412500000
191.000000,9.474071554,62.892539902,39.784624284,0.000000,38.408333333
191.500000,9.472716983,62.887014259,39.784953232,0.000000,38.404166667
192.000000,9.471362527,62.881488571,39.785282186,0.000000,38.400000000
192.500000,9.470008186,62.875962838,39.785611145,0.000000,38.395833333
193.000000,9.468653959,62.870437058,39.785940109,0.000000,38.391666667
193.500000,9.467299847,62.864911233,39.786269078,0.000000,38.387500000
194.000000,9.465945850,62.859385363,39.786598053,0.000000,38.383333333
194.500000,9.464591967,62.853859446,39.786927033,0.000000,38.379166667
195.000000,9.463238199,62.848333484,39.787256019,0.000000,38.375000000
195.500000,9.461884546,62.842807476,39.787585010,0.000000,38.370833333
196.000000,9.460531008,62.837281423,39.787914006,0.000000,38.366666667
196.500000,9.459177584,62.831755324,39.788243007,0.000000,38.362500000
197.000000,9.457824275,62.826229179,39.788572014,0.000000,38.358333333
197.500000,9.456471080,62.820702988,39.788901027,0.000000,38.354166667
198.000000,9.455118000,62.815176752,39.789230044,0.000000,38.350000000
198.500000,9.453765035,62.809650470,39.789559067,0.000000,38.345833333
199.000000,9.452412185,62.804124143,39.789888096,0.000000,38.341666667
199.500000,9.451059449,62.798597769,39.790217130,0.000000,38.337500000
200.000000,9.449706827,62.793071350,39.790546169,0.000000,38.333333333
200.500000,9.448354320,62.787544885,39.790875213,0.000000,38.329166667
201.000000,9.447001928,62.782018375,39.791204263,0.000000,38.325000000
201.500000,9.445649651,62.776491819,39.791533318,0.000000,38.320833333
202.000000,9.444297488,62.770965217,39.791862379,0.000000,38.316666667
202.500000,9.442945439,62.765438569,39.792191444,0.000000,38.312500000
203.000000,9.441593505,62.759911876,39.792520516,0.000000,38.308333333
203.500000,9.440241686,62.754385137,39.792849592,0.000000,38.304166667
204.000000,9.438889981,62.748858353,39.793178674,0.000000,38.300000000
204.500000,9.437538391,62.743331522,39.793507762,0.000000,38.295833333
205.000000,9.436186915,62.737804646,39.793836854,0.000000,38.291666667
205.500000,9.434835554,62.732277724,39.794165952,0.000000,38.287500000
206.000000,9.433484307,62.726750757,39.794495056,0.000000,38.283333333
206.500000,9.432133175,62.721223744,39.794824165,0.000000,38.279166667
207.000000,9.430782157,62.715696685,39.795153279,0.000000,38.275000000
207.500000,9.429431253,62.710169580,39.795482398,0.000000,38.270833333
208.000000,9.428080464,62.704642430,39.795811523,0.000000,38.266666667
208.500000,9.426729790,62.699115234,39.796140653,0.000000,38.262500000
209.000000,9.425379230,62.693587992,39.796469789,0.000000,38.258333333
209.500000,9.424028784,62.688060704,39.796798930,0.000000,38.254166667
210.000000,9.422678453,62.682533371,39.797128076,0.000000,38.250000000
210.500000,9.421328236,62.677005992,39.797457228,0.000000,38.245833333
211.000000,9.419978134,62.671478568,39.797786385,0.000000,38.241666667
211.500000,9.418628146,62.665951097,39.798115547,0.000000,38.237500000
212.000000,9.417278273,62.660423581,39.798444715,0.000000,38.233333333
212.500000,9.415928513,62.654896020,39.798773888,0.000000,38.229166667
213.000000,9.414578869,62.649368412,39.799103067,0.000000,38.225000000
213.500000,9.413229338,62.643840759,39.799432251,0.000000,38.220833333
214.000000,9.411879922,62.638313060,39.799761440,0.000000,38.216666667
214.500000,9.410530620,62.632785315,39.800090634,0.000000,38.212500000
215.000000,9.409181433,62.627257525,39.800419834,0.000000,38.208333333
215.500000,9.407832360,62.621729689,39.800749040,0.000000,38.204166667
216.000000,9.406483401,62.616201807,39.801078250,0.000000,38.200000000
216.500000,9.405134556,62.610673880,39.801407467,0.000000,38.195833333
217.000000,9.403785826,62.605145906,39.801736688,0.000000,38.191666667
217.500000,9.402437210,62.599617887,39.802065915,0.000000,38.187500000
218.000000,9.401088708,62.594089823,39.802395147,0.000000,38.183333333
218.500000,9.399740321,62.588561712,39.802724385,0.000000,38.179166667
219.000000,9.398392048,62.583033556,39.803053628,0.000000,38.175000000
219.500000,9.397043889,62.577505354,39.803382876,0.000000,38.170833333
220.000000,9.395695844,62.571977106,39.803712130,0.000000,38.166666667
220.500000,9.394347914,62.566448813,39.804041389,0.000000,38.162500000
221.000000,9.393000098,62.560920474,39.804370653,0.000000,38.158333333
221.500000,9.391652396,62.555392089,39.804699923,0.000000,38.154166667
222.000000,9.390304808,62.549863659,39.805029198,0.000000,38.150000000
222.500000,9.388957334,62.544335182,39.805358479,0.000000,38.145833333
223.000000,9.387609975,62.538806660,39.805687764,0.000000,38.141666667
223.500000,9.386262730,62.533278093,39.806017056,0.000000,38.137500000
224.000000,9.384915598,62.527749479,39.806346352,0.000000,38.133333333
224.500000,9.383568582,62.522220820,39.806675655,0.000000,38.129166667
225.000000,9.382221679,62.516692115,39.807004962,0.000000,38.125000000
225.500000,9.380874890,62.511163364,39.807334275,0.000000,38.120833333
226.000000,9.379528216,62.505634568,39.807663593,0.000000,38.116666667
226.500000,9.378181655,62.500105726,39.807992916,0.000000,38.112500000
227.000000,9.376835209,62.494576838,39.808322245,0.000000,38.108333333
227.500000,9.375488877,62.489047904,39.808651580,0.000000,38.104166667
228.000000,9.374142658,62.483518925,39.808980919,0.000000,38.100000000
228.500000,9.372796554,62.477989900,39.809310264,0.000000,38.095833333
229.000000,9.371450564,62.472460829,39.809639615,0.000000,38.091666667
229.500000,9.370104689,62.466931712,39.809968971,0.000000,38.087500000
230.000000,9.368758927,62.461402550,39.810298332,0.000000,38.083333333
230.500000,9.367413279,62.455873342,39.810627699,0.000000,38.079166667
231.000000,9.366067745,62.450344088,39.810957071,0.000000,38.075000000
231.500000,9.364722325,62.444814788,39.811286448,0.000000,38.070833333
232.000000,9.363377020,62.439285443,39.811615831,0.000000,38.066666667
232.500000,9.362031828,62.433756052,39.811945219,0.000000,38.062500000
233.000000,9.360686750,62.428226615,39.812274612,0.000000,38.058333333
233.500000,9.359341786,62.422697132,39.812604011,0.000000,38.054166667
234.000000,9.357996937,62.417167604,39.812933415,0.000000,38.050000000
234.500000,9.356652201,62.411638030,39.813262825,0.000000,38.045833333
235.000000,9.355307579,62.406108410,39.813592240,0.000000,38.041666667
235.500000,9.353963071,62.400578745,39.813921660,0.000000,38.037500000
236.000000,9.352618677,62.395049033,39.814251086,0.000000,38.033333333
236.500000,9.351274397,62.389519276,39.814580517,0.000000,38.029166667
237.000000,9.349930231,62.383989473,39.814909954,0.000000,38.025000000
237.500000,9.348586179,62.378459625,39.815239396,0.000000,38.020833333
238.000000,9.347242241,62.372929730,39.815568843,0.000000,38.016666667
238.500000,9.345898416,62.367399790,39.815898296,0.000000,38.012500000
239.000000,9.344554706,62.361869804,39.816227754,0.000000,38.008333333
239.500000,9.343211109,62.356339773,39.816557217,0.000000,38.004166667
240.000000,9.341867626,62.350809695,58.494183091,0.000000,38.000000000
240.500000,9.340175142,62.342685503,58.494892627,0.000000,37.991666667
241.000000,9.338482841,62.334561213,58.495602182,0.000000,37.983333333
241.500000,9.336790722,62.326436823,58.496311757,0.000000,37.975000000
242.000000,9.335098786,62.318312336,58.497021351,0.000000,37.966666667
242.500000,9.333407032,62.310187749,58.497730964,0.000000,37.958333333
243.000000,9.331715462,62.302063064,58.498440596,0.000000,37.950000000
243.500000,9.330024074,62.293938281,58.499150247,0.000000,37.941666667
244.000000,9.328332869,62.285813399,58.499859918,0.000000,37.933333333
244.500000,9.326641846,62.277688419,58.500569608,0.000000,37.925000000
245.000000,9.324951006,62.269563339,58.501279317,0.000000,37.916666667
245.500000,9.323260349,62.261438162,58.501989045,0.000000,37.908333333
246.000000,9.321569874,62.253312886,58.502698793,0.000000,37.900000000
246.500000,9.319879582,62.245187511,58.503408559,0.000000,37.891666667
247.000000,9.318189473,62.237062037,58.504118345,0.000000,37.883333333
247.500000,9.316499546,62.228936465,58.504828151,0.000000,37.875000000
248.000000,9.314809801,62.220810795,58.505537975,0.000000,37.866666667
248.500000,9.313120239,62.212685026,58.506247819,0.000000,37.858333333
249.000000,9.311430860,62.204559158,58.506957682,0.000000,37.850000000
249.500000,9.309741663,62.196433191,58.507667564,0.000000,37.841666667
250.000000,9.308052648,62.188307126,58.508377466,0.000000,37.833333333
250.500000,9.306363816,62.180180963,58.509087386,0.000000,37.825000000
251.000000,9.304675166,62.172054701,58.509797326,0.000000,37.816666667
251.500000,9.302986699,62.163928340,58.510507285,0.000000,37.808333333
252.000000,9.301298414,62.155801881,58.511217264,0.000000,37.800000000
252.500000,9.299610311,62.147675323,58.511927262,0.000000,37.791666667
253.000000,9.297922391,62.139548666,58.512637279,0.000000,37.783333333
253.500000,9.296234653,62.131421911,58.513347315,0.000000,37.775000000
254.000000,9.294547098,62.123295057,58.514057370,0.000000,37.766666667
254.500000,9.292859725,62.115168105,58.514767445,0.000000,37.758333333
255.000000,9.291172534,62.107041054,58.515477539,0.000000,37.750000000
255.500000,9.289485525,62.098913904,58.516187652,0.000000,37.741666667
256.000000,9.287798698,62.090786656,58.516897785,0.000000,37.733333333
256.500000,9.286112054,62.082659309,58.517607937,0.000000,37.725000000
257.000000,9.284425592,62.074531863,58.518318108,0.000000,37.716666667
257.500000,9.282739312,62.066404319,58.519028298,0.000000,37.708333333
258.000000,9.281053214,62.058276676,58.519738508,0.000000,37.700000000
258.500000,9.279367299,62.050148935,58.520448737,0.000000,37.691666667
259.000000,9.277681565,62.042021095,58.521158985,0.000000,37.683333333
259.500000,9.275996014,62.033893156,58.521869252,0.000000,37.675000000
260.000000,9.274310645,62.025765119,58.522579539,0.000000,37.666666667
260.500000,9.272625458,62.017636983,58.523289845,0.000000,37.658333333
261.000000,9.270940453,62.009508748,58.524000170,0.000000,37.650000000
261.500000,9.269255630,62.001380415,58.524710515,0.000000,37.641666667
262.000000,9.267570989,61.993251983,58.525420879,0.000000,37.633333333
262.500000,9.265886530,61.985123452,58.526131262,0.000000,37.625000000
263.000000,9.264202253,61.976994823,58.526841664,0.000000,37.616666667
263.500000,9.262518158,61.968866095,58.527552086,0.000000,37.608333333
264.000000,9.260834245,61.960737268,58.528262527,0.000000,37.600000000
264.500000,9.259150513,61.952608343,58.528972987,0.000000,37.591666667
265.000000,9.257466964,61.944479318,58.529683466,0.000000,37.583333333
265.500000,9.255783597,61.936350196,58.530393965,0.000000,37.575000000
266.000000,9.254100411,61.928220974,58.531104483,0.000000,37.566666667
266.500000,9.252417408,61.920091654,58.531815021,0.000000,37.558333333
267.000000,9.250734586,61.911962236,58.532525578,0.000000,37.550000000
267.500000,9.249051946,61.903832718,58.533236154,0.000000,37.541666667
268.000000,9.247369488,61.895703102,58.533946749,0.000000,37.533333333
268.500000,9.245687212,61.887573387,58.534657364,0.000000,37.525000000
269.000000,9.244005117,61.879443574,58.535367998,0.000000,37.516666667
269.500000,9.242323205,61.871313661,58.536078651,0.000000,37.508333333
270.000000,9.240641474,61.863183651,58.536789323,0.000000,37.500000000
270.500000,9.238959924,61.855053541,58.537500015,0.000000,37.491666667
271.000000,9.237278557,61.846923333,58.538210726,0.000000,37.483333333
271.500000,9.235597371,61.838793026,58.538921457,0.000000,37.475000000
272.000000,9.233916367,61.830662620,58.539632207,0.000000,37.466666667
272.500000,9.232235544,61.822532115,58.540342976,0.000000,37.458333333
273.000000,9.230554903,61.814401512,58.541053764,0.000000,37.450000000
273.500000,9.228874444,61.806270810,58.541764572,0.000000,37.441666667
274.000000,9.227194166,61.798140010,58.542475399,0.000000,37.433333333
274.500000,9.225514070,61.790009110,58.543186246,0.000000,37.425000000
275.000000,9.223834155,61.781878112,58.543897111,0.000000,37.416666667
275.500000,9.222154422,61.773747015,58.544607996,0.000000,37.408333333
276.000000,9.220474871,61.765615820,58.545318901,0.000000,37.400000000
276.500000,9.218795501,61.757484525,58.546029824,0.000000,37.391666667
277.000000,9.217116312,61.749353132,58.546740767,0.000000,37.383333333
277.500000,9.215437305,61.741221641,58.547451730,0.000000,37.375000000
278.000000,9.213758480,61.733090050,58.548162711,0.000000,37.366666667
278.500000,9.212079835,61.724958361,58.548873712,0.000000,37.358333333
279.000000,9.210401373,61.716826573,58.549584733,0.000000,37.350000000
279.500000,9.208723091,61.708694686,58.550295772,0.000000,37.341666667
280.000000,9.207044991,61.700562701,58.551006832,0.000000,37.333333333
280.500000,9.205367073,61.692430616,58.551717910,0.000000,37.325000000
281.000000,9.203689336,61.684298433,58.552429008,0.000000,37.316666667
281.500000,9.202011780,61.676166151,58.553140125,0.000000,37.308333333
282.000000,9.200334405,61.668033771,58.553851261,0.000000,37.300000000
282.500000,9.198657212,61.659901291,58.554562417,0.000000,37.291666667
283.000000,9.196980200,61.651768713,58.555273592,0.000000,37.283333333
283.500000,9.195303369,61.643636036,58.555984786,0.000000,37.275000000
284.000000,9.193626720,61.635503261,58.556696000,0.000000,37.266666667
284.500000,9.191950251,61.627370386,58.557407233,0.000000,37.258333333
285.000000,9.190273964,61.619237413,58.558118486,0.000000,37.250000000
285.500000,9.188597858,61.611104341,58.558829758,0.000000,37.241666667
286.000000,9.186921934,61.602971170,58.559541049,0.000000,37.233333333
286.500000,9.185246190,61.594837901,58.560252359,0.000000,37.225000000
287.000000,9.183570628,61.586704532,58.560963689,0.000000,37.216666667
287.500000,9.181895246,61.578571065,58.561675039,0.000000,37.208333333
288.000000,9.180220046,61.570437499,58.562386407,0.000000,37.200000000
288.500000,9.178545027,61.562303834,58.563097795,0.000000,37.191666667
289.000000,9.176870189,61.554170071,58.563809203,0.000000,37.183333333
289.500000,9.175195532,61.546036208,58.564520630,0.000000,37.175000000
290.000000,9.173521056,61.537902247,58.565232076,0.000000,37.166666667
290.500000,9.171846761,61.529768187,58.565943541,0.000000,37.158333333
291.000000,9.170172647,61.521634028,58.566655026,0.000000,37.150000000
291.500000,9.168498714,61.513499771,58.567366530,0.000000,37.141666667
292.000000,9.166824962,61.505365414,58.568078054,0.000000,37.133333333
292.500000,9.165151391,61.497230959,58.568789597,0.000000,37.125000000
293.000000,9.163478001,61.489096405,58.569501159,0.000000,37.116666667
293.500000,9.161804791,61.480961752,58.570212741,0.000000,37.108333333
294.000000,9.160131763,61.472827000,58.570924342,0.000000,37.100000000
294.500000,9.158458916,61.464692150,58.571635963,0.000000,37.091666667
295.000000,9.156786249,61.456557200,58.572347603,0.000000,37.083333333
295.500000,9.155113763,61.448422152,58.573059262,0.000000,37.075000000
296.000000,9.153441458,61.440287005,58.573770941,0.000000,37.066666667
296.500000,9.151769334,61.432151759,58.574482639,0.000000,37.058333333
297.000000,9.150097390,61.424016414,58.575194356,0.000000,37.050000000
297.500000,9.148425628,61.415880970,58.575906093,0.000000,37.041666667
298.000000,9.146754046,61.407745428,58.576617849,0.000000,37.033333333
298.500000,9.145082645,61.399609786,58.577329625,0.000000,37.025000000
299.000000,9.143411424,61.391474046,58.578041420,0.000000,37.016666667
299.500000,9.141740384,61.383338207,58.578753235,0.000000,37.008333333
300.000000,9.140069525,61.375202269,58.579465068,0.000000,37.000000000
300.500000,9.138398847,61.367066232,58.580176922,0.000000,36.991666667
301.000000,9.136728349,61.358930097,58.580888794,0.000000,36.983333333
301.500000,9.135058032,61.350793862,58.581600686,0.000000,36.975000000
302.000000,9.133387895,61.342657529,58.582312598,0.000000,36.966666667
302.500000,9.131717939,61.334521096,58.583024529,0.000000,36.958333333
303.000000,9.130048164,61.326384565,58.583736479,0.000000,36.950000000
303.500000,9.128378569,61.318247935,58.584448449,0.000000,36.941666667
304.000000,9.126709154,61.310111206,58.585160438,0.000000,36.933333333
304.500000,9.125039920,61.301974378,58.585872446,0.000000,36.925000000
305.000000,9.123370867,61.293837452,58.586584474,0.000000,36.916666667
305.500000,9.121701994,61.285700426,58.587296522,0.000000,36.908333333
306.000000,9.120033302,61.277563301,58.588008589,0.000000,36.900000000
306.500000,9.118364790,61.269426078,58.588720675,0.000000,36.891666667
307.000000,9.116696458,61.261288756,58.589432780,0.000000,36.883333333
307.500000,9.115028307,61.253151335,58.590144905,0.000000,36.875000000
308.000000,9.113360336,61.245013814,58.590857050,0.000000,36.866666667
308.500000,9.111692546,61.236876195,58.591569214,0.000000,36.858333333
309.000000,9.110024936,61.228738477,58.592281397,0.000000,36.850000000
309.500000,9.108357506,61.220600661,58.592993600,0.000000,36.841666667
310.000000,9.106690257,61.212462745,58.593705822,0.000000,36.833333333
310.500000,9.105023188,61.204324730,58.594418064,0.000000,36.825000000
311.000000,9.103356299,61.196186616,58.595130325,0.000000,36.816666667
311.500000,9.101689591,61.188048404,58.595842605,0.000000,36.808333333
312.000000,9.100023062,61.179910092,58.596554905,0.000000,36.800000000
312.500000,9.098356714,61.171771682,58.597267225,0.000000,36.791666667
313.000000,9.096690546,61.163633173,58.597979564,0.000000,36.783333333
313.500000,9.095024559,61.155494564,58.598691922,0.000000,36.775000000
314.000000,9.093358751,61.147355857,58.599404300,0.000000,36.766666667
314.500000,9.091693124,61.139217051,58.600116697,0.000000,36.758333333
315.000000,9.090027677,61.131078146,58.600829113,0.000000,36.750000000
315.500000,9.088362410,61.122939142,58.601541549,0.000000,36.741666667
316.000000,9.086697323,61.114800039,58.602254005,0.000000,36.733333333
316.500000,9.085032416,61.106660837,58.602966480,0.000000,36.725000000
317.000000,9.083367690,61.098521536,58.603678974,0.000000,36.716666667
317.500000,9.081703143,61.090382136,58.604391488,0.000000,36.708333333
318.000000,9.080038776,61.082242637,58.605104022,0.000000,36.700000000
318.500000,9.078374590,61.074103040,58.605816574,0.000000,36.691666667
319.000000,9.076710583,61.065963343,58.606529147,0.000000,36.683333333
319.500000,9.075046756,61.057823547,58.607241738,0.000000,36.675000000
320.000000,9.073383110,61.049683652,58.607954349,0.000000,36.666666667
320.500000,9.071719643,61.041543659,58.608666980,0.000000,36.658333333
321.000000,9.070056356,61.033403566,58.609379630,0.000000,36.650000000
321.500000,9.068393249,61.025263375,58.610092300,0.000000,36.641666667
322.000000,9.066730322,61.017123084,58.610804989,0.000000,36.633333333
322.500000,9.065067575,61.008982694,58.611517697,0.000000,36.625000000
323.000000,9.063405008,61.000842206,58.612230425,0.000000,36.616666667
323.500000,9.061742621,60.992701618,58.612943173,0.000000,36.608333333
324.000000,9.060080413,60.984560932,58.613655940,0.000000,36.600000000
324.500000,9.058418385,60.976420146,58.614368726,0.000000,36.591666667
325.000000,9.056756537,60.968279262,58.615081532,0.000000,36.583333333
325.500000,9.055094869,60.960138278,58.615794357,0.000000,36.575000000
326.000000,9.053433381,60.951997196,58.616507202,0.000000,36.566666667
326.500000,9.051772072,60.943856014,58.617220067,0.000000,36.558333333
327.000000,9.050110943,60.935714733,58.617932951,0.000000,36.550000000
327.500000,9.048449994,60.927573354,58.618645854,0.000000,36.541666667
328.000000,9.046789224,60.919431875,58.619358777,0.000000,36.533333333
328.500000,9.045128634,60.911290298,58.620071719,0.000000,36.525000000
329.000000,9.043468224,60.903148621,58.620784681,0.000000,36.516666667
329.500000,9.041807993,60.895006845,58.621497662,0.000000,36.508333333
330.000000,9.040147942,60.886864971,58.622210663,0.000000,36.500000000
330.500000,9.038488071,60.878722997,58.622923683,0.000000,36.491666667
331.000000,9.036828379,60.870580924,58.623636723,0.000000,36.483333333
331.500000,9.035168866,60.862438752,58.624349782,0.000000,36.475000000
332.000000,9.033509534,60.854296482,58.625062861,0.000000,36.466666667
332.500000,9.031850381,60.846154112,58.625775959,0.000000,36.458333333
333.000000,9.030191407,60.838011643,58.626489077,0.000000,36.450000000
333.500000,9.028532613,60.829869075,58.627202214,0.000000,36.441666667
334.000000,9.026873998,60.821726408,58.627915371,0.000000,36.433333333
334.500000,9.025215562,60.813583642,58.628628547,0.000000,36.425000000
335.000000,9.023557307,60.805440777,58.629341743,0.000000,36.416666667
335.500000,9.021899230,60.797297813,58.630054959,0.000000,36.408333333
336.000000,9.020241333,60.789154750,58.630768193,0.000000,36.400000000
336.500000,9.018583615,60.781011587,58.631481448,0.000000,36.391666667
337.000000,9.016926077,60.772868326,58.632194722,0.000000,36.383333333
337.500000,9.015268718,60.764724966,58.632908015,0.000000,36.375000000
338.000000,9.013611539,60.756581506,58.633621328,0.000000,36.366666667
338.500000,9.011954538,60.748437948,58.634334660,0.000000,36.358333333
339.000000,9.010297717,60.740294290,58.635048012,0.000000,36.350000000
339.500000,9.008641076,60.732150533,58.635761384,0.000000,36.341666667
340.000000,9.006984613,60.724006678,58.636474775,0.000000,36.333333333
340.500000,9.005328330,60.715862723,58.637188185,0.000000,36.325000000
341.000000,9.003672226,60.707718669,58.637901615,0.000000,36.316666667
341.500000,9.002016301,60.699574516,58.638615065,0.000000,36.308333333
342.000000,9.000360556,60.691430264,58.639328534,0.000000,36.300000000
342.500000,8.998704989,60.683285913,58.640042023,0.000000,36.291666667
343.000000,8.997049602,60.675141462,58.640755531,0.000000,36.283333333
343.500000,8.995394394,60.666996913,58.641469059,0.000000,36.275000000
344.000000,8.993739365,60.658852265,58.642182606,0.000000,36.266666667
344.500000,8.992084515,60.650707517,58.642896173,0.000000,36.258333333
345.000000,8.990429844,60.642562670,58.643609759,0.000000,36.250000000
345.500000,8.988775353,60.634417724,58.644323365,0.000000,36.241666667
346.000000,8.987121040,60.626272680,58.645036990,0.000000,36.233333333
346.500000,8.985466906,60.618127536,58.645750635,0.000000,36.225000000
347.000000,8.983812952,60.609982292,58.646464300,0.000000,36.216666667
347.500000,8.982159176,60.601836950,58.647177984,0.000000,36.208333333
348.000000,8.980505579,60.593691509,58.647891688,0.000000,36.200000000
348.500000,8.978852162,60.585545968,58.648605411,0.000000,36.191666667
349.000000,8.977198923,60.577400329,58.649319154,0.000000,36.183333333
349.500000,8.975545863,60.569254590,58.650032916,0.000000,36.175000000
350.000000,8.973892982,60.561108752,58.650746698,0.000000,36.166666667
350.500000,8.972240280,60.552962815,58.651460499,0.000000,36.158333333
351.000000,8.970587757,60.544816779,58.652174320,0.000000,36.150000000
351.500000,8.968935413,60.536670643,58.652888161,0.000000,36.141666667
352.000000,8.967283247,60.528524409,58.653602021,0.000000,36.133333333
352.500000,8.965631261,60.520378075,58.654315901,0.000000,36.125000000
353.000000,8.963979453,60.512231643,58.655029800,0.000000,36.116666667
353.500000,8.962327824,60.504085111,58.655743719,0.000000,36.108333333
354.000000,8.960676374,60.495938480,58.656457657,0.000000,36.100000000
354.500000,8.959025102,60.487791749,58.657171615,0.000000,36.091666667
355.000000,8.957374010,60.479644920,58.657885593,0.000000,36.083333333
355.500000,8.955723096,60.471497991,58.658599590,0.000000,36.075000000
356.000000,8.954072360,60.463350964,58.659313606,0.000000,36.066666667
356.500000,8.952421804,60.455203837,58.660027643,0.000000,36.058333333
357.000000,8.950771426,60.447056611,58.660741698,0.000000,36.050000000
357.500000,8.949121226,60.438909285,58.661455774,0.000000,36.041666667
358.000000,8.947471206,60.430761861,58.662169869,0.000000,36.033333333
358.500000,8.945821364,60.422614337,58.662883983,0.000000,36.025000000
359.000000,8.944171700,60.414466715,58.663598118,0.000000,36.016666667
359.500000,8.942522215,60.406318993,58.664312271,0.000000,36.008333333
360.000000,8.940872909,60.398171172,58.665026445,0.000000,36.000000000
360.500000,8.939223781,60.390023251,58.665740638,0.000000,35.991666667
361.000000,8.937574832,60.381875232,58.666454850,0.000000,35.983333333
361.500000,8.935926061,60.373727113,58.667169082,0.000000,35.975000000
362.000000,8.934277469,60.365578895,58.667883334,0.000000,35.966666667
362.500000,8.932629055,60.357430578,58.668597605,0.000000,35.958333333
363.000000,8.930980819,60.349282162,58.669311896,0.000000,35.950000000
363.500000,8.929332763,60.341133646,58.670026207,0.000000,35.941666667
364.000000,8.927684884,60.332985031,58.670740537,0.000000,35.933333333
364.500000,8.926037184,60.324836317,58.671454887,0.000000,35.925000000
365.000000,8.924389662,60.316687504,58.672169256,0.000000,35.916666667
365.500000,8.922742319,60.308538592,58.672883645,0.000000,35.908333333
366.000000,8.921095154,60.300389580,58.673598053,0.000000,35.900000000
366.500000,8.919448167,60.292240469,58.674312481,0.000000,35.891666667
367.000000,8.917801359,60.284091259,58.675026929,0.000000,35.883333333
367.500000,8.916154729,60.275941950,58.675741397,0.000000,35.875000000
368.000000,8.914508277,60.267792541,58.676455884,0.000000,35.866666667
368.500000,8.912862004,60.259643034,58.677170390,0.000000,35.858333333
369.000000,8.911215908,60.251493427,58.677884916,0.000000,35.850000000
369.500000,8.909569991,60.243343720,58.678599462,0.000000,35.841666667
370.000000,8.907924253,60.235193915,58.679314028,0.000000,35.833333333
370.500000,8.906278692,60.227044010,58.680028613,0.000000,35.825000000
371.000000,8.904633310,60.218894006,58.680743217,0.000000,35.816666667
371.500000,8.902988105,60.210743903,58.681457842,0.000000,35.808333333
372.000000,8.901343079,60.202593701,58.682172486,0.000000,35.800000000
372.500000,8.899698231,60.194443399,58.682887149,0.000000,35.791666667
373.000000,8.898053561,60.186292998,58.683601833,0.000000,35.783333333
373.500000,8.896409069,60.178142498,58.684316535,0.000000,35.775000000
374.000000,8.894764756,60.169991898,58.685031258,0.000000,35.766666667
374.500000,8.893120620,60.161841199,58.685746000,0.000000,35.758333333
375.000000,8.891476662,60.153690401,58.686460762,0.000000,35.750000000
375.500000,8.889832883,60.145539504,58.687175543,0.000000,35.741666667
376.000000,8.888189281,60.137388507,58.687890344,0.000000,35.733333333
376.500000,8.886545857,60.129237411,58.688605165,0.000000,35.725000000
377.000000,8.884902612,60.121086216,58.689320005,0.000000,35.716666667
377.500000,8.883259544,60.112934922,58.690034865,0.000000,35.708333333
378.000000,8.881616654,60.104783528,58.690749745,0.000000,35.700000000
378.500000,8.879973942,60.096632035,58.691464644,0.000000,35.691666667
379.000000,8.878331408,60.088480443,58.692179563,0.000000,35.683333333
379.500000,8.876689052,60.080328751,58.692894501,0.000000,35.675000000
380.000000,8.875046874,60.072176960,58.693609460,0.000000,35.666666667
380.500000,8.873404873,60.064025070,58.694324437,0.000000,35.658333333
381.000000,8.871763051,60.055873080,58.695039435,0.000000,35.650000000
381.500000,8.870121406,60.047720992,58.695754452,0.000000,35.641666667
382.000000,8.868479939,60.039568804,58.696469489,0.000000,35.633333333
382.500000,8.866838650,60.031416516,58.697184545,0.000000,35.625000000
383.000000,8.865197538,60.023264129,58.697899622,0.000000,35.616666667
383.500000,8.863556605,60.015111643,58.698614717,0.000000,35.608333333
384.000000,8.861915849,60.006959058,58.699329833,0.000000,35.600000000
384.500000,8.860275270,59.998806373,58.700044968,0.000000,35.591666667
385.000000,8.858634870,59.990653589,58.700760123,0.000000,35.583333333
385.500000,8.856994647,59.982500706,58.701475297,0.000000,35.575000000
386.000000,8.855354601,59.974347723,58.702190491,0.000000,35.566666667
386.500000,8.853714734,59.966194641,58.702905705,0.000000,35.558333333
387.000000,8.852075044,59.958041460,58.703620939,0.000000,35.550000000
387.500000,8.850435531,59.949888179,58.704336192,0.000000,35.541666667
388.000000,8.848796197,59.941734799,58.705051465,0.000000,35.533333333
388.500000,8.847157039,59.933581320,58.705766757,0.000000,35.525000000
389.000000,8.845518060,59.925427741,58.706482070,0.000000,35.516666667
389.500000,8.843879257,59.917274063,58.707197401,0.000000,35.508333333
390.000000,8.842240633,59.909120286,58.707912753,0.000000,35.500000000
390.500000,8.840602185,59.900966409,58.708628124,0.000000,35.491666667
391.000000,8.838963916,59.892812433,58.709343515,0.000000,35.483333333
391.500000,8.837325824,59.884658357,58.710058926,0.000000,35.475000000
392.000000,8.835687909,59.876504182,58.710774356,0.000000,35.466666667
392.500000,8.834050171,59.868349908,58.711489806,0.000000,35.458333333
393.000000,8.832412611,59.860195535,58.712205276,0.000000,35.450000000
393.500000,8.830775229,59.852041062,58.712920765,0.000000,35.441666667
394.000000,8.829138024,59.843886489,58.713636274,0.000000,35.433333333
394.500000,8.827500996,59.835731818,58.714351803,0.000000,35.425000000
395.000000,8.825864145,59.827577046,58.715067352,0.000000,35.416666667
395.500000,8.824227472,59.819422176,58.715782920,0.000000,35.408333333
396.000000,8.822590976,59.811267206,58.716498508,0.000000,35.400000000
396.500000,8.820954658,59.803112137,58.717214115,0.000000,35.391666667
397.000000,8.819318516,59.794956968,58.717929743,0.000000,35.383333333
397.500000,8.817682552,59.786801700,58.718645390,0.000000,35.375000000
398.000000,8.816046765,59.778646333,58.719361056,0.000000,35.366666667
398.500000,8.814411156,59.770490866,58.720076743,0.000000,35.358333333
399.000000,8.812775723,59.762335300,58.720792449,0.000000,35.350000000
399.500000,8.811140468,59.754179634,58.721508175,0.000000,35.341666667
400.000000,8.809505390,59.746023869,58.722223920,0.000000,35.333333333
400.500000,8.807870489,59.737868005,58.722939686,0.000000,35.325000000
401.000000,8.806235765,59.729712041,58.723655471,0.000000,35.316666667
401.500000,8.804601219,59.721555978,58.724371275,0.000000,35.308333333
402.000000,8.802966849,59.713399815,58.725087100,0.000000,35.300000000
402.500000,8.801332657,59.705243553,58.725802944,0.000000,35.291666667
403.000000,8.799698641,59.697087191,58.726518808,0.000000,35.283333333
403.500000,8.798064803,59.688930730,58.727234692,0.000000,35.275000000
404.000000,8.796431141,59.680774170,58.727950595,0.000000,35.266666667
404.500000,8.794797657,59.672617510,58.728666518,0.000000,35.258333333
405.000000,8.793164350,59.664460751,58.729382461,0.000000,35.250000000
405.500000,8.791531219,59.656303892,58.730098423,0.000000,35.241666667
406.000000,8.789898266,59.648146934,58.730814406,0.000000,35.233333333
406.500000,8.788265489,59.639989877,58.731530408,0.000000,35.225000000
407.000000,8.786632890,59.631832720,58.732246429,0.000000,35.216666667
407.500000,8.785000467,59.623675463,58.732962471,0.000000,35.208333333
408.000000,8.783368221,59.615518107,58.733678532,0.000000,35.200000000
408.500000,8.781736153,59.607360652,58.734394613,0.000000,35.191666667
409.000000,8.780104260,59.599203097,58.735110714,0.000000,35.183333333
409.500000,8.778472545,59.591045443,58.735826834,0.000000,35.175000000
410.000000,8.776841007,59.582887689,58.736542975,0.000000,35.166666667
410.500000,8.775209645,59.574729836,58.737259135,0.000000,35.158333333
411.000000,8.773578460,59.566571883,58.737975314,0.000000,35.150000000
411.500000,8.771947452,59.558413831,58.738691514,0.000000,35.141666667
412.000000,8.770316621,59.550255680,58.739407733,0.000000,35.133333333
412.500000,8.768685967,59.542097428,58.740123972,0.000000,35.125000000
413.000000,8.767055489,59.533939078,58.740840231,0.000000,35.116666667
413.500000,8.765425188,59.525780628,58.741556509,0.000000,35.108333333
414.000000,8.763795063,59.517622078,58.742272807,0.000000,35.100000000
414.500000,8.762165115,59.509463429,58.742989125,0.000000,35.091666667
415.000000,8.760535344,59.501304681,58.743705463,0.000000,35.083333333
415.500000,8.758905750,59.493145833,58.744421821,0.000000,35.075000000
416.000000,8.757276332,59.484986885,58.745138198,0.000000,35.066666667
416.500000,8.755647090,59.476827838,58.745854595,0.000000,35.058333333
417.000000,8.754018026,59.468668692,58.746571012,0.000000,35.050000000
417.500000,8.752389137,59.460509446,58.747287448,0.000000,35.041666667
418.000000,8.750760426,59.452350101,58.748003905,0.000000,35.033333333
418.500000,8.749131891,59.444190656,58.748720381,0.000000,35.025000000
419.000000,8.747503532,59.436031111,58.749436877,0.000000,35.016666667
419.500000,8.745875350,59.427871467,58.750153393,0.000000,35.008333333
420.000000,8.744247344,59.419711723,58.750869928,0.000000,35.000000000
420.500000,8.742619515,59.411551880,58.751586483,0.000000,34.991666667
421.000000,8.740991862,59.403391938,58.752303058,0.000000,34.983333333
421.500000,8.739364386,59.395231896,58.753019653,0.000000,34.975000000
422.000000,8.737737086,59.387071754,58.753736268,0.000000,34.966666667
422.500000,8.736109963,59.378911513,58.754452902,0.000000,34.958333333
423.000000,8.734483015,59.370751172,58.755169556,0.000000,34.950000000
423.500000,8.732856245,59.362590732,58.755886230,0.000000,34.941666667
424.000000,8.731229650,59.354430192,58.756602924,0.000000,34.933333333
424.500000,8.729603232,59.346269553,58.757319638,0.000000,34.925000000
425.000000,8.727976990,59.338108814,58.758036371,0.000000,34.916666667
425.500000,8.726350924,59.329947976,58.758753124,0.000000,34.908333333
426.000000,8.724725035,59.321787038,58.759469897,0.000000,34.900000000
426.500000,8.723099322,59.313626000,58.760186690,0.000000,34.891666667
427.000000,8.721473785,59.305464863,58.760903502,0.000000,34.883333333
427.500000,8.719848424,59.297303627,58.761620335,0.000000,34.875000000
428.000000,8.718223240,59.289142291,58.762337187,0.000000,34.866666667
428.500000,8.716598232,59.280980855,58.763054059,0.000000,34.858333333
429.000000,8.714973400,59.272819320,58.763770951,0.000000,34.850000000
429.500000,8.713348744,59.264657685,58.764487862,0.000000,34.841666667
430.000000,8.711724264,59.256495950,58.765204794,0.000000,34.833333333
430.500000,8.710099960,59.248334116,58.765921745,0.000000,34.825000000
431.000000,8.708475833,59.240172183,58.766638716,0.000000,34.816666667
431.500000,8.706851881,59.232010150,58.767355707,0.000000,34.808333333
432.000000,8.705228106,59.223848017,58.768072717,0.000000,34.800000000
432.500000,8.703604506,59.215685785,58.768789748,0.000000,34.791666667
433.000000,8.701981083,59.207523453,58.769506798,0.000000,34.783333333
433.500000,8.700357835,59.199361021,58.770223868,0.000000,34.775000000
434.000000,8.698734764,59.191198490,58.770940958,0.000000,34.766666667
434.500000,8.697111868,59.183035859,58.771658068,0.000000,34.758333333
435.000000,8.695489149,59.174873129,58.772375197,0.000000,34.750000000
435.500000,8.693866605,59.166710299,58.773092347,0.000000,34.741666667
436.000000,8.692244238,59.158547370,58.773809516,0.000000,34.733333333
436.500000,8.690622046,59.150384341,58.774526705,0.000000,34.725000000
437.000000,8.689000030,59.142221212,58.775243914,0.000000,34.716666667
437.500000,8.687378190,59.134057984,58.775961143,0.000000,34.708333333
438.000000,8.685756526,59.125894656,58.776678391,0.000000,34.700000000
438.500000,8.684135038,59.117731228,58.777395659,0.000000,34.691666667
439.000000,8.682513725,59.109567701,58.778112948,0.000000,34.683333333
439.500000,8.680892588,59.101404074,58.778830256,0.000000,34.675000000
440.000000,8.679271627,59.093240348,58.779547584,0.000000,34.666666667
440.500000,8.677650842,59.085076522,58.780264931,0.000000,34.658333333
441.000000,8.676030233,59.076912596,58.780982299,0.000000,34.650000000
441.500000,8.674409799,59.068748571,58.781699686,0.000000,34.641666667
442.000000,8.672789541,59.060584446,58.782417094,0.000000,34.633333333
442.500000,8.671169459,59.052420221,58.783134521,0.000000,34.625000000
443.000000,8.669549552,59.044255897,58.783851968,0.000000,34.616666667
443.500000,8.667929822,59.036091473,58.784569435,0.000000,34.608333333
444.000000,8.666310266,59.027926949,58.785286921,0.000000,34.600000000
444.500000,8.664690887,59.019762326,58.786004428,0.000000,34.591666667
445.000000,8.663071683,59.011597603,58.786721954,0.000000,34.583333333
445.500000,8.661452654,59.003432781,58.787439501,0.000000,34.575000000
446.000000,8.659833801,58.995267859,58.788157067,0.000000,34.566666667
446.500000,8.658215124,58.987102837,58.788874653,0.000000,34.558333333
447.000000,8.656596622,58.978937715,58.789592259,0.000000,34.550000000
447.500000,8.654978296,58.970772494,58.790309884,0.000000,34.541666667
448.000000,8.653360145,58.962607173,58.791027530,0.000000,34.533333333
448.500000,8.651742170,58.954441753,58.791745196,0.000000,34.525000000
449.000000,8.650124370,58.946276233,58.792462881,0.000000,34.516666667
449.500000,8.648506746,58.938110613,58.793180586,0.000000,34.508333333
450.000000,8.646889297,58.929944893,58.793898311,0.000000,34.500000000
450.500000,8.645272024,58.921779074,58.794616056,0.000000,34.491666667
451.000000,8.643654926,58.913613155,58.795333821,0.000000,34.483333333
451.500000,8.642038003,58.905447137,58.796051606,0.000000,34.475000000
452.000000,8.640421256,58.897281018,58.796769410,0.000000,34.466666667
452.500000,8.638804684,58.889114801,58.797487235,0.000000,34.458333333
453.000000,8.637188287,58.880948483,58.798205079,0.000000,34.450000000
453.500000,8.635572066,58.872782065,58.798922943,0.000000,34.441666667
454.000000,8.633956020,58.864615548,58.799640827,0.000000,34.433333333
454.500000,8.632340149,58.856448932,58.800358731,0.000000,34.425000000
455.000000,8.630724454,58.848282215,58.801076655,0.000000,34.416666667
455.500000,8.629108933,58.840115399,58.801794599,0.000000,34.408333333
456.000000,8.627493588,58.831948483,58.802512563,0.000000,34.400000000
456.500000,8.625878419,58.823781467,58.803230546,0.000000,34.391666667
457.000000,8.624263424,58.815614352,58.803948550,0.000000,34.383333333
457.500000,8.622648605,58.807447137,58.804666573,0.000000,34.375000000
458.000000,8.621033961,58.799279822,58.805384617,0.000000,34.366666667
458.500000,8.619419491,58.791112408,58.806102680,0.000000,34.358333333
459.000000,8.617805198,58.782944893,58.806820763,0.000000,34.350000000
459.500000,8.616191079,58.774777279,58.807538866,0.000000,34.341666667
460.000000,8.614577135,58.766609566,58.808256989,0.000000,34.333333333
460.500000,8.612963366,58.758441752,58.808975132,0.000000,34.325000000
461.000000,8.611349773,58.750273839,58.809693294,0.000000,34.316666667
461.500000,8.609736354,58.742105826,58.810411477,0.000000,34.308333333
462.000000,8.608123111,58.733937713,58.811129679,0.000000,34.300000000
462.500000,8.606510042,58.725769501,58.811847902,0.000000,34.291666667
463.000000,8.604897149,58.717601189,58.812566144,0.000000,34.283333333
463.500000,8.603284430,58.709432777,58.813284406,0.000000,34.275000000
464.000000,8.601671887,58.701264265,58.814002689,0.000000,34.266666667
464.500000,8.600059518,58.693095653,58.814720991,0.000000,34.258333333
465.000000,8.598447324,58.684926942,58.815439313,0.000000,34.250000000
465.500000,8.596835305,58.676758131,58.816157655,0.000000,34.241666667
466.000000,8.595223461,58.668589220,58.816876017,0.000000,34.233333333
466.500000,8.593611792,58.660420210,58.817594398,0.000000,34.225000000
467.000000,8.592000298,58.652251100,58.818312800,0.000000,34.216666667
467.500000,8.590388979,58.644081889,58.819031222,0.000000,34.208333333
468.000000,8.588777834,58.635912580,58.819749663,0.000000,34.200000000
468.500000,8.587166865,58.627743170,58.820468125,0.000000,34.191666667
469.000000,8.585556070,58.619573660,58.821186606,0.000000,34.183333333
469.500000,8.583945449,58.611404051,58.821905108,0.000000,34.175000000
470.000000,8.582335004,58.603234342,58.822623629,0.000000,34.166666667
470.500000,8.580724733,58.595064533,58.823342170,0.000000,34.158333333
471.000000,8.579114637,58.586894625,58.824060731,0.000000,34.150000000
471.500000,8.577504716,58.578724616,58.824779313,0.000000,34.141666667
472.000000,8.575894969,58.570554508,58.825497914,0.000000,34.133333333
472.500000,8.574285397,58.562384300,58.826216535,0.000000,34.125000000
473.000000,8.572676000,58.554213992,58.826935176,0.000000,34.116666667
473.500000,8.571066778,58.546043584,58.827653837,0.000000,34.108333333
474.000000,8.569457730,58.537873077,58.828372518,0.000000,34.100000000
474.500000,8.567848856,58.529702470,58.829091218,0.000000,34.091666667
475.000000,8.566240157,58.521531762,58.829809939,0.000000,34.083333333
475.500000,8.564631633,58.513360956,58.830528680,0.000000,34.075000000
476.000000,8.563023283,58.505190049,58.831247441,0.000000,34.066666667
476.500000,8.561415108,58.497019042,58.831966221,0.000000,34.058333333
477.000000,8.559807107,58.488847936,58.832685022,0.000000,34.050000000
477.500000,8.558199281,58.480676730,58.833403842,0.000000,34.041666667
478.000000,8.556591629,58.472505423,58.834122683,0.000000,34.033333333
478.500000,8.554984152,58.464334018,58.834841544,0.000000,34.025000000
479.000000,8.553376849,58.456162512,58.835560424,0.000000,34.016666667
479.500000,8.551769721,58.447990906,58.836279324,0.000000,34.008333333
480.000000,8.550162767,58.439819201,58.836998245,0.000000,34.000000000
480.500000,8.548555987,58.431647395,58.837717185,0.000000,33.991666667
481.000000,8.546949382,58.423475490,58.838436146,0.000000,33.983333333
481.500000,8.545342951,58.415303485,58.839155126,0.000000,33.975000000
482.000000,8.543736695,58.407131380,58.839874126,0.000000,33.966666667
482.500000,8.542130612,58.398959176,58.840593146,0.000000,33.958333333
483.000000,8.540524705,58.390786871,58.841312187,0.000000,33.950000000
483.500000,8.538918971,58.382614466,58.842031247,0.000000,33.941666667
484.000000,8.537313412,58.374441962,58.842750327,0.000000,33.933333333
484.500000,8.535708027,58.366269358,58.843469427,0.000000,33.925000000
485.000000,8.534102816,58.358096654,58.844188548,0.000000,33.916666667
485.500000,8.532497779,58.349923850,58.844907688,0.000000,33.908333333
486.000000,8.530892917,58.341750946,58.845626848,0.000000,33.900000000
486.500000,8.529288229,58.333577942,58.846346028,0.000000,33.891666667
487.000000,8.527683715,58.325404839,58.847065228,0.000000,33.883333333
487.500000,8.526079375,58.317231635,58.847784448,0.000000,33.875000000
488.000000,8.524475209,58.309058332,58.848503688,0.000000,33.866666667
488.500000,8.522871217,58.300884928,58.849222948,0.000000,33.858333333
489.000000,8.521267400,58.292711425,58.849942229,0.000000,33.850000000
489.500000,8.519663756,58.284537822,58.850661529,0.000000,33.841666667
490.000000,8.518060287,58.276364119,58.851380849,0.000000,33.833333333
490.500000,8.516456992,58.268190316,58.852100189,0.000000,33.825000000
491.000000,8.514853870,58.260016414,58.852819549,0.000000,33.816666667
491.500000,8.513250923,58.251842411,58.853538929,0.000000,33.808333333
492.000000,8.511648150,58.243668308,58.854258329,0.000000,33.800000000
492.500000,8.510045550,58.235494106,58.854977749,0.000000,33.791666667
493.000000,8.508443125,58.227319803,58.855697190,0.000000,33.783333333
493.500000,8.506840874,58.219145401,58.856416650,0.000000,33.775000000
494.000000,8.505238796,58.210970898,58.857136130,0.000000,33.766666667
494.500000,8.503636893,58.202796296,58.857855630,0.000000,33.758333333
495.000000,8.502035163,58.194621594,58.858575150,0.000000,33.750000000
495.500000,8.500433607,58.186446792,58.859294691,0.000000,33.741666667
496.000000,8.498832226,58.178271890,58.860014251,0.000000,33.733333333
496.500000,8.497231018,58.170096888,58.860733831,0.000000,33.725000000
497.000000,8.495629983,58.161921786,58.861453431,0.000000,33.716666667
497.500000,8.494029123,58.153746584,58.862173052,0.000000,33.708333333
498.000000,8.492428436,58.145571282,58.862892692,0.000000,33.700000000
498.500000,8.490827924,58.137395881,58.863612353,0.000000,33.691666667
499.000000,8.489227584,58.129220379,58.864332033,0.000000,33.683333333
499.500000,8.487627419,58.121044777,58.865051733,0.000000,33.675000000
500.000000,8.486027428,58.112869076,58.865771454,0.000000,33.666666667
500.500000,8.484427610,58.104693274,58.866491194,0.000000,33.658333333
501.000000,8.482827966,58.096517372,58.867210955,0.000000,33.650000000
501.500000,8.481228495,58.088341371,58.867930735,0.000000,33.641666667
502.000000,8.479629198,58.080165269,58.868650536,0.000000,33.633333333
502.500000,8.478030075,58.071989068,58.869370357,0.000000,33.625000000
503.000000,8.476431125,58.063812766,58.870090197,0.000000,33.616666667
503.500000,8.474832349,58.055636365,58.870810058,0.000000,33.608333333
504.000000,8.473233747,58.047459864,58.871529939,0.000000,33.600000000
504.500000,8.471635318,58.039283262,58.872249840,0.000000,33.591666667
505.000000,8.470037063,58.031106561,58.872969761,0.000000,33.583333333
505.500000,8.468438981,58.022929760,58.873689702,0.000000,33.575000000
506.000000,8.466841073,58.014752858,58.874409663,0.000000,33.566666667
506.500000,8.465243338,58.006575857,58.875129644,0.000000,33.558333333
507.000000,8.463645777,57.998398756,58.875849645,0.000000,33.550000000
507.500000,8.462048390,57.990221554,58.876569666,0.000000,33.541666667
508.000000,8.460451175,57.982044253,58.877289707,0.000000,33.533333333
508.500000,8.458854135,57.973866852,58.878009768,0.000000,33.525000000
509.000000,8.457257267,57.965689350,58.878729850,0.000000,33.516666667
509.500000,8.455660573,57.957511749,58.879449951,0.000000,33.508333333
510.000000,8.454064053,57.949334047,58.880170073,0.000000,33.500000000
510.500000,8.452467705,57.941156246,58.880890214,0.000000,33.491666667
511.000000,8.450871531,57.932978345,58.881610376,0.000000,33.483333333
511.500000,8.449275531,57.924800343,58.882330557,0.000000,33.475000000
512.000000,8.447679704,57.916622242,58.883050759,0.000000,33.466666667
512.500000,8.446084050,57.908444040,58.883770981,0.000000,33.458333333
513.000000,8.444488569,57.900265739,58.884491223,0.000000,33.450000000
513.500000,8.442893262,57.892087337,58.885211485,0.000000,33.441666667
514.000000,8.441298128,57.883908836,58.885931767,0.000000,33.433333333
514.500000,8.439703167,57.875730234,58.886652069,0.000000,33.425000000
515.000000,8.438108379,57.867551532,58.887372391,0.000000,33.416666667
515.500000,8.436513765,57.859372730,58.888092733,0.000000,33.408333333
516.000000,8.434919323,57.851193829,58.888813096,0.000000,33.400000000
516.500000,8.433325055,57.843014827,58.889533478,0.000000,33.391666667
517.000000,8.431730960,57.834835725,58.890253881,0.000000,33.383333333
517.500000,8.430137039,57.826656523,58.890974303,0.000000,33.375000000
518.000000,8.428543290,57.818477221,58.891694746,0.000000,33.366666667
518.500000,8.426949714,57.810297819,58.892415209,0.000000,33.358333333
519.000000,8.425356312,57.802118317,58.893135692,0.000000,33.350000000
519.500000,8.423763082,57.793938715,58.893856195,0.000000,33.341666667
520.000000,8.422170026,57.785759013,58.894576718,0.000000,33.333333333
520.500000,8.420577143,57.777579210,58.895297261,0.000000,33.325000000
521.000000,8.418984432,57.769399308,58.896017824,0.000000,33.316666667
521.500000,8.417391895,57.761219305,58.896738408,0.000000,33.308333333
522.000000,8.415799530,57.753039203,58.897459011,0.000000,33.300000000
522.500000,8.414207339,57.744859000,58.898179635,0.000000,33.291666667
523.000000,8.412615321,57.736678697,58.898900279,0.000000,33.283333333
523.500000,8.411023475,57.728498295,58.899620942,0.000000,33.275000000
524.000000,8.409431802,57.720317792,58.900341626,0.000000,33.266666667
524.500000,8.407840303,57.712137189,58.901062330,0.000000,33.258333333
525.000000,8.406248976,57.703956486,58.901783054,0.000000,33.250000000
525.500000,8.404657822,57.695775682,58.902503799,0.000000,33.241666667
526.000000,8.403066841,57.687594779,58.903224563,0.000000,33.233333333
526.500000,8.401476032,57.679413776,58.903945348,0.000000,33.225000000
527.000000,8.399885397,57.671232672,58.904666152,0.000000,33.216666667
527.500000,8.398294934,57.663051469,58.905386977,0.000000,33.208333333
528.000000,8.396704644,57.654870165,58.906107822,0.000000,33.200000000
528.500000,8.395114527,57.646688761,58.906828687,0.000000,33.191666667
529.000000,8.393524583,57.638507257,58.907549572,0.000000,33.183333333
529.500000,8.391934811,57.630325653,58.908270477,0.000000,33.175000000
530.000000,8.390345212,57.622143949,58.908991402,0.000000,33.166666667
530.500000,8.388755786,57.613962144,58.909712348,0.000000,33.158333333
531.000000,8.387166532,57.605780240,58.910433314,0.000000,33.150000000
531.500000,8.385577451,57.597598235,58.911154299,0.000000,33.141666667
532.000000,8.383988543,57.589416130,58.911875305,0.000000,33.133333333
532.500000,8.382399807,57.581233925,58.912596331,0.000000,33.125000000
533.000000,8.380811244,57.573051620,58.913317377,0.000000,33.116666667
533.500000,8.379222853,57.564869215,58.914038444,0.000000,33.108333333
534.000000,8.377634636,57.556686710,58.914759530,0.000000,33.100000000
534.500000,8.376046590,57.548504104,58.915480637,0.000000,33.091666667
535.000000,8.374458717,57.540321399,58.916201764,0.000000,33.083333333
535.500000,8.372871017,57.532138593,58.916922910,0.000000,33.075000000
536.000000,8.371283489,57.523955687,58.917644077,0.000000,33.066666667
536.500000,8.369696134,57.515772681,58.918365265,0.000000,33.058333333
537.000000,8.368108951,57.507589575,58.919086472,0.000000,33.050000000
537.500000,8.366521941,57.499406368,58.919807699,0.000000,33.041666667
538.000000,8.364935103,57.491223061,58.920528947,0.000000,33.033333333
538.500000,8.363348437,57.483039655,58.921250215,0.000000,33.025000000
539.000000,8.361761944,57.474856148,58.921971503,0.000000,33.016666667
539.500000,8.360175624,57.466672541,58.922692811,0.000000,33.008333333
540.000000,8.358589475,57.458488833,67.008537938,0.000000,33.000000000
540.500000,8.356717971,57.449182092,67.009479500,0.000000,32.988888889
541.000000,8.354846698,57.439875220,67.010421092,0.000000,32.977777778
541.500000,8.352975656,57.430568217,67.011362714,0.000000,32.966666667
542.000000,8.351104845,57.421261083,67.012304366,0.000000,32.955555556
542.500000,8.349234266,57.411953819,67.013246047,0.000000,32.944444444
543.000000,8.347363918,57.402646423,67.014187759,0.000000,32.933333333
543.500000,8.345493801,57.393338897,67.015129501,0.000000,32.922222222
544.000000,8.343623914,57.384031240,67.016071273,0.000000,32.911111111
544.500000,8.341754259,57.374723453,67.017013075,0.000000,32.900000000
545.000000,8.339884835,57.365415534,67.017954906,0.000000,32.888888889
545.500000,8.338015642,57.356107485,67.018896768,0.000000,32.877777778
546.000000,8.336146680,57.346799305,67.019838660,0.000000,32.866666667
546.500000,8.334277949,57.337490994,67.020780582,0.000000,32.855555556
547.000000,8.332409449,57.328182552,67.021722533,0.000000,32.844444444
547.500000,8.330541180,57.318873979,67.022664515,0.000000,32.833333333
548.000000,8.328673142,57.309565276,67.023606527,0.000000,32.822222222
548.500000,8.326805335,57.300256442,67.024548568,0.000000,32.811111111
549.000000,8.324937758,57.290947477,67.025490640,0.000000,32.800000000
549.500000,8.323070412,57.281638381,67.026432742,0.000000,32.788888889
550.000000,8.321203297,57.272329154,67.027374873,0.000000,32.777777778
550.500000,8.319336413,57.263019796,67.028317035,0.000000,32.766666667
551.000000,8.317469760,57.253710308,67.029259227,0.000000,32.755555556
551.500000,8.315603337,57.244400689,67.030201448,0.000000,32.744444444
552.000000,8.313737145,57.235090938,67.031143700,0.000000,32.733333333
552.500000,8.311871184,57.225781057,67.032085982,0.000000,32.722222222
553.000000,8.310005453,57.216471045,67.033028293,0.000000,32.711111111
553.500000,8.308139953,57.207160903,67.033970635,0.000000,32.700000000
554.000000,8.306274683,57.197850629,67.034913007,0.000000,32.688888889
554.500000,8.304409644,57.188540224,67.035855409,0.000000,32.677777778
555.000000,8.302544836,57.179229689,67.036797841,0.000000,32.666666667
555.500000,8.300680258,57.169919022,67.037740303,0.000000,32.655555556
556.000000,8.298815910,57.160608225,67.038682794,0.000000,32.644444444
556.500000,8.296951793,57.151297297,67.039625316,0.000000,32.633333333
557.000000,8.295087907,57.141986238,67.040567868,0.000000,32.622222222
557.500000,8.293224251,57.132675048,67.041510450,0.000000,32.611111111
558.000000,8.291360825,57.123363727,67.042453063,0.000000,32.600000000
558.500000,8.289497630,57.114052275,67.043395705,0.000000,32.588888889
559.000000,8.287634665,57.104740693,67.044338377,0.000000,32.577777778
559.500000,8.285771930,57.095428979,67.045281079,0.000000,32.566666667
560.000000,8.283909425,57.086117134,67.046223811,0.000000,32.555555556
560.500000,8.282047151,57.076805159,67.047166574,0.000000,32.544444444
561.000000,8.280185107,57.067493052,67.048109366,0.000000,32.533333333
561.500000,8.278323293,57.058180815,67.049052189,0.000000,32.522222222
562.000000,8.276461710,57.048868447,67.049995041,0.000000,32.511111111
562.500000,8.274600356,57.039555947,67.050937924,0.000000,32.500000000
563.000000,8.272739233,57.030243317,67.051880837,0.000000,32.488888889
563.500000,8.270878340,57.020930556,67.052823780,0.000000,32.477777778
564.000000,8.269017677,57.011617664,67.053766752,0.000000,32.466666667
564.500000,8.267157244,57.002304640,67.054709755,0.000000,32.455555556
565.000000,8.265297041,56.992991486,67.055652788,0.000000,32.444444444
565.500000,8.263437068,56.983678201,67.056595852,0.000000,32.433333333
566.000000,8.261577325,56.974364785,67.057538945,0.000000,32.422222222
566.500000,8.259717811,56.965051238,67.058482068,0.000000,32.411111111
567.000000,8.257858528,56.955737560,67.059425222,0.000000,32.400000000
567.500000,8.255999475,56.946423751,67.060368405,0.000000,32.388888889
568.000000,8.254140652,56.937109811,67.061311619,0.000000,32.377777778
568.500000,8.252282058,56.927795740,67.062254862,0.000000,32.366666667
569.000000,8.250423694,56.918481538,67.063198136,0.000000,32.355555556
569.500000,8.248565561,56.909167205,67.064141440,0.000000,32.344444444
570.000000,8.246707656,56.899852740,67.065084774,0.000000,32.333333333
570.500000,8.244849982,56.890538145,67.066028139,0.000000,32.322222222
571.000000,8.242992537,56.881223419,67.066971533,0.000000,32.311111111
571.500000,8.241135322,56.871908562,67.067914957,0.000000,32.300000000
572.000000,8.239278337,56.862593574,67.068858412,0.000000,32.288888889
572.500000,8.237421582,56.853278455,67.069801896,0.000000,32.277777778
573.000000,8.235565056,56.843963204,67.070745411,0.000000,32.266666667
573.500000,8.233708759,56.834647823,67.071688956,0.000000,32.255555556
574.000000,8.231852692,56.825332311,67.072632531,0.000000,32.244444444
574.500000,8.229996855,56.816016667,67.073576136,0.000000,32.233333333
575.000000,8.228141248,56.806700893,67.074519772,0.000000,32.222222222
575.500000,8.226285869,56.797384987,67.075463437,0.000000,32.211111111
576.000000,8.224430721,56.788068951,67.076407133,0.000000,32.200000000
576.500000,8.222575801,56.778752783,67.077350859,0.000000,32.188888889
577.000000,8.220721111,56.769436484,67.078294615,0.000000,32.177777778
577.500000,8.218866651,56.760120055,67.079238401,0.000000,32.166666667
578.000000,8.217012420,56.750803494,67.080182217,0.000000,32.155555556
578.500000,8.215158418,56.741486802,67.081126063,0.000000,32.144444444
579.000000,8.213304646,56.732169979,67.082069940,0.000000,32.133333333
579.500000,8.211451103,56.722853024,67.083013847,0.000000,32.122222222
580.000000,8.209597789,56.713535939,67.083957784,0.000000,32.111111111
580.500000,8.207744704,56.704218723,67.084901751,0.000000,32.100000000
581.000000,8.205891849,56.694901375,67.085845748,0.000000,32.088888889
581.500000,8.204039223,56.685583897,67.086789775,0.000000,32.077777778
582.000000,8.202186826,56.676266287,67.087733833,0.000000,32.066666667
582.500000,8.200334658,56.666948546,67.088677921,0.000000,32.055555556
583.000000,8.198482719,56.657630674,67.089622039,0.000000,32.044444444
583.500000,8.196631009,56.648312671,67.090566187,0.000000,32.033333333
584.000000,8.194779529,56.638994537,67.091510365,0.000000,32.022222222
584.500000,8.192928277,56.629676272,67.092454574,0.000000,32.011111111
585.000000,8.191077255,56.620357875,67.093398813,0.000000,32.000000000
585.500000,8.189226461,56.611039348,67.094343081,0.000000,31.988888889
586.000000,8.187375897,56.601720689,67.095287381,0.000000,31.977777778
586.500000,8.185525561,56.592401899,67.096231710,0.000000,31.966666667
587.000000,8.183675455,56.583082978,67.097176069,0.000000,31.955555556
587.500000,8.181825577,56.573763926,67.098120459,0.000000,31.944444444
588.000000,8.179975928,56.564444742,67.099064879,0.000000,31.933333333
588.500000,8.178126508,56.555125428,67.100009329,0.000000,31.922222222
589.000000,8.176277317,56.545805982,67.100953810,0.000000,31.911111111
589.500000,8.174428354,56.536486405,67.101898320,0.000000,31.900000000
590.000000,8.172579621,56.527166697,67.102842861,0.000000,31.888888889
590.500000,8.170731116,56.517846858,67.103787432,0.000000,31.877777778
591.000000,8.168882839,56.508526887,67.104732034,0.000000,31.866666667
591.500000,8.167034792,56.499206786,67.105676665,0.000000,31.855555556
592.000000,8.165186973,56.489886553,67.106621327,0.000000,31.844444444
592.500000,8.163339383,56.480566189,67.107566019,0.000000,31.833333333
593.000000,8.161492021,56.471245693,67.108510741,0.000000,31.822222222
593.500000,8.159644889,56.461925067,67.109455494,0.000000,31.811111111
594.000000,8.157797984,56.452604309,67.110400276,0.000000,31.800000000
594.500000,8.155951308,56.443283420,67.111345089,0.000000,31.788888889
595.000000,8.154104861,56.433962400,67.112289933,0.000000,31.777777778
595.500000,8.152258642,56.424641249,67.113234806,0.000000,31.766666667
596.000000,8.150412652,56.415319966,67.114179710,0.000000,31.755555556
596.500000,8.148566890,56.405998552,67.115124644,0.000000,31.744444444
597.000000,8.146721356,56.396677007,67.116069608,0.000000,31.733333333
597.500000,8.144876051,56.387355331,67.117014603,0.000000,31.722222222
598.000000,8.143030975,56.378033523,67.117959627,0.000000,31.711111111
598.500000,8.141186126,56.368711584,67.118904682,0.000000,31.700000000
599.000000,8.139341506,56.359389514,67.119849768,0.000000,31.688888889
599.500000,8.137497114,56.350067313,67.120794883,0.000000,31.677777778
600.000000,8.135652951,56.340744980,67.121740029,0.000000,31.666666667
600.500000,8.133809016,56.331422516,67.122685205,0.000000,31.655555556
601.000000,8.131965309,56.322099921,67.123630412,0.000000,31.644444444
601.500000,8.130121830,56.312777195,67.124575649,0.000000,31.633333333
602.000000,8.128278579,56.303454337,67.125520916,0.000000,31.622222222
602.500000,8.126435557,56.294131348,67.126466213,0.000000,31.611111111
603.000000,8.124592762,56.284808228,67.127411540,0.000000,31.600000000
603.500000,8.122750196,56.275484976,67.128356898,0.000000,31.588888889
604.000000,8.120907858,56.266161593,67.129302287,0.000000,31.577777778
604.500000,8.119065747,56.256838079,67.130247705,0.000000,31.566666667
605.000000,8.117223865,56.247514434,67.131193154,0.000000,31.555555556
605.500000,8.115382211,56.238190657,67.132138633,0.000000,31.544444444
606.000000,8.113540785,56.228866749,67.133084142,0.000000,31.533333333
606.500000,8.111699587,56.219542709,67.134029682,0.000000,31.522222222
607.000000,8.109858616,56.210218538,67.134975252,0.000000,31.511111111
607.500000,8.108017874,56.200894236,67.135920853,0.000000,31.500000000
608.000000,8.106177359,56.191569803,67.136866483,0.000000,31.488888889
608.500000,8.104337072,56.182245238,67.137812144,0.000000,31.477777778
609.000000,8.102497014,56.172920542,67.138757836,0.000000,31.466666667
609.500000,8.100657182,56.163595714,67.139703557,0.000000,31.455555556
610.000000,8.098817579,56.154270756,67.140649309,0.000000,31.444444444
610.500000,8.096978203,56.144945665,67.141595092,0.000000,31.433333333
611.000000,8.095139056,56.135620444,67.142540904,0.000000,31.422222222
611.500000,8.093300135,56.126295091,67.143486747,0.000000,31.411111111
612.000000,8.091461443,56.116969607,67.144432621,0.000000,31.400000000
612.500000,8.089622978,56.107643991,67.145378524,0.000000,31.388888889
613.000000,8.087784741,56.098318244,67.146324459,0.000000,31.377777778
613.500000,8.085946731,56.088992366,67.147270423,0.000000,31.366666667
614.000000,8.084108949,56.079666356,67.148216418,0.000000,31.355555556
614.500000,8.082271394,56.070340215,67.149162443,0.000000,31.344444444
615.000000,8.080434067,56.061013942,67.150108498,0.000000,31.333333333
615.500000,8.078596968,56.051687538,67.151054584,0.000000,31.322222222
616.000000,8.076760096,56.042361003,67.152000700,0.000000,31.311111111
616.500000,8.074923451,56.033034336,67.152946847,0.000000,31.300000000
617.000000,8.073087034,56.023707538,67.153893024,0.000000,31.288888889
617.500000,8.071250844,56.014380608,67.154839231,0.000000,31.277777778
618.000000,8.069414881,56.005053547,67.155785469,0.000000,31.266666667
618.500000,8.067579146,55.995726355,67.156731737,0.000000,31.255555556
619.000000,8.065743638,55.986399031,67.157678036,0.000000,31.244444444
619.500000,8.063908358,55.977071576,67.158624364,0.000000,31.233333333
620.000000,8.062073305,55.967743989,67.159570724,0.000000,31.222222222
620.500000,8.060238479,55.958416271,67.160517113,0.000000,31.211111111
621.000000,8.058403880,55.949088421,67.161463533,0.000000,31.200000000
621.500000,8.056569508,55.939760440,67.162409984,0.000000,31.188888889
622.000000,8.054735364,55.930432328,67.163356465,0.000000,31.177777778
622.500000,8.052901447,55.921104084,67.164302976,0.000000,31.166666667
623.000000,8.051067757,55.911775708,67.165249518,0.000000,31.155555556
623.500000,8.049234294,55.902447201,67.166196090,0.000000,31.144444444
624.000000,8.047401058,55.893118563,67.167142692,0.000000,31.133333333
624.500000,8.045568049,55.883789793,67.168089325,0.000000,31.122222222
625.000000,8.043735267,55.874460892,67.169035988,0.000000,31.111111111
625.500000,8.041902712,55.865131859,67.169982682,0.000000,31.100000000
626.000000,8.040070384,55.855802695,67.170929406,0.000000,31.088888889
626.500000,8.038238283,55.846473399,67.171876161,0.000000,31.077777778
627.000000,8.036406409,55.837143972,67.172822946,0.000000,31.066666667
627.500000,8.034574762,55.827814413,67.173769761,0.000000,31.055555556
628.000000,8.032743341,55.818484723,67.174716607,0.000000,31.044444444
628.500000,8.030912148,55.809154901,67.175663483,0.000000,31.033333333
629.000000,8.029081181,55.799824948,67.176610390,0.000000,31.022222222
629.500000,8.027250441,55.790494863,67.177557327,0.000000,31.011111111
630.000000,8.025419928,55.781164647,67.178504294,0.000000,31.000000000
630.500000,8.023589642,55.771834299,67.179451292,0.000000,30.988888889
631.000000,8.021759582,55.762503820,67.180398321,0.000000,30.977777778
631.500000,8.019929749,55.753173209,67.181345380,0.000000,30.966666667
632.000000,8.018100143,55.743842466,67.182292469,0.000000,30.955555556
632.500000,8.016270764,55.734511592,67.183239589,0.000000,30.944444444
633.000000,8.014441611,55.725180587,67.184186739,0.000000,30.933333333
633.500000,8.012612684,55.715849450,67.185133920,0.000000,30.922222222
634.000000,8.010783984,55.706518181,67.186081131,0.000000,30.911111111
634.500000,8.008955511,55.697186781,67.187028373,0.000000,30.900000000
635.000000,8.007127264,55.687855249,67.187975645,0.000000,30.888888889
635.500000,8.005299244,55.678523586,67.188922948,0.000000,30.877777778
636.000000,8.003471450,55.669191791,67.189870281,0.000000,30.866666667
636.500000,8.001643883,55.659859865,67.190817645,0.000000,30.855555556
637.000000,7.999816542,55.650527807,67.191765039,0.000000,30.844444444
637.500000,7.997989428,55.641195617,67.192712463,0.000000,30.833333333
638.000000,7.996162540,55.631863296,67.193659918,0.000000,30.822222222
638.500000,7.994335878,55.622530843,67.194607404,0.000000,30.811111111
639.000000,7.992509442,55.613198259,67.195554920,0.000000,30.800000000
639.500000,7.990683233,55.603865543,67.196502466,0.000000,30.788888889
640.000000,7.988857250,55.594532695,67.197450043,0.000000,30.777777778
640.500000,7.987031494,55.585199716,67.198397651,0.000000,30.766666667
641.000000,7.985205963,55.575866605,67.199345289,0.000000,30.755555556
641.500000,7.983380659,55.566533363,67.200292958,0.000000,30.744444444
642.000000,7.981555581,55.557199989,67.201240657,0.000000,30.733333333
642.500000,7.979730729,55.547866483,67.202188386,0.000000,30.722222222
643.000000,7.977906103,55.538532846,67.203136146,0.000000,30.711111111
643.500000,7.976081704,55.529199077,67.204083937,0.000000,30.700000000
644.000000,7.974257530,55.519865177,67.205031758,0.000000,30.688888889
644.500000,7.972433583,55.510531144,67.205979610,0.000000,30.677777778
645.000000,7.970609861,55.501196981,67.206927492,0.000000,30.666666667
645.500000,7.968786366,55.491862685,67.207875404,0.000000,30.655555556
646.000000,7.966963096,55.482528258,67.208823348,0.000000,30.644444444
646.500000,7.965140053,55.473193699,67.209771321,0.000000,30.633333333
647.000000,7.963317235,55.463859009,67.210719326,0.000000,30.622222222
647.500000,7.961494643,55.454524187,67.211667361,0.000000,30.611111111
648.000000,7.959672277,55.445189233,67.212615426,0.000000,30.600000000
648.500000,7.957850137,55.435854147,67.213563522,0.000000,30.588888889
649.000000,7.956028223,55.426518930,67.214511648,0.000000,30.577777778
649.500000,7.954206535,55.417183581,67.215459805,0.000000,30.566666667
650.000000,7.952385072,55.407848101,67.216407993,0.000000,30.555555556
650.500000,7.950563835,55.398512489,67.217356211,0.000000,30.544444444
651.000000,7.948742824,55.389176745,67.218304460,0.000000,30.533333333
651.500000,7.946922039,55.379840869,67.219252739,0.000000,30.522222222
652.000000,7.945101479,55.370504862,67.220201049,0.000000,30.511111111
652.500000,7.943281145,55.361168723,67.221149389,0.000000,30.500000000
653.000000,7.941461036,55.351832452,67.222097760,0.000000,30.488888889
653.500000,7.939641153,55.342496049,67.223046162,0.000000,30.477777778
654.000000,7.937821496,55.333159515,67.223994594,0.000000,30.466666667
654.500000,7.936002064,55.323822849,67.224943056,0.000000,30.455555556
655.000000,7.934182858,55.314486052,67.225891550,0.000000,30.444444444
655.500000,7.932363878,55.305149122,67.226840074,0.000000,30.433333333
656.000000,7.930545122,55.295812061,67.227788628,0.000000,30.422222222
656.500000,7.928726593,55.286474868,67.228737213,0.000000,30.411111111
657.000000,7.926908288,55.277137544,67.229685829,0.000000,30.400000000
657.500000,7.925090209,55.267800087,67.230634475,0.000000,30.388888889
658.000000,7.923272356,55.258462499,67.231583152,0.000000,30.377777778
658.500000,7.921454728,55.249124779,67.232531859,0.000000,30.366666667
659.000000,7.919637325,55.239786928,67.233480597,0.000000,30.355555556
659.500000,7.917820147,55.230448944,67.234429366,0.000000,30.344444444
660.000000,7.916003195,55.221110829,67.235378165,0.000000,30.333333333
660.500000,7.914186468,55.211772582,67.236326995,0.000000,30.322222222
661.000000,7.912369966,55.202434203,67.237275855,0.000000,30.311111111
661.500000,7.910553690,55.193095693,67.238224746,0.000000,30.300000000
662.000000,7.908737638,55.183757051,67.239173668,0.000000,30.288888889
662.500000,7.906921812,55.174418276,67.240122620,0.000000,30.277777778
663.000000,7.905106211,55.165079371,67.241071603,0.000000,30.266666667
663.500000,7.903290835,55.155740333,67.242020617,0.000000,30.255555556
664.000000,7.901475684,55.146401163,67.242969661,0.000000,30.244444444
664.500000,7.899660759,55.137061862,67.243918736,0.000000,30.233333333
665.000000,7.897846058,55.127722429,67.244867841,0.000000,30.222222222
665.500000,7.896031582,55.118382864,67.245816977,0.000000,30.211111111
666.000000,7.894217331,55.109043167,67.246766144,0.000000,30.200000000
666.500000,7.892403305,55.099703338,67.247715341,0.000000,30.188888889
667.000000,7.890589505,55.090363378,67.248664570,0.000000,30.177777778
667.500000,7.888775929,55.081023286,67.249613828,0.000000,30.166666667
668.000000,7.886962577,55.071683061,67.250563118,0.000000,30.155555556
668.500000,7.885149451,55.062342705,67.251512438,0.000000,30.144444444
669.000000,7.883336550,55.053002218,67.252461788,0.000000,30.133333333
669.500000,7.881523873,55.043661598,67.253411170,0.000000,30.122222222
670.000000,7.879711422,55.034320846,67.254360582,0.000000,30.111111111
670.500000,7.877899195,55.024979963,67.255310024,0.000000,30.100000000
671.000000,7.876087192,55.015638948,67.256259498,0.000000,30.088888889
671.500000,7.874275415,55.006297801,67.257209002,0.000000,30.077777778
672.000000,7.872463862,54.996956522,67.258158536,0.000000,30.066666667
672.500000,7.870652534,54.987615111,67.259108102,0.000000,30.055555556
673.000000,7.868841430,54.978273568,67.260057698,0.000000,30.044444444
673.500000,7.867030551,54.968931893,67.261007324,0.000000,30.033333333
674.000000,7.865219897,54.959590087,67.261956982,0.000000,30.022222222
674.500000,7.863409467,54.950248148,67.262906670,0.000000,30.011111111
675.000000,7.861599262,54.940906078,67.263856389,0.000000,30.000000000
675.500000,7.859789281,54.931563875,67.264806138,0.000000,29.988888889
676.000000,7.857979525,54.922221541,67.265755918,0.000000,29.977777778
676.500000,7.856169993,54.912879075,67.266705729,0.000000,29.966666667
677.000000,7.854360686,54.903536477,67.267655571,0.000000,29.955555556
677.500000,7.852551603,54.894193747,67.268605443,0.000000,29.944444444
678.000000,7.850742744,54.884850885,67.269555346,0.000000,29.933333333
678.500000,7.848934110,54.875507892,67.270505280,0.000000,29.922222222
679.000000,7.847125700,54.866164766,67.271455244,0.000000,29.911111111
679.500000,7.845317515,54.856821508,67.272405239,0.000000,29.900000000
680.000000,7.843509554,54.847478119,67.273355265,0.000000,29.888888889
680.500000,7.841701817,54.838134597,67.274305322,0.000000,29.877777778
681.000000,7.839894304,54.828790943,67.275255409,0.000000,29.866666667
681.500000,7.838087016,54.819447158,67.276205527,0.000000,29.855555556
682.000000,7.836279952,54.810103241,67.277155676,0.000000,29.844444444
682.500000,7.834473112,54.800759191,67.278105855,0.000000,29.833333333
683.000000,7.832666496,54.791415010,67.279056065,0.000000,29.822222222
683.500000,7.830860104,54.782070696,67.280006306,0.000000,29.811111111
684.000000,7.829053936,54.772726251,67.280956578,0.000000,29.800000000
684.500000,7.827247993,54.763381674,67.281906881,0.000000,29.788888889
685.000000,7.825442273,54.754036964,67.282857214,0.000000,29.777777778
685.500000,7.823636778,54.744692123,67.283807578,0.000000,29.766666667
686.000000,7.821831506,54.735347150,67.284757972,0.000000,29.755555556
686.500000,7.820026459,54.726002045,67.285708398,0.000000,29.744444444
687.000000,7.818221635,54.716656807,67.286658854,0.000000,29.733333333
687.500000,7.816417035,54.707311438,67.287609341,0.000000,29.722222222
688.000000,7.814612660,54.697965937,67.288559859,0.000000,29.711111111
688.500000,7.812808508,54.688620303,67.289510407,0.000000,29.700000000
689.000000,7.811004580,54.679274538,67.290460987,0.000000,29.688888889
689.500000,7.809200875,54.669928641,67.291411597,0.000000,29.677777778
690.000000,7.807397395,54.660582611,67.292362238,0.000000,29.666666667
690.500000,7.805594138,54.651236450,67.293312909,0.000000,29.655555556
691.000000,7.803791106,54.641890157,67.294263612,0.000000,29.644444444
691.500000,7.801988296,54.632543731,67.295214345,0.000000,29.633333333
692.000000,7.800185711,54.623197173,67.296165109,0.000000,29.622222222
692.500000,7.798383349,54.613850484,67.297115904,0.000000,29.611111111
693.000000,7.796581211,54.604503662,67.298066729,0.000000,29.600000000
693.500000,7.794779297,54.595156709,67.299017585,0.000000,29.588888889
694.000000,7.792977606,54.585809623,67.299968473,0.000000,29.577777778
694.500000,7.791176139,54.576462405,67.300919391,0.000000,29.566666667
695.000000,7.789374895,54.567115055,67.301870339,0.000000,29.555555556
695.500000,7.787573875,54.557767573,67.302821319,0.000000,29.544444444
696.000000,7.785773078,54.548419959,67.303772329,0.000000,29.533333333
696.500000,7.783972505,54.539072213,67.304723370,0.000000,29.522222222
697.000000,7.782172155,54.529724335,67.305674442,0.000000,29.511111111
697.500000,7.780372029,54.520376324,67.306625545,0.000000,29.500000000
698.000000,7.778572126,54.511028182,67.307576679,0.000000,29.488888889
698.500000,7.776772447,54.501679907,67.308527843,0.000000,29.477777778
699.000000,7.774972991,54.492331501,67.309479038,0.000000,29.466666667
699.500000,7.773173758,54.482982962,67.310430265,0.000000,29.455555556
700.000000,7.771374749,54.473634291,67.311381521,0.000000,29.444444444
700.500000,7.769575962,54.464285488,67.312332809,0.000000,29.433333333
701.000000,7.767777400,54.454936553,67.313284128,0.000000,29.422222222
701.500000,7.765979060,54.445587486,67.314235477,0.000000,29.411111111
702.000000,7.764180943,54.436238286,67.315186858,0.000000,29.400000000
702.500000,7.762383050,54.426888955,67.316138269,0.000000,29.388888889
703.000000,7.760585380,54.417539491,67.317089711,0.000000,29.377777778
703.500000,7.758787933,54.408189895,67.318041184,0.000000,29.366666667
704.000000,7.756990709,54.398840167,67.318992687,0.000000,29.355555556
704.500000,7.755193709,54.389490307,67.319944222,0.000000,29.344444444
705.000000,7.753396931,54.380140315,67.320895787,0.000000,29.333333333
705.500000,7.751600377,54.370790191,67.321847383,0.000000,29.322222222
706.000000,7.749804045,54.361439934,67.322799011,0.000000,29.311111111
706.500000,7.748007936,54.352089545,67.323750668,0.000000,29.300000000
707.000000,7.746212051,54.342739024,67.324702357,0.000000,29.288888889
707.500000,7.744416388,54.333388371,67.325654077,0.000000,29.277777778
708.000000,7.742620948,54.324037586,67.326605828,0.000000,29.266666667
708.500000,7.740825732,54.314686668,67.327557609,0.000000,29.255555556
709.000000,7.739030738,54.305335619,67.328509422,0.000000,29.244444444
709.500000,7.737235966,54.295984437,67.329461265,0.000000,29.233333333
710.000000,7.735441418,54.286633123,67.330413139,0.000000,29.222222222
710.500000,7.733647093,54.277281677,67.331365044,0.000000,29.211111111
711.000000,7.731852990,54.267930098,67.332316980,0.000000,29.200000000
711.500000,7.730059110,54.258578387,67.333268947,0.000000,29.188888889
712.000000,7.728265453,54.249226544,67.334220944,0.000000,29.177777778
712.500000,7.726472018,54.239874569,67.335172973,0.000000,29.166666667
713.000000,7.724678806,54.230522462,67.336125033,0.000000,29.155555556
713.500000,7.722885817,54.221170222,67.337077123,0.000000,29.144444444
714.000000,7.721093051,54.211817851,67.338029244,0.000000,29.133333333
714.500000,7.719300507,54.202465347,67.338981397,0.000000,29.122222222
715.000000,7.717508185,54.193112710,67.339933580,0.000000,29.111111111
715.500000,7.715716087,54.183759942,67.340885794,0.000000,29.100000000
716.000000,7.713924210,54.174407041,67.341838039,0.000000,29.088888889
716.500000,7.712132557,54.165054008,67.342790315,0.000000,29.077777778
717.000000,7.710341125,54.155700842,67.343742622,0.000000,29.066666667
717.500000,7.708549916,54.146347545,67.344694959,0.000000,29.055555556
718.000000,7.706758930,54.136994115,67.345647328,0.000000,29.044444444
718.500000,7.704968166,54.127640553,67.346599728,0.000000,29.033333333
719.000000,7.703177624,54.118286859,67.347552158,0.000000,29.022222222
719.500000,7.701387305,54.108933032,67.348504620,0.000000,29.011111111
720.000000,7.699597208,54.099579073,67.349457112,0.000000,29.000000000
720.500000,7.697807334,54.090224982,67.350409636,0.000000,28.988888889
721.000000,7.696017681,54.080870758,67.351362190,0.000000,28.977777778
721.500000,7.694228251,54.071516402,67.352314775,0.000000,28.966666667
722.000000,7.692439044,54.062161914,67.353267392,0.000000,28.955555556
722.500000,7.690650058,54.052807294,67.354220039,0.000000,28.944444444
723.000000,7.688861295,54.043452541,67.355172717,0.000000,28.933333333
723.500000,7.687072753,54.034097656,67.356125426,0.000000,28.922222222
724.000000,7.685284434,54.024742638,67.357078166,0.000000,28.911111111
724.500000,7.683496337,54.015387488,67.358030937,0.000000,28.900000000
725.000000,7.681708463,54.006032206,67.358983739,0.000000,28.888888889
725.500000,7.679920810,53.996676792,67.359936572,0.000000,28.877777778
726.000000,7.678133379,53.987321245,67.360889436,0.000000,28.866666667
726.500000,7.676346170,53.977965566,67.361842331,0.000000,28.855555556
727.000000,7.674559184,53.968609755,67.362795257,0.000000,28.844444444
727.500000,7.672772419,53.959253811,67.363748214,0.000000,28.833333333
728.000000,7.670985876,53.949897735,67.364701202,0.000000,28.822222222
728.500000,7.669199555,53.940541526,67.365654221,0.000000,28.811111111
729.000000,7.667413456,53.931185185,67.366607271,0.000000,28.800000000
729.500000,7.665627579,53.921828712,67.367560352,0.000000,28.788888889
730.000000,7.663841924,53.912472107,67.368513464,0.000000,28.777777778
730.500000,7.662056490,53.903115369,67.369466607,0.000000,28.766666667
731.000000,7.660271279,53.893758498,67.370419780,0.000000,28.755555556
731.500000,7.658486289,53.884401496,67.371372985,0.000000,28.744444444
732.000000,7.656701521,53.875044360,67.372326221,0.000000,28.733333333
732.500000,7.654916974,53.865687093,67.373279488,0.000000,28.722222222
733.000000,7.653132650,53.856329693,67.374232786,0.000000,28.711111111
733.500000,7.651348547,53.846972161,67.375186115,0.000000,28.700000000
734.000000,7.649564665,53.837614496,67.376139475,0.000000,28.688888889
734.500000,7.647781006,53.828256699,67.377092866,0.000000,28.677777778
735.000000,7.645997568,53.818898769,67.378046288,0.000000,28.666666667
735.500000,7.644214351,53.809540707,67.378999741,0.000000,28.655555556
736.000000,7.642431356,53.800182513,67.379953225,0.000000,28.644444444
736.500000,7.640648583,53.790824186,67.380906740,0.000000,28.633333333
737.000000,7.638866031,53.781465727,67.381860287,0.000000,28.622222222
737.500000,7.637083700,53.772107135,67.382813864,0.000000,28.611111111
738.000000,7.635301591,53.762748411,67.383767472,0.000000,28.600000000
738.500000,7.633519704,53.753389554,67.384721111,0.000000,28.588888889
739.000000,7.631738038,53.744030565,67.385674782,0.000000,28.577777778
739.500000,7.629956593,53.734671444,67.386628483,0.000000,28.566666667
740.000000,7.628175370,53.725312190,67.387582216,0.000000,28.555555556
740.500000,7.626394368,53.715952803,67.388535979,0.000000,28.544444444
741.000000,7.624613587,53.706593284,67.389489774,0.000000,28.533333333
741.500000,7.622833028,53.697233633,67.390443599,0.000000,28.522222222
742.000000,7.621052689,53.687873849,67.391397456,0.000000,28.511111111
742.500000,7.619272573,53.678513933,67.392351344,0.000000,28.500000000
743.000000,7.617492677,53.669153884,67.393305263,0.000000,28.488888889
743.500000,7.615713002,53.659793703,67.394259213,0.000000,28.477777778
744.000000,7.613933549,53.650433389,67.395213194,0.000000,28.466666667
744.500000,7.612154317,53.641072943,67.396167206,0.000000,28.455555556
745.000000,7.610375306,53.631712364,67.397121249,0.000000,28.444444444
745.500000,7.608596516,53.622351653,67.398075323,0.000000,28.433333333
746.000000,7.606817947,53.612990809,67.399029428,0.000000,28.422222222
746.500000,7.605039599,53.603629833,67.399983565,0.000000,28.411111111
747.000000,7.603261472,53.594268724,67.400937732,0.000000,28.400000000
747.500000,7.601483567,53.584907482,67.401891931,0.000000,28.388888889
748.000000,7.599705882,53.575546109,67.402846161,0.000000,28.377777778
748.500000,7.597928418,53.566184602,67.403800421,0.000000,28.366666667
749.000000,7.596151175,53.556822963,67.404754713,0.000000,28.355555556
749.500000,7.594374153,53.547461192,67.405709036,0.000000,28.344444444
750.000000,7.592597352,53.538099288,67.406663391,0.000000,28.333333333
750.500000,7.590820771,53.528737251,67.407617776,0.000000,28.322222222
751.000000,7.589044412,53.519375082,67.408572192,0.000000,28.311111111
751.500000,7.587268273,53.510012780,67.409526640,0.000000,28.300000000
752.000000,7.585492355,53.500650346,67.410481118,0.000000,28.288888889
752.500000,7.583716658,53.491287779,67.411435628,0.000000,28.277777778
753.000000,7.581941182,53.481925080,67.412390169,0.000000,28.266666667
753.500000,7.580165926,53.472562248,67.413344741,0.000000,28.255555556
754.000000,7.578390891,53.463199283,67.414299344,0.000000,28.244444444
754.500000,7.576616077,53.453836186,67.415253978,0.000000,28.233333333
755.000000,7.574841483,53.444472956,67.416208644,0.000000,28.222222222
755.500000,7.573067110,53.435109594,67.417163340,0.000000,28.211111111
756.000000,7.571292958,53.425746099,67.418118068,0.000000,28.200000000
756.500000,7.569519026,53.416382472,67.419072827,0.000000,28.188888889
757.000000,7.567745314,53.407018712,67.420027617,0.000000,28.177777778
757.500000,7.565971823,53.397654819,67.420982438,0.000000,28.166666667
758.000000,7.564198553,53.388290793,67.421937290,0.000000,28.155555556
758.500000,7.562425503,53.378926636,67.422892173,0.000000,28.144444444
759.000000,7.560652674,53.369562345,67.423847088,0.000000,28.133333333
759.500000,7.558880065,53.360197922,67.424802034,0.000000,28.122222222
760.000000,7.557107676,53.350833366,67.425757011,0.000000,28.111111111
760.500000,7.555335508,53.341468677,67.426712019,0.000000,28.100000000
761.000000,7.553563560,53.332103856,67.427667058,0.000000,28.088888889
761.500000,7.551791832,53.322738903,67.428622129,0.000000,28.077777778
762.000000,7.550020325,53.313373816,67.429577230,0.000000,28.066666667
762.500000,7.548249038,53.304008597,67.430532363,0.000000,28.055555556
763.000000,7.546477971,53.294643245,67.431487527,0.000000,28.044444444
763.500000,7.544707125,53.285277761,67.432442722,0.000000,28.033333333
764.000000,7.542936498,53.275912144,67.433397949,0.000000,28.022222222
764.500000,7.541166092,53.266546394,67.434353206,0.000000,28.011111111
765.000000,7.539395906,53.257180512,67.435308495,0.000000,28.000000000
765.500000,7.537625940,53.247814497,67.436263815,0.000000,27.988888889
766.000000,7.535856194,53.238448349,67.437219166,0.000000,27.977777778
766.500000,7.534086669,53.229082069,67.438174548,0.000000,27.966666667
767.000000,7.532317363,53.219715655,67.439129962,0.000000,27.955555556
767.500000,7.530548278,53.210349110,67.440085407,0.000000,27.944444444
768.000000,7.528779412,53.200982431,67.441040883,0.000000,27.933333333
768.500000,7.527010766,53.191615620,67.441996390,0.000000,27.922222222
769.000000,7.525242341,53.182248676,67.442951928,0.000000,27.911111111
769.500000,7.523474135,53.172881599,67.443907498,0.000000,27.900000000
770.000000,7.521706149,53.163514390,67.444863099,0.000000,27.888888889
770.500000,7.519938383,53.154147048,67.445818731,0.000000,27.877777778
771.000000,7.518170837,53.144779573,67.446774394,0.000000,27.866666667
771.500000,7.516403511,53.135411965,67.447730089,0.000000,27.855555556
772.000000,7.514636405,53.126044225,67.448685814,0.000000,27.844444444
772.500000,7.512869518,53.116676352,67.449641571,0.000000,27.833333333
773.000000,7.511102851,53.107308346,67.450597360,0.000000,27.822222222
773.500000,7.509336404,53.097940208,67.451553179,0.000000,27.811111111
774.000000,7.507570177,53.088571937,67.452509030,0.000000,27.800000000
774.500000,7.505804169,53.079203532,67.453464912,0.000000,27.788888889
775.000000,7.504038381,53.069834996,67.454420825,0.000000,27.777777778
775.500000,7.502272813,53.060466326,67.455376770,0.000000,27.766666667
776.000000,7.500507464,53.051097524,67.456332745,0.000000,27.755555556
776.500000,7.498742335,53.041728589,67.457288752,0.000000,27.744444444
777.000000,7.496977426,53.032359521,67.458244791,0.000000,27.733333333
777.500000,7.495212736,53.022990320,67.459200860,0.000000,27.722222222
778.000000,7.493448265,53.013620987,67.460156961,0.000000,27.711111111
778.500000,7.491684014,53.004251520,67.461113093,0.000000,27.700000000
779.000000,7.489919983,52.994881921,67.462069256,0.000000,27.688888889
779.500000,7.488156171,52.985512190,67.463025451,0.000000,27.677777778
780.000000,7.486392578,52.976142325,67.463981677,0.000000,27.666666667
780.500000,7.484629205,52.966772327,67.464937934,0.000000,27.655555556
781.000000,7.482866051,52.957402197,67.465894223,0.000000,27.644444444
781.500000,7.481103117,52.948031934,67.466850542,0.000000,27.633333333
782.000000,7.479340402,52.938661538,67.467806893,0.000000,27.622222222
782.500000,7.477577906,52.929291009,67.468763276,0.000000,27.611111111
783.000000,7.475815629,52.919920348,67.469719689,0.000000,27.600000000
783.500000,7.474053572,52.910549553,67.470676134,0.000000,27.588888889
784.000000,7.472291734,52.901178626,67.471632611,0.000000,27.577777778
784.500000,7.470530115,52.891807566,67.472589118,0.000000,27.566666667
785.000000,7.468768716,52.882436373,67.473545657,0.000000,27.555555556
785.500000,7.467007535,52.873065047,67.474502227,0.000000,27.544444444
786.000000,7.465246574,52.863693589,67.475458829,0.000000,27.533333333
786.500000,7.463485832,52.854321997,67.476415461,0.000000,27.522222222
787.000000,7.461725309,52.844950273,67.477372125,0.000000,27.511111111
787.500000,7.459965005,52.835578416,67.478328821,0.000000,27.500000000
788.000000,7.458204920,52.826206426,67.479285548,0.000000,27.488888889
788.500000,7.456445054,52.816834303,67.480242306,0.000000,27.477777778
789.000000,7.454685407,52.807462047,67.481199095,0.000000,27.466666667
789.500000,7.452925979,52.798089658,67.482155916,0.000000,27.455555556
790.000000,7.451166770,52.788717136,67.483112768,0.000000,27.444444444
790.500000,7.449407780,52.779344482,67.484069651,0.000000,27.433333333
791.000000,7.447649009,52.769971694,67.485026566,0.000000,27.422222222
791.500000,7.445890457,52.760598774,67.485983512,0.000000,27.411111111
792.000000,7.444132123,52.751225721,67.486940490,0.000000,27.400000000
792.500000,7.442374009,52.741852534,67.487897498,0.000000,27.388888889
793.000000,7.440616113,52.732479215,67.488854539,0.000000,27.377777778
793.500000,7.438858436,52.723105763,67.489811610,0.000000,27.366666667
794.000000,7.437100978,52.713732178,67.490768713,0.000000,27.355555556
794.500000,7.435343738,52.704358461,67.491725847,0.000000,27.344444444
795.000000,7.433586718,52.694984610,67.492683013,0.000000,27.333333333
795.500000,7.431829915,52.685610626,67.493640210,0.000000,27.322222222
796.000000,7.430073332,52.676236509,67.494597438,0.000000,27.311111111
796.500000,7.428316967,52.666862260,67.495554698,0.000000,27.300000000
797.000000,7.426560821,52.657487877,67.496511989,0.000000,27.288888889
797.500000,7.424804893,52.648113361,67.497469311,0.000000,27.277777778
798.000000,7.423049184,52.638738713,67.498426665,0.000000,27.266666667
798.500000,7.421293694,52.629363931,67.499384050,0.000000,27.255555556
799.000000,7.419538422,52.619989017,67.500341467,0.000000,27.244444444
799.500000,7.417783369,52.610613970,67.501298915,0.000000,27.233333333
800.000000,7.416028534,52.601238789,67.502256394,0.000000,27.222222222
800.500000,7.414273917,52.591863476,67.503213905,0.000000,27.211111111
801.000000,7.412519519,52.582488029,67.504171447,0.000000,27.200000000
801.500000,7.410765339,52.573112450,67.505129021,0.000000,27.188888889
802.000000,7.409011378,52.563736738,67.506086626,0.000000,27.177777778
802.500000,7.407257635,52.554360892,67.507044262,0.000000,27.166666667
803.000000,7.405504110,52.544984914,67.508001930,0.000000,27.155555556
803.500000,7.403750804,52.535608803,67.508959629,0.000000,27.144444444
804.000000,7.401997716,52.526232558,67.509917360,0.000000,27.133333333
804.500000,7.400244846,52.516856181,67.510875122,0.000000,27.122222222
805.000000,7.398492195,52.507479670,67.511832915,0.000000,27.111111111
805.500000,7.396739761,52.498103027,67.512790740,0.000000,27.100000000
806.000000,7.394987546,52.488726250,67.513748596,0.000000,27.088888889
806.500000,7.393235549,52.479349341,67.514706484,0.000000,27.077777778
807.000000,7.391483770,52.469972298,67.515664403,0.000000,27.066666667
807.500000,7.389732209,52.460595123,67.516622354,0.000000,27.055555556
808.000000,7.387980867,52.451217814,67.517580336,0.000000,27.044444444
808.500000,7.386229742,52.441840372,67.518538349,0.000000,27.033333333
809.000000,7.384478835,52.432462798,67.519496394,0.000000,27.022222222
809.500000,7.382728147,52.423085090,67.520454471,0.000000,27.011111111
810.000000,7.380977676,52.413707249,67.521412578,0.000000,27.000000000
810.500000,7.379227424,52.404329275,67.522370718,0.000000,26.988888889
811.000000,7.377477389,52.394951168,67.523328888,0.000000,26.977777778
811.500000,7.375727572,52.385572928,67.524287090,0.000000,26.966666667
812.000000,7.373977974,52.376194554,67.525245324,0.000000,26.955555556
812.500000,7.372228593,52.366816048,67.526203589,0.000000,26.944444444
813.000000,7.370479430,52.357437409,67.527161886,0.000000,26.933333333
813.500000,7.368730484,52.348058636,67.528120214,0.000000,26.922222222
814.000000,7.366981757,52.338679731,67.529078573,0.000000,26.911111111
814.500000,7.365233247,52.329300692,67.530036964,0.000000,26.900000000
815.000000,7.363484955,52.319921520,67.530995387,0.000000,26.888888889
815.500000,7.361736881,52.310542215,67.531953841,0.000000,26.877777778
816.000000,7.359989025,52.301162777,67.532912326,0.000000,26.866666667
816.500000,7.358241386,52.291783206,67.533870843,0.000000,26.855555556
817.000000,7.356493965,52.282403502,67.534829391,0.000000,26.844444444
817.500000,7.354746761,52.273023664,67.535787971,0.000000,26.833333333
818.000000,7.352999775,52.263643694,67.536746582,0.000000,26.822222222
818.500000,7.351253007,52.254263590,67.537705225,0.000000,26.811111111
819.000000,7.349506456,52.244883353,67.538663900,0.000000,26.800000000
819.500000,7.347760123,52.235502983,67.539622606,0.000000,26.788888889
820.000000,7.346014007,52.226122480,67.540581343,0.000000,26.777777778
820.500000,7.344268109,52.216741844,67.541540112,0.000000,26.766666667
821.000000,7.342522428,52.207361074,67.542498912,0.000000,26.755555556
821.500000,7.340776965,52.197980172,67.543457744,0.000000,26.744444444
822.000000,7.339031719,52.188599136,67.544416607,0.000000,26.733333333
822.500000,7.337286691,52.179217967,67.545375502,0.000000,26.722222222
823.000000,7.335541880,52.169836665,67.546334429,0.000000,26.711111111
823.500000,7.333797286,52.160455230,67.547293387,0.000000,26.700000000
824.000000,7.332052910,52.151073661,67.548252376,0.000000,26.688888889
824.500000,7.330308751,52.141691959,67.549211397,0.000000,26.677777778
825.000000,7.328564809,52.132310124,67.550170450,0.000000,26.666666667
825.500000,7.326821084,52.122928156,67.551129534,0.000000,26.655555556
826.000000,7.325077577,52.113546055,67.552088650,0.000000,26.644444444
826.500000,7.323334287,52.104163820,67.553047797,0.000000,26.633333333
827.000000,7.321591214,52.094781453,67.554006976,0.000000,26.622222222
827.500000,7.319848358,52.085398952,67.554966186,0.000000,26.611111111
828.000000,7.318105719,52.076016318,67.555925428,0.000000,26.600000000
828.500000,7.316363298,52.066633550,67.556884701,0.000000,26.588888889
829.000000,7.314621093,52.057250649,67.557844006,0.000000,26.577777778
829.500000,7.312879106,52.047867616,67.558803343,0.000000,26.566666667
830.000000,7.311137336,52.038484448,67.559762711,0.000000,26.555555556
830.500000,7.309395782,52.029101148,67.560722110,0.000000,26.544444444
831.000000,7.307654446,52.019717714,67.561681541,0.000000,26.533333333
831.500000,7.305913327,52.010334148,67.562641004,0.000000,26.522222222
832.000000,7.304172424,52.000950447,67.563600498,0.000000,26.511111111
832.500000,7.302431739,51.991566614,67.564560024,0.000000,26.500000000
833.000000,7.300691270,51.982182647,67.565519582,0.000000,26.488888889
833.500000,7.298951018,51.972798547,67.566479171,0.000000,26.477777778
834.000000,7.297210984,51.963414314,67.567438792,0.000000,26.466666667
834.500000,7.295471166,51.954029948,67.568398444,0.000000,26.455555556
835.000000,7.293731564,51.944645448,67.569358128,0.000000,26.444444444
835.500000,7.291992180,51.935260815,67.570317843,0.000000,26.433333333
836.000000,7.290253012,51.925876048,67.571277590,0.000000,26.422222222
836.500000,7.288514061,51.916491149,67.572237369,0.000000,26.411111111
837.000000,7.286775327,51.907106116,67.573197179,0.000000,26.400000000
837.500000,7.285036809,51.897720950,67.574157021,0.000000,26.388888889
838.000000,7.283298509,51.888335650,67.575116894,0.000000,26.377777778
838.500000,7.281560424,51.878950217,67.576076799,0.000000,26.366666667
839.000000,7.279822557,51.869564651,67.577036736,0.000000,26.355555556
839.500000,7.278084906,51.860178951,67.577996704,0.000000,26.344444444
840.000000,7.276347471,51.850793118,67.578956704,0.000000,26.333333333
840.500000,7.274610253,51.841407152,67.579916735,0.000000,26.322222222
841.000000,7.272873252,51.832021053,67.580876799,0.000000,26.311111111
841.500000,7.271136467,51.822634820,67.581836893,0.000000,26.300000000
842.000000,7.269399898,51.813248454,67.582797020,0.000000,26.288888889
842.500000,7.267663546,51.803861954,67.583757178,0.000000,26.277777778
843.000000,7.265927411,51.794475321,67.584717367,0.000000,26.266666667
843.500000,7.264191491,51.785088555,67.585677589,0.000000,26.255555556
844.000000,7.262455789,51.775701655,67.586637842,0.000000,26.244444444
844.500000,7.260720302,51.766314622,67.587598126,0.000000,26.233333333
845.000000,7.258985032,51.756927456,67.588558442,0.000000,26.222222222
845.500000,7.257249978,51.747540156,67.589518790,0.000000,26.211111111
846.000000,7.255515141,51.738152723,67.590479170,0.000000,26.200000000
846.500000,7.253780519,51.728765156,67.591439581,0.000000,26.188888889
847.000000,7.252046114,51.719377456,67.592400024,0.000000,26.177777778
847.500000,7.250311925,51.709989623,67.593360498,0.000000,26.166666667
848.000000,7.248577953,51.700601656,67.594321005,0.000000,26.155555556
848.500000,7.246844196,51.691213556,67.595281542,0.000000,26.144444444
849.000000,7.245110656,51.681825322,67.596242112,0.000000,26.133333333
849.500000,7.243377332,51.672436955,67.597202713,0.000000,26.122222222
850.000000,7.241644224,51.663048455,67.598163346,0.000000,26.111111111
850.500000,7.239911331,51.653659821,67.599124010,0.000000,26.100000000
851.000000,7.238178655,51.644271054,67.600084707,0.000000,26.088888889
851.500000,7.236446195,51.634882153,67.601045434,0.000000,26.077777778
852.000000,7.234713951,51.625493119,67.602006194,0.000000,26.066666667
852.500000,7.232981923,51.616103952,67.602966985,0.000000,26.055555556
853.000000,7.231250111,51.606714651,67.603927808,0.000000,26.044444444
853.500000,7.229518515,51.597325216,67.604888663,0.000000,26.033333333
854.000000,7.227787135,51.587935649,67.605849549,0.000000,26.022222222
854.500000,7.226055970,51.578545947,67.606810467,0.000000,26.011111111
855.000000,7.224325022,51.569156112,67.607771417,0.000000,26.000000000
855.500000,7.222594289,51.559766144,67.608732398,0.000000,25.988888889
856.000000,7.220863772,51.550376042,67.609693412,0.000000,25.977777778
856.500000,7.219133471,51.540985807,67.610654457,0.000000,25.966666667
857.000000,7.217403386,51.531595439,67.611615533,0.000000,25.955555556
857.500000,7.215673516,51.522204936,67.612576641,0.000000,25.944444444
858.000000,7.213943862,51.512814301,67.613537781,0.000000,25.933333333
858.500000,7.212214424,51.503423532,67.614498953,0.000000,25.922222222
859.000000,7.210485202,51.494032629,67.615460157,0.000000,25.911111111
859.500000,7.208756195,51.484641593,67.616421392,0.000000,25.900000000
860.000000,7.207027404,51.475250423,67.617382659,0.000000,25.888888889
860.500000,7.205298828,51.465859120,67.618343958,0.000000,25.877777778
861.000000,7.203570468,51.456467683,67.619305288,0.000000,25.866666667
861.500000,7.201842323,51.447076113,67.620266650,0.000000,25.855555556
862.000000,7.200114394,51.437684410,67.621228044,0.000000,25.844444444
862.500000,7.198386681,51.428292572,67.622189470,0.000000,25.833333333
863.000000,7.196659183,51.418900602,67.623150927,0.000000,25.822222222
863.500000,7.194931900,51.409508497,67.624112416,0.000000,25.811111111
864.000000,7.193204833,51.400116259,67.625073937,0.000000,25.800000000
864.500000,7.191477981,51.390723888,67.626035490,0.000000,25.788888889
865.000000,7.189751345,51.381331383,67.626997074,0.000000,25.777777778
865.500000,7.188024924,51.371938745,67.627958690,0.000000,25.766666667
866.000000,7.186298718,51.362545973,67.628920338,0.000000,25.755555556
866.500000,7.184572728,51.353153067,67.629882018,0.000000,25.744444444
867.000000,7.182846953,51.343760028,67.630843730,0.000000,25.733333333
867.500000,7.181121393,51.334366855,67.631805473,0.000000,25.722222222
868.000000,7.179396049,51.324973549,67.632767248,0.000000,25.711111111
868.500000,7.177670919,51.315580109,67.633729055,0.000000,25.700000000
869.000000,7.175946005,51.306186535,67.634690893,0.000000,25.688888889
869.500000,7.174221306,51.296792828,67.635652764,0.000000,25.677777778
870.000000,7.172496822,51.287398988,67.636614666,0.000000,25.666666667
870.500000,7.170772554,51.278005013,67.637576600,0.000000,25.655555556
871.000000,7.169048500,51.268610906,67.638538566,0.000000,25.644444444
871.500000,7.167324661,51.259216664,67.639500563,0.000000,25.633333333
872.000000,7.165601038,51.249822289,67.640462592,0.000000,25.622222222
872.500000,7.163877630,51.240427780,67.641424654,0.000000,25.611111111
873.000000,7.162154436,51.231033138,67.642386747,0.000000,25.600000000
873.500000,7.160431458,51.221638362,67.643348871,0.000000,25.588888889
874.000000,7.158708694,51.212243452,67.644311028,0.000000,25.577777778
874.500000,7.156986146,51.202848409,67.645273216,0.000000,25.566666667
875.000000,7.155263812,51.193453232,67.646235437,0.000000,25.555555556
875.500000,7.153541693,51.184057922,67.647197689,0.000000,25.544444444
876.000000,7.151819790,51.174662478,67.648159973,0.000000,25.533333333
876.500000,7.150098100,51.165266900,67.649122288,0.000000,25.522222222
877.000000,7.148376626,51.155871189,67.650084636,0.000000,25.511111111
877.500000,7.146655367,51.146475344,67.651047015,0.000000,25.500000000
878.000000,7.144934322,51.137079365,67.652009426,0.000000,25.488888889
878.500000,7.143213492,51.127683252,67.652971869,0.000000,25.477777778
879.000000,7.141492877,51.118287006,67.653934344,0.000000,25.466666667
879.500000,7.139772477,51.108890627,67.654896851,0.000000,25.455555556
880.000000,7.138052291,51.099494113,67.655859389,0.000000,25.444444444
880.500000,7.136332320,51.090097466,67.656821960,0.000000,25.433333333
881.000000,7.134612563,51.080700685,67.657784562,0.000000,25.422222222
881.500000,7.132893021,51.071303771,67.658747196,0.000000,25.411111111
882.000000,7.131173694,51.061906722,67.659709862,0.000000,25.400000000
882.500000,7.129454581,51.052509540,67.660672560,0.000000,25.388888889
883.000000,7.127735683,51.043112225,67.661635290,0.000000,25.377777778
883.500000,7.126016999,51.033714775,67.662598051,0.000000,25.366666667
884.000000,7.124298530,51.024317192,67.663560845,0.000000,25.355555556
884.500000,7.122580275,51.014919476,67.664523670,0.000000,25.344444444
885.000000,7.120862235,51.005521625,67.665486527,0.000000,25.333333333
885.500000,7.119144409,50.996123641,67.666449416,0.000000,25.322222222
886.000000,7.117426798,50.986725523,84.043169989,6.000000,25.311111111
886.500000,7.122947426,50.975052860,84.044144353,6.000000,25.300000000
887.000000,7.128467389,50.963380063,84.045118787,6.000000,25.288888889
887.500000,7.133986686,50.951707129,84.046093289,6.000000,25.277777778
888.000000,7.139505319,50.940034061,84.047067862,6.000000,25.266666667
888.500000,7.145023287,50.928360857,84.048042503,6.000000,25.255555556
889.000000,7.150540589,50.916687518,84.049017214,6.000000,25.244444444
889.500000,7.156057227,50.905014043,84.049991995,6.000000,25.233333333
890.000000,7.161573200,50.893340433,84.050966844,6.000000,25.222222222
890.500000,7.167088508,50.881666688,84.051941763,6.000000,25.211111111
891.000000,7.172603152,50.869992807,84.052916752,6.000000,25.200000000
891.500000,7.178117131,50.858318791,84.053891810,6.000000,25.188888889
892.000000,7.183630446,50.846644639,84.054866937,6.000000,25.177777778
892.500000,7.189143096,50.834970352,84.055842133,6.000000,25.166666667
893.000000,7.194655082,50.823295930,84.056817399,6.000000,25.155555556
893.500000,7.200166403,50.811621372,84.057792735,6.000000,25.144444444
894.000000,7.205677061,50.799946678,84.058768139,6.000000,25.133333333
894.500000,7.211187054,50.788271849,84.059743613,6.000000,25.122222222
895.000000,7.216696383,50.776596885,84.060719157,6.000000,25.111111111
895.500000,7.222205048,50.764921785,84.061694770,6.000000,25.100000000
896.000000,7.227713050,50.753246550,84.062670452,6.000000,25.088888889
896.500000,7.233220387,50.741571179,84.063646204,6.000000,25.077777778
897.000000,7.238727061,50.729895672,84.064622025,6.000000,25.066666667
897.500000,7.244233071,50.718220030,84.065597915,6.000000,25.055555556
898.000000,7.249738418,50.706544253,84.066573875,6.000000,25.044444444
898.500000,7.255243101,50.694868340,84.067549904,6.000000,25.033333333
899.000000,7.260747120,50.683192291,84.068526003,6.000000,25.022222222
899.500000,7.266250476,50.671516107,84.069502171,6.000000,25.011111111
900.000000,7.271753169,50.659839787,70.416249667,6.000000,25.000000000
900.500000,7.277671010,50.650059753,70.416874093,6.000000,24.993055556
901.000000,7.283588260,50.640279631,70.417498562,6.000000,24.986111111
901.500000,7.289504919,50.630499423,70.418123073,6.000000,24.979166667
902.000000,7.295420987,50.620719128,70.418747626,6.000000,24.972222222
902.500000,7.301336465,50.610938747,70.419372222,6.000000,24.965277778
903.000000,7.307251351,50.601158278,70.419996861,6.000000,24.958333333
903.500000,7.313165648,50.591377723,70.420621542,6.000000,24.951388889
904.000000,7.319079354,50.581597081,70.421246265,6.000000,24.944444444
904.500000,7.324992469,50.571816353,70.421871030,6.000000,24.937500000
905.000000,7.330904994,50.562035537,70.422495839,6.000000,24.930555556
905.500000,7.336816929,50.552254635,70.423120689,6.000000,24.923611111
906.000000,7.342728273,50.542473646,70.423745582,6.000000,24.916666667
906.500000,7.348639027,50.532692570,70.424370518,6.000000,24.909722222
907.000000,7.354549191,50.522911408,70.424995496,6.000000,24.902777778
907.500000,7.360458765,50.513130158,70.425620516,6.000000,24.895833333
908.000000,7.366367748,50.503348822,70.426245579,6.000000,24.888888889
908.500000,7.372276142,50.493567399,70.426870684,6.000000,24.881944444
909.000000,7.378183945,50.483785889,70.427495831,6.000000,24.875000000
909.500000,7.384091159,50.474004293,70.428121022,6.000000,24.868055556
910.000000,7.389997783,50.464222609,70.428746254,6.000000,24.861111111
910.500000,7.395903817,50.454440839,70.429371529,6.000000,24.854166667
911.000000,7.401809261,50.444658982,70.429996846,6.000000,24.847222222
911.500000,7.407714116,50.434877038,70.430622206,6.000000,24.840277778
912.000000,7.413618381,50.425095007,70.431247609,6.000000,24.833333333
912.500000,7.419522056,50.415312889,70.431873053,6.000000,24.826388889
913.000000,7.425425142,50.405530684,70.432498541,6.000000,24.819444444
913.500000,7.431327639,50.395748393,70.433124070,6.000000,24.812500000
914.000000,7.437229546,50.385966015,70.433749642,6.000000,24.805555556
914.500000,7.443130863,50.376183549,70.434375257,6.000000,24.798611111
915.000000,7.449031591,50.366400997,70.435000914,6.000000,24.791666667
915.500000,7.454931730,50.356618358,70.435626613,6.000000,24.784722222
916.000000,7.460831280,50.346835632,70.436252355,6.000000,24.777777778
916.500000,7.466730241,50.337052820,70.436878140,6.000000,24.770833333
917.000000,7.472628612,50.327269920,70.437503966,6.000000,24.763888889
917.500000,7.478526395,50.317486933,70.438129836,6.000000,24.756944444
918.000000,7.484423588,50.307703860,70.438755747,6.000000,24.750000000
918.500000,7.490320193,50.297920699,70.439381701,6.000000,24.743055556
919.000000,7.496216209,50.288137452,70.440007698,6.000000,24.736111111
919.500000,7.502111636,50.278354117,70.440633737,6.000000,24.729166667
920.000000,7.508006474,50.268570696,70.441259819,6.000000,24.722222222
920.500000,7.513900723,50.258787187,70.441885943,6.000000,24.715277778
921.000000,7.519794384,50.249003592,70.442512109,6.000000,24.708333333
921.500000,7.525687456,50.239219910,70.443138318,6.000000,24.701388889
922.000000,7.531579940,50.229436141,70.443764569,6.000000,24.694444444
922.500000,7.537471835,50.219652285,70.444390863,6.000000,24.687500000
923.000000,7.543363142,50.209868341,70.445017199,6.000000,24.680555556
923.500000,7.549253860,50.200084311,70.445643578,6.000000,24.673611111
924.000000,7.555143990,50.190300194,70.446269999,6.000000,24.666666667
924.500000,7.561033532,50.180515990,70.446896463,6.000000,24.659722222
925.000000,7.566922486,50.170731699,70.447522969,6.000000,24.652777778
925.500000,7.572810851,50.160947321,70.448149517,6.000000,24.645833333
926.000000,7.578698628,50.151162855,70.448776108,6.000000,24.638888889
926.500000,7.584585818,50.141378303,70.449402742,6.000000,24.631944444
927.000000,7.590472419,50.131593664,70.450029418,6.000000,24.625000000
927.500000,7.596358432,50.121808938,70.450656136,6.000000,24.618055556
928.000000,7.602243858,50.112024124,70.451282897,6.000000,24.611111111
928.500000,7.608128695,50.102239224,70.451909700,6.000000,24.604166667
929.000000,7.614012945,50.092454236,70.452536546,6.000000,24.597222222
929.500000,7.619896607,50.082669162,70.453163434,6.000000,24.590277778
930.000000,7.625779681,50.072884000,70.453790365,6.000000,24.583333333
930.500000,7.631662168,50.063098752,70.454417338,6.000000,24.576388889
931.000000,7.637544068,50.053313416,70.455044353,6.000000,24.569444444
931.500000,7.643425379,50.043527993,70.455671411,6.000000,24.562500000
932.000000,7.649306104,50.033742483,70.456298512,6.000000,24.555555556
932.500000,7.655186240,50.023956886,70.456925655,6.000000,24.548611111
933.000000,7.661065790,50.014171202,70.457552840,6.000000,24.541666667
933.500000,7.666944752,50.004385431,70.458180068,6.000000,24.534722222
934.000000,7.672823127,49.994599572,70.458966735,6.000000,24.527777778
934.500000,7.678700918,49.984813605,70.459882897,6.000000,24.520833333
935.000000,7.684578126,49.975027510,70.460799121,6.000000,24.513888889
935.500000,7.690454752,49.965241288,70.461715407,6.000000,24.506944444
936.000000,7.696330796,49.955454938,70.462631755,6.000000,24.500000000
936.500000,7.702206258,49.945668462,70.463548165,6.000000,24.493055556
937.000000,7.708081138,49.935881858,70.464464637,6.000000,24.486111111
937.500000,7.713955436,49.926095127,70.465381171,6.000000,24.479166667
938.000000,7.719829152,49.916308268,70.466297767,6.000000,24.472222222
938.500000,7.725702286,49.906521282,70.467214426,6.000000,24.465277778
939.000000,7.731574838,49.896734169,70.468131146,6.000000,24.458333333
939.500000,7.737446808,49.886946929,70.469047928,6.000000,24.451388889
940.000000,7.743318197,49.877159561,70.469964773,6.000000,24.444444444
940.500000,7.749189004,49.867372066,70.470881679,6.000000,24.437500000
941.000000,7.755059229,49.857584444,70.471798648,6.000000,24.430555556
941.500000,7.760928873,49.847796694,70.472715679,6.000000,24.423611111
942.000000,7.766797936,49.838008817,70.473632772,6.000000,24.416666667
942.500000,7.772666417,49.828220812,70.474549927,6.000000,24.409722222
943.000000,7.778534316,49.818432680,70.475467144,6.000000,24.402777778
943.500000,7.784401634,49.808644421,70.476384423,6.000000,24.395833333
944.000000,7.790268371,49.798856034,70.477301764,6.000000,24.388888889
944.500000,7.796134527,49.789067520,70.478219168,6.000000,24.381944444
945.000000,7.802000101,49.779278878,70.479136633,6.000000,24.375000000
945.500000,7.807865094,49.769490109,70.480054161,6.000000,24.368055556
946.000000,7.813729507,49.759701213,70.480971750,6.000000,24.361111111
946.500000,7.819593338,49.749912189,70.481889402,6.000000,24.354166667
947.000000,7.825456588,49.740123038,70.482807116,6.000000,24.347222222
947.500000,7.831319257,49.730333759,70.483724892,6.000000,24.340277778
948.000000,7.837181346,49.720544353,70.484642730,6.000000,24.333333333
948.500000,7.843042853,49.710754819,70.485560630,6.000000,24.326388889
949.000000,7.848903780,49.700965158,70.486478593,6.000000,24.319444444
949.500000,7.854764127,49.691175369,70.487396617,6.000000,24.312500000
950.000000,7.860623892,49.681385453,70.488314704,6.000000,24.305555556
950.500000,7.866483077,49.671595409,70.489232853,6.000000,24.298611111
951.000000,7.872341682,49.661805238,70.490151064,6.000000,24.291666667
951.500000,7.878199706,49.652014939,70.491069337,6.000000,24.284722222
952.000000,7.884057149,49.642224513,70.491987672,6.000000,24.277777778
952.500000,7.889914012,49.632433959,70.492906070,6.000000,24.270833333
953.000000,7.895770295,49.622643278,70.493824529,6.000000,24.263888889
953.500000,7.901625998,49.612852469,70.494743051,6.000000,24.256944444
954.000000,7.907481120,49.603061532,70.495661635,6.000000,24.250000000
954.500000,7.913335662,49.593270468,70.496580281,6.000000,24.243055556
955.000000,7.919189624,49.583479276,70.497498989,6.000000,24.236111111
955.500000,7.925043006,49.573687957,70.498417759,6.000000,24.229166667
956.000000,7.930895808,49.563896510,70.499336592,6.000000,24.222222222
956.500000,7.936748030,49.554104936,70.500255487,6.000000,24.215277778
957.000000,7.942599673,49.544313234,70.501174444,6.000000,24.208333333
957.500000,7.948450735,49.534521404,70.502093463,6.000000,24.201388889
958.000000,7.954301218,49.524729446,70.503012544,6.000000,24.194444444
958.500000,7.960151120,49.514937361,70.503931687,6.000000,24.187500000
959.000000,7.966000444,49.505145148,70.504850893,6.000000,24.180555556
959.500000,7.971849187,49.495352808,70.505770161,6.000000,24.173611111
960.000000,7.977697351,49.485560340,70.506689491,6.000000,24.166666667
960.500000,7.983544936,49.475767744,70.507608883,6.000000,24.159722222
961.000000,7.989391941,49.465975021,70.508528337,6.000000,24.152777778
961.500000,7.995238366,49.456182170,70.509447854,6.000000,24.145833333
962.000000,8.001084213,49.446389191,70.510367433,6.000000,24.138888889
962.500000,8.006929480,49.436596084,70.511287074,6.000000,24.131944444
963.000000,8.012774167,49.426802850,70.512206777,6.000000,24.125000000
963.500000,8.018618276,49.417009488,70.513126543,6.000000,24.118055556
964.000000,8.024461805,49.407215998,70.514046370,6.000000,24.111111111
964.500000,8.030304755,49.397422380,70.514966260,6.000000,24.104166667
965.000000,8.036147127,49.387628635,70.515886212,6.000000,24.097222222
965.500000,8.041988919,49.377834762,70.516806227,6.000000,24.090277778
966.000000,8.047830132,49.368040761,70.517726303,6.000000,24.083333333
966.500000,8.053670767,49.358246633,70.518646442,6.000000,24.076388889
967.000000,8.059510823,49.348452376,70.519566643,6.000000,24.069444444
967.500000,8.065350299,49.338657992,70.520486907,6.000000,24.062500000
968.000000,8.071189198,49.328863480,70.521407232,6.000000,24.055555556
968.500000,8.077027517,49.319068840,70.522327620,6.000000,24.048611111
969.000000,8.082865258,49.309274072,70.523248070,6.000000,24.041666667
969.500000,8.088702421,49.299479177,70.524168582,6.000000,24.034722222
970.000000,8.094539004,49.289684153,70.525089157,6.000000,24.027777778
970.500000,8.100375010,49.279889002,70.526009794,6.000000,24.020833333
971.000000,8.106210437,49.270093723,70.526930493,6.000000,24.013888889
971.500000,8.112045286,49.260298316,70.527851254,6.000000,24.006944444
972.000000,8.117879556,49.250502781,70.528772078,6.000000,24.000000000
972.500000,8.123713248,49.240707118,70.529692964,6.000000,23.993055556
973.000000,8.129546363,49.230911327,70.530613912,6.000000,23.986111111
973.500000,8.135378898,49.221115409,70.531534922,6.000000,23.979166667
974.000000,8.141210856,49.211319362,70.532455995,6.000000,23.972222222
974.500000,8.147042236,49.201523188,70.533377130,6.000000,23.965277778
975.000000,8.152873038,49.191726885,70.534298327,6.000000,23.958333333
975.500000,8.158703262,49.181930455,70.535219587,6.000000,23.951388889
976.000000,8.164532908,49.172133897,70.536140909,6.000000,23.944444444
976.500000,8.170361977,49.162337211,70.537062293,6.000000,23.937500000
977.000000,8.176190467,49.152540396,70.537983739,6.000000,23.930555556
977.500000,8.182018380,49.142743454,70.538905248,6.000000,23.923611111
978.000000,8.187845715,49.132946384,70.539826819,6.000000,23.916666667
978.500000,8.193672473,49.123149186,70.540748452,6.000000,23.909722222
979.000000,8.199498653,49.113351860,70.541670148,6.000000,23.902777778
979.500000,8.205324256,49.103554405,70.542591906,6.000000,23.895833333
980.000000,8.211149281,49.093756823,70.543513726,6.000000,23.888888889
980.500000,8.216973729,49.083959113,70.544435609,6.000000,23.881944444
981.000000,8.222797600,49.074161275,70.545357554,6.000000,23.875000000
981.500000,8.228620893,49.064363308,70.546279561,6.000000,23.868055556
982.000000,8.234443609,49.054565214,70.547201630,6.000000,23.861111111
982.500000,8.240265748,49.044766992,70.548123762,6.000000,23.854166667
983.000000,8.246087310,49.034968641,70.549045956,6.000000,23.847222222
983.500000,8.251908295,49.025170162,70.549968213,6.000000,23.840277778
984.000000,8.257728703,49.015371556,70.550890532,6.000000,23.833333333
984.500000,8.263548534,49.005572821,70.551812913,6.000000,23.826388889
985.000000,8.269367787,48.995773958,70.552735357,6.000000,23.819444444
985.500000,8.275186465,48.985974967,70.553657863,6.000000,23.812500000
986.000000,8.281004565,48.976175848,70.554580431,6.000000,23.805555556
986.500000,8.286822089,48.966376601,70.555503062,6.000000,23.798611111
987.000000,8.292639036,48.956577225,70.556425755,6.000000,23.791666667
987.500000,8.298455406,48.946777722,70.557348510,6.000000,23.784722222
988.000000,8.304271200,48.936978090,70.558271328,6.000000,23.777777778
988.500000,8.310086417,48.927178330,70.559194208,6.000000,23.770833333
989.000000,8.315901058,48.917378442,70.560117150,6.000000,23.763888889
989.500000,8.321715122,48.907578426,70.561040155,6.000000,23.756944444
990.000000,8.327528610,48.897778281,70.561963222,6.000000,23.750000000
990.500000,8.333341522,48.887978008,70.562886352,6.000000,23.743055556
991.000000,8.339153858,48.878177608,70.563809544,6.000000,23.736111111
991.500000,8.344965617,48.868377079,70.564732798,6.000000,23.729166667
992.000000,8.350776800,48.858576421,70.565656115,6.000000,23.722222222
992.500000,8.356587407,48.848775636,70.566579494,6.000000,23.715277778
993.000000,8.362397438,48.838974722,70.567502935,6.000000,23.708333333
993.500000,8.368206893,48.829173680,70.568426439,6.000000,23.701388889
994.000000,8.374015772,48.819372509,70.569350005,6.000000,23.694444444
994.500000,8.379824076,48.809571211,70.570273634,6.000000,23.687500000
995.000000,8.385631803,48.799769784,70.571197325,6.000000,23.680555556
995.500000,8.391438955,48.789968229,70.572121079,6.000000,23.673611111
996.000000,8.397245531,48.780166545,70.573044895,6.000000,23.666666667
996.500000,8.403051531,48.770364733,70.573968773,6.000000,23.659722222
997.000000,8.408856956,48.760562793,70.574892714,6.000000,23.652777778
997.500000,8.414661805,48.750760725,70.575816717,6.000000,23.645833333
998.000000,8.420466079,48.740958528,70.576740782,6.000000,23.638888889
998.500000,8.426269777,48.731156203,70.577664911,6.000000,23.631944444
999.000000,8.432072900,48.721353750,70.578589101,6.000000,23.625000000
999.500000,8.437875447,48.711551168,70.579513354,6.000000,23.618055556
1000.000000,8.443677419,48.701748458,70.580437669,6.000000,23.611111111
1000.500000,8.449478816,48.691945619,70.581362047,6.000000,23.604166667
1001.000000,8.455279638,48.682142652,70.582286487,6.000000,23.597222222
1001.500000,8.461079885,48.672339557,70.583210990,6.000000,23.590277778
1002.000000,8.466879556,48.662536333,70.584135555,6.000000,23.583333333
1002.500000,8.472678653,48.652732981,70.585060182,6.000000,23.576388889
1003.000000,8.478477174,48.642929500,70.585984872,6.000000,23.569444444
1003.500000,8.484275121,48.633125891,70.586909625,6.000000,23.562500000
1004.000000,8.490072493,48.623322154,70.587834440,6.000000,23.555555556
1004.500000,8.495869290,48.613518288,70.588759317,6.000000,23.548611111
1005.000000,8.501665512,48.603714293,70.589684257,6.000000,23.541666667
1005.500000,8.507461160,48.593910171,70.590609259,6.000000,23.534722222
1006.000000,8.513256233,48.584105919,70.591534324,6.000000,23.527777778
1006.500000,8.519050731,48.574301540,70.592459451,6.000000,23.520833333
1007.000000,8.524844655,48.564497031,70.593384641,6.000000,23.513888889
1007.500000,8.530638004,48.554692395,70.594309893,6.000000,23.506944444
1008.000000,8.536430779,48.544887629,70.595235207,6.000000,23.500000000
1008.500000,8.542222979,48.535082736,70.596160585,6.000000,23.493055556
1009.000000,8.548014605,48.525277713,70.597086024,6.000000,23.486111111
1009.500000,8.553805657,48.515472562,70.598011526,6.000000,23.479166667
1010.000000,8.559596135,48.505667283,70.598937091,6.000000,23.472222222
1010.500000,8.565386039,48.495861875,70.599862718,6.000000,23.465277778
1011.000000,8.571175368,48.486056339,70.600788408,6.000000,23.458333333
1011.500000,8.576964123,48.476250674,70.601714160,6.000000,23.451388889
1012.000000,8.582752305,48.466444880,70.602639974,6.000000,23.444444444
1012.500000,8.588539912,48.456638958,70.603565852,6.000000,23.437500000
1013.000000,8.594326945,48.446832907,70.604491791,6.000000,23.430555556
1013.500000,8.600113405,48.437026727,70.605417793,6.000000,23.423611111
1014.000000,8.605899291,48.427220419,70.606343858,6.000000,23.416666667
1014.500000,8.611684603,48.417413983,70.607269985,6.000000,23.409722222
1015.000000,8.617469341,48.407607418,70.608196175,6.000000,23.402777778
1015.500000,8.623253506,48.397800724,70.609122427,6.000000,23.395833333
1016.000000,8.629037097,48.387993901,70.610048742,6.000000,23.388888889
1016.500000,8.634820115,48.378186950,70.610975119,6.000000,23.381944444
1017.000000,8.640602559,48.368379870,70.611901559,6.000000,23.375000000
1017.500000,8.646384430,48.358572661,70.612828062,6.000000,23.368055556
1018.000000,8.652165727,48.348765324,70.613754627,6.000000,23.361111111
1018.500000,8.657946451,48.338957858,70.614681254,6.000000,23.354166667
1019.000000,8.663726602,48.329150264,70.615607944,6.000000,23.347222222
1019.500000,8.669506179,48.319342540,70.616534697,6.000000,23.340277778
1020.000000,8.675285184,48.309534688,70.617461512,6.000000,23.333333333
1020.500000,8.681063615,48.299726708,70.618388390,6.000000,23.326388889
1021.000000,8.686841473,48.289918598,70.619315330,6.000000,23.319444444
1021.500000,8.692618759,48.280110360,70.620242333,6.000000,23.312500000
1022.000000,8.698395471,48.270301993,70.621169398,6.000000,23.305555556
1022.500000,8.704171610,48.260493497,70.622096526,6.000000,23.298611111
1023.000000,8.709947177,48.250684873,70.623023716,6.000000,23.291666667
1023.500000,8.715722171,48.240876119,70.623950970,6.000000,23.284722222
1024.000000,8.721496592,48.231067237,70.624878285,6.000000,23.277777778
1024.500000,8.727270440,48.221258226,70.625805664,6.000000,23.270833333
1025.000000,8.733043716,48.211449087,70.626733104,6.000000,23.263888889
1025.500000,8.738816419,48.201639818,70.627660608,6.000000,23.256944444
1026.000000,8.744588550,48.191830421,70.628588174,6.000000,23.250000000
1026.500000,8.750360108,48.182020895,70.629515803,6.000000,23.243055556
1027.000000,8.756131094,48.172211240,70.630443494,6.000000,23.236111111
1027.500000,8.761901507,48.162401456,70.631371248,6.000000,23.229166667
1028.000000,8.767671349,48.152591543,70.632299064,6.000000,23.222222222
1028.500000,8.773440617,48.142781502,70.633226943,6.000000,23.215277778
1029.000000,8.779209314,48.132971331,70.634154885,6.000000,23.208333333
1029.500000,8.784977439,48.123161032,70.635082889,6.000000,23.201388889
1030.000000,8.790744991,48.113350604,70.636010956,6.000000,23.194444444
1030.500000,8.796511971,48.103540047,70.636939085,6.000000,23.187500000
1031.000000,8.802278380,48.093729361,70.637867277,6.000000,23.180555556
1031.500000,8.808044216,48.083918546,70.638795532,6.000000,23.173611111
1032.000000,8.813809481,48.074107602,70.639723850,6.000000,23.166666667
1032.500000,8.819574174,48.064296529,70.640652230,6.000000,23.159722222
1033.000000,8.825338295,48.054485328,70.641580672,6.000000,23.152777778
1033.500000,8.831101844,48.044673997,70.642509177,6.000000,23.145833333
1034.000000,8.836864821,48.034862537,70.643437745,6.000000,23.138888889
1034.500000,8.842627227,48.025050949,70.644366376,6.000000,23.131944444
1035.000000,8.848389062,48.015239231,70.645295069,6.000000,23.125000000
1035.500000,8.854150325,48.005427385,70.646223825,6.000000,23.118055556
1036.000000,8.859911016,47.995615409,70.647152643,6.000000,23.111111111
1036.500000,8.865671136,47.985803305,70.648081525,6.000000,23.104166667
1037.000000,8.871430685,47.975991071,70.649010468,6.000000,23.097222222
1037.500000,8.877189662,47.966178708,70.649939475,6.000000,23.090277778
1038.000000,8.882948068,47.956366217,70.650868544,6.000000,23.083333333
1038.500000,8.888705903,47.946553596,70.651797676,6.000000,23.076388889
1039.000000,8.894463167,47.936740847,70.652726870,6.000000,23.069444444
1039.500000,8.900219860,47.926927968,70.653656128,6.000000,23.062500000
1040.000000,8.905975981,47.917114960,70.654585447,6.000000,23.055555556
1040.500000,8.911731532,47.907301823,70.655514830,6.000000,23.048611111
1041.000000,8.917486512,47.897488557,70.656444275,6.000000,23.041666667
1041.500000,8.923240920,47.887675162,70.657373783,6.000000,23.034722222
1042.000000,8.928994758,47.877861638,70.658303353,6.000000,23.027777778
1042.500000,8.934748026,47.868047985,70.659232987,6.000000,23.020833333
1043.000000,8.940500722,47.858234202,70.660162683,6.000000,23.013888889
1043.500000,8.946252848,47.848420291,70.661092441,6.000000,23.006944444
1044.000000,8.952004403,47.838606250,70.662022263,6.000000,23.000000000
1044.500000,8.957755388,47.828792081,70.662952147,6.000000,22.993055556
1045.000000,8.963505802,47.818977782,70.663882093,6.000000,22.986111111
1045.500000,8.969255646,47.809163354,70.664812103,6.000000,22.979166667
1046.000000,8.975004919,47.799348796,70.665742175,6.000000,22.972222222
1046.500000,8.980753622,47.789534110,70.666672310,6.000000,22.965277778
1047.000000,8.986501755,47.779719294,70.667602508,6.000000,22.958333333
1047.500000,8.992249318,47.769904350,70.668532768,6.000000,22.951388889
1048.000000,8.997996310,47.760089276,70.669463091,6.000000,22.944444444
1048.500000,9.003742732,47.750274072,70.670393477,6.000000,22.937500000
1049.000000,9.009488584,47.740458740,70.671323925,6.000000,22.930555556
1049.500000,9.015233866,47.730643278,70.672254437,6.000000,22.923611111
1050.000000,9.020978578,47.720827687,70.673185011,6.000000,22.916666667
1050.500000,9.026722720,47.711011967,70.674115647,6.000000,22.909722222
1051.000000,9.032466292,47.701196118,70.675046347,6.000000,22.902777778
1051.500000,9.038209295,47.691380139,70.675977109,6.000000,22.895833333
1052.000000,9.043951727,47.681564031,70.676907934,6.000000,22.888888889
1052.500000,9.049693590,47.671747794,70.677838822,6.000000,22.881944444
1053.000000,9.055434884,47.661931428,70.678769772,6.000000,22.875000000
1053.500000,9.061175607,47.652114932,70.679700786,6.000000,22.868055556
1054.000000,9.066915761,47.642298307,70.680631862,6.000000,22.861111111
1054.500000,9.072655346,47.632481552,70.681563000,6.000000,22.854166667
1055.000000,9.078394361,47.622664668,70.682494202,6.000000,22.847222222
1055.500000,9.084132807,47.612847655,70.683425466,6.000000,22.840277778
1056.000000,9.089870683,47.603030513,70.684356793,6.000000,22.833333333
1056.500000,9.095607990,47.593213241,70.685288183,6.000000,22.826388889
1057.000000,9.101344728,47.583395840,70.686219636,6.000000,22.819444444
1057.500000,9.107080897,47.573578310,70.687151151,6.000000,22.812500000
1058.000000,9.112816496,47.563760650,70.688082729,6.000000,22.805555556
1058.500000,9.118551527,47.553942860,70.689014370,6.000000,22.798611111
1059.000000,9.124285988,47.544124942,70.689946074,6.000000,22.791666667
1059.500000,9.130019881,47.534306894,70.690877841,6.000000,22.784722222
1060.000000,9.135753204,47.524488716,70.691809670,6.000000,22.777777778
1060.500000,9.141485959,47.514670409,70.692741562,6.000000,22.770833333
1061.000000,9.147218145,47.504851973,70.693673517,6.000000,22.763888889
1061.500000,9.152949762,47.495033407,70.694605535,6.000000,22.756944444
1062.000000,9.158680810,47.485214712,70.695537616,6.000000,22.750000000
1062.500000,9.164411290,47.475395887,70.696469759,6.000000,22.743055556
1063.000000,9.170141201,47.465576933,70.697401966,6.000000,22.736111111
1063.500000,9.175870544,47.455757850,70.698334235,6.000000,22.729166667
1064.000000,9.181599318,47.445938636,70.699266567,6.000000,22.722222222
1064.500000,9.187327523,47.436119294,70.700198961,6.000000,22.715277778
1065.000000,9.193055160,47.426299822,70.701131419,6.000000,22.708333333
1065.500000,9.198782229,47.416480220,70.702063939,6.000000,22.701388889
1066.000000,9.204508730,47.406660489,70.702996522,6.000000,22.694444444
1066.500000,9.210234662,47.396840628,70.703929168,6.000000,22.687500000
1067.000000,9.215960026,47.387020638,70.704861877,6.000000,22.680555556
1067.500000,9.221684822,47.377200519,70.705794649,6.000000,22.673611111
1068.000000,9.227409050,47.367380269,70.706727484,6.000000,22.666666667
1068.500000,9.233132710,47.357559891,70.707660381,6.000000,22.659722222
1069.000000,9.238855802,47.347739382,70.708593341,6.000000,22.652777778
1069.500000,9.244578326,47.337918744,70.709526365,6.000000,22.645833333
1070.000000,9.250300282,47.328097977,70.710459451,6.000000,22.638888889
1070.500000,9.256021670,47.318277079,70.711392599,6.000000,22.631944444
1071.000000,9.261742491,47.308456053,70.712325811,6.000000,22.625000000
1071.500000,9.267462744,47.298634896,70.713259086,6.000000,22.618055556
1072.000000,9.273182429,47.288813610,70.714192423,6.000000,22.611111111
1072.500000,9.278901547,47.278992195,70.715125824,6.000000,22.604166667
1073.000000,9.284620097,47.269170650,70.716059287,6.000000,22.597222222
1073.500000,9.290338079,47.259348975,70.716992813,6.000000,22.590277778
1074.000000,9.296055494,47.249527170,70.717926402,6.000000,22.583333333
1074.500000,9.301772342,47.239705236,70.718860054,6.000000,22.576388889
1075.000000,9.307488622,47.229883172,70.719793769,6.000000,22.569444444
1075.500000,9.313204335,47.220060978,70.720727546,6.000000,22.562500000
1076.000000,9.318919481,47.210238655,70.721661387,6.000000,22.555555556
1076.500000,9.324634060,47.200416202,70.722595291,6.000000,22.548611111
1077.000000,9.330348071,47.190593619,70.723529257,6.000000,22.541666667
1077.500000,9.336061515,47.180770907,70.724463286,6.000000,22.534722222
1078.000000,9.341774393,47.170948065,70.725397378,6.000000,22.527777778
1078.500000,9.347486703,47.161125093,70.726331534,6.000000,22.520833333
1079.000000,9.353198447,47.151301991,70.727265752,6.000000,22.513888889
1079.500000,9.358909623,47.141478760,70.728200032,6.000000,22.506944444
1080.000000,9.364620233,47.131655399,70.729134376,6.000000,22.500000000
1080.500000,9.370330276,47.121831908,70.730068783,6.000000,22.493055556
1081.000000,9.376039752,47.112008287,70.731003253,6.000000,22.486111111
1081.500000,9.381748662,47.102184537,70.731937786,6.000000,22.479166667
1082.000000,9.387457005,47.092360657,70.732872381,6.000000,22.472222222
1082.500000,9.393164781,47.082536647,70.733807040,6.000000,22.465277778
1083.000000,9.398871991,47.072712507,70.734741761,6.000000,22.458333333
1083.500000,9.404578635,47.062888237,70.735676546,6.000000,22.451388889
1084.000000,9.410284712,47.053063838,70.736611393,6.000000,22.444444444
1084.500000,9.415990223,47.043239308,70.737546303,6.000000,22.437500000
1085.000000,9.421695167,47.033414649,70.738481276,6.000000,22.430555556
1085.500000,9.427399545,47.023589860,70.739416313,6.000000,22.423611111
1086.000000,9.433103357,47.013764941,70.740351412,6.000000,22.416666667
1086.500000,9.438806603,47.003939892,70.741286574,6.000000,22.409722222
1087.000000,9.444509283,46.994114714,70.742221799,6.000000,22.402777778
1087.500000,9.450211397,46.984289405,70.743157087,6.000000,22.395833333
1088.000000,9.455912945,46.974463966,70.744092438,6.000000,22.388888889
1088.500000,9.461613927,46.964638398,70.745027852,6.000000,22.381944444
1089.000000,9.467314343,46.954812700,70.745963329,6.000000,22.375000000
1089.500000,9.473014193,46.944986872,70.746898869,6.000000,22.368055556
1090.000000,9.478713477,46.935160913,70.747834472,6.000000,22.361111111
1090.500000,9.484412196,46.925334825,70.748770138,6.000000,22.354166667
1091.000000,9.490110349,46.915508607,70.749705867,6.000000,22.347222222
1091.500000,9.495807936,46.905682259,70.750641659,6.000000,22.340277778
1092.000000,9.501504958,46.895855781,70.751577514,6.000000,22.333333333
1092.500000,9.507201415,46.886029173,70.752513432,6.000000,22.326388889
1093.000000,9.512897306,46.876202435,70.753449413,6.000000,22.319444444
1093.500000,9.518592631,46.866375567,70.754385457,6.000000,22.312500000
1094.000000,9.524287391,46.856548569,70.755321564,6.000000,22.305555556
1094.500000,9.529981586,46.846721441,70.756257734,6.000000,22.298611111
1095.000000,9.535675216,46.836894183,70.757193967,6.000000,22.291666667
1095.500000,9.541368280,46.827066795,70.758130263,6.000000,22.284722222
1096.000000,9.547060779,46.817239277,70.759066622,6.000000,22.277777778
1096.500000,9.552752714,46.807411629,70.760003044,6.000000,22.270833333
1097.000000,9.558444083,46.797583851,70.760939529,6.000000,22.263888889
1097.500000,9.564134887,46.787755942,70.761876077,6.000000,22.256944444
1098.000000,9.569825126,46.777927904,70.762812688,6.000000,22.250000000
1098.500000,9.575514800,46.768099736,70.763749362,6.000000,22.243055556
1099.000000,9.581203910,46.758271437,70.764686099,6.000000,22.236111111
1099.500000,9.586892455,46.748443009,70.765622900,6.000000,22.229166667
1100.000000,9.592580435,46.738614450,70.766559763,6.000000,22.222222222
1100.500000,9.598267850,46.728785761,70.767496689,6.000000,22.215277778
1101.000000,9.603954701,46.718956942,70.768433679,6.000000,22.208333333
1101.500000,9.609640987,46.709127993,70.769370731,6.000000,22.201388889
1102.000000,9.615326709,46.699298914,70.770307847,6.000000,22.194444444
1102.500000,9.621011866,46.689469704,70.771245025,6.000000,22.187500000
1103.000000,9.626696459,46.679640365,70.772182267,6.000000,22.180555556
1103.500000,9.632380487,46.669810895,70.773119572,6.000000,22.173611111
1104.000000,9.638063951,46.659981295,70.774056939,6.000000,22.166666667
1104.500000,9.643746851,46.650151565,70.774994370,6.000000,22.159722222
1105.000000,9.649429187,46.640321704,70.775931864,6.000000,22.152777778
1105.500000,9.655110958,46.630491714,70.776869421,6.000000,22.145833333
1106.000000,9.660792166,46.620661593,70.777807041,6.000000,22.138888889
1106.500000,9.666472809,46.610831342,70.778744724,6.000000,22.131944444
1107.000000,9.672152889,46.601000961,70.779682471,6.000000,22.125000000
1107.500000,9.677832404,46.591170449,70.780620280,6.000000,22.118055556
1108.000000,9.683511356,46.581339808,70.781558153,6.000000,22.111111111
1108.500000,9.689189744,46.571509036,70.782496088,6.000000,22.104166667
1109.000000,9.694867568,46.561678134,70.783434087,6.000000,22.097222222
1109.500000,9.700544828,46.551847101,70.784372149,6.000000,22.090277778
1110.000000,9.706221524,46.542015938,70.785310273,6.000000,22.083333333
1110.500000,9.711897657,46.532184645,70.786248461,6.000000,22.076388889
1111.000000,9.717573227,46.522353222,70.787186712,6.000000,22.069444444
1111.500000,9.723248233,46.512521668,70.788125027,6.000000,22.062500000
1112.000000,9.728922675,46.502689984,70.789063404,6.000000,22.055555556
1112.500000,9.734596554,46.492858170,70.790001845,6.000000,22.048611111
1113.000000,9.740269869,46.483026225,70.790940348,6.000000,22.041666667
1113.500000,9.745942622,46.473194150,70.791878915,6.000000,22.034722222
1114.000000,9.751614811,46.463361944,70.792817545,6.000000,22.027777778
1114.500000,9.757286437,46.453529609,70.793756238,6.000000,22.020833333
1115.000000,9.762957499,46.443697143,70.794694994,6.000000,22.013888889
1115.500000,9.768627999,46.433864546,70.795633813,6.000000,22.006944444
1116.000000,9.774297935,46.424031819,70.796572696,6.000000,22.000000000
1116.500000,9.779967309,46.414198962,70.797511641,6.000000,21.993055556
1117.000000,9.785636120,46.404365974,70.798450650,6.000000,21.986111111
1117.500000,9.791304367,46.394532856,70.799389722,6.000000,21.979166667
1118.000000,9.796972052,46.384699607,70.800328857,6.000000,21.972222222
1118.500000,9.802639174,46.374866228,70.801268055,6.000000,21.965277778
1119.000000,9.808305733,46.365032719,70.802207316,6.000000,21.958333333
1119.500000,9.813971730,46.355199079,70.803146641,6.000000,21.951388889
1120.000000,9.819637164,46.345365309,70.804086029,6.000000,21.944444444
1120.500000,9.825302036,46.335531408,70.805025479,6.000000,21.937500000
1121.000000,9.830966344,46.325697376,70.805964994,6.000000,21.930555556
1121.500000,9.836630091,46.315863215,70.806904571,6.000000,21.923611111
1122.000000,9.842293275,46.306028922,70.807844211,6.000000,21.916666667
1122.500000,9.847955896,46.296194500,70.808783915,6.000000,21.909722222
1123.000000,9.853617956,46.286359946,70.809723682,6.000000,21.902777778
1123.500000,9.859279453,46.276525262,70.810663512,6.000000,21.895833333
1124.000000,9.864940388,46.266690448,70.811603405,6.000000,21.888888889
1124.500000,9.870600760,46.256855503,70.812543361,6.000000,21.881944444
1125.000000,9.876260571,46.247020428,70.813483381,6.000000,21.875000000
1125.500000,9.881919819,46.237185222,70.814423464,6.000000,21.868055556
1126.000000,9.887578506,46.227349885,70.815363610,6.000000,21.861111111
1126.500000,9.893236630,46.217514418,70.816303819,6.000000,21.854166667
1127.000000,9.898894193,46.207678820,70.817244091,6.000000,21.847222222
1127.500000,9.904551194,46.197843092,70.818184427,6.000000,21.840277778
1128.000000,9.910207633,46.188007233,70.819124826,6.000000,21.833333333
1128.500000,9.915863510,46.178171243,70.820065288,6.000000,21.826388889
1129.000000,9.921518825,46.168335123,70.821005813,6.000000,21.819444444
1129.500000,9.927173579,46.158498872,70.821946402,6.000000,21.812500000
1130.000000,9.932827771,46.148662491,70.822887053,6.000000,21.805555556
1130.500000,9.938481402,46.138825979,70.823827768,6.000000,21.798611111
1131.000000,9.944134471,46.128989336,70.824768547,6.000000,21.791666667
1131.500000,9.949786979,46.119152563,70.825709388,6.000000,21.784722222
1132.000000,9.955438926,46.109315658,70.826650293,6.000000,21.777777778
1132.500000,9.961090311,46.099478624,70.827591261,6.000000,21.770833333
1133.000000,9.966741134,46.089641458,70.828532292,6.000000,21.763888889
1133.500000,9.972391397,46.079804162,70.829473387,6.000000,21.756944444
1134.000000,9.978041098,46.069966735,70.830414545,6.000000,21.750000000
1134.500000,9.983690239,46.060129178,70.831355766,6.000000,21.743055556
1135.000000,9.989338818,46.050291489,70.832297050,6.000000,21.736111111
1135.500000,9.994986836,46.040453670,70.833238397,6.000000,21.729166667
1136.000000,10.000634293,46.030615721,70.834195792,6.000000,21.722222222
1136.500000,10.006281192,46.020777638,70.835279575,6.000000,21.715277778
1137.000000,10.011927544,46.010939405,70.836363425,6.000000,21.708333333
1137.500000,10.017573352,46.001101021,70.837447344,6.000000,21.701388889
1138.000000,10.023218615,45.991262486,70.838531329,6.000000,21.694444444
1138.500000,10.028863333,45.981423801,70.839615383,6.000000,21.687500000
1139.000000,10.034507506,45.971584966,70.840699504,6.000000,21.680555556
1139.500000,10.040151134,45.961745980,70.841783693,6.000000,21.673611111
1140.000000,10.045794217,45.951906843,70.842867950,6.000000,21.666666667
1140.500000,10.051436755,45.942067556,70.843952274,6.000000,21.659722222
1141.000000,10.057078749,45.932228118,70.845036667,6.000000,21.652777778
1141.500000,10.062720198,45.922388530,70.846121127,6.000000,21.645833333
1142.000000,10.068361102,45.912548791,70.847205654,6.000000,21.638888889
1142.500000,10.074001462,45.902708901,70.848290250,6.000000,21.631944444
1143.000000,10.079641277,45.892868861,70.849374913,6.000000,21.625000000
1143.500000,10.085280548,45.883028670,70.850459644,6.000000,21.618055556
1144.000000,10.090919274,45.873188328,70.851544442,6.000000,21.611111111
1144.500000,10.096557456,45.863347836,70.852629309,6.000000,21.604166667
1145.000000,10.102195094,45.853507193,70.853714243,6.000000,21.597222222
1145.500000,10.107832188,45.843666399,70.854799245,6.000000,21.590277778
1146.000000,10.113468737,45.833825455,70.855884315,6.000000,21.583333333
1146.500000,10.119104742,45.823984360,70.856969452,6.000000,21.576388889
1147.000000,10.124740203,45.814143114,70.858054657,6.000000,21.569444444
1147.500000,10.130375120,45.804301718,70.859139930,6.000000,21.562500000
1148.000000,10.136009493,45.794460171,70.860225271,6.000000,21.555555556
1148.500000,10.141643322,45.784618473,70.861310680,6.000000,21.548611111
1149.000000,10.147276607,45.774776624,70.862396156,6.000000,21.541666667
1149.500000,10.152909349,45.764934624,70.863481701,6.000000,21.534722222
1150.000000,10.158541546,45.755092474,70.864567313,6.000000,21.527777778
1150.500000,10.164173200,45.745250173,70.865652993,6.000000,21.520833333
1151.000000,10.169804311,45.735407721,70.866738740,6.000000,21.513888889
1151.500000,10.175434877,45.725565119,70.867824556,6.000000,21.506944444
1152.000000,10.181064900,45.715722365,70.868910439,6.000000,21.500000000
1152.500000,10.186694380,45.705879461,70.869996390,6.000000,21.493055556
1153.000000,10.192323316,45.696036406,70.871082409,6.000000,21.486111111
1153.500000,10.197951709,45.686193200,70.872168496,6.000000,21.479166667
1154.000000,10.203579558,45.676349843,70.873254651,6.000000,21.472222222
1154.500000,10.209206864,45.666506336,70.874340874,6.000000,21.465277778
1155.000000,10.214833627,45.656662677,70.875427164,6.000000,21.458333333
1155.500000,10.220459846,45.646818868,70.876513522,6.000000,21.451388889
1156.000000,10.226085523,45.636974908,70.877599948,6.000000,21.444444444
1156.500000,10.231710656,45.627130797,70.878686443,6.000000,21.437500000
1157.000000,10.237335247,45.617286535,70.879773004,6.000000,21.430555556
1157.500000,10.242959294,45.607442122,70.880859634,6.000000,21.423611111
1158.000000,10.248582799,45.597597558,70.881946332,6.000000,21.416666667
1158.500000,10.254205760,45.587752843,70.883033097,6.000000,21.409722222
1159.000000,10.259828179,45.577907978,70.884119931,6.000000,21.402777778
1159.500000,10.265450055,45.568062961,70.885206832,6.000000,21.395833333
1160.000000,10.271071388,45.558217793,70.886293801,6.000000,21.388888889
1160.500000,10.276692179,45.548372475,70.887380838,6.000000,21.381944444
1161.000000,10.282312427,45.538527005,70.888467944,6.000000,21.375000000
1161.500000,10.287932132,45.528681385,70.889555116,6.000000,21.368055556
1162.000000,10.293551295,45.518835613,70.890642357,6.000000,21.361111111
1162.500000,10.299169916,45.508989690,70.891729666,6.000000,21.354166667
1163.000000,10.304787994,45.499143617,70.892817043,6.000000,21.347222222
1163.500000,10.310405530,45.489297392,70.893904488,6.000000,21.340277778
1164.000000,10.316022523,45.479451017,70.894992000,6.000000,21.333333333
1164.500000,10.321638974,45.469604490,70.896079581,6.000000,21.326388889
1165.000000,10.327254883,45.459757812,70.897167229,6.000000,21.319444444
1165.500000,10.332870250,45.449910984,70.898254946,6.000000,21.312500000
1166.000000,10.338485075,45.440064004,70.899342730,6.000000,21.305555556
1166.500000,10.344099358,45.430216873,70.900430582,6.000000,21.298611111
1167.000000,10.349713099,45.420369591,70.901518503,6.000000,21.291666667
1167.500000,10.355326298,45.410522158,70.902606491,6.000000,21.284722222
1168.000000,10.360938955,45.400674573,70.903694547,6.000000,21.277777778
1168.500000,10.366551070,45.390826838,70.904782671,6.000000,21.270833333
1169.000000,10.372162644,45.380978952,70.905870863,6.000000,21.263888889
1169.500000,10.377773675,45.371130914,70.906959124,6.000000,21.256944444
1170.000000,10.383384165,45.361282725,70.908047452,6.000000,21.250000000
1170.500000,10.388994114,45.351434385,70.909135848,6.000000,21.243055556
1171.000000,10.394603521,45.341585894,70.910224312,6.000000,21.236111111
1171.500000,10.400212386,45.331737252,70.911312844,6.000000,21.229166667
1172.000000,10.405820710,45.321888458,70.912401444,6.000000,21.222222222
1172.500000,10.411428493,45.312039514,70.913490113,6.000000,21.215277778
1173.000000,10.417035734,45.302190418,70.914578849,6.000000,21.208333333
1173.500000,10.422642434,45.292341171,70.915667653,6.000000,21.201388889
1174.000000,10.428248593,45.282491773,70.916756525,6.000000,21.194444444
1174.500000,10.433854210,45.272642223,70.917845466,6.000000,21.187500000
1175.000000,10.439459287,45.262792522,70.918934474,6.000000,21.180555556
1175.500000,10.445063822,45.252942670,70.920023550,6.000000,21.173611111
1176.000000,10.450667816,45.243092667,70.921112695,6.000000,21.166666667
1176.500000,10.456271270,45.233242512,70.922201907,6.000000,21.159722222
1177.000000,10.461874182,45.223392207,70.923291188,6.000000,21.152777778
1177.500000,10.467476554,45.213541750,70.924380536,6.000000,21.145833333
1178.000000,10.473078384,45.203691141,70.925469953,6.000000,21.138888889
1178.500000,10.478679674,45.193840381,70.926559437,6.000000,21.131944444
1179.000000,10.484280424,45.183989470,70.927648990,6.000000,21.125000000
1179.500000,10.489880632,45.174138408,70.928738611,6.000000,21.118055556
1180.000000,10.495480300,45.164287194,70.929828300,6.000000,21.111111111
1180.500000,10.501079428,45.154435829,70.930918057,6.000000,21.104166667
1181.000000,10.506678015,45.144584313,70.932007882,6.000000,21.097222222
1181.500000,10.512276061,45.134732645,70.933097775,6.000000,21.090277778
1182.000000,10.517873567,45.124880826,70.934187736,6.000000,21.083333333
1182.500000,10.523470533,45.115028855,70.935277766,6.000000,21.076388889
1183.000000,10.529066958,45.105176734,70.936367863,6.000000,21.069444444
1183.500000,10.534662844,45.095324460,70.937458029,6.000000,21.062500000
1184.000000,10.540258189,45.085472036,70.938548262,6.000000,21.055555556
1184.500000,10.545852994,45.075619459,70.939638564,6.000000,21.048611111
1185.000000,10.551447259,45.065766732,70.940728934,6.000000,21.041666667
1185.500000,10.557040983,45.055913853,70.941819372,6.000000,21.034722222
1186.000000,10.562634168,45.046060822,70.942909879,6.000000,21.027777778
1186.500000,10.568226813,45.036207640,70.944000453,6.000000,21.020833333
1187.000000,10.573818918,45.026354307,70.945091095,6.000000,21.013888889
1187.500000,10.579410483,45.016500822,70.946181806,6.000000,21.006944444
1188.000000,10.585001509,45.006647186,70.947272585,6.000000,21.000000000
1188.500000,10.590591995,44.996793398,70.948363432,6.000000,20.993055556
1189.000000,10.596181941,44.986939459,70.949454347,6.000000,20.986111111
1189.500000,10.601771347,44.977085368,70.950545330,6.000000,20.979166667
1190.000000,10.607360214,44.967231125,70.951636382,6.000000,20.972222222
1190.500000,10.612948542,44.957376731,70.952727501,6.000000,20.965277778
1191.000000,10.618536330,44.947522186,70.953818689,6.000000,20.958333333
1191.500000,10.624123578,44.937667489,70.954909945,6.000000,20.951388889
1192.000000,10.629710288,44.927812640,70.956001269,6.000000,20.944444444
1192.500000,10.635296458,44.917957640,70.957092662,6.000000,20.937500000
1193.000000,10.640882088,44.908102488,70.958184122,6.000000,20.930555556
1193.500000,10.646467180,44.898247185,70.959275651,6.000000,20.923611111
1194.000000,10.652051732,44.888391730,70.960367248,6.000000,20.916666667
1194.500000,10.657635746,44.878536123,70.961458913,6.000000,20.909722222
1195.000000,10.663219220,44.868680365,70.962550647,6.000000,20.902777778
1195.500000,10.668802155,44.858824455,70.963642448,6.000000,20.895833333
1196.000000,10.674384552,44.848968394,70.964734318,6.000000,20.888888889
1196.500000,10.679966409,44.839112181,70.965826256,6.000000,20.881944444
1197.000000,10.685547728,44.829255816,70.966918262,6.000000,20.875000000
1197.500000,10.691128508,44.819399300,70.968010337,6.000000,20.868055556
1198.000000,10.696708749,44.809542632,70.969102480,6.000000,20.861111111
1198.500000,10.702288452,44.799685812,70.970194691,6.000000,20.854166667
1199.000000,10.707867616,44.789828840,70.971286970,6.000000,20.847222222
1199.500000,10.713446241,44.779971717,70.972379318,6.000000,20.840277778
1200.000000,10.719024328,44.770114442,70.973471733,6.000000,20.833333333
1200.500000,10.724601877,44.760257016,70.974564217,6.000000,20.826388889
1201.000000,10.730178887,44.750399437,70.975656770,6.000000,20.819444444
1201.500000,10.735755359,44.740541707,70.976749390,6.000000,20.812500000
1202.000000,10.741331292,44.730683825,70.977842079,6.000000,20.805555556
1202.500000,10.746906687,44.720825792,70.978934836,6.000000,20.798611111
1203.000000,10.752481544,44.710967606,70.980027662,6.000000,20.791666667
1203.500000,10.758055863,44.701109269,70.981120556,6.000000,20.784722222
1204.000000,10.763629644,44.691250780,70.982213518,6.000000,20.777777778
1204.500000,10.769202887,44.681392139,70.983306548,6.000000,20.770833333
1205.000000,10.774775592,44.671533347,70.984399647,6.000000,20.763888889
1205.500000,10.780347758,44.661674402,70.985492814,6.000000,20.756944444
1206.000000,10.785919387,44.651815306,70.986586049,6.000000,20.750000000
1206.500000,10.791490479,44.641956058,70.987679353,6.000000,20.743055556
1207.000000,10.797061032,44.632096658,70.988772725,6.000000,20.736111111
1207.500000,10.802631048,44.622237106,70.989866165,6.000000,20.729166667
1208.000000,10.808200526,44.612377403,70.990959673,6.000000,20.722222222
1208.500000,10.813769466,44.602517547,70.992053250,6.000000,20.715277778
1209.000000,10.819337869,44.592657540,70.993146896,6.000000,20.708333333
1209.500000,10.824905734,44.582797380,70.994240609,6.000000,20.701388889
1210.000000,10.830473062,44.572937069,70.995334391,6.000000,20.694444444
1210.500000,10.836039853,44.563076606,70.996428242,6.000000,20.687500000
1211.000000,10.841606106,44.553215991,70.997522160,6.000000,20.680555556
1211.500000,10.847171822,44.543355224,70.998616147,6.000000,20.673611111
1212.000000,10.852737000,44.533494305,70.999710203,6.000000,20.666666667
1212.500000,10.858301642,44.523633234,71.000804327,6.000000,20.659722222
1213.000000,10.863865746,44.513772012,71.001898519,6.000000,20.652777778
1213.500000,10.869429313,44.503910637,71.002992779,6.000000,20.645833333
1214.000000,10.874992343,44.494049110,71.004087108,6.000000,20.638888889
1214.500000,10.880554836,44.484187431,71.005181506,6.000000,20.631944444
1215.000000,10.886116793,44.474325600,71.006275971,6.000000,20.625000000
1215.500000,10.891678212,44.464463618,71.007370506,6.000000,20.618055556
1216.000000,10.897239094,44.454601483,71.008465108,6.000000,20.611111111
1216.500000,10.902799440,44.444739196,71.009559779,6.000000,20.604166667
1217.000000,10.908359249,44.434876757,71.010654518,6.000000,20.597222222
1217.500000,10.913918522,44.425014166,71.011749326,6.000000,20.590277778
1218.000000,10.919477257,44.415151423,71.012844202,6.000000,20.583333333
1218.500000,10.925035456,44.405288528,71.013939147,6.000000,20.576388889
1219.000000,10.930593119,44.395425481,71.015034160,6.000000,20.569444444
1219.500000,10.936150245,44.385562282,71.016129242,6.000000,20.562500000
1220.000000,10.941706835,44.375698931,71.017224392,6.000000,20.555555556
1220.500000,10.947262888,44.365835427,71.018319610,6.000000,20.548611111
1221.000000,10.952818406,44.355971772,71.019414897,6.000000,20.541666667
1221.500000,10.958373386,44.346107964,71.020510252,6.000000,20.534722222
1222.000000,10.963927831,44.336244005,71.021605676,6.000000,20.527777778
1222.500000,10.969481740,44.326379893,71.022701168,6.000000,20.520833333
1223.000000,10.975035112,44.316515629,71.023796729,6.000000,20.513888889
1223.500000,10.980587948,44.306651212,71.024892358,6.000000,20.506944444
1224.000000,10.986140249,44.296786644,71.025988056,6.000000,20.500000000
1224.500000,10.991692013,44.286921923,71.027083822,6.000000,20.493055556
1225.000000,10.997243242,44.277057051,71.028179657,6.000000,20.486111111
1225.500000,11.002793935,44.267192026,71.029275560,6.000000,20.479166667
1226.000000,11.008344092,44.257326849,71.030371532,6.000000,20.472222222
1226.500000,11.013893713,44.247461519,71.031467572,6.000000,20.465277778
1227.000000,11.019442798,44.237596038,71.032563680,6.000000,20.458333333
1227.500000,11.024991348,44.227730404,71.033659858,6.000000,20.451388889
1228.000000,11.030539363,44.217864618,71.034756103,6.000000,20.444444444
1228.500000,11.036086841,44.207998679,71.035852417,6.000000,20.437500000
1229.000000,11.041633785,44.198132589,71.036948800,6.000000,20.430555556
1229.500000,11.047180193,44.188266346,71.038045251,6.000000,20.423611111
1230.000000,11.052726065,44.178399951,71.039141771,6.000000,20.416666667
1230.500000,11.058271402,44.168533403,71.040238359,6.000000,20.409722222
1231.000000,11.063816204,44.158666703,71.041335016,6.000000,20.402777778
1231.500000,11.069360471,44.148799851,71.042431742,6.000000,20.395833333
1232.000000,11.074904203,44.138932847,71.043528536,6.000000,20.388888889
1232.500000,11.080447399,44.129065690,71.044625398,6.000000,20.381944444
1233.000000,11.085990061,44.119198381,71.045722329,6.000000,20.375000000
1233.500000,11.091532187,44.109330920,71.046819329,6.000000,20.368055556
1234.000000,11.097073779,44.099463306,71.047916397,6.000000,20.361111111
1234.500000,11.102614835,44.089595540,71.049013534,6.000000,20.354166667
1235.000000,11.108155357,44.079727621,71.050110739,6.000000,20.347222222
1235.500000,11.113695344,44.069859550,71.051208013,6.000000,20.340277778
1236.000000,11.119234797,44.059991327,71.052305356,6.000000,20.333333333
1236.500000,11.124773714,44.050122951,71.053402767,6.000000,20.326388889
1237.000000,11.130312097,44.040254423,71.054500247,6.000000,20.319444444
1237.500000,11.135849945,44.030385742,71.055597795,6.000000,20.312500000
1238.000000,11.141387259,44.020516909,71.056695412,6.000000,20.305555556
1238.500000,11.146924039,44.010647924,71.057793098,6.000000,20.298611111
1239.000000,11.152460283,44.000778786,71.058890852,6.000000,20.291666667
1239.500000,11.157995994,43.990909495,71.059988675,6.000000,20.284722222
1240.000000,11.163531170,43.981040053,71.061086566,6.000000,20.277777778
1240.500000,11.169065812,43.971170457,71.062184526,6.000000,20.270833333
1241.000000,11.174599920,43.961300709,71.063282555,6.000000,20.263888889
1241.500000,11.180133493,43.951430809,71.064380652,6.000000,20.256944444
1242.000000,11.185666533,43.941560756,71.065478818,6.000000,20.250000000
1242.500000,11.191199038,43.931690551,71.066577053,6.000000,20.243055556
1243.000000,11.196731010,43.921820193,71.067675356,6.000000,20.236111111
1243.500000,11.202262447,43.911949682,71.068773728,6.000000,20.229166667
1244.000000,11.207793350,43.902079019,71.069872169,6.000000,20.222222222
1244.500000,11.213323720,43.892208204,71.070970678,6.000000,20.215277778
1245.000000,11.218853556,43.882337236,71.072069256,6.000000,20.208333333
1245.500000,11.224382858,43.872466115,71.073167903,6.000000,20.201388889
1246.000000,11.229911626,43.862594842,71.074266618,6.000000,20.194444444
1246.500000,11.235439861,43.852723416,71.075365402,6.000000,20.187500000
1247.000000,11.240967562,43.842851837,71.076464255,6.000000,20.180555556
1247.500000,11.246494730,43.832980106,71.077563176,6.000000,20.173611111
1248.000000,11.252021364,43.823108222,71.078662166,6.000000,20.166666667
1248.500000,11.257547465,43.813236186,71.079761225,6.000000,20.159722222
1249.000000,11.263073032,43.803363997,71.080860352,6.000000,20.152777778
1249.500000,11.268598066,43.793491655,71.081959549,6.000000,20.145833333
1250.000000,11.274122567,43.783619161,71.083058814,6.000000,20.138888889
1250.500000,11.279646534,43.773746514,71.084158147,6.000000,20.131944444
1251.000000,11.285169968,43.763873714,71.085257550,6.000000,20.125000000
1251.500000,11.290692869,43.754000761,71.086357021,6.000000,20.118055556
1252.000000,11.296215238,43.744127656,71.087456561,6.000000,20.111111111
1252.500000,11.301737073,43.734254398,71.088556169,6.000000,20.104166667
1253.000000,11.307258375,43.724380988,71.089655847,6.000000,20.097222222
1253.500000,11.312779144,43.714507425,71.090755593,6.000000,20.090277778
1254.000000,11.318299380,43.704633708,71.091855407,6.000000,20.083333333
1254.500000,11.323819084,43.694759840,71.092955291,6.000000,20.076388889
1255.000000,11.329338254,43.684885818,71.094055243,6.000000,20.069444444
1255.500000,11.334856892,43.675011644,71.095155265,6.000000,20.062500000
1256.000000,11.340374998,43.665137317,71.096255354,6.000000,20.055555556
1256.500000,11.345892570,43.655262837,71.097355513,6.000000,20.048611111
1257.000000,11.351409610,43.645388204,71.098455741,6.000000,20.041666667
1257.500000,11.356926118,43.635513419,71.099556037,6.000000,20.034722222
1258.000000,11.362442093,43.625638480,71.100656402,6.000000,20.027777778
1258.500000,11.367957536,43.615763389,71.101756836,6.000000,20.020833333
1259.000000,11.373472446,43.605888145,71.102857338,6.000000,20.013888889
1259.500000,11.378986825,43.596012748,71.103957910,6.000000,20.006944444
1260.000000,11.384500671,43.586137198,71.105058550,6.000000,20.000000000
1260.500000,11.390013984,43.576261496,71.106159259,6.000000,19.993055556
1261.000000,11.395526766,43.566385640,71.107260037,6.000000,19.986111111
1261.500000,11.401039015,43.556509632,71.108360884,6.000000,19.979166667
1262.000000,11.406550733,43.546633471,71.109461799,6.000000,19.972222222
1262.500000,11.412061918,43.536757157,71.110562784,6.000000,19.965277778
1263.000000,11.417572572,43.526880690,71.111663837,6.000000,19.958333333
1263.500000,11.423082693,43.517004070,71.112764959,6.000000,19.951388889
1264.000000,11.428592283,43.507127297,71.113866150,6.000000,19.944444444
1264.500000,11.434101341,43.497250371,71.114967410,6.000000,19.937500000
1265.000000,11.439609868,43.487373292,71.116068738,6.000000,19.930555556
1265.500000,11.445117862,43.477496060,71.117170136,6.000000,19.923611111
1266.000000,11.450625325,43.467618676,71.118271602,6.000000,19.916666667
1266.500000,11.456132257,43.457741138,71.119373137,6.000000,19.909722222
1267.000000,11.461638657,43.447863447,71.120474742,6.000000,19.902777778
1267.500000,11.467144525,43.437985603,71.121576415,6.000000,19.895833333
1268.000000,11.472649862,43.428107607,71.122678156,6.000000,19.888888889
1268.500000,11.478154668,43.418229457,71.123779967,6.000000,19.881944444
1269.000000,11.483658942,43.408351154,71.124881847,6.000000,19.875000000
1269.500000,11.489162685,43.398472698,71.125983795,6.000000,19.868055556
1270.000000,11.494665897,43.388594090,71.127085813,6.000000,19.861111111
1270.500000,11.500168578,43.378715328,71.128187899,6.000000,19.854166667
1271.000000,11.505670727,43.368836413,71.129290054,6.000000,19.847222222
1271.500000,11.511172346,43.358957345,71.130392279,6.000000,19.840277778
1272.000000,11.516673433,43.349078123,71.131494572,6.000000,19.833333333
1272.500000,11.522173990,43.339198749,71.132596934,6.000000,19.826388889
1273.000000,11.527674016,43.329319222,71.133699365,6.000000,19.819444444
1273.500000,11.533173511,43.319439541,71.134801865,6.000000,19.812500000
1274.000000,11.538672475,43.309559708,71.135904433,6.000000,19.805555556
1274.500000,11.544170908,43.299679721,71.137007071,6.000000,19.798611111
1275.000000,11.549668811,43.289799581,71.138109778,6.000000,19.791666667
1275.500000,11.555166183,43.279919288,71.139212554,6.000000,19.784722222
1276.000000,11.560663024,43.270038842,71.140315398,6.000000,19.777777778
1276.500000,11.566159335,43.260158243,71.141418312,6.000000,19.770833333
1277.000000,11.571655115,43.250277490,71.142521294,6.000000,19.763888889
1277.500000,11.577150365,43.240396584,71.143624346,6.000000,19.756944444
1278.000000,11.582645085,43.230515525,71.144727467,6.000000,19.750000000
1278.500000,11.588139274,43.220634313,71.145830656,6.000000,19.743055556
1279.000000,11.593632933,43.210752948,71.146933915,6.000000,19.736111111
1279.500000,11.599126062,43.200871429,71.148037242,6.000000,19.729166667
1280.000000,11.604618660,43.190989757,71.149140639,6.000000,19.722222222
1280.500000,11.610110729,43.181107932,71.150244104,6.000000,19.715277778
1281.000000,11.615602267,43.171225954,71.151347638,6.000000,19.708333333
1281.500000,11.621093275,43.161343822,71.152451242,6.000000,19.701388889
1282.000000,11.626583754,43.151461537,71.153554915,6.000000,19.694444444
1282.500000,11.632073702,43.141579099,71.154658656,6.000000,19.687500000
1283.000000,11.637563121,43.131696508,71.155762467,6.000000,19.680555556
1283.500000,11.643052010,43.121813763,71.156866346,6.000000,19.673611111
1284.000000,11.648540369,43.111930865,71.157970295,6.000000,19.666666667
1284.500000,11.654028198,43.102047813,71.159074312,6.000000,19.659722222
1285.000000,11.659515498,43.092164609,71.160178399,6.000000,19.652777778
1285.500000,11.665002268,43.082281251,71.161282555,6.000000,19.645833333
1286.000000,11.670488508,43.072397739,71.162386780,6.000000,19.638888889
1286.500000,11.675974219,43.062514074,71.163491074,6.000000,19.631944444
1287.000000,11.681459401,43.052630256,71.164595436,6.000000,19.625000000
1287.500000,11.686944053,43.042746285,71.165699868,6.000000,19.618055556
1288.000000,11.692428175,43.032862160,71.166804370,6.000000,19.611111111
1288.500000,11.697911769,43.022977881,71.167908940,6.000000,19.604166667
1289.000000,11.703394833,43.013093449,71.169013579,6.000000,19.597222222
1289.500000,11.708877368,43.003208864,71.170118287,6.000000,19.590277778
1290.000000,11.714359374,42.993324125,71.171223065,6.000000,19.583333333
1290.500000,11.719840851,42.983439233,71.172327911,6.000000,19.576388889
1291.000000,11.725321799,42.973554188,71.173432827,6.000000,19.569444444
1291.500000,11.730802217,42.963668989,71.174537811,6.000000,19.562500000
1292.000000,11.736282107,42.953783636,71.175642865,6.000000,19.555555556
1292.500000,11.741761468,42.943898130,71.176747988,6.000000,19.548611111
1293.000000,11.747240300,42.934012471,71.177853180,6.000000,19.541666667
1293.500000,11.752718604,42.924126658,71.178958441,6.000000,19.534722222
1294.000000,11.758196378,42.914240692,71.180063771,6.000000,19.527777778
1294.500000,11.763673624,42.904354572,71.181169171,6.000000,19.520833333
1295.000000,11.769150341,42.894468298,71.182274639,6.000000,19.513888889
1295.500000,11.774626530,42.884581871,71.183380177,6.000000,19.506944444
1296.000000,11.780102190,42.874695291,71.184485784,6.000000,19.500000000
1296.500000,11.785577322,42.864808556,71.185591460,6.000000,19.493055556
1297.000000,11.791051925,42.854921669,71.186697205,6.000000,19.486111111
1297.500000,11.796526000,42.845034627,71.187803019,6.000000,19.479166667
1298.000000,11.801999547,42.835147433,71.188908903,6.000000,19.472222222
1298.500000,11.807472565,42.825260084,71.190014855,6.000000,19.465277778
1299.000000,11.812945055,42.815372582,71.191120877,6.000000,19.458333333
1299.500000,11.818417017,42.805484926,71.192226968,6.000000,19.451388889
1300.000000,11.823888451,42.795597117,71.193333128,6.000000,19.444444444
1300.500000,11.829359357,42.785709154,71.194439357,6.000000,19.437500000
1301.000000,11.834829734,42.775821038,71.195545656,6.000000,19.430555556
1301.500000,11.840299584,42.765932767,71.196652024,6.000000,19.423611111
1302.000000,11.845768906,42.756044343,71.197758461,6.000000,19.416666667
1302.500000,11.851237700,42.746155766,71.198864967,6.000000,19.409722222
1303.000000,11.856705966,42.736267035,71.199971542,6.000000,19.402777778
1303.500000,11.862173705,42.726378150,71.201078187,6.000000,19.395833333
1304.000000,11.867640916,42.716489111,71.202184900,6.000000,19.388888889
1304.500000,11.873107599,42.706599919,71.203291683,6.000000,19.381944444
1305.000000,11.878573754,42.696710573,71.204398536,6.000000,19.375000000
1305.500000,11.884039382,42.686821073,71.205505457,6.000000,19.368055556
1306.000000,11.889504483,42.676931419,71.206612448,6.000000,19.361111111
1306.500000,11.894969056,42.667041612,71.207719508,6.000000,19.354166667
1307.000000,11.900433101,42.657151651,71.208826637,6.000000,19.347222222
1307.500000,11.905896620,42.647261536,71.209933835,6.000000,19.340277778
1308.000000,11.911359611,42.637371268,71.211041103,6.000000,19.333333333
1308.500000,11.916822074,42.627480845,71.212148440,6.000000,19.326388889
1309.000000,11.922284011,42.617590269,71.213255846,6.000000,19.319444444
1309.500000,11.927745420,42.607699539,71.214363322,6.000000,19.312500000
1310.000000,11.933206303,42.597808655,71.215470867,6.000000,19.305555556
1310.500000,11.938666658,42.587917618,71.216578481,6.000000,19.298611111
1311.000000,11.944126487,42.578026426,71.217686164,6.000000,19.291666667
1311.500000,11.949585788,42.568135081,71.218793917,6.000000,19.284722222
1312.000000,11.955044562,42.558243582,71.219901739,6.000000,19.277777778
1312.500000,11.960502810,42.548351929,71.221009630,6.000000,19.270833333
1313.000000,11.965960531,42.538460122,71.222117590,6.000000,19.263888889
1313.500000,11.971417725,42.528568161,71.223225620,6.000000,19.256944444
1314.000000,11.976874393,42.518676046,71.224333719,6.000000,19.250000000
1314.500000,11.982330534,42.508783778,71.225441888,6.000000,19.243055556
1315.000000,11.987786148,42.498891355,71.226550126,6.000000,19.236111111
1315.500000,11.993241236,42.488998779,71.227658433,6.000000,19.229166667
1316.000000,11.998695797,42.479106049,71.228766809,6.000000,19.222222222
1316.500000,12.004149832,42.469213164,71.229875255,6.000000,19.215277778
1317.000000,12.009603341,42.459320126,71.230983770,6.000000,19.208333333
1317.500000,12.015056323,42.449426934,71.232092355,6.000000,19.201388889
1318.000000,12.020508779,42.439533588,71.233201009,6.000000,19.194444444
1318.500000,12.025960709,42.429640088,71.234309732,6.000000,19.187500000
1319.000000,12.031412112,42.419746433,71.235418524,6.000000,19.180555556
1319.500000,12.036862990,42.409852625,71.236527386,6.000000,19.173611111
1320.000000,12.042313341,42.399958663,71.237636318,6.000000,19.166666667
1320.500000,12.047763166,42.390064547,71.238745318,6.000000,19.159722222
1321.000000,12.053212466,42.380170277,71.239854388,6.000000,19.152777778
1321.500000,12.058661239,42.370275853,71.240963528,6.000000,19.145833333
1322.000000,12.064109487,42.360381274,71.242072737,6.000000,19.138888889
1322.500000,12.069557209,42.350486542,71.243182015,6.000000,19.131944444
1323.000000,12.075004405,42.340591656,71.244291363,6.000000,19.125000000
1323.500000,12.080451076,42.330696615,71.245400780,6.000000,19.118055556
1324.000000,12.085897220,42.320801421,71.246510266,6.000000,19.111111111
1324.500000,12.091342840,42.310906072,71.247619822,6.000000,19.104166667
1325.000000,12.096787933,42.301010569,71.248729447,6.000000,19.097222222
1325.500000,12.102232501,42.291114912,71.249839142,6.000000,19.090277778
1326.000000,12.107676544,42.281219101,71.250948906,6.000000,19.083333333
1326.500000,12.113120061,42.271323136,71.252058739,6.000000,19.076388889
1327.000000,12.118563053,42.261427017,71.253168642,6.000000,19.069444444
1327.500000,12.124005520,42.251530743,71.254278615,6.000000,19.062500000
1328.000000,12.129447461,42.241634316,71.255388657,6.000000,19.055555556
1328.500000,12.134888878,42.231737734,71.256498768,6.000000,19.048611111
1329.000000,12.140329769,42.221840998,71.257608949,6.000000,19.041666667
1329.500000,12.145770135,42.211944108,71.258719199,6.000000,19.034722222
1330.000000,12.151209976,42.202047064,71.259829519,6.000000,19.027777778
1330.500000,12.156649292,42.192149865,71.260939908,6.000000,19.020833333
1331.000000,12.162088083,42.182252512,71.262050367,6.000000,19.013888889
1331.500000,12.167526349,42.172355005,71.263160895,6.000000,19.006944444
1332.000000,12.172964090,42.162457344,71.264271492,6.000000,19.000000000
1332.500000,12.178401307,42.152559529,71.265382159,6.000000,18.993055556
1333.000000,12.183837999,42.142661559,71.266492896,6.000000,18.986111111
1333.500000,12.189274166,42.132763435,71.267603702,6.000000,18.979166667
1334.000000,12.194709809,42.122865157,71.268714578,6.000000,18.972222222
1334.500000,12.200144927,42.112966724,71.269825523,6.000000,18.965277778
1335.000000,12.205579520,42.103068137,71.270936537,6.000000,18.958333333
1335.500000,12.211013589,42.093169396,71.272047621,6.000000,18.951388889
1336.000000,12.216447133,42.083270501,71.273158775,6.000000,18.944444444
1336.500000,12.221880154,42.073371451,71.274269998,6.000000,18.937500000
1337.000000,12.227312650,42.063472247,71.275381291,6.000000,18.930555556
1337.500000,12.232744621,42.053572888,71.276492653,6.000000,18.923611111
1338.000000,12.238176068,42.043673375,71.277604085,6.000000,18.916666667
1338.500000,12.243606992,42.033773708,71.278715586,6.000000,18.909722222
1339.000000,12.249037391,42.023873886,71.279827157,6.000000,18.902777778
1339.500000,12.254467266,42.013973910,71.280938798,6.000000,18.895833333
1340.000000,12.259896617,42.004073780,71.282050508,6.000000,18.888888889
1340.500000,12.265325444,41.994173495,71.283162287,6.000000,18.881944444
1341.000000,12.270753747,41.984273056,71.284274136,6.000000,18.875000000
1341.500000,12.276181526,41.974372462,71.285386055,6.000000,18.868055556
1342.000000,12.281608782,41.964471714,71.286498043,6.000000,18.861111111
1342.500000,12.287035513,41.954570812,71.287610101,6.000000,18.854166667
1343.000000,12.292461721,41.944669755,71.288722228,6.000000,18.847222222
1343.500000,12.297887406,41.934768543,71.289834425,6.000000,18.840277778
1344.000000,12.303312567,41.924867177,71.290946692,6.000000,18.833333333
1344.500000,12.308737204,41.914965657,71.292059028,6.000000,18.826388889
1345.000000,12.314161317,41.905063982,71.293171434,6.000000,18.819444444
1345.500000,12.319584908,41.895162153,71.294283910,6.000000,18.812500000
1346.000000,12.325007974,41.885260169,71.295396455,6.000000,18.805555556
1346.500000,12.330430518,41.875358031,71.296509069,6.000000,18.798611111
1347.000000,12.335852538,41.865455738,71.297621754,6.000000,18.791666667
1347.500000,12.341274035,41.855553290,71.298734508,6.000000,18.784722222
1348.000000,12.346695009,41.845650688,71.299847331,6.000000,18.777777778
1348.500000,12.352115459,41.835747932,71.300960224,6.000000,18.770833333
1349.000000,12.357535387,41.825845020,71.302073187,6.000000,18.763888889
1349.500000,12.362954791,41.815941955,71.303186220,6.000000,18.756944444
1350.000000,12.368373673,41.806038734,71.304299322,6.000000,18.750000000
1350.500000,12.373792031,41.796135360,71.305412494,6.000000,18.743055556
1351.000000,12.379209867,41.786231830,71.306525735,6.000000,18.736111111
1351.500000,12.384627180,41.776328146,71.307639046,6.000000,18.729166667
1352.000000,12.390043970,41.766424307,71.308752427,6.000000,18.722222222
1352.500000,12.395460237,41.756520314,71.309865878,6.000000,18.715277778
1353.000000,12.400875981,41.746616166,71.310979398,6.000000,18.708333333
1353.500000,12.406291203,41.736711863,71.312092988,6.000000,18.701388889
1354.000000,12.411705903,41.726807406,71.313206647,6.000000,18.694444444
1354.500000,12.417120080,41.716902794,71.314320377,6.000000,18.687500000
1355.000000,12.422533734,41.706998027,71.315434176,6.000000,18.680555556
1355.500000,12.427946866,41.697093105,71.316548044,6.000000,18.673611111
1356.000000,12.433359475,41.687188029,71.317661983,6.000000,18.666666667
1356.500000,12.438771562,41.677282799,71.318775991,6.000000,18.659722222
1357.000000,12.444183127,41.667377413,71.319890069,6.000000,18.652777778
1357.500000,12.449594170,41.657471873,71.321004216,6.000000,18.645833333
1358.000000,12.455004691,41.647566178,71.322118433,6.000000,18.638888889
1358.500000,12.460414689,41.637660328,71.323232721,6.000000,18.631944444
1359.000000,12.465824165,41.627754323,71.324347077,6.000000,18.625000000
1359.500000,12.471233119,41.617848164,71.325461504,6.000000,18.618055556
1360.000000,12.476641552,41.607941850,71.326576000,6.000000,18.611111111
1360.500000,12.482049462,41.598035381,71.327690566,6.000000,18.604166667
1361.000000,12.487456851,41.588128757,71.328805202,6.000000,18.597222222
1361.500000,12.492863717,41.578221979,71.329919907,6.000000,18.590277778
1362.000000,12.498270062,41.568315045,71.331034683,6.000000,18.583333333
1362.500000,12.503675885,41.558407957,71.332149528,6.000000,18.576388889
1363.000000,12.509081187,41.548500714,71.333264442,6.000000,18.569444444
1363.500000,12.514485967,41.538593317,71.334379427,6.000000,18.562500000
1364.000000,12.519890225,41.528685764,71.335494482,6.000000,18.555555556
1364.500000,12.525293962,41.518778056,71.336609606,6.000000,18.548611111
1365.000000,12.530697177,41.508870194,71.337724800,6.000000,18.541666667
1365.500000,12.536099871,41.498962176,71.338840064,6.000000,18.534722222
1366.000000,12.541502044,41.489054004,71.339955397,6.000000,18.527777778
1366.500000,12.546903695,41.479145677,71.341070801,6.000000,18.520833333
1367.000000,12.552304825,41.469237195,71.342186274,6.000000,18.513888889
1367.500000,12.557705434,41.459328558,71.343301817,6.000000,18.506944444
1368.000000,12.563105521,41.449419766,71.344417430,6.000000,18.500000000
1368.500000,12.568505088,41.439510819,71.345533112,6.000000,18.493055556
1369.000000,12.573904133,41.429601717,71.346648865,6.000000,18.486111111
1369.500000,12.579302658,41.419692461,71.347764687,6.000000,18.479166667
1370.000000,12.584700661,41.409783049,71.348880580,6.000000,18.472222222
1370.500000,12.590098144,41.399873482,71.349996542,6.000000,18.465277778
1371.000000,12.595495105,41.389963760,71.351112574,6.000000,18.458333333
1371.500000,12.600891546,41.380053884,71.352228676,6.000000,18.451388889
1372.000000,12.606287466,41.370143852,71.353344847,6.000000,18.444444444
1372.500000,12.611682866,41.360233665,71.354461089,6.000000,18.437500000
1373.000000,12.617077744,41.350323323,71.355577400,6.000000,18.430555556
1373.500000,12.622472103,41.340412826,71.356693781,6.000000,18.423611111
1374.000000,12.627865940,41.330502175,71.357810233,6.000000,18.416666667
1374.500000,12.633259257,41.320591368,71.358926754,6.000000,18.409722222
1375.000000,12.638652054,41.310680406,71.360043345,6.000000,18.402777778
1375.500000,12.644044330,41.300769288,71.361160005,6.000000,18.395833333
1376.000000,12.649436086,41.290858016,71.362276736,6.000000,18.388888889
1376.500000,12.654827322,41.280946589,71.363393537,6.000000,18.381944444
1377.000000,12.660218037,41.271035006,71.364510407,6.000000,18.375000000
1377.500000,12.665608232,41.261123269,71.365627348,6.000000,18.368055556
1378.000000,12.670997907,41.251211376,71.366744358,6.000000,18.361111111
1378.500000,12.676387062,41.241299328,71.367861439,6.000000,18.354166667
1379.000000,12.681775697,41.231387125,71.368978589,6.000000,18.347222222
1379.500000,12.687163812,41.221474767,71.370095809,6.000000,18.340277778
1380.000000,12.692551407,41.211562254,71.371213099,6.000000,18.333333333
1380.500000,12.697938482,41.201649585,71.372330459,6.000000,18.326388889
1381.000000,12.703325037,41.191736762,71.373447889,6.000000,18.319444444
1381.500000,12.708711073,41.181823783,71.374565389,6.000000,18.312500000
1382.000000,12.714096588,41.171910649,71.375682959,6.000000,18.305555556
1382.500000,12.719481584,41.161997359,71.376800599,6.000000,18.298611111
1383.000000,12.724866061,41.152083915,71.377918309,6.000000,18.291666667
1383.500000,12.730250017,41.142170315,71.379036089,6.000000,18.284722222
1384.000000,12.735633454,41.132256560,71.380153939,6.000000,18.277777778
1384.500000,12.741016372,41.122342650,71.381271859,6.000000,18.270833333
1385.000000,12.746398770,41.112428584,71.382389848,6.000000,18.263888889
1385.500000,12.751780649,41.102514364,71.383507908,6.000000,18.256944444
1386.000000,12.757162009,41.092599987,71.384626038,6.000000,18.250000000
1386.500000,12.762542849,41.082685456,71.385744238,6.000000,18.243055556
1387.000000,12.767923170,41.072770769,71.386862508,6.000000,18.236111111
1387.500000,12.773302972,41.062855927,71.387980847,6.000000,18.229166667
1388.000000,12.778682255,41.052940930,71.389099257,6.000000,18.222222222
1388.500000,12.784061018,41.043025777,71.390217737,6.000000,18.215277778
1389.000000,12.789439263,41.033110469,71.391336287,6.000000,18.208333333
1389.500000,12.794816989,41.023195006,71.392454907,6.000000,18.201388889
1390.000000,12.800194195,41.013279387,71.393573597,6.000000,18.194444444
1390.500000,12.805570883,41.003363613,71.394692357,6.000000,18.187500000
1391.000000,12.810947052,40.993447684,71.395811187,6.000000,18.180555556
1391.500000,12.816322702,40.983531599,71.396930087,6.000000,18.173611111
1392.000000,12.821697834,40.973615358,71.398049057,6.000000,18.166666667
1392.500000,12.827072446,40.963698963,71.399168097,6.000000,18.159722222
1393.000000,12.832446541,40.953782412,71.400287208,6.000000,18.152777778
1393.500000,12.837820116,40.943865705,71.401406388,6.000000,18.145833333
1394.000000,12.843193173,40.933948843,71.402525638,6.000000,18.138888889
1394.500000,12.848565712,40.924031826,71.403644959,6.000000,18.131944444
1395.000000,12.853937732,40.914114653,71.404764349,6.000000,18.125000000
1395.500000,12.859309234,40.904197324,71.405883810,6.000000,18.118055556
1396.000000,12.864680217,40.894279840,71.407003341,6.000000,18.111111111
1396.500000,12.870050682,40.884362201,71.408122942,6.000000,18.104166667
1397.000000,12.875420629,40.874444406,71.409242613,6.000000,18.097222222
1397.500000,12.880790058,40.864526456,71.410362354,6.000000,18.090277778
1398.000000,12.886158969,40.854608350,71.411482165,6.000000,18.083333333
1398.500000,12.891527361,40.844690089,71.412602046,6.000000,18.076388889
1399.000000,12.896895236,40.834771672,71.413721998,6.000000,18.069444444
1399.500000,12.902262592,40.824853099,71.414842019,6.000000,18.062500000
1400.000000,12.907629431,40.814934371,71.415962111,6.000000,18.055555556
1400.500000,12.912995752,40.805015487,71.417082273,6.000000,18.048611111
1401.000000,12.918361555,40.795096448,71.418202505,6.000000,18.041666667
1401.500000,12.923726840,40.785177253,71.419322807,6.000000,18.034722222
1402.000000,12.929091607,40.775257903,71.420443179,6.000000,18.027777778
1402.500000,12.934455857,40.765338397,71.421563622,6.000000,18.020833333
1403.000000,12.939819589,40.755418735,71.422684134,6.000000,18.013888889
1403.500000,12.945182804,40.745498918,71.423804717,6.000000,18.006944444
1404.000000,12.950545501,40.735578945,71.424925370,6.000000,18.000000000
1404.500000,12.955907680,40.725658817,71.426046093,6.000000,17.993055556
1405.000000,12.961269343,40.715738533,71.427166886,6.000000,17.986111111
1405.500000,12.966630488,40.705818093,71.428287750,6.000000,17.979166667
1406.000000,12.971991115,40.695897497,71.429408684,6.000000,17.972222222
1406.500000,12.977351225,40.685976746,71.430529687,6.000000,17.965277778
1407.000000,12.982710818,40.676055839,71.431650762,6.000000,17.958333333
1407.500000,12.988069894,40.666134777,71.432771906,6.000000,17.951388889
1408.000000,12.993428453,40.656213558,71.433893120,6.000000,17.944444444
1408.500000,12.998786495,40.646292184,71.435014405,6.000000,17.937500000
1409.000000,13.004144019,40.636370654,71.436135760,6.000000,17.930555556
1409.500000,13.009501027,40.626448969,71.437257185,6.000000,17.923611111
1410.000000,13.014857518,40.616527128,71.438378680,6.000000,17.916666667
1410.500000,13.020213492,40.606605131,71.439500246,6.000000,17.909722222
1411.000000,13.025568949,40.596682978,71.440621882,6.000000,17.902777778
1411.500000,13.030923889,40.586760669,71.441743588,6.000000,17.895833333
1412.000000,13.036278313,40.576838205,71.442865364,6.000000,17.888888889
1412.500000,13.041632220,40.566915585,71.443987211,6.000000,17.881944444
1413.000000,13.046985610,40.556992809,71.445109128,6.000000,17.875000000
1413.500000,13.052338484,40.547069877,71.446231115,6.000000,17.868055556
1414.000000,13.057690841,40.537146789,71.447353172,6.000000,17.861111111
1414.500000,13.063042682,40.527223546,71.448475300,6.000000,17.854166667
1415.000000,13.068394007,40.517300146,71.449597498,6.000000,17.847222222
1415.500000,13.073744815,40.507376591,71.450719766,6.000000,17.840277778
1416.000000,13.079095107,40.497452880,71.451842104,6.000000,17.833333333
1416.500000,13.084444882,40.487529013,71.452964513,6.000000,17.826388889
1417.000000,13.089794141,40.477604990,71.454086992,6.000000,17.819444444
1417.500000,13.095142885,40.467680811,71.455209542,6.000000,17.812500000
1418.000000,13.100491112,40.457756477,71.456332161,6.000000,17.805555556
1418.500000,13.105838823,40.447831986,71.457454851,6.000000,17.798611111
1419.000000,13.111186018,40.437907340,71.458577612,6.000000,17.791666667
1419.500000,13.116532697,40.427982537,71.459700442,6.000000,17.784722222
1420.000000,13.121878860,40.418057579,71.460823343,6.000000,17.777777778
1420.500000,13.127224507,40.408132464,71.461946315,6.000000,17.770833333
1421.000000,13.132569638,40.398207194,71.463069356,6.000000,17.763888889
1421.500000,13.137914254,40.388281768,71.464192468,6.000000,17.756944444
1422.000000,13.143258354,40.378356186,71.465315651,6.000000,17.750000000
1422.500000,13.148601938,40.368430447,71.466438903,6.000000,17.743055556
1423.000000,13.153945007,40.358504553,71.467562226,6.000000,17.736111111
1423.500000,13.159287560,40.348578503,71.468685620,6.000000,17.729166667
1424.000000,13.164629598,40.338652296,71.469809084,6.000000,17.722222222
1424.500000,13.169971120,40.328725934,71.470932618,6.000000,17.715277778
1425.000000,13.175312127,40.318799416,71.472056222,6.000000,17.708333333
1425.500000,13.180652618,40.308872741,71.473179897,6.000000,17.701388889
1426.000000,13.185992594,40.298945911,71.474303642,6.000000,17.694444444
1426.500000,13.191332055,40.289018924,71.475427458,6.000000,17.687500000
1427.000000,13.196671001,40.279091781,71.476551344,6.000000,17.680555556
1427.500000,13.202009432,40.269164482,71.477675301,6.000000,17.673611111
1428.000000,13.207347347,40.259237028,71.478799327,6.000000,17.666666667
1428.500000,13.212684747,40.249309417,71.479923425,6.000000,17.659722222
1429.000000,13.218021633,40.239381649,71.481047592,6.000000,17.652777778
1429.500000,13.223358003,40.229453726,71.482171830,6.000000,17.645833333
1430.000000,13.228693859,40.219525647,71.483296139,6.000000,17.638888889
1430.500000,13.234029199,40.209597411,71.484420518,6.000000,17.631944444
1431.000000,13.239364025,40.199669019,71.485544967,6.000000,17.625000000
1431.500000,13.244698336,40.189740471,71.486669487,6.000000,17.618055556
1432.000000,13.250032133,40.179811767,71.487794077,6.000000,17.611111111
1432.500000,13.255365415,40.169882907,71.488918738,6.000000,17.604166667
1433.000000,13.260698182,40.159953891,71.490043469,6.000000,17.597222222
1433.500000,13.266030434,40.150024718,71.491168271,6.000000,17.590277778
1434.000000,13.271362173,40.140095389,71.492293143,6.000000,17.583333333
1434.500000,13.276693396,40.130165904,71.493418086,6.000000,17.576388889
1435.000000,13.282024105,40.120236262,71.494543099,6.000000,17.569444444
1435.500000,13.287354300,40.110306465,71.495668182,6.000000,17.562500000
1436.000000,13.292683981,40.100376511,71.496793336,6.000000,17.555555556
1436.500000,13.298013147,40.090446401,71.497918561,6.000000,17.548611111
1437.000000,13.303341799,40.080516134,71.499043856,6.000000,17.541666667
1437.500000,13.308669937,40.070585711,71.500169221,6.000000,17.534722222
1438.000000,13.313997561,40.060655132,71.501294657,6.000000,17.527777778
1438.500000,13.319324671,40.050724397,71.502420163,6.000000,17.520833333
1439.000000,13.324651267,40.040793505,71.503545740,6.000000,17.513888889
1439.500000,13.329977349,40.030862457,71.504671388,6.000000,17.506944444
1440.000000,13.335302917,40.020931253,71.505797106,6.000000,17.500000000
1440.500000,13.340627971,40.010999892,71.506922895,6.000000,17.493055556
1441.000000,13.345952512,40.001068375,71.508048754,6.000000,17.486111111
1441.500000,13.351276538,39.991136702,71.509174683,6.000000,17.479166667
1442.000000,13.356600051,39.981204872,71.510300683,6.000000,17.472222222
1442.500000,13.361923050,39.971272886,71.511426754,6.000000,17.465277778
1443.000000,13.367245536,39.961340743,71.512552895,6.000000,17.458333333
1443.500000,13.372567508,39.951408444,71.513679107,6.000000,17.451388889
1444.000000,13.377888967,39.941475989,71.514805390,6.000000,17.444444444
1444.500000,13.383209912,39.931543377,71.515931742,6.000000,17.437500000
1445.000000,13.388530344,39.921610608,71.517058166,6.000000,17.430555556
1445.500000,13.393850262,39.911677684,71.518184660,6.000000,17.423611111
1446.000000,13.399169667,39.901744603,71.519311225,6.000000,17.416666667
1446.500000,13.404488559,39.891811365,71.520437860,6.000000,17.409722222
1447.000000,13.409806938,39.881877971,71.521564566,6.000000,17.402777778
1447.500000,13.415124803,39.871944420,71.522691342,6.000000,17.395833333
1448.000000,13.420442156,39.862010713,71.523818189,6.000000,17.388888889
1448.500000,13.425758995,39.852076849,71.524945107,6.000000,17.381944444
1449.000000,13.431075322,39.842142829,71.526072095,6.000000,17.375000000
1449.500000,13.436391135,39.832208652,71.527199154,6.000000,17.368055556
1450.000000,13.441706436,39.822274319,71.528326283,6.000000,17.361111111
1450.500000,13.447021223,39.812339829,71.529453483,6.000000,17.354166667
1451.000000,13.452335498,39.802405183,71.530580754,6.000000,17.347222222
1451.500000,13.457649260,39.792470380,71.531708096,6.000000,17.340277778
1452.000000,13.462962510,39.782535421,71.532835508,6.000000,17.333333333
1452.500000,13.468275247,39.772600305,71.533962990,6.000000,17.326388889
1453.000000,13.473587471,39.762665032,71.535090543,6.000000,17.319444444
1453.500000,13.478899182,39.752729603,71.536218167,6.000000,17.312500000
1454.000000,13.484210381,39.742794017,71.537345862,6.000000,17.305555556
1454.500000,13.489521068,39.732858275,71.538473627,6.000000,17.298611111
1455.000000,13.494831242,39.722922375,71.539601463,6.000000,17.291666667
1455.500000,13.500140904,39.712986320,71.540729370,6.000000,17.284722222
1456.000000,13.505450054,39.703050107,71.541857347,6.000000,17.277777778
1456.500000,13.510758691,39.693113738,71.542985395,6.000000,17.270833333
1457.000000,13.516066817,39.683177212,71.544113514,6.000000,17.263888889
1457.500000,13.521374430,39.673240530,71.545241703,6.000000,17.256944444
1458.000000,13.526681531,39.663303691,71.546369963,6.000000,17.250000000
1458.500000,13.531988120,39.653366695,71.547498294,6.000000,17.243055556
1459.000000,13.537294197,39.643429543,71.548626695,6.000000,17.236111111
1459.500000,13.542599761,39.633492233,71.549755167,6.000000,17.229166667
1460.000000,13.547904815,39.623554767,71.550883710,6.000000,17.222222222
1460.500000,13.553209356,39.613617145,71.552012324,6.000000,17.215277778
1461.000000,13.558513385,39.603679365,71.553141008,6.000000,17.208333333
1461.500000,13.563816903,39.593741429,71.554269763,6.000000,17.201388889
1462.000000,13.569119909,39.583803336,71.555398589,6.000000,17.194444444
1462.500000,13.574422403,39.573865086,71.556527486,6.000000,17.187500000
1463.000000,13.579724386,39.563926679,71.557656453,6.000000,17.180555556
1463.500000,13.585025857,39.553988116,71.558785491,6.000000,17.173611111
1464.000000,13.590326817,39.544049396,71.559914600,6.000000,17.166666667
1464.500000,13.595627265,39.534110519,71.561043779,6.000000,17.159722222
1465.000000,13.600927202,39.524171485,71.562173030,6.000000,17.152777778
1465.500000,13.606226627,39.514232294,71.563302351,6.000000,17.145833333
1466.000000,13.611525541,39.504292947,71.564431743,6.000000,17.138888889
1466.500000,13.616823944,39.494353442,71.565561205,6.000000,17.131944444
1467.000000,13.622121836,39.484413781,71.566690739,6.000000,17.125000000
1467.500000,13.627419216,39.474473963,71.567820343,6.000000,17.118055556
1468.000000,13.632716086,39.464533988,71.568950018,6.000000,17.111111111
1468.500000,13.638012444,39.454593856,71.570079764,6.000000,17.104166667
1469.000000,13.643308292,39.444653567,71.571209580,6.000000,17.097222222
1469.500000,13.648603628,39.434713121,71.572339468,6.000000,17.090277778
1470.000000,13.653898453,39.424772518,71.573469426,6.000000,17.083333333
1470.500000,13.659192768,39.414831759,71.574599455,6.000000,17.076388889
1471.000000,13.664486572,39.404890842,71.575729555,6.000000,17.069444444
1471.500000,13.669779865,39.394949769,71.576859726,6.000000,17.062500000
1472.000000,13.675072648,39.385008538,71.577989967,6.000000,17.055555556
1472.500000,13.680364919,39.375067151,71.579120280,6.000000,17.048611111
1473.000000,13.685656681,39.365125606,71.580250663,6.000000,17.041666667
1473.500000,13.690947931,39.355183905,71.581381117,6.000000,17.034722222
1474.000000,13.696238671,39.345242046,71.582511642,6.000000,17.027777778
1474.500000,13.701528901,39.335300031,71.583642238,6.000000,17.020833333
1475.000000,13.706818620,39.325357858,71.584772904,6.000000,17.013888889
1475.500000,13.712107829,39.315415529,71.585903642,6.000000,17.006944444
1476.000000,13.717396528,39.305473042,57.751888725,6.000000,17.000000000
1476.500000,13.722061493,39.297451946,57.752619436,6.000000,16.986111111
1477.000000,13.726725867,39.289430749,57.753350189,6.000000,16.972222222
1477.500000,13.731389649,39.281409451,57.754080984,6.000000,16.958333333
1478.000000,13.736052839,39.273388050,57.754811821,6.000000,16.944444444
1478.500000,13.740715437,39.265366549,57.755542701,6.000000,16.930555556
1479.000000,13.745377443,39.257344946,57.756273623,6.000000,16.916666667
1479.500000,13.750038858,39.249323241,57.757004588,6.000000,16.902777778
1480.000000,13.754699681,39.241301435,57.757735595,6.000000,16.888888889
1480.500000,13.759359913,39.233279527,57.758466644,6.000000,16.875000000
1481.000000,13.764019553,39.225257518,57.759197736,6.000000,16.861111111
1481.500000,13.768678601,39.217235407,57.759928870,6.000000,16.847222222
1482.000000,13.773337059,39.209213195,57.760660046,6.000000,16.833333333
1482.500000,13.777994925,39.201190881,57.761391265,6.000000,16.819444444
1483.000000,13.782652200,39.193168465,57.762122526,6.000000,16.805555556
1483.500000,13.787308884,39.185145948,57.762853829,6.000000,16.791666667
1484.000000,13.791964977,39.177123330,57.763585175,6.000000,16.777777778
1484.500000,13.796620479,39.169100610,57.764316563,6.000000,16.763888889
1485.000000,13.801275390,39.161077788,57.765047993,6.000000,16.750000000
1485.500000,13.805929711,39.153054864,57.765779466,6.000000,16.736111111
1486.000000,13.810583440,39.145031840,57.766510981,6.000000,16.722222222
1486.500000,13.815236579,39.137008713,57.767242539,6.000000,16.708333333
1487.000000,13.819889128,39.128985485,57.767974139,6.000000,16.694444444
1487.500000,13.824541086,39.120962155,57.768705781,6.000000,16.680555556
1488.000000,13.829192454,39.112938724,57.769437466,6.000000,16.666666667
1488.500000,13.833843231,39.104915191,57.770169193,6.000000,16.652777778
1489.000000,13.838493418,39.096891556,57.770900962,6.000000,16.638888889
1489.500000,13.843143015,39.088867820,57.771632774,6.000000,16.625000000
1490.000000,13.847792022,39.080843982,57.772364628,6.000000,16.611111111
1490.500000,13.852440439,39.072820043,57.773096525,6.000000,16.597222222
1491.000000,13.857088266,39.064796001,57.773828464,6.000000,16.583333333
1491.500000,13.861735503,39.056771858,57.774560445,6.000000,16.569444444
1492.000000,13.866382150,39.048747614,57.775292469,6.000000,16.555555556
1492.500000,13.871028208,39.040723268,57.776024535,6.000000,16.541666667
1493.000000,13.875673676,39.032698820,57.776756643,6.000000,16.527777778
1493.500000,13.880318554,39.024674270,57.777488794,6.000000,16.513888889
1494.000000,13.884962843,39.016649619,57.778220987,6.000000,16.500000000
1494.500000,13.889606542,39.008624866,57.778953223,6.000000,16.486111111
1495.000000,13.894249653,39.000600012,57.779685501,6.000000,16.472222222
1495.500000,13.898892173,38.992575055,57.780417821,6.000000,16.458333333
1496.000000,13.903534105,38.984549997,57.781150184,6.000000,16.444444444
1496.500000,13.908175448,38.976524838,57.781882590,6.000000,16.430555556
1497.000000,13.912816201,38.968499576,57.782615037,6.000000,16.416666667
1497.500000,13.917456366,38.960474213,57.783347527,6.000000,16.402777778
1498.000000,13.922095941,38.952448748,57.784080060,6.000000,16.388888889
1498.500000,13.926734928,38.944423181,57.784812634,6.000000,16.375000000
1499.000000,13.931373326,38.936397513,57.785545252,6.000000,16.361111111
1499.500000,13.936011136,38.928371743,57.786277911,6.000000,16.347222222
1500.000000,13.940648357,38.920345871,57.787010613,6.000000,16.333333333
1500.500000,13.945284989,38.912319897,57.787743358,6.000000,16.319444444
1501.000000,13.949921033,38.904293822,57.788476145,6.000000,16.305555556
1501.500000,13.954556488,38.896267644,57.789208974,6.000000,16.291666667
1502.000000,13.959191356,38.888241365,57.789941846,6.000000,16.277777778
1502.500000,13.963825635,38.880214985,57.790674760,6.000000,16.263888889
1503.000000,13.968459326,38.872188502,57.791407716,6.000000,16.250000000
1503.500000,13.973092429,38.864161917,57.792140715,6.000000,16.236111111
1504.000000,13.977724943,38.856135231,57.792873757,6.000000,16.222222222
1504.500000,13.982356870,38.848108443,57.793606840,6.000000,16.208333333
1505.000000,13.986988210,38.840081553,57.794339967,6.000000,16.194444444
1505.500000,13.991618961,38.832054562,57.795073135,6.000000,16.180555556
1506.000000,13.996249125,38.824027468,57.795806346,6.000000,16.166666667
1506.500000,14.000878701,38.816000273,57.796539600,6.000000,16.152777778
1507.000000,14.005507689,38.807972976,57.797272896,6.000000,16.138888889
1507.500000,14.010136090,38.799945577,57.798006234,6.000000,16.125000000
1508.000000,14.014763904,38.791918076,57.798739615,6.000000,16.111111111
1508.500000,14.019391130,38.783890473,57.799473038,6.000000,16.097222222
1509.000000,14.024017770,38.775862769,57.800206504,6.000000,16.083333333
1509.500000,14.028643822,38.767834962,57.800940012,6.000000,16.069444444
1510.000000,14.033269287,38.759807054,57.801673562,6.000000,16.055555556
1510.500000,14.037894164,38.751779044,57.802407155,6.000000,16.041666667
1511.000000,14.042518455,38.743750931,57.803140791,6.000000,16.027777778
1511.500000,14.047142160,38.735722717,57.803874468,6.000000,16.013888889
1512.000000,14.051765277,38.727694402,57.804608189,6.000000,16.000000000
1512.500000,14.056387808,38.719665984,57.805341951,6.000000,15.986111111
1513.000000,14.061009752,38.711637464,57.806075757,6.000000,15.972222222
1513.500000,14.065631109,38.703608842,57.806809604,6.000000,15.958333333
1514.000000,14.070251880,38.695580119,57.807543494,6.000000,15.944444444
1514.500000,14.074872064,38.687551293,57.808277427,6.000000,15.930555556
1515.000000,14.079491663,38.679522366,57.809011402,6.000000,15.916666667
1515.500000,14.084110675,38.671493337,57.809745419,6.000000,15.902777778
1516.000000,14.088729100,38.663464205,57.810479479,6.000000,15.888888889
1516.500000,14.093346940,38.655434972,57.811213581,6.000000,15.875000000
1517.000000,14.097964194,38.647405637,57.811947726,6.000000,15.861111111
1517.500000,14.102580861,38.639376200,57.812681913,6.000000,15.847222222
1518.000000,14.107196943,38.631346660,57.813416143,6.000000,15.833333333
1518.500000,14.111812439,38.623317019,57.814150415,6.000000,15.819444444
1519.000000,14.116427349,38.615287276,57.814884730,6.000000,15.805555556
1519.500000,14.121041674,38.607257431,57.815619087,6.000000,15.791666667
1520.000000,14.125655413,38.599227484,57.816353487,6.000000,15.777777778
1520.500000,14.130268566,38.591197435,57.817087929,6.000000,15.763888889
1521.000000,14.134881134,38.583167284,57.817822413,6.000000,15.750000000
1521.500000,14.139493117,38.575137031,57.818556940,6.000000,15.736111111
1522.000000,14.144104514,38.567106676,57.819291510,6.000000,15.722222222
1522.500000,14.148715327,38.559076218,57.820026122,6.000000,15.708333333
1523.000000,14.153325554,38.551045659,57.820760776,6.000000,15.694444444
1523.500000,14.157935196,38.543014998,57.821495473,6.000000,15.680555556
1524.000000,14.162544253,38.534984235,57.822230212,6.000000,15.666666667
1524.500000,14.167152725,38.526953369,57.822964994,6.000000,15.652777778
1525.000000,14.171760612,38.518922402,57.823699819,6.000000,15.638888889
1525.500000,14.176367914,38.510891333,57.824434686,6.000000,15.625000000
1526.000000,14.180974632,38.502860161,57.825169595,6.000000,15.611111111
1526.500000,14.185580765,38.494828888,57.825904547,6.000000,15.597222222
1527.000000,14.190186314,38.486797512,57.826639541,6.000000,15.583333333
1527.500000,14.194791278,38.478766034,57.827374578,6.000000,15.569444444
1528.000000,14.199395658,38.470734455,57.828109657,6.000000,15.555555556
1528.500000,14.203999454,38.462702773,57.828844779,6.000000,15.541666667
1529.000000,14.208602665,38.454670989,57.829579943,6.000000,15.527777778
1529.500000,14.213205292,38.446639103,57.830315150,6.000000,15.513888889
1530.000000,14.217807335,38.438607114,57.831050399,6.000000,15.500000000
1530.500000,14.222408794,38.430575024,57.831785691,6.000000,15.486111111
1531.000000,14.227009669,38.422542831,57.832521025,6.000000,15.472222222
1531.500000,14.231609960,38.414510537,57.833256402,6.000000,15.458333333
1532.000000,14.236209667,38.406478140,57.833991821,6.000000,15.444444444
1532.500000,14.240808791,38.398445641,57.834727283,6.000000,15.430555556
1533.000000,14.245407331,38.390413040,57.835462787,6.000000,15.416666667
1533.500000,14.250005287,38.382380337,57.836198334,6.000000,15.402777778
1534.000000,14.254602660,38.374347532,57.836933923,6.000000,15.388888889
1534.500000,14.259199450,38.366314624,57.837669555,6.000000,15.375000000
1535.000000,14.263795656,38.358281615,57.838405230,6.000000,15.361111111
1535.500000,14.268391279,38.350248503,57.839140947,6.000000,15.347222222
1536.000000,14.272986319,38.342215289,57.839876706,6.000000,15.333333333
1536.500000,14.277580775,38.334181973,57.840612508,6.000000,15.319444444
1537.000000,14.282174649,38.326148554,57.841348352,6.000000,15.305555556
1537.500000,14.286767939,38.318115034,57.842084239,6.000000,15.291666667
1538.000000,14.291360647,38.310081411,57.842820169,6.000000,15.277777778
1538.500000,14.295952772,38.302047686,57.843556141,6.000000,15.263888889
1539.000000,14.300544314,38.294013859,57.844292155,6.000000,15.250000000
1539.500000,14.305135273,38.285979929,57.845028212,6.000000,15.236111111
1540.000000,14.309725650,38.277945897,57.845764312,6.000000,15.222222222
1540.500000,14.314315444,38.269911763,57.846500454,6.000000,15.208333333
1541.000000,14.318904656,38.261877527,57.847236638,6.000000,15.194444444
1541.500000,14.323493286,38.253843189,57.847972866,6.000000,15.180555556
1542.000000,14.328081333,38.245808748,57.848709135,6.000000,15.166666667
1542.500000,14.332668798,38.237774205,57.849445447,6.000000,15.152777778
1543.000000,14.337255680,38.229739560,57.850181802,6.000000,15.138888889
1543.500000,14.341841981,38.221704813,57.850918200,6.000000,15.125000000
1544.000000,14.346427700,38.213669963,57.851654639,6.000000,15.111111111
1544.500000,14.351012837,38.205635011,57.852391122,6.000000,15.097222222
1545.000000,14.355597391,38.197599956,57.853127647,6.000000,15.083333333
1545.500000,14.360181365,38.189564800,57.853864214,6.000000,15.069444444
1546.000000,14.364764756,38.181529541,57.854600824,6.000000,15.055555556
1546.500000,14.369347566,38.173494180,57.855337477,6.000000,15.041666667
1547.000000,14.373929794,38.165458716,57.856074172,6.000000,15.027777778
1547.500000,14.378511441,38.157423150,57.856810910,6.000000,15.013888889
1548.000000,14.383092506,38.149387482,57.857547690,6.000000,15.000000000
1548.500000,14.387672990,38.141351712,57.858284513,6.000000,14.986111111
1549.000000,14.392252893,38.133315839,57.859021378,6.000000,14.972222222
1549.500000,14.396832214,38.125279864,57.859758286,6.000000,14.958333333
1550.000000,14.401410955,38.117243786,57.860495236,6.000000,14.944444444
1550.500000,14.405989114,38.109207606,57.861232229,6.000000,14.930555556
1551.000000,14.410566693,38.101171324,57.861969265,6.000000,14.916666667
1551.500000,14.415143690,38.093134939,57.862706343,6.000000,14.902777778
1552.000000,14.419720107,38.085098452,57.863443464,6.000000,14.888888889
1552.500000,14.424295943,38.077061863,57.864180627,6.000000,14.875000000
1553.000000,14.428871198,38.069025171,57.864917833,6.000000,14.861111111
1553.500000,14.433445873,38.060988377,57.865655081,6.000000,14.847222222
1554.000000,14.438019967,38.052951480,57.866392372,6.000000,14.833333333
1554.500000,14.442593481,38.044914482,57.867129706,6.000000,14.819444444
1555.000000,14.447166414,38.036877380,57.867867082,6.000000,14.805555556
1555.500000,14.451738767,38.028840176,57.868604501,6.000000,14.791666667
1556.000000,14.456310540,38.020802870,57.869341962,6.000000,14.777777778
1556.500000,14.460881733,38.012765462,57.870079466,6.000000,14.763888889
1557.000000,14.465452345,38.004727951,57.870817013,6.000000,14.750000000
1557.500000,14.470022378,37.996690337,57.871554602,6.000000,14.736111111
1558.000000,14.474591831,37.988652621,57.872292233,6.000000,14.722222222
1558.500000,14.479160704,37.980614803,57.873029907,6.000000,14.708333333
1559.000000,14.483728997,37.972576882,57.873767624,6.000000,14.694444444
1559.500000,14.488296710,37.964538859,57.874505384,6.000000,14.680555556
1560.000000,14.492863844,37.956500733,57.875243186,6.000000,14.666666667
1560.500000,14.497430398,37.948462505,57.875981030,6.000000,14.652777778
1561.000000,14.501996373,37.940424174,57.876718917,6.000000,14.638888889
1561.500000,14.506561768,37.932385741,57.877456847,6.000000,14.625000000
1562.000000,14.511126584,37.924347205,57.878194820,6.000000,14.611111111
1562.500000,14.515690821,37.916308567,57.878932834,6.000000,14.597222222
1563.000000,14.520254478,37.908269826,57.879670892,6.000000,14.583333333
1563.500000,14.524817557,37.900230983,57.880408992,6.000000,14.569444444
1564.000000,14.529380056,37.892192037,57.881147135,6.000000,14.555555556
1564.500000,14.533941976,37.884152989,57.881885320,6.000000,14.541666667
1565.000000,14.538503318,37.876113839,57.882623548,6.000000,14.527777778
1565.500000,14.543064081,37.868074585,57.883361819,6.000000,14.513888889
1566.000000,14.547624264,37.860035229,57.884100132,6.000000,14.500000000
1566.500000,14.552183870,37.851995771,57.884838488,6.000000,14.486111111
1567.000000,14.556742896,37.843956210,57.885576886,6.000000,14.472222222
1567.500000,14.561301345,37.835916547,57.886315327,6.000000,14.458333333
1568.000000,14.565859214,37.827876781,57.887053811,6.000000,14.444444444
1568.500000,14.570416506,37.819836912,57.887792337,6.000000,14.430555556
1569.000000,14.574973219,37.811796941,57.888530906,6.000000,14.416666667
1569.500000,14.579529354,37.803756867,57.889269518,6.000000,14.402777778
1570.000000,14.584084910,37.795716691,57.890008172,6.000000,14.388888889
1570.500000,14.588639889,37.787676412,57.890746869,6.000000,14.375000000
1571.000000,14.593194289,37.779636030,57.891485608,6.000000,14.361111111
1571.500000,14.597748112,37.771595546,57.892224390,6.000000,14.347222222
1572.000000,14.602301357,37.763554960,57.892963215,6.000000,14.333333333
1572.500000,14.606854024,37.755514270,57.893702082,6.000000,14.319444444
1573.000000,14.611406113,37.747473478,57.894440992,6.000000,14.305555556
1573.500000,14.615957625,37.739432584,57.895179944,6.000000,14.291666667
1574.000000,14.620508559,37.731391587,57.895918939,6.000000,14.277777778
1574.500000,14.625058916,37.723350487,57.896657977,6.000000,14.263888889
1575.000000,14.629608695,37.715309284,57.897397058,6.000000,14.250000000
1575.500000,14.634157897,37.707267979,57.898136181,6.000000,14.236111111
1576.000000,14.638706522,37.699226571,57.898875346,6.000000,14.222222222
1576.500000,14.643254569,37.691185061,57.899614555,6.000000,14.208333333
1577.000000,14.647802039,37.683143448,57.900353806,6.000000,14.194444444
1577.500000,14.652348933,37.675101732,57.901093099,6.000000,14.180555556
1578.000000,14.656895249,37.667059913,57.901832436,6.000000,14.166666667
1578.500000,14.661440988,37.659017992,57.902571814,6.000000,14.152777778
1579.000000,14.665986151,37.650975968,57.903311236,6.000000,14.138888889
1579.500000,14.670530737,37.642933842,57.904050700,6.000000,14.125000000
1580.000000,14.675074746,37.634891613,57.904790207,6.000000,14.111111111
1580.500000,14.679618178,37.626849281,57.905529757,6.000000,14.097222222
1581.000000,14.684161034,37.618806846,57.906269349,6.000000,14.083333333
1581.500000,14.688703314,37.610764308,57.907008984,6.000000,14.069444444
1582.000000,14.693245017,37.602721668,57.907748661,6.000000,14.055555556
1582.500000,14.697786144,37.594678925,57.908488381,6.000000,14.041666667
1583.000000,14.702326695,37.586636080,57.909228144,6.000000,14.027777778
1583.500000,14.706866669,37.578593131,57.909967950,6.000000,14.013888889
1584.000000,14.711406068,37.570550080,57.910707798,6.000000,14.000000000
1584.500000,14.715944890,37.562506927,57.911447689,6.000000,13.986111111
1585.000000,14.720483137,37.554463670,57.912187622,6.000000,13.972222222
1585.500000,14.725020807,37.546420311,57.912927598,6.000000,13.958333333
1586.000000,14.729557902,37.538376848,57.913667617,6.000000,13.944444444
1586.500000,14.734094421,37.530333283,57.914407679,6.000000,13.930555556
1587.000000,14.738630365,37.522289616,57.915147783,6.000000,13.916666667
1587.500000,14.743165732,37.514245845,57.915887930,6.000000,13.902777778
1588.000000,14.747700525,37.506201972,57.916628119,6.000000,13.888888889
1588.500000,14.752234742,37.498157996,57.917368351,6.000000,13.875000000
1589.000000,14.756768383,37.490113917,57.918108626,6.000000,13.861111111
1589.500000,14.761301450,37.482069735,57.918848944,6.000000,13.847222222
1590.000000,14.765833941,37.474025450,57.919589304,6.000000,13.833333333
1590.500000,14.770365857,37.465981063,57.920329707,6.000000,13.819444444
1591.000000,14.774897198,37.457936573,57.921070153,6.000000,13.805555556
1591.500000,14.779427964,37.449891980,57.921810641,6.000000,13.791666667
1592.000000,14.783958155,37.441847284,57.922551172,6.000000,13.777777778
1592.500000,14.788487771,37.433802485,57.923291746,6.000000,13.763888889
1593.000000,14.793016812,37.425757583,57.924032362,6.000000,13.750000000
1593.500000,14.797545279,37.417712579,57.924773021,6.000000,13.736111111
1594.000000,14.802073171,37.409667472,57.925513723,6.000000,13.722222222
1594.500000,14.806600489,37.401622261,57.926254468,6.000000,13.708333333
1595.000000,14.811127232,37.393576948,57.926995255,6.000000,13.694444444
1595.500000,14.815653401,37.385531532,57.927736085,6.000000,13.680555556
1596.000000,14.820178995,37.377486013,57.928476957,6.000000,13.666666667
1596.500000,14.824704015,37.369440391,57.929217873,6.000000,13.652777778
1597.000000,14.829228461,37.361394667,57.929958831,6.000000,13.638888889
1597.500000,14.833752333,37.353348839,57.930699831,6.000000,13.625000000
1598.000000,14.838275631,37.345302909,57.931440875,6.000000,13.611111111
1598.500000,14.842798355,37.337256875,57.932181961,6.000000,13.597222222
1599.000000,14.847320505,37.329210739,57.932923090,6.000000,13.583333333
1599.500000,14.851842081,37.321164499,57.933664261,6.000000,13.569444444
1600.000000,14.856363084,37.313118157,57.934405476,6.000000,13.555555556
1600.500000,14.860883513,37.305071712,57.935146733,6.000000,13.541666667
1601.000000,14.865403368,37.297025164,57.935888032,6.000000,13.527777778
1601.500000,14.869922650,37.288978513,57.936629375,6.000000,13.513888889
1602.000000,14.874441358,37.280931759,57.937370760,6.000000,13.500000000
1602.500000,14.878959493,37.272884902,57.938112188,6.000000,13.486111111
1603.000000,14.883477054,37.264837942,57.938853658,6.000000,13.472222222
1603.500000,14.887994043,37.256790879,57.939595172,6.000000,13.458333333
1604.000000,14.892510458,37.248743713,57.940336728,6.000000,13.444444444
1604.500000,14.897026300,37.240696444,57.941078326,6.000000,13.430555556
1605.000000,14.901541569,37.232649072,57.941819968,6.000000,13.416666667
1605.500000,14.906056266,37.224601597,57.942561652,6.000000,13.402777778
1606.000000,14.910570389,37.216554019,57.943303379,6.000000,13.388888889
1606.500000,14.915083939,37.208506338,57.944045149,6.000000,13.375000000
1607.000000,14.919596917,37.200458553,57.944786961,6.000000,13.361111111
1607.500000,14.924109323,37.192410666,57.945528817,6.000000,13.347222222
1608.000000,14.928621155,37.184362676,57.946270715,6.000000,13.333333333
1608.500000,14.933132416,37.176314583,57.947012655,6.000000,13.319444444
1609.000000,14.937643103,37.168266387,57.947754639,6.000000,13.305555556
1609.500000,14.942153219,37.160218088,57.948496665,6.000000,13.291666667
1610.000000,14.946662762,37.152169685,57.949238734,6.000000,13.277777778
1610.500000,14.951171733,37.144121180,57.949980845,6.000000,13.263888889
1611.000000,14.955680132,37.136072572,57.950723000,6.000000,13.250000000
1611.500000,14.960187959,37.128023860,57.951465197,6.000000,13.236111111
1612.000000,14.964695213,37.119975045,57.952207437,6.000000,13.222222222
1612.500000,14.969201896,37.111926128,57.952949720,6.000000,13.208333333
1613.000000,14.973708007,37.103877107,57.953692045,6.000000,13.194444444
1613.500000,14.978213547,37.095827983,57.954434413,6.000000,13.180555556
1614.000000,14.982718514,37.087778756,57.955176824,6.000000,13.166666667
1614.500000,14.987222910,37.079729426,57.955919278,6.000000,13.152777778
1615.000000,14.991726735,37.071679993,57.956661774,6.000000,13.138888889
1615.500000,14.996229988,37.063630456,57.957404313,6.000000,13.125000000
1616.000000,15.000732669,37.055580817,57.958146895,6.000000,13.111111111
1616.500000,15.005234780,37.047531074,57.958889520,6.000000,13.097222222
1617.000000,15.009736319,37.039481228,57.959632188,6.000000,13.083333333
1617.500000,15.014237287,37.031431280,57.960374898,6.000000,13.069444444
1618.000000,15.018737683,37.023381227,57.961117651,6.000000,13.055555556
1618.500000,15.023237509,37.015331072,57.961860447,6.000000,13.041666667
1619.000000,15.027736764,37.007280814,57.962603286,6.000000,13.027777778
1619.500000,15.032235448,36.999230452,57.963346167,6.000000,13.013888889
1620.000000,15.036733561,36.991179988,57.964089091,6.000000,13.000000000
1620.500000,15.041231103,36.983129420,57.964832058,6.000000,12.986111111
1621.000000,15.045728075,36.975078748,57.965575068,6.000000,12.972222222
1621.500000,15.050224476,36.967027974,57.966318120,6.000000,12.958333333
1622.000000,15.054720307,36.958977097,57.967061216,6.000000,12.944444444
1622.500000,15.059215567,36.950926116,57.967804354,6.000000,12.930555556
1623.000000,15.063710257,36.942875032,57.968547535,6.000000,12.916666667
1623.500000,15.068204376,36.934823845,57.969290758,6.000000,12.902777778
1624.000000,15.072697925,36.926772554,57.970034025,6.000000,12.888888889
1624.500000,15.077190904,36.918721161,57.970777334,6.000000,12.875000000
1625.000000,15.081683314,36.910669664,57.971520686,6.000000,12.861111111
1625.500000,15.086175153,36.902618064,57.972264081,6.000000,12.847222222
1626.000000,15.090666422,36.894566361,57.973007519,6.000000,12.833333333
1626.500000,15.095157121,36.886514554,57.973750999,6.000000,12.819444444
1627.000000,15.099647250,36.878462644,57.974494522,6.000000,12.805555556
1627.500000,15.104136810,36.870410631,57.975238089,6.000000,12.791666667
1628.000000,15.108625800,36.862358515,57.975981697,6.000000,12.777777778
1628.500000,15.113114220,36.854306295,57.976725349,6.000000,12.763888889
1629.000000,15.117602071,36.846253972,57.977469044,6.000000,12.750000000
1629.500000,15.122089353,36.838201546,57.978212781,6.000000,12.736111111
1630.000000,15.126576065,36.830149016,57.978956561,6.000000,12.722222222
1630.500000,15.131062208,36.822096383,57.979700384,6.000000,12.708333333
1631.000000,15.135547782,36.814043647,57.980444250,6.000000,12.694444444
1631.500000,15.140032786,36.805990808,57.981188158,6.000000,12.680555556
1632.000000,15.144517222,36.797937865,57.981932109,6.000000,12.666666667
1632.500000,15.149001089,36.789884819,57.982676104,6.000000,12.652777778
1633.000000,15.153484386,36.781831669,57.983420141,6.000000,12.638888889
1633.500000,15.157967115,36.773778416,57.984164220,6.000000,12.625000000
1634.000000,15.162449275,36.765725060,57.984908343,6.000000,12.611111111
1634.500000,15.166930866,36.757671601,57.985652508,6.000000,12.597222222
1635.000000,15.171411889,36.749618038,57.986396717,6.000000,12.583333333
1635.500000,15.175892343,36.741564372,57.987140968,6.000000,12.569444444
1636.000000,15.180372229,36.733510602,57.987885262,6.000000,12.555555556
1636.500000,15.184851546,36.725456729,57.988629599,6.000000,12.541666667
1637.000000,15.189330295,36.717402753,57.989373978,6.000000,12.527777778
1637.500000,15.193808476,36.709348673,57.990118401,6.000000,12.513888889
1638.000000,15.198286088,36.701294490,57.990862866,6.000000,12.500000000
1638.500000,15.202763132,36.693240203,57.991607374,6.000000,12.486111111
1639.000000,15.207239609,36.685185814,57.992351925,6.000000,12.472222222
1639.500000,15.211715517,36.677131320,57.993096519,6.000000,12.458333333
1640.000000,15.216190857,36.669076724,57.993841155,6.000000,12.444444444
1640.500000,15.220665630,36.661022023,57.994585835,6.000000,12.430555556
1641.000000,15.225139835,36.652967220,57.995330557,6.000000,12.416666667
1641.500000,15.229613472,36.644912313,57.996075322,6.000000,12.402777778
1642.000000,15.234086542,36.636857302,57.996820130,6.000000,12.388888889
1642.500000,15.238559044,36.628802188,57.997564981,6.000000,12.375000000
1643.000000,15.243030978,36.620746971,57.998309875,6.000000,12.361111111
1643.500000,15.247502345,36.612691650,57.999054812,6.000000,12.347222222
1644.000000,15.251973145,36.604636226,57.999799791,6.000000,12.333333333
1644.500000,15.256443378,36.596580698,58.000544813,6.000000,12.319444444
1645.000000,15.260913043,36.588525067,58.001289879,6.000000,12.305555556
1645.500000,15.265382141,36.580469332,58.002034987,6.000000,12.291666667
1646.000000,15.269850673,36.572413494,58.002780137,6.000000,12.277777778
1646.500000,15.274318637,36.564357552,58.003525331,6.000000,12.263888889
1647.000000,15.278786035,36.556301507,58.004270568,6.000000,12.250000000
1647.500000,15.283252865,36.548245358,58.005015847,6.000000,12.236111111
1648.000000,15.287719129,36.540189106,58.005761170,6.000000,12.222222222
1648.500000,15.292184826,36.532132751,58.006506535,6.000000,12.208333333
1649.000000,15.296649957,36.524076291,58.007251943,6.000000,12.194444444
1649.500000,15.301114521,36.516019729,58.007997394,6.000000,12.180555556
1650.000000,15.305578519,36.507963062,58.008742888,6.000000,12.166666667
1650.500000,15.310041950,36.499906292,58.009488424,6.000000,12.152777778
1651.000000,15.314504815,36.491849419,58.010234004,6.000000,12.138888889
1651.500000,15.318967114,36.483792442,58.010979626,6.000000,12.125000000
1652.000000,15.323428846,36.475735362,58.011725292,6.000000,12.111111111
1652.500000,15.327890013,36.467678177,58.012471000,6.000000,12.097222222
1653.000000,15.332350613,36.459620890,58.013216751,6.000000,12.083333333
1653.500000,15.336810648,36.451563499,58.013962545,6.000000,12.069444444
1654.000000,15.341270117,36.443506004,58.014708382,6.000000,12.055555556
1654.500000,15.345729019,36.435448405,58.015454262,6.000000,12.041666667
1655.000000,15.350187357,36.427390703,58.016200184,6.000000,12.027777778
1655.500000,15.354645128,36.419332898,58.016946150,6.000000,12.013888889
1656.000000,15.359102334,36.411274989,58.017692158,6.000000,12.000000000
1656.500000,15.363558974,36.403216976,58.018438210,6.000000,11.986111111
1657.000000,15.368015049,36.395158859,58.019184304,6.000000,11.972222222
1657.500000,15.372470559,36.387100639,58.019930441,6.000000,11.958333333
1658.000000,15.376925503,36.379042316,58.020676621,6.000000,11.944444444
1658.500000,15.381379882,36.370983888,58.021422844,6.000000,11.930555556
1659.000000,15.385833696,36.362925358,58.022169110,6.000000,11.916666667
1659.500000,15.390286945,36.354866723,58.022915419,6.000000,11.902777778
1660.000000,15.394739629,36.346807985,58.023661770,6.000000,11.888888889
1660.500000,15.399191748,36.338749143,58.024408165,6.000000,11.875000000
1661.000000,15.403643302,36.330690197,58.025154602,6.000000,11.861111111
1661.500000,15.408094291,36.322631148,58.025901083,6.000000,11.847222222
1662.000000,15.412544716,36.314571995,58.026647606,6.000000,11.833333333
1662.500000,15.416994576,36.306512738,58.027394172,6.000000,11.819444444
1663.000000,15.421443871,36.298453378,58.028140782,6.000000,11.805555556
1663.500000,15.425892602,36.290393914,58.028887434,6.000000,11.791666667
1664.000000,15.430340768,36.282334346,58.029634129,6.000000,11.777777778
1664.500000,15.434788370,36.274274675,58.030380866,6.000000,11.763888889
1665.000000,15.439235408,36.266214900,58.031127647,6.000000,11.750000000
1665.500000,15.443681882,36.258155021,58.031874471,6.000000,11.736111111
1666.000000,15.448127791,36.250095038,58.032621338,6.000000,11.722222222
1666.500000,15.452573137,36.242034952,58.033368247,6.000000,11.708333333
1667.000000,15.457017918,36.233974762,58.034115200,6.000000,11.694444444
1667.500000,15.461462136,36.225914468,58.034862195,6.000000,11.680555556
1668.000000,15.465905789,36.217854071,58.035609234,6.000000,11.666666667
1668.500000,15.470348879,36.209793570,58.036356315,6.000000,11.652777778
1669.000000,15.474791405,36.201732964,58.037103439,6.000000,11.638888889
1669.500000,15.479233368,36.193672256,58.037850607,6.000000,11.625000000
1670.000000,15.483674767,36.185611443,58.038597817,6.000000,11.611111111
1670.500000,15.488115602,36.177550527,58.039345070,6.000000,11.597222222
1671.000000,15.492555874,36.169489507,58.040092366,6.000000,11.583333333
1671.500000,15.496995583,36.161428383,58.040839705,6.000000,11.569444444
1672.000000,15.501434728,36.153367155,58.041587087,6.000000,11.555555556
1672.500000,15.505873310,36.145305823,58.042334512,6.000000,11.541666667
1673.000000,15.510311329,36.137244388,58.043081979,6.000000,11.527777778
1673.500000,15.514748785,36.129182849,58.043829490,6.000000,11.513888889
1674.000000,15.519185678,36.121121206,58.044577044,6.000000,11.500000000
1674.500000,15.523622009,36.113059459,58.045324641,6.000000,11.486111111
1675.000000,15.528057776,36.104997608,58.046072280,6.000000,11.472222222
1675.500000,15.532492980,36.096935654,58.046819963,6.000000,11.458333333
1676.000000,15.536927622,36.088873596,58.047567688,6.000000,11.444444444
1676.500000,15.541361701,36.080811433,58.048315457,6.000000,11.430555556
1677.000000,15.545795218,36.072749167,58.049063268,6.000000,11.416666667
1677.500000,15.550228172,36.064686797,58.049811123,6.000000,11.402777778
1678.000000,15.554660564,36.056624324,58.050559020,6.000000,11.388888889
1678.500000,15.559092393,36.048561746,58.051306960,6.000000,11.375000000
1679.000000,15.563523660,36.040499065,58.052054944,6.000000,11.361111111
1679.500000,15.567954365,36.032436279,58.052802970,6.000000,11.347222222
1680.000000,15.572384508,36.024373390,58.053551039,6.000000,11.333333333
1680.500000,15.576814089,36.016310397,58.054299152,6.000000,11.319444444
1681.000000,15.581243108,36.008247300,58.055047307,6.000000,11.305555556
1681.500000,15.585671565,36.000184099,58.055795505,6.000000,11.291666667
1682.000000,15.590099460,35.992120794,58.056543746,6.000000,11.277777778
1682.500000,15.594526793,35.984057385,58.057292030,6.000000,11.263888889
1683.000000,15.598953565,35.975993872,58.058040358,6.000000,11.250000000
1683.500000,15.603379775,35.967930255,58.058788728,6.000000,11.236111111
1684.000000,15.607805423,35.959866535,58.059537141,6.000000,11.222222222
1684.500000,15.612230510,35.951802710,58.060285597,6.000000,11.208333333
1685.000000,15.616655036,35.943738781,58.061034096,6.000000,11.194444444
1685.500000,15.621079000,35.935674749,58.061782638,6.000000,11.180555556
1686.000000,15.625502403,35.927610612,58.062531223,6.000000,11.166666667
1686.500000,15.629925244,35.919546372,58.063279851,6.000000,11.152777778
1687.000000,15.634347525,35.911482028,58.064028522,6.000000,11.138888889
1687.500000,15.638769245,35.903417579,58.064777236,6.000000,11.125000000
1688.000000,15.643190403,35.895353027,58.065525993,6.000000,11.111111111
1688.500000,15.647611001,35.887288370,58.066274793,6.000000,11.097222222
1689.000000,15.652031038,35.879223610,58.067023636,6.000000,11.083333333
1689.500000,15.656450514,35.871158746,58.067772522,6.000000,11.069444444
1690.000000,15.660869429,35.863093777,58.068521452,6.000000,11.055555556
1690.500000,15.665287784,35.855028705,58.069270424,6.000000,11.041666667
1691.000000,15.669705579,35.846963528,58.070019439,6.000000,11.027777778
1691.500000,15.674122812,35.838898248,58.070768497,6.000000,11.013888889
1692.000000,15.678539486,35.830832863,58.071517598,6.000000,11.000000000
1692.500000,15.682955599,35.822767375,58.072266742,6.000000,10.986111111
1693.000000,15.687371152,35.814701782,58.073015929,6.000000,10.972222222
1693.500000,15.691786144,35.806636086,58.073765159,6.000000,10.958333333
1694.000000,15.696200577,35.798570285,58.074514432,6.000000,10.944444444
1694.500000,15.700614449,35.790504380,58.075263749,6.000000,10.930555556
1695.000000,15.705027762,35.782438371,58.076013108,6.000000,10.916666667
1695.500000,15.709440514,35.774372258,58.076762510,6.000000,10.902777778
1696.000000,15.713852707,35.766306041,58.077511955,6.000000,10.888888889
1696.500000,15.718264340,35.758239720,58.078261444,6.000000,10.875000000
1697.000000,15.722675414,35.750173295,58.079010975,6.000000,10.861111111
1697.500000,15.727085927,35.742106766,58.079760549,6.000000,10.847222222
1698.000000,15.731495881,35.734040132,58.080510167,6.000000,10.833333333
1698.500000,15.735905276,35.725973395,58.081259827,6.000000,10.819444444
1699.000000,15.740314112,35.717906553,58.082009530,6.000000,10.805555556
1699.500000,15.744722387,35.709839607,58.082759277,6.000000,10.791666667
1700.000000,15.749130104,35.701772557,58.083509066,6.000000,10.777777778
1700.500000,15.753537262,35.693705403,58.084258899,6.000000,10.763888889
1701.000000,15.757943860,35.685638145,58.085008774,6.000000,10.750000000
1701.500000,15.762349900,35.677570783,58.085758693,6.000000,10.736111111
1702.000000,15.766755380,35.669503316,58.086508655,6.000000,10.722222222
1702.500000,15.771160302,35.661435746,58.087258659,6.000000,10.708333333
1703.000000,15.775564664,35.653368071,58.088008707,6.000000,10.694444444
1703.500000,15.779968468,35.645300292,58.088758798,6.000000,10.680555556
1704.000000,15.784371713,35.637232409,58.089508932,6.000000,10.666666667
1704.500000,15.788774400,35.629164421,58.090259109,6.000000,10.652777778
1705.000000,15.793176528,35.621096330,58.091009329,6.000000,10.638888889
1705.500000,15.797578098,35.613028134,58.091759592,6.000000,10.625000000
1706.000000,15.801979109,35.604959834,58.092509898,6.000000,10.611111111
1706.500000,15.806379562,35.596891430,58.093260247,6.000000,10.597222222
1707.000000,15.810779456,35.588822922,58.094010639,6.000000,10.583333333
1707.500000,15.815178793,35.580754309,58.094761075,6.000000,10.569444444
1708.000000,15.819577571,35.572685592,58.095511553,6.000000,10.555555556
1708.500000,15.823975792,35.564616771,58.096262074,6.000000,10.541666667
1709.000000,15.828373454,35.556547846,58.097012639,6.000000,10.527777778
1709.500000,15.832770558,35.548478816,58.097763246,6.000000,10.513888889
1710.000000,15.837167105,35.540409683,58.098513897,6.000000,10.500000000
1710.500000,15.841563094,35.532340445,58.099264591,6.000000,10.486111111
1711.000000,15.845958525,35.524271102,58.100015327,6.000000,10.472222222
1711.500000,15.850353398,35.516201656,58.100766107,6.000000,10.458333333
1712.000000,15.854747714,35.508132105,58.101516930,6.000000,10.444444444
1712.500000,15.859141473,35.500062450,58.102267796,6.000000,10.430555556
1713.000000,15.863534674,35.491992690,58.103018705,6.000000,10.416666667
1713.500000,15.867927318,35.483922827,58.103769657,6.000000,10.402777778
1714.000000,15.872319404,35.475852859,58.104520652,6.000000,10.388888889
1714.500000,15.876710934,35.467782786,58.105271691,6.000000,10.375000000
1715.000000,15.881101906,35.459712610,58.106022772,6.000000,10.361111111
1715.500000,15.885492321,35.451642329,58.106773897,6.000000,10.347222222
1716.000000,15.889882179,35.443571943,58.107525064,6.000000,10.333333333
1716.500000,15.894271481,35.435501454,58.108276275,6.000000,10.319444444
1717.000000,15.898660225,35.427430860,58.109027529,6.000000,10.305555556
1717.500000,15.903048413,35.419360162,58.109778826,6.000000,10.291666667
1718.000000,15.907436044,35.411289359,58.110530166,6.000000,10.277777778
1718.500000,15.911823118,35.403218452,58.111281549,6.000000,10.263888889
1719.000000,15.916209636,35.395147441,58.112032975,6.000000,10.250000000
1719.500000,15.920595598,35.387076325,58.112784444,6.000000,10.236111111
1720.000000,15.924981003,35.379005105,58.113535956,6.000000,10.222222222
1720.500000,15.929365851,35.370933781,58.114287512,6.000000,10.208333333
1721.000000,15.933750144,35.362862352,58.115039110,6.000000,10.194444444
1721.500000,15.938133880,35.354790818,58.115790752,6.000000,10.180555556
1722.000000,15.942517060,35.346719181,58.116542437,6.000000,10.166666667
1722.500000,15.946899684,35.338647439,58.117294165,6.000000,10.152777778
1723.000000,15.951281752,35.330575592,58.118045936,6.000000,10.138888889
1723.500000,15.955663264,35.322503642,58.118797750,6.000000,10.125000000
1724.000000,15.960044220,35.314431586,58.119549607,6.000000,10.111111111
1724.500000,15.964424621,35.306359427,58.120301508,6.000000,10.097222222
1725.000000,15.968804466,35.298287163,58.121053451,6.000000,10.083333333
1725.500000,15.973183755,35.290214794,58.121805438,6.000000,10.069444444
1726.000000,15.977562489,35.282142321,58.122557468,6.000000,10.055555556
1726.500000,15.981940667,35.274069744,58.123309540,6.000000,10.041666667
1727.000000,15.986318290,35.265997062,58.124061656,6.000000,10.027777778
1727.500000,15.990695357,35.257924275,58.124813816,6.000000,10.013888889
1728.000000,15.995071869,35.249851385,58.125566018,6.000000,10.000000000
1728.500000,15.999447826,35.241778389,58.126318263,6.000000,9.986111111
1729.000000,16.003823228,35.233705290,58.127070552,6.000000,9.972222222
1729.500000,16.008198075,35.225632085,58.127822883,6.000000,9.958333333
1730.000000,16.012572367,35.217558777,58.128575258,6.000000,9.944444444
1730.500000,16.016946104,35.209485363,58.129327676,6.000000,9.930555556
1731.000000,16.021319286,35.201411846,58.130080137,6.000000,9.916666667
1731.500000,16.025691913,35.193338223,58.130832641,6.000000,9.902777778
1732.000000,16.030063986,35.185264497,58.131585189,6.000000,9.888888889
1732.500000,16.034435504,35.177190665,58.132337779,6.000000,9.875000000
1733.000000,16.038806467,35.169116730,58.133090413,6.000000,9.861111111
1733.500000,16.043176876,35.161042689,58.133843090,6.000000,9.847222222
1734.000000,16.047546730,35.152968544,58.134595810,6.000000,9.833333333
1734.500000,16.051916031,35.144894295,58.135348573,6.000000,9.819444444
1735.000000,16.056284777,35.136819941,58.136101379,6.000000,9.805555556
1735.500000,16.060652968,35.128745482,58.136854228,6.000000,9.791666667
1736.000000,16.065020606,35.120670919,58.137607121,6.000000,9.777777778
1736.500000,16.069387689,35.112596252,58.138360057,6.000000,9.763888889
1737.000000,16.073754219,35.104521480,58.139113036,6.000000,9.750000000
1737.500000,16.078120194,35.096446603,58.139866058,6.000000,9.736111111
1738.000000,16.082485616,35.088371621,58.140619123,6.000000,9.722222222
1738.500000,16.086850484,35.080296535,58.141372231,6.000000,9.708333333
1739.000000,16.091214798,35.072221345,58.142125383,6.000000,9.694444444
1739.500000,16.095578559,35.064146050,58.142878578,6.000000,9.680555556
1740.000000,16.099941766,35.056070650,58.143631816,6.000000,9.666666667
1740.500000,16.104304419,35.047995145,58.144385097,6.000000,9.652777778
1741.000000,16.108666519,35.039919536,58.145138421,6.000000,9.638888889
1741.500000,16.113028066,35.031843823,58.145891788,6.000000,9.625000000
1742.000000,16.117389060,35.023768004,58.146645199,6.000000,9.611111111
1742.500000,16.121749500,35.015692081,58.147398653,6.000000,9.597222222
1743.000000,16.126109387,35.007616054,58.148152150,6.000000,9.583333333
1743.500000,16.130468721,34.999539922,58.148905690,6.000000,9.569444444
1744.000000,16.134827502,34.991463685,58.149659273,6.000000,9.555555556
1744.500000,16.139185730,34.983387343,58.150412900,6.000000,9.541666667
1745.000000,16.143543405,34.975310897,58.151166569,6.000000,9.527777778
1745.500000,16.147900528,34.967234346,58.151920282,6.000000,9.513888889
1746.000000,16.152257098,34.959157690,58.152674038,6.000000,9.500000000
1746.500000,16.156613115,34.951080930,58.153427838,6.000000,9.486111111
1747.000000,16.160968579,34.943004065,58.154181680,6.000000,9.472222222
1747.500000,16.165323491,34.934927095,58.154935566,6.000000,9.458333333
1748.000000,16.169677851,34.926850021,58.155689494,6.000000,9.444444444
1748.500000,16.174031658,34.918772842,58.156443467,6.000000,9.430555556
1749.000000,16.178384913,34.910695558,58.157197482,6.000000,9.416666667
1749.500000,16.182737616,34.902618170,58.157951540,6.000000,9.402777778
1750.000000,16.187089766,34.894540676,58.158705642,6.000000,9.388888889
1750.500000,16.191441365,34.886463078,58.159459787,6.000000,9.375000000
1751.000000,16.195792411,34.878385376,58.160213975,6.000000,9.361111111
1751.500000,16.200142905,34.870307568,58.160968206,6.000000,9.347222222
1752.000000,16.204492848,34.862229656,58.161722481,6.000000,9.333333333
1752.500000,16.208842239,34.854151639,58.162476798,6.000000,9.319444444
1753.000000,16.213191078,34.846073517,58.163231159,6.000000,9.305555556
1753.500000,16.217539365,34.837995290,58.163985563,6.000000,9.291666667
1754.000000,16.221887101,34.829916959,58.164740011,6.000000,9.277777778
1754.500000,16.226234286,34.821838523,58.165494501,6.000000,9.263888889
1755.000000,16.230580919,34.813759982,58.166249035,6.000000,9.250000000
1755.500000,16.234927000,34.805681336,58.167003612,6.000000,9.236111111
1756.000000,16.239272530,34.797602586,58.167758232,6.000000,9.222222222
1756.500000,16.243617509,34.789523731,58.168512896,6.000000,9.208333333
1757.000000,16.247961937,34.781444770,58.169267603,6.000000,9.194444444
1757.500000,16.252305814,34.773365705,58.170022353,6.000000,9.180555556
1758.000000,16.256649139,34.765286536,58.170777146,6.000000,9.166666667
1758.500000,16.260991914,34.757207261,58.171531982,6.000000,9.152777778
1759.000000,16.265334138,34.749127882,58.172286862,6.000000,9.138888889
1759.500000,16.269675811,34.741048397,58.173041785,6.000000,9.125000000
1760.000000,16.274016933,34.732968808,58.173796751,6.000000,9.111111111
1760.500000,16.278357505,34.724889114,58.174551760,6.000000,9.097222222
1761.000000,16.282697526,34.716809315,58.175306813,6.000000,9.083333333
1761.500000,16.287036996,34.708729412,58.176061909,6.000000,9.069444444
1762.000000,16.291375916,34.700649403,58.176817048,6.000000,9.055555556
1762.500000,16.295714286,34.692569290,58.177572230,6.000000,9.041666667
1763.000000,16.300052105,34.684489071,58.178327456,6.000000,9.027777778
1763.500000,16.304389374,34.676408748,58.179082724,6.000000,9.013888889
1764.000000,16.308726093,34.668328320,58.179838036,6.000000,9.000000000
1764.500000,16.313062262,34.660247787,58.180593392,6.000000,8.986111111
1765.000000,16.317397880,34.652167149,58.181348790,6.000000,8.972222222
1765.500000,16.321732949,34.644086406,58.182104232,6.000000,8.958333333
1766.000000,16.326067468,34.636005558,58.182859717,6.000000,8.944444444
1766.500000,16.330401437,34.627924605,58.183615246,6.000000,8.930555556
1767.000000,16.334734856,34.619843548,58.184370817,6.000000,8.916666667
1767.500000,16.339067726,34.611762385,58.185126432,6.000000,8.902777778
1768.000000,16.343400046,34.603681118,58.185882090,6.000000,8.888888889
1768.500000,16.347731816,34.595599745,58.186637792,6.000000,8.875000000
1769.000000,16.352063037,34.587518268,58.187393536,6.000000,8.861111111
1769.500000,16.356393708,34.579436685,58.188149324,6.000000,8.847222222
1770.000000,16.360723831,34.571354998,58.188905156,6.000000,8.833333333
1770.500000,16.365053404,34.563273205,58.189661030,6.000000,8.819444444
1771.000000,16.369382427,34.555191308,58.190416948,6.000000,8.805555556
1771.500000,16.373710902,34.547109306,58.191172909,6.000000,8.791666667
1772.000000,16.378038827,34.539027198,58.191928913,6.000000,8.777777778
1772.500000,16.382366204,34.530944986,58.192684961,6.000000,8.763888889
1773.000000,16.386693031,34.522862669,58.193441052,6.000000,8.750000000
1773.500000,16.391019310,34.514780246,58.194197186,6.000000,8.736111111
1774.000000,16.395345040,34.506697719,58.194953363,6.000000,8.722222222
1774.500000,16.399670221,34.498615086,58.195709584,6.000000,8.708333333
1775.000000,16.403994854,34.490532349,58.196465848,6.000000,8.694444444
1775.500000,16.408318938,34.482449506,58.197222156,6.000000,8.680555556
1776.000000,16.412642474,34.474366559,58.197978506,6.000000,8.666666667
1776.500000,16.416965461,34.466283506,58.198734900,6.000000,8.652777778
1777.000000,16.421287900,34.458200349,58.199491337,6.000000,8.638888889
1777.500000,16.425609790,34.450117086,58.200247818,6.000000,8.625000000
1778.000000,16.429931133,34.442033718,58.201004342,6.000000,8.611111111
1778.500000,16.434251927,34.433950245,58.201760909,6.000000,8.597222222
1779.000000,16.438572173,34.425866668,58.202517519,6.000000,8.583333333
1779.500000,16.442891871,34.417782985,58.203274173,6.000000,8.569444444
1780.000000,16.447211021,34.409699196,58.204030870,6.000000,8.555555556
1780.500000,16.451529623,34.401615303,58.204787610,6.000000,8.541666667
1781.000000,16.455847678,34.393531305,58.205544394,6.000000,8.527777778
1781.500000,16.460165185,34.385447202,58.206301221,6.000000,8.513888889
1782.000000,16.464482144,34.377362993,58.207058091,6.000000,8.500000000
1782.500000,16.468798555,34.369278680,58.207815005,6.000000,8.486111111
1783.000000,16.473114419,34.361194261,58.208571962,6.000000,8.472222222
1783.500000,16.477429736,34.353109737,58.209328962,6.000000,8.458333333
1784.000000,16.481744505,34.345025108,58.210086005,6.000000,8.444444444
1784.500000,16.486058727,34.336940374,58.210843092,6.000000,8.430555556
1785.000000,16.490372401,34.328855534,58.211600223,6.000000,8.416666667
1785.500000,16.494685529,34.320770590,58.212357396,6.000000,8.402777778
1786.000000,16.498998109,34.312685540,58.213114613,6.000000,8.388888889
1786.500000,16.503310143,34.304600385,58.213871873,6.000000,8.375000000
1787.000000,16.507621629,34.296515125,58.214629177,6.000000,8.361111111
1787.500000,16.511932569,34.288429760,58.215386523,6.000000,8.347222222
1788.000000,16.516242961,34.280344290,58.216143914,6.000000,8.333333333
1788.500000,16.520552807,34.272258714,58.216901347,6.000000,8.319444444
1789.000000,16.524862106,34.264173034,58.217658824,6.000000,8.305555556
1789.500000,16.529170859,34.256087248,58.218416344,6.000000,8.291666667
1790.000000,16.533479065,34.248001357,58.219173908,6.000000,8.277777778
1790.500000,16.537786725,34.239915360,58.219931514,6.000000,8.263888889
1791.000000,16.542093838,34.231829259,58.220689165,6.000000,8.250000000
1791.500000,16.546400405,34.223743052,58.221446858,6.000000,8.236111111
1792.000000,16.550706426,34.215656740,58.222204595,6.000000,8.222222222
1792.500000,16.555011900,34.207570322,58.222962375,6.000000,8.208333333
1793.000000,16.559316829,34.199483800,58.223720199,6.000000,8.194444444
1793.500000,16.563621211,34.191397172,58.224478066,6.000000,8.180555556
1794.000000,16.567925047,34.183310439,58.225235976,6.000000,8.166666667
1794.500000,16.572228338,34.175223601,58.225993930,6.000000,8.152777778
1795.000000,16.576531083,34.167136657,58.226751927,6.000000,8.138888889
1795.500000,16.580833281,34.159049608,58.227509967,6.000000,8.125000000
1796.000000,16.585134935,34.150962454,58.228268051,6.000000,8.111111111
1796.500000,16.589436042,34.142875195,58.229026178,6.000000,8.097222222
1797.000000,16.593736604,34.134787830,58.229784348,6.000000,8.083333333
1797.500000,16.598036621,34.126700360,58.230542562,6.000000,8.069444444
1798.000000,16.602336092,34.118612784,58.231300819,6.000000,8.055555556
1798.500000,16.606635017,34.110525104,58.232059120,6.000000,8.041666667
1799.000000,16.610933398,34.102437318,58.232817464,6.000000,8.027777778
1799.500000,16.615231233,34.094349426,58.233575851,6.000000,8.013888889
1800.000000,16.619528523,34.086261430,58.234334282,6.000000,8.000000000
1800.500000,16.623825268,34.078173328,58.235092756,6.000000,7.986111111
1801.000000,16.628121468,34.070085120,58.235851273,6.000000,7.972222222
1801.500000,16.632417123,34.061996808,58.236609834,6.000000,7.958333333
1802.000000,16.636712233,34.053908390,58.237368439,6.000000,7.944444444
1802.500000,16.641006799,34.045819866,58.238127086,6.000000,7.930555556
1803.000000,16.645300819,34.037731238,58.238885777,6.000000,7.916666667
1803.500000,16.649594295,34.029642503,58.239644511,6.000000,7.902777778
1804.000000,16.653887227,34.021553664,58.240403289,6.000000,7.888888889
1804.500000,16.658179614,34.013464719,58.241162110,6.000000,7.875000000
1805.000000,16.662471456,34.005375669,58.241920975,6.000000,7.861111111
1805.500000,16.666762754,33.997286513,58.242679883,6.000000,7.847222222
1806.000000,16.671053508,33.989197252,58.243438834,6.000000,7.833333333
1806.500000,16.675343718,33.981107885,58.244197829,6.000000,7.819444444
1807.000000,16.679633383,33.973018414,58.244956867,6.000000,7.805555556
1807.500000,16.683922505,33.964928836,58.245715948,6.000000,7.791666667
1808.000000,16.688211082,33.956839153,58.246475073,6.000000,7.777777778
1808.500000,16.692499115,33.948749365,58.247234242,6.000000,7.763888889
1809.000000,16.696786605,33.940659472,58.247993453,6.000000,7.750000000
1809.500000,16.701073550,33.932569472,58.248752709,6.000000,7.736111111
1810.000000,16.705359952,33.924479368,58.249512007,6.000000,7.722222222
1810.500000,16.709645810,33.916389158,58.250271349,6.000000,7.708333333
1811.000000,16.713931125,33.908298842,58.251030734,6.000000,7.694444444
1811.500000,16.718215896,33.900208422,58.251790163,6.000000,7.680555556
1812.000000,16.722500124,33.892117895,58.252549635,6.000000,7.666666667
1812.500000,16.726783808,33.884027263,58.253309151,6.000000,7.652777778
1813.000000,16.731066949,33.875936526,58.254068710,6.000000,7.638888889
1813.500000,16.735349546,33.867845683,58.254828313,6.000000,7.625000000
1814.000000,16.739631601,33.859754735,58.255587958,6.000000,7.611111111
1814.500000,16.743913112,33.851663681,58.256347648,6.000000,7.597222222
1815.000000,16.748194080,33.843572521,58.257107380,6.000000,7.583333333
1815.500000,16.752474505,33.835481256,58.257867157,6.000000,7.569444444
1816.000000,16.756754388,33.827389886,58.258626976,6.000000,7.555555556
1816.500000,16.761033727,33.819298410,58.259386839,6.000000,7.541666667
1817.000000,16.765312524,33.811206829,58.260146746,6.000000,7.527777778
1817.500000,16.769590778,33.803115141,58.260906696,6.000000,7.513888889
1818.000000,16.773868489,33.795023349,58.261666689,6.000000,7.500000000
1818.500000,16.778145658,33.786931451,58.262426726,6.000000,7.486111111
1819.000000,16.782422284,33.778839447,58.263186806,6.000000,7.472222222
1819.500000,16.786698368,33.770747338,58.263946930,6.000000,7.458333333
1820.000000,16.790973910,33.762655123,58.264707097,6.000000,7.444444444
1820.500000,16.795248909,33.754562802,58.265467307,6.000000,7.430555556
1821.000000,16.799523366,33.746470376,58.266227561,6.000000,7.416666667
1821.500000,16.803797281,33.738377845,58.266987859,6.000000,7.402777778
1822.000000,16.808070653,33.730285208,58.267748200,6.000000,7.388888889
1822.500000,16.812343484,33.722192465,58.268508584,6.000000,7.375000000
1823.000000,16.816615773,33.714099616,58.269269012,6.000000,7.361111111
1823.500000,16.820887520,33.706006662,58.270029483,6.000000,7.347222222
1824.000000,16.825158725,33.697913603,58.270789998,6.000000,7.333333333
1824.500000,16.829429388,33.689820437,58.271550556,6.000000,7.319444444
1825.000000,16.833699510,33.681727167,58.272311157,6.000000,7.305555556
1825.500000,16.837969090,33.673633790,58.273071803,6.000000,7.291666667
1826.000000,16.842238129,33.665540308,58.273832491,6.000000,7.277777778
1826.500000,16.846506626,33.657446720,58.274593223,6.000000,7.263888889
1827.000000,16.850774582,33.649353026,58.275353999,6.000000,7.250000000
1827.500000,16.855041996,33.641259227,58.276114818,6.000000,7.236111111
1828.000000,16.859308869,33.633165322,58.276875680,6.000000,7.222222222
1828.500000,16.863575201,33.625071312,58.277636586,6.000000,7.208333333
1829.000000,16.867840992,33.616977196,58.278397535,6.000000,7.194444444
1829.500000,16.872106242,33.608882974,58.279158528,6.000000,7.180555556
1830.000000,16.876370951,33.600788646,58.279919565,6.000000,7.166666667
1830.500000,16.880635119,33.592694213,58.280680644,6.000000,7.152777778
1831.000000,16.884898746,33.584599674,58.281441768,6.000000,7.138888889
1831.500000,16.889161832,33.576505029,58.282202934,6.000000,7.125000000
1832.000000,16.893424378,33.568410279,58.282964145,6.000000,7.111111111
1832.500000,16.897686383,33.560315423,58.283725399,6.000000,7.097222222
1833.000000,16.901947847,33.552220461,58.284486696,6.000000,7.083333333
1833.500000,16.906208771,33.544125393,58.285248037,6.000000,7.069444444
1834.000000,16.910469155,33.536030220,58.286009421,6.000000,7.055555556
1834.500000,16.914728998,33.527934941,58.286770849,6.000000,7.041666667
1835.000000,16.918988301,33.519839556,58.287532320,6.000000,7.027777778
1835.500000,16.923247063,33.511744065,58.288293834,6.000000,7.013888889
1836.000000,16.927505286,33.503648469,44.360789293,6.000000,7.000000000
1836.500000,16.931947089,33.497487248,44.361212715,6.000000,6.990277778
1837.000000,16.936388414,33.491325969,44.361636158,6.000000,6.980555556
1837.500000,16.940829261,33.485164630,44.362059621,6.000000,6.970833333
1838.000000,16.945269631,33.479003233,44.362483105,6.000000,6.961111111
1838.500000,16.949709523,33.472841777,44.362906610,6.000000,6.951388889
1839.000000,16.954148938,33.466680263,44.363330135,6.000000,6.941666667
1839.500000,16.958587875,33.460518689,44.363753680,6.000000,6.931944444
1840.000000,16.963026334,33.454357056,44.364177246,6.000000,6.922222222
1840.500000,16.967464316,33.448195365,44.364600833,6.000000,6.912500000
1841.000000,16.971901821,33.442033615,44.365024440,6.000000,6.902777778
1841.500000,16.976338848,33.435871806,44.365448068,6.000000,6.893055556
1842.000000,16.980775398,33.429709938,44.365871716,6.000000,6.883333333
1842.500000,16.985211471,33.423548012,44.366295385,6.000000,6.873611111
1843.000000,16.989647066,33.417386026,44.366719074,6.000000,6.863888889
1843.500000,16.994082185,33.411223982,44.367142784,6.000000,6.854166667
1844.000000,16.998516826,33.405061879,44.367566515,6.000000,6.844444444
1844.500000,17.002950990,33.398899717,44.367990266,6.000000,6.834722222
1845.000000,17.007384678,33.392737496,44.368414037,6.000000,6.825000000
1845.500000,17.011817888,33.386575216,44.368837829,6.000000,6.815277778
1846.000000,17.016250622,33.380412878,44.369261642,6.000000,6.805555556
1846.500000,17.020682878,33.374250480,44.369685475,6.000000,6.795833333
1847.000000,17.025114658,33.368088024,44.370109329,6.000000,6.786111111
1847.500000,17.029545962,33.361925509,44.370533203,6.000000,6.776388889
1848.000000,17.033976788,33.355762935,44.370957098,6.000000,6.766666667
1848.500000,17.038407138,33.349600302,44.371381014,6.000000,6.756944444
1849.000000,17.042837012,33.343437610,44.371804950,6.000000,6.747222222
1849.500000,17.047266409,33.337274859,44.372228906,6.000000,6.737500000
1850.000000,17.051695329,33.331112050,44.372652883,6.000000,6.727777778
1850.500000,17.056123773,33.324949181,44.373076881,6.000000,6.718055556
1851.000000,17.060551741,33.318786254,44.373500899,6.000000,6.708333333
1851.500000,17.064979232,33.312623267,44.373924938,6.000000,6.698611111
1852.000000,17.069406247,33.306460222,44.374348998,6.000000,6.688888889
1852.500000,17.073832786,33.300297118,44.374773077,6.000000,6.679166667
1853.000000,17.078258849,33.294133955,44.375197178,6.000000,6.669444444
1853.500000,17.082684435,33.287970734,44.375621299,6.000000,6.659722222
1854.000000,17.087109546,33.281807453,44.376045441,6.000000,6.650000000
1854.500000,17.091534180,33.275644113,44.376469603,6.000000,6.640277778
1855.000000,17.095958339,33.269480715,44.376893785,6.000000,6.630555556
1855.500000,17.100382022,33.263317257,44.377317989,6.000000,6.620833333
1856.000000,17.104805229,33.257153741,44.377742213,6.000000,6.611111111
1856.500000,17.109227960,33.250990165,44.378166457,6.000000,6.601388889
1857.000000,17.113650215,33.244826531,44.378590722,6.000000,6.591666667
1857.500000,17.118071995,33.238662838,44.379015007,6.000000,6.581944444
1858.000000,17.122493299,33.232499086,44.379439313,6.000000,6.572222222
1858.500000,17.126914127,33.226335275,44.379863640,6.000000,6.562500000
1859.000000,17.131334480,33.220171405,44.380287987,6.000000,6.552777778
1859.500000,17.135754357,33.214007476,44.380712355,6.000000,6.543055556
1860.000000,17.140173759,33.207843488,44.381136743,6.000000,6.533333333
1860.500000,17.144592686,33.201679442,44.381561152,6.000000,6.523611111
1861.000000,17.149011137,33.195515336,44.381985582,6.000000,6.513888889
1861.500000,17.153429113,33.189351171,44.382410032,6.000000,6.504166667
1862.000000,17.157846614,33.183186948,44.382834502,6.000000,6.494444444
1862.500000,17.162263639,33.177022665,44.383258994,6.000000,6.484722222
1863.000000,17.166680190,33.170858323,44.383683505,6.000000,6.475000000
1863.500000,17.171096265,33.164693923,44.384108038,6.000000,6.465277778
1864.000000,17.175511865,33.158529464,44.384532590,6.000000,6.455555556
1864.500000,17.179926991,33.152364945,44.384957164,6.000000,6.445833333
1865.000000,17.184341641,33.146200368,44.385381758,6.000000,6.436111111
1865.500000,17.188755817,33.140035731,44.385806372,6.000000,6.426388889
1866.000000,17.193169517,33.133871036,44.386231007,6.000000,6.416666667
1866.500000,17.197582743,33.127706282,44.386655663,6.000000,6.406944444
1867.000000,17.201995495,33.121541468,44.387080339,6.000000,6.397222222
1867.500000,17.206407771,33.115376596,44.387505036,6.000000,6.387500000
1868.000000,17.210819573,33.109211665,44.387929754,6.000000,6.377777778
1868.500000,17.215230900,33.103046675,44.388354492,6.000000,6.368055556
1869.000000,17.219641753,33.096881625,44.388779250,6.000000,6.358333333
1869.500000,17.224052132,33.090716517,44.389204029,6.000000,6.348611111
1870.000000,17.228462036,33.084551350,44.389628829,6.000000,6.338888889
1870.500000,17.232871465,33.078386124,44.390053649,6.000000,6.329166667
1871.000000,17.237280421,33.072220839,44.390478490,6.000000,6.319444444
1871.500000,17.241688902,33.066055494,44.390903351,6.000000,6.309722222
1872.000000,17.246096909,33.059890091,44.391328233,6.000000,6.300000000
1872.500000,17.250504441,33.053724629,44.391753136,6.000000,6.290277778
1873.000000,17.254911500,33.047559108,44.392178059,6.000000,6.280555556
1873.500000,17.259318085,33.041393527,44.392603003,6.000000,6.270833333
1874.000000,17.263724195,33.035227888,44.393027967,6.000000,6.261111111
1874.500000,17.268129832,33.029062190,44.393452952,6.000000,6.251388889
1875.000000,17.272534994,33.022896432,44.393877957,6.000000,6.241666667
1875.500000,17.276939683,33.016730616,44.394302983,6.000000,6.231944444
1876.000000,17.281343898,33.010564740,44.394728030,6.000000,6.222222222
1876.500000,17.285747640,33.004398806,44.395153097,6.000000,6.212500000
1877.000000,17.290150907,32.998232813,44.395578184,6.000000,6.202777778
1877.500000,17.294553701,32.992066760,44.396003293,6.000000,6.193055556
1878.000000,17.298956021,32.985900648,44.396428422,6.000000,6.183333333
1878.500000,17.303357868,32.979734478,44.396853571,6.000000,6.173611111
1879.000000,17.307759242,32.973568248,44.397278741,6.000000,6.163888889
1879.500000,17.312160142,32.967401959,44.397703932,6.000000,6.154166667
1880.000000,17.316560568,32.961235612,44.398129143,6.000000,6.144444444
1880.500000,17.320960521,32.955069205,44.398554375,6.000000,6.134722222
1881.000000,17.325360001,32.948902739,44.398979627,6.000000,6.125000000
1881.500000,17.329759008,32.942736214,44.399404900,6.000000,6.115277778
1882.000000,17.334157541,32.936569630,44.399830193,6.000000,6.105555556
1882.500000,17.338555602,32.930402987,44.400255507,6.000000,6.095833333
1883.000000,17.342953189,32.924236285,44.400680842,6.000000,6.086111111
1883.500000,17.347350303,32.918069524,44.401106197,6.000000,6.076388889
1884.000000,17.351746944,32.911902703,44.401531573,6.000000,6.066666667
1884.500000,17.356143112,32.905735824,44.401956969,6.000000,6.056944444
1885.000000,17.360538808,32.899568885,44.402382386,6.000000,6.047222222
1885.500000,17.364934030,32.893401888,44.402807824,6.000000,6.037500000
1886.000000,17.369328780,32.887234831,44.403233282,6.000000,6.027777778
1886.500000,17.373723057,32.881067715,44.403658761,6.000000,6.018055556
1887.000000,17.378116862,32.874900541,44.404084260,6.000000,6.008333333
1887.500000,17.382510194,32.868733307,44.404509780,6.000000,5.998611111
1888.000000,17.386903053,32.862566014,44.404935320,6.000000,5.988888889
1888.500000,17.391295439,32.856398662,44.405360881,6.000000,5.979166667
1889.000000,17.395687354,32.850231250,44.405786463,6.000000,5.969444444
1889.500000,17.400078796,32.844063780,44.406212065,6.000000,5.959722222
1890.000000,17.404469765,32.837896250,44.406637688,6.000000,5.950000000
1890.500000,17.408860262,32.831728662,44.407063331,6.000000,5.940277778
1891.000000,17.413250287,32.825561014,44.407488995,6.000000,5.930555556
1891.500000,17.417639840,32.819393307,44.407914680,6.000000,5.920833333
1892.000000,17.422028920,32.813225542,44.408340385,6.000000,5.911111111
1892.500000,17.426417528,32.807057716,44.408766111,6.000000,5.901388889
1893.000000,17.430805665,32.800889832,44.409191857,6.000000,5.891666667
1893.500000,17.435193329,32.794721889,44.409617624,6.000000,5.881944444
1894.000000,17.439580521,32.788553887,44.410043412,6.000000,5.872222222
1894.500000,17.443967242,32.782385825,44.410469220,6.000000,5.862500000
1895.000000,17.448353490,32.776217704,44.410895048,6.000000,5.852777778
1895.500000,17.452739267,32.770049524,44.411320898,6.000000,5.843055556
1896.000000,17.457124572,32.763881285,44.411746767,6.000000,5.833333333
1896.500000,17.461509405,32.757712987,44.412172658,6.000000,5.823611111
1897.000000,17.465893767,32.751544630,44.412598569,6.000000,5.813888889
1897.500000,17.470277657,32.745376213,44.413024501,6.000000,5.804166667
1898.000000,17.474661075,32.739207738,44.413450453,6.000000,5.794444444
1898.500000,17.479044022,32.733039203,44.413876426,6.000000,5.784722222
1899.000000,17.483426498,32.726870609,44.414302419,6.000000,5.775000000
1899.500000,17.487808502,32.720701956,44.414728433,6.000000,5.765277778
1900.000000,17.492190034,32.714533244,44.415154468,6.000000,5.755555556
1900.500000,17.496571096,32.708364472,44.415580523,6.000000,5.745833333
1901.000000,17.500951686,32.702195642,44.416006598,6.000000,5.736111111
1901.500000,17.505331805,32.696026752,44.416432695,6.000000,5.726388889
1902.000000,17.509711453,32.689857803,44.416858812,6.000000,5.716666667
1902.500000,17.514090630,32.683688795,44.417284949,6.000000,5.706944444
1903.000000,17.518469335,32.677519727,44.417711108,6.000000,5.697222222
1903.500000,17.522847570,32.671350601,44.418137286,6.000000,5.687500000
1904.000000,17.527225334,32.665181415,44.418563486,6.000000,5.677777778
1904.500000,17.531602627,32.659012170,44.418989706,6.000000,5.668055556
1905.000000,17.535979449,32.652842866,44.419415946,6.000000,5.658333333
1905.500000,17.540355800,32.646673503,44.419842207,6.000000,5.648611111
1906.000000,17.544731680,32.640504080,44.420268489,6.000000,5.638888889
1906.500000,17.549107090,32.634334598,44.420694791,6.000000,5.629166667
1907.000000,17.553482029,32.628165057,44.421121114,6.000000,5.619444444
1907.500000,17.557856498,32.621995457,44.421547458,6.000000,5.609722222
1908.000000,17.562230496,32.615825798,44.421973822,6.000000,5.600000000
1908.500000,17.566604023,32.609656079,44.422400207,6.000000,5.590277778
1909.000000,17.570977080,32.603486301,44.422826612,6.000000,5.580555556
1909.500000,17.575349667,32.597316464,44.423253038,6.000000,5.570833333
1910.000000,17.579721784,32.591146568,44.423679484,6.000000,5.561111111
1910.500000,17.584093430,32.584976613,44.424105951,6.000000,5.551388889
1911.000000,17.588464605,32.578806598,44.424532439,6.000000,5.541666667
1911.500000,17.592835311,32.572636524,44.424958947,6.000000,5.531944444
1912.000000,17.597205547,32.566466391,44.425385476,6.000000,5.522222222
1912.500000,17.601575312,32.560296198,44.425812026,6.000000,5.512500000
1913.000000,17.605944608,32.554125947,44.426238596,6.000000,5.502777778
1913.500000,17.610313433,32.547955636,44.426665187,6.000000,5.493055556
1914.000000,17.614681788,32.541785266,44.427091798,6.000000,5.483333333
1914.500000,17.619049674,32.535614836,44.427518430,6.000000,5.473611111
1915.000000,17.623417090,32.529444348,44.427945083,6.000000,5.463888889
1915.500000,17.627784036,32.523273800,44.428371756,6.000000,5.454166667
1916.000000,17.632150512,32.517103192,44.428798449,6.000000,5.444444444
1916.500000,17.636516519,32.510932526,44.429225164,6.000000,5.434722222
1917.000000,17.640882056,32.504761800,44.429651899,6.000000,5.425000000
1917.500000,17.645247123,32.498591015,44.430078654,6.000000,5.415277778
1918.000000,17.649611721,32.492420171,44.430505431,6.000000,5.405555556
1918.500000,17.653975850,32.486249267,44.430932227,6.000000,5.395833333
1919.000000,17.658339509,32.480078305,44.431359045,6.000000,5.386111111
1919.500000,17.662702698,32.473907283,44.431785883,6.000000,5.376388889
1920.000000,17.667065418,32.467736201,44.432212741,6.000000,5.366666667
1920.500000,17.671427669,32.461565061,44.432639621,6.000000,5.356944444
1921.000000,17.675789451,32.455393861,44.433066520,6.000000,5.347222222
1921.500000,17.680150764,32.449222601,44.433493441,6.000000,5.337500000
1922.000000,17.684511607,32.443051283,44.433920382,6.000000,5.327777778
1922.500000,17.688871982,32.436879905,44.434347343,6.000000,5.318055556
1923.000000,17.693231887,32.430708468,44.434774326,6.000000,5.308333333
1923.500000,17.697591324,32.424536971,44.435201329,6.000000,5.298611111
1924.000000,17.701950291,32.418365416,44.435628352,6.000000,5.288888889
1924.500000,17.706308790,32.412193801,44.436055396,6.000000,5.279166667
1925.000000,17.710666820,32.406022126,44.436482461,6.000000,5.269444444
1925.500000,17.715024381,32.399850393,44.436909546,6.000000,5.259722222
1926.000000,17.719381473,32.393678600,44.437336652,6.000000,5.250000000
1926.500000,17.723738097,32.387506747,44.437763779,6.000000,5.240277778
1927.000000,17.728094252,32.381334836,44.438190926,6.000000,5.230555556
1927.500000,17.732449939,32.375162865,44.438618094,6.000000,5.220833333
1928.000000,17.736805157,32.368990834,44.439045282,6.000000,5.211111111
1928.500000,17.741159906,32.362818745,44.439472491,6.000000,5.201388889
1929.000000,17.745514187,32.356646596,44.439899720,6.000000,5.191666667
1929.500000,17.749868000,32.350474388,44.440326971,6.000000,5.181944444
1930.000000,17.754221345,32.344302120,44.440754242,6.000000,5.172222222
1930.500000,17.758574221,32.338129793,44.441181533,6.000000,5.162500000
1931.000000,17.762926629,32.331957407,44.441608845,6.000000,5.152777778
1931.500000,17.767278569,32.325784961,44.442036178,6.000000,5.143055556
1932.000000,17.771630040,32.319612456,44.442463531,6.000000,5.133333333
1932.500000,17.775981044,32.313439892,44.442890905,6.000000,5.123611111
1933.000000,17.780331580,32.307267268,44.443318299,6.000000,5.113888889
1933.500000,17.784681647,32.301094585,44.443745715,6.000000,5.104166667
1934.000000,17.789031247,32.294921842,44.444173150,6.000000,5.094444444
1934.500000,17.793380379,32.288749040,44.444600607,6.000000,5.084722222
1935.000000,17.797729043,32.282576179,44.445028084,6.000000,5.075000000
1935.500000,17.802077240,32.276403259,44.445455581,6.000000,5.065277778
1936.000000,17.806424968,32.270230279,44.445883100,6.000000,5.055555556
1936.500000,17.810772229,32.264057239,44.446310639,6.000000,5.045833333
1937.000000,17.815119023,32.257884141,44.446738198,6.000000,5.036111111
1937.500000,17.819465348,32.251710983,44.447165778,6.000000,5.026388889
1938.000000,17.823811207,32.245537765,44.447593379,6.000000,5.016666667
1938.500000,17.828156598,32.239364488,44.448021000,6.000000,5.006944444
1939.000000,17.832501521,32.233191152,44.448448642,6.000000,4.997222222
1939.500000,17.836845977,32.227017756,44.448876305,6.000000,4.987500000
1940.000000,17.841189966,32.220844301,44.449303988,6.000000,4.977777778
1940.500000,17.845533488,32.214670787,44.449731692,6.000000,4.968055556
1941.000000,17.849876542,32.208497213,44.450159416,6.000000,4.958333333
1941.500000,17.854219129,32.202323580,44.450587161,6.000000,4.948611111
1942.000000,17.858561250,32.196149887,44.451014927,6.000000,4.938888889
1942.500000,17.862902903,32.189976135,44.451442713,6.000000,4.929166667
1943.000000,17.867244089,32.183802324,44.451870520,6.000000,4.919444444
1943.500000,17.871584808,32.177628453,44.452298348,6.000000,4.909722222
1944.000000,17.875925060,32.171454522,44.452726196,6.000000,4.900000000
1944.500000,17.880264845,32.165280533,44.453154065,6.000000,4.890277778
1945.000000,17.884604164,32.159106483,44.453581955,6.000000,4.880555556
1945.500000,17.888943016,32.152932375,44.454009865,6.000000,4.870833333
1946.000000,17.893281401,32.146758207,44.454437795,6.000000,4.861111111
1946.500000,17.897619319,32.140583979,44.454865747,6.000000,4.851388889
1947.000000,17.901956771,32.134409692,44.455293719,6.000000,4.841666667
1947.500000,17.906293757,32.128235346,44.455721711,6.000000,4.831944444
1948.000000,17.910630276,32.122060940,44.456149725,6.000000,4.822222222
1948.500000,17.914966328,32.115886475,44.456577758,6.000000,4.812500000
1949.000000,17.919301914,32.109711950,44.457005813,6.000000,4.802777778
1949.500000,17.923637034,32.103537366,44.457433888,6.000000,4.793055556
1950.000000,17.927971687,32.097362723,44.457861984,6.000000,4.783333333
1950.500000,17.932305874,32.091188020,44.458290100,6.000000,4.773611111
1951.000000,17.936639595,32.085013257,44.458718237,6.000000,4.763888889
1951.500000,17.940972850,32.078838435,44.459146395,6.000000,4.754166667
1952.000000,17.945305639,32.072663554,44.459574573,6.000000,4.744444444
1952.500000,17.949637961,32.066488613,44.460002772,6.000000,4.734722222
1953.000000,17.953969818,32.060313612,44.460430992,6.000000,4.725000000
1953.500000,17.958301209,32.054138552,44.460859232,6.000000,4.715277778
1954.000000,17.962632133,32.047963433,44.461287493,6.000000,4.705555556
1954.500000,17.966962592,32.041788254,44.461715774,6.000000,4.695833333
1955.000000,17.971292585,32.035613016,44.462144076,6.000000,4.686111111
1955.500000,17.975622113,32.029437718,44.462572399,6.000000,4.676388889
1956.000000,17.979951175,32.023262361,44.463000742,6.000000,4.666666667
1956.500000,17.984279771,32.017086944,44.463429106,6.000000,4.656944444
1957.000000,17.988607901,32.010911468,44.463857491,6.000000,4.647222222
1957.500000,17.992935566,32.004735932,44.464285896,6.000000,4.637500000
1958.000000,17.997262766,31.998560337,44.464714322,6.000000,4.627777778
1958.500000,18.001589500,31.992384682,44.465142768,6.000000,4.618055556
1959.000000,18.005915768,31.986208968,44.465571236,6.000000,4.608333333
1959.500000,18.010241572,31.980033194,44.465999723,6.000000,4.598611111
1960.000000,18.014566910,31.973857361,44.466428232,6.000000,4.588888889
1960.500000,18.018891782,31.967681468,44.466856761,6.000000,4.579166667
1961.000000,18.023216190,31.961505516,44.467285311,6.000000,4.569444444
1961.500000,18.027540132,31.955329504,44.467713881,6.000000,4.559722222
1962.000000,18.031863610,31.949153432,44.468142472,6.000000,4.550000000
1962.500000,18.036186622,31.942977301,44.468571084,6.000000,4.540277778
1963.000000,18.040509169,31.936801111,44.468999716,6.000000,4.530555556
1963.500000,18.044831252,31.930624861,44.469428369,6.000000,4.520833333
1964.000000,18.049152869,31.924448552,44.469857042,6.000000,4.511111111
1964.500000,18.053474022,31.918272183,44.470285737,6.000000,4.501388889
1965.000000,18.057794710,31.912095754,44.470714451,6.000000,4.491666667
1965.500000,18.062114933,31.905919266,44.471143187,6.000000,4.481944444
1966.000000,18.066434691,31.899742718,44.471571943,6.000000,4.472222222
1966.500000,18.070753985,31.893566111,44.472000720,6.000000,4.462500000
1967.000000,18.075072814,31.887389444,44.472429517,6.000000,4.452777778
1967.500000,18.079391179,31.881212718,44.472858335,6.000000,4.443055556
1968.000000,18.083709079,31.875035932,44.473287174,6.000000,4.433333333
1968.500000,18.088026515,31.868859087,44.473716033,6.000000,4.423611111
1969.000000,18.092343486,31.862682182,44.474144913,6.000000,4.413888889
1969.500000,18.096659993,31.856505217,44.474573814,6.000000,4.404166667
1970.000000,18.100976036,31.850328193,44.475002735,6.000000,4.394444444
1970.500000,18.105291615,31.844151109,44.475431677,6.000000,4.384722222
1971.000000,18.109606729,31.837973966,44.475860640,6.000000,4.375000000
1971.500000,18.113921379,31.831796763,44.476289623,6.000000,4.365277778
1972.000000,18.118235565,31.825619501,44.476718627,6.000000,4.355555556
1972.500000,18.122549287,31.819442179,44.477147651,6.000000,4.345833333
1973.000000,18.126862545,31.813264797,44.477576697,6.000000,4.336111111
1973.500000,18.131175339,31.807087356,44.478005762,6.000000,4.326388889
1974.000000,18.135487669,31.800909855,44.478434849,6.000000,4.316666667
1974.500000,18.139799536,31.794732295,44.478863956,6.000000,4.306944444
1975.000000,18.144110938,31.788554675,44.479293084,6.000000,4.297222222
1975.500000,18.148421877,31.782376995,44.479722232,6.000000,4.287500000
1976.000000,18.152732353,31.776199256,44.480151401,6.000000,4.277777778
1976.500000,18.157042364,31.770021457,44.480580591,6.000000,4.268055556
1977.000000,18.161351912,31.763843599,44.481009801,6.000000,4.258333333
1977.500000,18.165660996,31.757665680,44.481439032,6.000000,4.248611111
1978.000000,18.169969617,31.751487703,44.481868284,6.000000,4.238888889
1978.500000,18.174277775,31.745309666,44.482297556,6.000000,4.229166667
1979.000000,18.178585469,31.739131569,44.482726849,6.000000,4.219444444
1979.500000,18.182892700,31.732953412,44.483156163,6.000000,4.209722222
1980.000000,18.187199467,31.726775196,44.483585497,6.000000,4.200000000
1980.500000,18.191505771,31.720596920,44.484014852,6.000000,4.190277778
1981.000000,18.195811612,31.714418585,44.484444228,6.000000,4.180555556
1981.500000,18.200116990,31.708240190,44.484873624,6.000000,4.170833333
1982.000000,18.204421905,31.702061735,44.485303041,6.000000,4.161111111
1982.500000,18.208726357,31.695883221,44.485732479,6.000000,4.151388889
1983.000000,18.213030346,31.689704647,44.486161937,6.000000,4.141666667
1983.500000,18.217333872,31.683526013,44.486591416,6.000000,4.131944444
1984.000000,18.221636935,31.677347320,44.487020915,6.000000,4.122222222
1984.500000,18.225939535,31.671168567,44.487450435,6.000000,4.112500000
1985.000000,18.230241672,31.664989755,44.487879976,6.000000,4.102777778
1985.500000,18.234543347,31.658810882,44.488309538,6.000000,4.093055556
1986.000000,18.238844559,31.652631950,44.488739120,6.000000,4.083333333
1986.500000,18.243145308,31.646452959,44.489168723,6.000000,4.073611111
1987.000000,18.247445594,31.640273908,44.489598346,6.000000,4.063888889
1987.500000,18.251745419,31.634094797,44.490027990,6.000000,4.054166667
1988.000000,18.256044780,31.627915626,44.490457655,6.000000,4.044444444
1988.500000,18.260343680,31.621736396,44.490887341,6.000000,4.034722222
1989.000000,18.264642116,31.615557106,44.491317047,6.000000,4.025000000
1989.500000,18.268940091,31.609377757,44.491746773,6.000000,4.015277778
1990.000000,18.273237603,31.603198347,44.492176521,6.000000,4.005555556
1990.500000,18.277534653,31.597018878,44.492606289,6.000000,3.995833333
1991.000000,18.281831241,31.590839350,44.493036078,6.000000,3.986111111
1991.500000,18.286127366,31.584659761,44.493465887,6.000000,3.976388889
1992.000000,18.290423030,31.578480113,44.493895717,6.000000,3.966666667
1992.500000,18.294718231,31.572300406,44.494325568,6.000000,3.956944444
1993.000000,18.299012971,31.566120638,44.494755439,6.000000,3.947222222
1993.500000,18.303307249,31.559940811,44.495185332,6.000000,3.937500000
1994.000000,18.307601064,31.553760924,44.495615244,6.000000,3.927777778
1994.500000,18.311894418,31.547580978,44.496045178,6.000000,3.918055556
1995.000000,18.316187310,31.541400971,44.496475132,6.000000,3.908333333
1995.500000,18.320479740,31.535220905,44.496905107,6.000000,3.898611111
1996.000000,18.324771709,31.529040780,44.497335102,6.000000,3.888888889
1996.500000,18.329063216,31.522860594,44.497765118,6.000000,3.879166667
1997.000000,18.333354261,31.516680349,44.498195155,6.000000,3.869444444
1997.500000,18.337644845,31.510500044,44.498625212,6.000000,3.859722222
1998.000000,18.341934968,31.504319680,44.499055290,6.000000,3.850000000
1998.500000,18.346224628,31.498139255,44.499485389,6.000000,3.840277778
1999.000000,18.350513828,31.491958771,44.499915508,6.000000,3.830555556
1999.500000,18.354802566,31.485778227,44.500345649,6.000000,3.820833333
2000.000000,18.359090843,31.479597624,44.500775809,6.000000,3.811111111
2000.500000,18.363378659,31.473416960,44.501205991,6.000000,3.801388889
2001.000000,18.367666013,31.467236237,44.501636193,6.000000,3.791666667
2001.500000,18.371952906,31.461055455,44.502066416,6.000000,3.781944444
2002.000000,18.376239339,31.454874612,44.502496659,6.000000,3.772222222
2002.500000,18.380525310,31.448693710,44.502926923,6.000000,3.762500000
2003.000000,18.384810820,31.442512748,44.503357208,6.000000,3.752777778
2003.500000,18.389095869,31.436331726,44.503787513,6.000000,3.743055556
2004.000000,18.393380457,31.430150644,44.504217839,6.000000,3.733333333
2004.500000,18.397664585,31.423969503,44.504648186,6.000000,3.723611111
2005.000000,18.401948252,31.417788302,44.505078554,6.000000,3.713888889
2005.500000,18.406231457,31.411607041,44.505508942,6.000000,3.704166667
2006.000000,18.410514203,31.405425720,44.505939351,6.000000,3.694444444
2006.500000,18.414796487,31.399244340,44.506369780,6.000000,3.684722222
2007.000000,18.419078311,31.393062899,44.506800230,6.000000,3.675000000
2007.500000,18.423359675,31.386881399,44.507230701,6.000000,3.665277778
2008.000000,18.427640578,31.380699839,44.507661193,6.000000,3.655555556
2008.500000,18.431921020,31.374518220,44.508091705,6.000000,3.645833333
2009.000000,18.436201002,31.368336540,44.508522238,6.000000,3.636111111
2009.500000,18.440480524,31.362154801,44.508952791,6.000000,3.626388889
2010.000000,18.444759585,31.355973002,44.509383366,6.000000,3.616666667
2010.500000,18.449038187,31.349791143,44.509813960,6.000000,3.606944444
2011.000000,18.453316328,31.343609225,44.510244576,6.000000,3.597222222
2011.500000,18.457594008,31.337427246,44.510675212,6.000000,3.587500000
2012.000000,18.461871229,31.331245208,44.511105869,6.000000,3.577777778
2012.500000,18.466147990,31.325063110,44.511536547,6.000000,3.568055556
2013.000000,18.470424291,31.318880952,44.511967245,6.000000,3.558333333
2013.500000,18.474700131,31.312698735,44.512397964,6.000000,3.548611111
2014.000000,18.478975512,31.306516457,44.512828704,6.000000,3.538888889
2014.500000,18.483250433,31.300334120,44.513259464,6.000000,3.529166667
2015.000000,18.487524894,31.294151723,44.513690245,6.000000,3.519444444
2015.500000,18.491798896,31.287969266,44.514121047,6.000000,3.509722222
2016.000000,18.496072437,31.281786749,44.514551869,6.000000,3.500000000
2016.500000,18.500345520,31.275604172,44.514982712,6.000000,3.490277778
2017.000000,18.504618142,31.269421536,44.515413576,6.000000,3.480555556
2017.500000,18.508890305,31.263238839,44.515844460,6.000000,3.470833333
2018.000000,18.513162008,31.257056083,44.516275366,6.000000,3.461111111
2018.500000,18.517433252,31.250873267,44.516706291,6.000000,3.451388889
2019.000000,18.521704037,31.244690391,44.517137238,6.000000,3.441666667
2019.500000,18.525974362,31.238507456,44.517568205,6.000000,3.431944444
2020.000000,18.530244228,31.232324460,44.517999193,6.000000,3.422222222
2020.500000,18.534513634,31.226141405,44.518430201,6.000000,3.412500000
2021.000000,18.538782582,31.219958289,44.518861231,6.000000,3.402777778
2021.500000,18.543051070,31.213775114,44.519292280,6.000000,3.393055556
2022.000000,18.547319099,31.207591879,44.519723351,6.000000,3.383333333
2022.500000,18.551586669,31.201408584,44.520154442,6.000000,3.373611111
2023.000000,18.555853780,31.195225229,44.520585554,6.000000,3.363888889
2023.500000,18.560120433,31.189041815,44.521016687,6.000000,3.354166667
2024.000000,18.564386626,31.182858340,44.521447840,6.000000,3.344444444
2024.500000,18.568652360,31.176674806,44.521879014,6.000000,3.334722222
2025.000000,18.572917636,31.170491211,44.522310209,6.000000,3.325000000
2025.500000,18.577182452,31.164307557,44.522741425,6.000000,3.315277778
2026.000000,18.581446810,31.158123843,44.523172661,6.000000,3.305555556
2026.500000,18.585710710,31.151940069,44.523603917,6.000000,3.295833333
2027.000000,18.589974151,31.145756235,44.524035195,6.000000,3.286111111
2027.500000,18.594237133,31.139572342,44.524466493,6.000000,3.276388889
2028.000000,18.598499656,31.133388388,44.524897812,6.000000,3.266666667
2028.500000,18.602761722,31.127204374,44.525329151,6.000000,3.256944444
2029.000000,18.607023328,31.121020301,44.525760512,6.000000,3.247222222
2029.500000,18.611284477,31.114836167,44.526191893,6.000000,3.237500000
2030.000000,18.615545167,31.108651974,44.526623294,6.000000,3.227777778
2030.500000,18.619805399,31.102467721,44.527054717,6.000000,3.218055556
2031.000000,18.624065173,31.096283408,44.527486160,6.000000,3.208333333
2031.500000,18.628324488,31.090099035,44.527917623,6.000000,3.198611111
2032.000000,18.632583345,31.083914602,44.528349108,6.000000,3.188888889
2032.500000,18.636841745,31.077730109,44.528780613,6.000000,3.179166667
2033.000000,18.641099686,31.071545556,44.529212139,6.000000,3.169444444
2033.500000,18.645357169,31.065360943,44.529643685,6.000000,3.159722222
2034.000000,18.649614194,31.059176270,44.530075252,6.000000,3.150000000
2034.500000,18.653870762,31.052991538,44.530506840,6.000000,3.140277778
2035.000000,18.658126872,31.046806745,44.530938449,6.000000,3.130555556
2035.500000,18.662382524,31.040621892,44.531370078,6.000000,3.120833333
2036.000000,18.666637718,31.034436980,44.531801728,6.000000,3.111111111
2036.500000,18.670892454,31.028252007,44.532233399,6.000000,3.101388889
2037.000000,18.675146733,31.022066975,44.532665090,6.000000,3.091666667
2037.500000,18.679400554,31.015881883,44.533096802,6.000000,3.081944444
2038.000000,18.683653918,31.009696730,44.533528535,6.000000,3.072222222
2038.500000,18.687906824,31.003511518,44.533960289,6.000000,3.062500000
2039.000000,18.692159273,30.997326246,44.534392063,6.000000,3.052777778
2039.500000,18.696411265,30.991140914,44.534823858,6.000000,3.043055556
2040.000000,18.700662799,30.984955521,44.535255673,6.000000,3.033333333
2040.500000,18.704913876,30.978770069,44.535687510,6.000000,3.023611111
2041.000000,18.709164495,30.972584557,44.536119367,6.000000,3.013888889
2041.500000,18.713414658,30.966398985,44.536551244,6.000000,3.004166667
2042.000000,18.717664363,30.960213353,44.536983143,6.000000,2.994444444
2042.500000,18.721913611,30.954027661,44.537415062,6.000000,2.984722222
2043.000000,18.726162402,30.947841909,44.537847002,6.000000,2.975000000
2043.500000,18.730410737,30.941656096,44.538278962,6.000000,2.965277778
2044.000000,18.734658614,30.935470224,44.538710943,6.000000,2.955555556
2044.500000,18.738906034,30.929284292,44.539142945,6.000000,2.945833333
2045.000000,18.743152998,30.923098300,44.539574968,6.000000,2.936111111
2045.500000,18.747399505,30.916912248,44.540007011,6.000000,2.926388889
2046.000000,18.751645555,30.910726136,44.540439075,6.000000,2.916666667
2046.500000,18.755891148,30.904539964,44.540871160,6.000000,2.906944444
2047.000000,18.760136285,30.898353732,44.541303265,6.000000,2.897222222
2047.500000,18.764380965,30.892167440,44.541735392,6.000000,2.887500000
2048.000000,18.768625188,30.885981088,44.542167538,6.000000,2.877777778
2048.500000,18.772868955,30.879794675,44.542599706,6.000000,2.868055556
2049.000000,18.777112266,30.873608203,44.543031894,6.000000,2.858333333
2049.500000,18.781355120,30.867421671,44.543464103,6.000000,2.848611111
2050.000000,18.785597518,30.861235079,44.543896333,6.000000,2.838888889
2050.500000,18.789839460,30.855048427,44.544328583,6.000000,2.829166667
2051.000000,18.794080945,30.848861714,44.544760855,6.000000,2.819444444
2051.500000,18.798321974,30.842674942,44.545193146,6.000000,2.809722222
2052.000000,18.802562547,30.836488110,44.545625459,6.000000,2.800000000
2052.500000,18.806802664,30.830301217,44.546057792,6.000000,2.790277778
2053.000000,18.811042325,30.824114265,44.546490146,6.000000,2.780555556
2053.500000,18.815281530,30.817927252,44.546922521,6.000000,2.770833333
2054.000000,18.819520279,30.811740180,44.547354916,6.000000,2.761111111
2054.500000,18.823758572,30.805553047,44.547787332,6.000000,2.751388889
2055.000000,18.827996409,30.799365854,44.548219769,6.000000,2.741666667
2055.500000,18.832233790,30.793178602,44.548652227,6.000000,2.731944444
2056.000000,18.836470716,30.786991289,44.549084705,6.000000,2.722222222
2056.500000,18.840707185,30.780803916,44.549517204,6.000000,2.712500000
2057.000000,18.844943200,30.774616483,44.549949724,6.000000,2.702777778
2057.500000,18.849178758,30.768428990,44.550382264,6.000000,2.693055556
2058.000000,18.853413861,30.762241437,44.550814825,6.000000,2.683333333
2058.500000,18.857648509,30.756053824,44.551247407,6.000000,2.673611111
2059.000000,18.861882701,30.749866150,44.551680009,6.000000,2.663888889
2059.500000,18.866116438,30.743678417,44.552112633,6.000000,2.654166667
2060.000000,18.870349719,30.737490624,44.552545277,6.000000,2.644444444
2060.500000,18.874582545,30.731302770,44.552977941,6.000000,2.634722222
2061.000000,18.878814916,30.725114856,44.553410627,6.000000,2.625000000
2061.500000,18.883046831,30.718926883,44.553843333,6.000000,2.615277778
2062.000000,18.887278292,30.712738849,44.554276060,6.000000,2.605555556
2062.500000,18.891509297,30.706550755,44.554708807,6.000000,2.595833333
2063.000000,18.895739847,30.700362601,44.555141576,6.000000,2.586111111
2063.500000,18.899969942,30.694174387,44.555574365,6.000000,2.576388889
2064.000000,18.904199582,30.687986113,44.556007174,6.000000,2.566666667
2064.500000,18.908428768,30.681797778,44.556440005,6.000000,2.556944444
2065.000000,18.912657498,30.675609384,44.556872856,6.000000,2.547222222
2065.500000,18.916885774,30.669420929,44.557305728,6.000000,2.537500000
2066.000000,18.921113594,30.663232415,44.557738620,6.000000,2.527777778
2066.500000,18.925340960,30.657043840,44.558171534,6.000000,2.518055556
2067.000000,18.929567872,30.650855205,44.558604468,6.000000,2.508333333
2067.500000,18.933794329,30.644666510,44.559037423,6.000000,2.498611111
2068.000000,18.938020331,30.638477755,44.559470398,6.000000,2.488888889
2068.500000,18.942245878,30.632288939,44.559903394,6.000000,2.479166667
2069.000000,18.946470972,30.626100064,44.560336411,6.000000,2.469444444
2069.500000,18.950695610,30.619911128,44.560769449,6.000000,2.459722222
2070.000000,18.954919795,30.613722133,44.561202507,6.000000,2.450000000
2070.500000,18.959143525,30.607533077,44.561635587,6.000000,2.440277778
2071.000000,18.963366801,30.601343961,44.562068686,6.000000,2.430555556
2071.500000,18.967589622,30.595154784,44.562501807,6.000000,2.420833333
2072.000000,18.971811990,30.588965548,44.562934948,6.000000,2.411111111
2072.500000,18.976033903,30.582776252,44.563368110,6.000000,2.401388889
2073.000000,18.980255362,30.576586895,44.563801293,6.000000,2.391666667
2073.500000,18.984476367,30.570397478,44.564234497,6.000000,2.381944444
2074.000000,18.988696918,30.564208001,44.564667721,6.000000,2.372222222
2074.500000,18.992917015,30.558018464,44.565100966,6.000000,2.362500000
2075.000000,18.997136659,30.551828866,44.565534232,6.000000,2.352777778
2075.500000,19.001355848,30.545639209,44.565967518,6.000000,2.343055556
2076.000000,19.005574584,30.539449491,44.566400825,6.000000,2.333333333
2076.500000,19.009792866,30.533259713,44.566834153,6.000000,2.323611111
2077.000000,19.014010694,30.527069875,44.567267502,6.000000,2.313888889
2077.500000,19.018228068,30.520879977,44.567700871,6.000000,2.304166667
2078.000000,19.022444989,30.514690019,44.568134261,6.000000,2.294444444
2078.500000,19.026661457,30.508500000,44.568567672,6.000000,2.284722222
2079.000000,19.030877471,30.502309921,44.569001103,6.000000,2.275000000
2079.500000,19.035093031,30.496119782,44.569434556,6.000000,2.265277778
2080.000000,19.039308138,30.489929583,44.569868029,6.000000,2.255555556
2080.500000,19.043522792,30.483739323,44.570301522,6.000000,2.245833333
2081.000000,19.047736992,30.477549004,44.570735037,6.000000,2.236111111
2081.500000,19.051950739,30.471358624,44.571168572,6.000000,2.226388889
2082.000000,19.056164033,30.465168184,44.571602128,6.000000,2.216666667
2082.500000,19.060376874,30.458977683,44.572035705,6.000000,2.206944444
2083.000000,19.064589262,30.452787123,44.572469302,6.000000,2.197222222
2083.500000,19.068801196,30.446596502,44.572902920,6.000000,2.187500000
2084.000000,19.073012678,30.440405821,44.573336559,6.000000,2.177777778
2084.500000,19.077223707,30.434215080,44.573770219,6.000000,2.168055556
2085.000000,19.081434282,30.428024279,44.574203899,6.000000,2.158333333
2085.500000,19.085644405,30.421833417,44.574637600,6.000000,2.148611111
2086.000000,19.089854075,30.415642495,44.575071322,6.000000,2.138888889
2086.500000,19.094063293,30.409451513,44.575505065,6.000000,2.129166667
2087.000000,19.098272057,30.403260471,44.575938828,6.000000,2.119444444
2087.500000,19.102480369,30.397069368,44.576372612,6.000000,2.109722222
2088.000000,19.106688229,30.390878205,44.576806417,6.000000,2.100000000
2088.500000,19.110895635,30.384686982,44.577240243,6.000000,2.090277778
2089.000000,19.115102589,30.378495699,44.577674089,6.000000,2.080555556
2089.500000,19.119309091,30.372304355,44.578107956,6.000000,2.070833333
2090.000000,19.123515140,30.366112951,44.578541844,6.000000,2.061111111
2090.500000,19.127720737,30.359921487,44.578975752,6.000000,2.051388889
2091.000000,19.131925882,30.353729963,44.579409682,6.000000,2.041666667
2091.500000,19.136130574,30.347538378,44.579843632,6.000000,2.031944444
2092.000000,19.140334814,30.341346733,44.580277602,6.000000,2.022222222
2092.500000,19.144538602,30.335155028,44.580711594,6.000000,2.012500000
2093.000000,19.148741938,30.328963262,44.581145606,6.000000,2.002777778
2093.500000,19.152944822,30.322771436,44.581579639,6.000000,1.993055556
2094.000000,19.157147253,30.316579550,44.582013693,6.000000,1.983333333
2094.500000,19.161349233,30.310387604,44.582447767,6.000000,1.973611111
2095.000000,19.165550761,30.304195597,44.582881863,6.000000,1.963888889
2095.500000,19.169751837,30.298003530,44.583315978,6.000000,1.954166667
2096.000000,19.173952461,30.291811403,44.583750115,6.000000,1.944444444
2096.500000,19.178152633,30.285619216,44.584184273,6.000000,1.934722222
2097.000000,19.182352354,30.279426968,44.584618451,6.000000,1.925000000
2097.500000,19.186551622,30.273234660,44.585052650,6.000000,1.915277778
2098.000000,19.190750439,30.267042291,44.585486870,6.000000,1.905555556
2098.500000,19.194948805,30.260849863,44.585921110,6.000000,1.895833333
2099.000000,19.199146719,30.254657374,44.586355371,6.000000,1.886111111
2099.500000,19.203344182,30.248464824,44.586789653,6.000000,1.876388889
2100.000000,19.207541193,30.242272215,44.587223956,6.000000,1.866666667
2100.500000,19.211737752,30.236079545,44.587658279,6.000000,1.856944444
2101.000000,19.215933861,30.229886814,44.588092624,6.000000,1.847222222
2101.500000,19.220129518,30.223694024,44.588526989,6.000000,1.837500000
2102.000000,19.224324723,30.217501173,44.588961374,6.000000,1.827777778
2102.500000,19.228519478,30.211308261,44.589395781,6.000000,1.818055556
2103.000000,19.232713781,30.205115290,44.589830208,6.000000,1.808333333
2103.500000,19.236907634,30.198922258,44.590264656,6.000000,1.798611111
2104.000000,19.241101035,30.192729165,44.590699125,6.000000,1.788888889
2104.500000,19.245293985,30.186536013,44.591133614,6.000000,1.779166667
2105.000000,19.249486484,30.180342800,44.591568124,6.000000,1.769444444
2105.500000,19.253678533,30.174149526,44.592002655,6.000000,1.759722222
2106.000000,19.257870130,30.167956193,44.592437207,6.000000,1.750000000
2106.500000,19.262061277,30.161762799,44.592871780,6.000000,1.740277778
2107.000000,19.266251973,30.155569344,44.593306373,6.000000,1.730555556
2107.500000,19.270442218,30.149375829,44.593740987,6.000000,1.720833333
2108.000000,19.274632012,30.143182254,44.594175622,6.000000,1.711111111
2108.500000,19.278821356,30.136988619,44.594610277,6.000000,1.701388889
2109.000000,19.283010249,30.130794923,44.595044954,6.000000,1.691666667
2109.500000,19.287198692,30.124601167,44.595479651,6.000000,1.681944444
2110.000000,19.291386684,30.118407350,44.595914369,6.000000,1.672222222
2110.500000,19.295574226,30.112213473,44.596349107,6.000000,1.662500000
2111.000000,19.299761318,30.106019536,44.596783866,6.000000,1.652777778
2111.500000,19.303947959,30.099825538,44.597218647,6.000000,1.643055556
2112.000000,19.308134150,30.093631480,44.597653447,6.000000,1.633333333
2112.500000,19.312319890,30.087437361,44.598088269,6.000000,1.623611111
2113.000000,19.316505181,30.081243182,44.598523111,6.000000,1.613888889
2113.500000,19.320690021,30.075048943,44.598957975,6.000000,1.604166667
2114.000000,19.324874411,30.068854643,44.599392858,6.000000,1.594444444
2114.500000,19.329058352,30.062660283,44.599827763,6.000000,1.584722222
2115.000000,19.333241842,30.056465863,44.600262689,6.000000,1.575000000
2115.500000,19.337424882,30.050271382,44.600697635,6.000000,1.565277778
2116.000000,19.341607472,30.044076840,44.601132602,6.000000,1.555555556
2116.500000,19.345789613,30.037882239,44.601567589,6.000000,1.545833333
2117.000000,19.349971304,30.031687576,44.602002598,6.000000,1.536111111
2117.500000,19.354152545,30.025492854,44.602437627,6.000000,1.526388889
2118.000000,19.358333336,30.019298071,44.602872677,6.000000,1.516666667
2118.500000,19.362513678,30.013103227,44.603307748,6.000000,1.506944444
2119.000000,19.366693570,30.006908324,44.603742840,6.000000,1.497222222
2119.500000,19.370873012,30.000713359,44.604177952,6.000000,1.487500000
2120.000000,19.375052005,29.994518335,44.604992516,6.000000,1.477777778
2120.500000,19.379230551,29.988323197,44.605856510,6.000000,1.468055556
2121.000000,19.383408651,29.982127939,44.606720561,6.000000,1.458333333
2121.500000,19.387586304,29.975932561,44.607584668,6.000000,1.448611111
2122.000000,19.391763511,29.969737063,44.608448830,6.000000,1.438888889
2122.500000,19.395940272,29.963541445,44.609313049,6.000000,1.429166667
2123.000000,19.400116586,29.957345707,44.610177323,6.000000,1.419444444
2123.500000,19.404292454,29.951149849,44.611041653,6.000000,1.409722222
2124.000000,19.408467876,29.944953871,44.611906040,6.000000,1.400000000
2124.500000,19.412642852,29.938757773,44.612770482,6.000000,1.390277778
2125.000000,19.416817381,29.932561555,44.613634980,6.000000,1.380555556
2125.500000,19.420991465,29.926365217,44.614499534,6.000000,1.370833333
2126.000000,19.425165103,29.920168759,44.615364145,6.000000,1.361111111
2126.500000,19.429338294,29.913972180,44.616228811,6.000000,1.351388889
2127.000000,19.433511040,29.907775482,44.617093533,6.000000,1.341666667
2127.500000,19.437683340,29.901578663,44.617958311,6.000000,1.331944444
2128.000000,19.441855194,29.895381725,44.618823145,6.000000,1.322222222
2128.500000,19.446026603,29.889184666,44.619688035,6.000000,1.312500000
2129.000000,19.450197565,29.882987487,44.620552982,6.000000,1.302777778
2129.500000,19.454368082,29.876790188,44.621417984,6.000000,1.293055556
2130.000000,19.458538154,29.870592769,44.622283042,6.000000,1.283333333
2130.500000,19.462707780,29.864395230,44.623148156,6.000000,1.273611111
2131.000000,19.466876960,29.858197570,44.624013327,6.000000,1.263888889
2131.500000,19.471045695,29.851999790,44.624878553,6.000000,1.254166667
2132.000000,19.475213984,29.845801891,44.625743835,6.000000,1.244444444
2132.500000,19.479381828,29.839603871,44.626609174,6.000000,1.234722222
2133.000000,19.483549227,29.833405731,44.627474568,6.000000,1.225000000
2133.500000,19.487716181,29.827207470,44.628340019,6.000000,1.215277778
2134.000000,19.491882689,29.821009090,44.629205525,6.000000,1.205555556
2134.500000,19.496048752,29.814810589,44.630071088,6.000000,1.195833333
2135.000000,19.500214370,29.808611968,44.630936707,6.000000,1.186111111
2135.500000,19.504379542,29.802413227,44.631802381,6.000000,1.176388889
2136.000000,19.508544270,29.796214365,44.632668112,6.000000,1.166666667
2136.500000,19.512708553,29.790015384,44.633533899,6.000000,1.156944444
2137.000000,19.516872391,29.783816282,44.634399742,6.000000,1.147222222
2137.500000,19.521035783,29.777617059,44.635265641,6.000000,1.137500000
2138.000000,19.525198731,29.771417717,44.636131597,6.000000,1.127777778
2138.500000,19.529361234,29.765218254,44.636997608,6.000000,1.118055556
2139.000000,19.533523293,29.759018671,44.637863675,6.000000,1.108333333
2139.500000,19.537684907,29.752818968,44.638729799,6.000000,1.098611111
2140.000000,19.541846075,29.746619144,44.639595979,6.000000,1.088888889
2140.500000,19.546006800,29.740419200,44.640462215,6.000000,1.079166667
2141.000000,19.550167080,29.734219136,44.641328507,6.000000,1.069444444
2141.500000,19.554326915,29.728018952,44.642194855,6.000000,1.059722222
2142.000000,19.558486306,29.721818647,44.643061259,6.000000,1.050000000
2142.500000,19.562645252,29.715618222,44.643927719,6.000000,1.040277778
2143.000000,19.566803754,29.709417676,44.644794236,6.000000,1.030555556
2143.500000,19.570961811,29.703217010,44.645660809,6.000000,1.020833333
2144.000000,19.575119424,29.697016224,44.646527438,6.000000,1.011111111
2144.500000,19.579276593,29.690815318,44.647394123,6.000000,1.001388889
2145.000000,19.583433318,29.684614291,44.648260864,6.000000,0.991666667
2145.500000,19.587589599,29.678413143,44.649127662,6.000000,0.981944444
2146.000000,19.591745435,29.672211876,44.649994515,6.000000,0.972222222
2146.500000,19.595900828,29.666010487,44.650861425,6.000000,0.962500000
2147.000000,19.600055776,29.659808979,44.651728391,6.000000,0.952777778
2147.500000,19.604210280,29.653607350,44.652595413,6.000000,0.943055556
2148.000000,19.608364341,29.647405601,44.653462492,6.000000,0.933333333
2148.500000,19.612517957,29.641203731,44.654329626,6.000000,0.923611111
2149.000000,19.616671130,29.635001741,44.655196817,6.000000,0.913888889
2149.500000,19.620823859,29.628799630,44.656064064,6.000000,0.904166667
2150.000000,19.624976144,29.622597399,44.656931368,6.000000,0.894444444
2150.500000,19.629127986,29.616395047,44.657798727,6.000000,0.884722222
2151.000000,19.633279384,29.610192575,44.658666143,6.000000,0.875000000
2151.500000,19.637430338,29.603989983,44.659533615,6.000000,0.865277778
2152.000000,19.641580849,29.597787270,44.660401144,6.000000,0.855555556
2152.500000,19.645730916,29.591584436,44.661268728,6.000000,0.845833333
2153.000000,19.649880540,29.585381482,44.662136369,6.000000,0.836111111
2153.500000,19.654029720,29.579178408,44.663004066,6.000000,0.826388889
2154.000000,19.658178457,29.572975213,44.663871819,6.000000,0.816666667
2154.500000,19.662326750,29.566771897,44.664739629,6.000000,0.806944444
2155.000000,19.666474601,29.560568461,44.665607495,6.000000,0.797222222
2155.500000,19.670622008,29.554364904,44.666475417,6.000000,0.787500000
2156.000000,19.674768972,29.548161227,44.667343396,6.000000,0.777777778
2156.500000,19.678915493,29.541957430,44.668211431,6.000000,0.768055556
2157.000000,19.683061570,29.535753511,44.669079522,6.000000,0.758333333
2157.500000,19.687207205,29.529549473,44.669947669,6.000000,0.748611111
2158.000000,19.691352396,29.523345313,44.670815873,6.000000,0.738888889
2158.500000,19.695497145,29.517141033,44.671684133,6.000000,0.729166667
2159.000000,19.699641451,29.510936633,44.672552450,6.000000,0.719444444
2159.500000,19.703785314,29.504732111,44.673420822,6.000000,0.709722222
2160.000000,19.707928734,29.498527470,44.674289251,6.000000,0.700000000
2160.500000,19.712071711,29.492322707,44.675157737,6.000000,0.690277778
2161.000000,19.716214246,29.486117824,44.676026279,6.000000,0.680555556
2161.500000,19.720356338,29.479912821,44.676894877,6.000000,0.670833333
2162.000000,19.724497987,29.473707696,44.677763531,6.000000,0.661111111
2162.500000,19.728639194,29.467502451,44.678632242,6.000000,0.651388889
2163.000000,19.732779958,29.461297086,44.679501009,6.000000,0.641666667
2163.500000,19.736920280,29.455091599,44.680369833,6.000000,0.631944444
2164.000000,19.741060159,29.448885993,44.681238713,6.000000,0.622222222
2164.500000,19.745199596,29.442680265,44.682107649,6.000000,0.612500000
2165.000000,19.749338590,29.436474417,44.682976642,6.000000,0.602777778
2165.500000,19.753477143,29.430268448,44.683845691,6.000000,0.593055556
2166.000000,19.757615253,29.424062358,44.684714796,6.000000,0.583333333
2166.500000,19.761752920,29.417856148,44.685583958,6.000000,0.573611111
2167.000000,19.765890146,29.411649817,44.686453177,6.000000,0.563888889
2167.500000,19.770026929,29.405443365,44.687322451,6.000000,0.554166667
2168.000000,19.774163271,29.399236792,44.688191783,6.000000,0.544444444
2168.500000,19.778299170,29.393030099,44.689061170,6.000000,0.534722222
2169.000000,19.782434628,29.386823285,44.689930614,6.000000,0.525000000
2169.500000,19.786569643,29.380616350,44.690800115,6.000000,0.515277778
2170.000000,19.790704217,29.374409294,44.691669672,6.000000,0.505555556
2170.500000,19.794838349,29.368202118,44.692539285,6.000000,0.495833333
2171.000000,19.798972039,29.361994821,44.693408955,6.000000,0.486111111
2171.500000,19.803105287,29.355787403,44.694278681,6.000000,0.476388889
2172.000000,19.807238093,29.349579864,44.695148464,6.000000,0.466666667
2172.500000,19.811370458,29.343372205,44.696018303,6.000000,0.456944444
2173.000000,19.815502381,29.337164424,44.696888199,6.000000,0.447222222
2173.500000,19.819633863,29.330956523,44.697758151,6.000000,0.437500000
2174.000000,19.823764903,29.324748501,44.698628160,6.000000,0.427777778
2174.500000,19.827895502,29.318540359,44.699498225,6.000000,0.418055556
2175.000000,19.832025659,29.312332095,44.700368347,6.000000,0.408333333
2175.500000,19.836155375,29.306123710,44.701238525,6.000000,0.398611111
2176.000000,19.840284650,29.299915205,44.702108759,6.000000,0.388888889
2176.500000,19.844413483,29.293706579,44.702979050,6.000000,0.379166667
2177.000000,19.848541875,29.287497832,44.703849398,6.000000,0.369444444
2177.500000,19.852669826,29.281288964,44.704719802,6.000000,0.359722222
2178.000000,19.856797336,29.275079975,44.705590263,6.000000,0.350000000
2178.500000,19.860924405,29.268870865,44.706460780,6.000000,0.340277778
2179.000000,19.865051033,29.262661635,44.707331354,6.000000,0.330555556
2179.500000,19.869177219,29.256452283,44.708201985,6.000000,0.320833333
2180.000000,19.873302965,29.250242810,44.709072671,6.000000,0.311111111
2180.500000,19.877428270,29.244033217,44.709943415,6.000000,0.301388889
2181.000000,19.881553134,29.237823503,44.710814215,6.000000,0.291666667
2181.500000,19.885677557,29.231613667,44.711685072,6.000000,0.281944444
2182.000000,19.889801539,29.225403711,44.712555985,6.000000,0.272222222
2182.500000,19.893925081,29.219193634,44.713426954,6.000000,0.262500000
2183.000000,19.898048181,29.212983436,44.714297981,6.000000,0.252777778
2183.500000,19.902170842,29.206773117,44.715169064,6.000000,0.243055556
2184.000000,19.906293061,29.200562676,44.716040203,6.000000,0.233333333
2184.500000,19.910414841,29.194352115,44.716911399,6.000000,0.223611111
2185.000000,19.914536179,29.188141433,44.717782652,6.000000,0.213888889
2185.500000,19.918657078,29.181930630,44.718653961,6.000000,0.204166667
2186.000000,19.922777535,29.175719706,44.719525327,6.000000,0.194444444
2186.500000,19.926897553,29.169508661,44.720396750,6.000000,0.184722222
2187.000000,19.931017130,29.163297494,44.721268229,6.000000,0.175000000
2187.500000,19.935136267,29.157086207,44.722139765,6.000000,0.165277778
2188.000000,19.939254964,29.150874799,44.723011357,6.000000,0.155555556
2188.500000,19.943373220,29.144663269,44.723883006,6.000000,0.145833333
2189.000000,19.947491037,29.138451619,44.724754712,6.000000,0.136111111
2189.500000,19.951608413,29.132239848,44.725626474,6.000000,0.126388889
2190.000000,19.955725349,29.126027955,44.726498293,6.000000,0.116666667
2190.500000,19.959841846,29.119815941,44.727370169,6.000000,0.106944444
2191.000000,19.963957902,29.113603807,44.728242101,6.000000,0.097222222
2191.500000,19.968073518,29.107391551,44.729114090,6.000000,0.087500000
2192.000000,19.972188695,29.101179174,44.729986136,6.000000,0.077777778
2192.500000,19.976303432,29.094966676,44.730858238,6.000000,0.068055556
2193.000000,19.980417729,29.088754057,44.731730397,6.000000,0.058333333
2193.500000,19.984531586,29.082541316,44.732602613,6.000000,0.048611111
2194.000000,19.988645004,29.076328455,44.733474885,6.000000,0.038888889
2194.500000,19.992757982,29.070115472,44.734347215,6.000000,0.029166667
2195.000000,19.996870521,29.063902368,44.735219600,6.000000,0.019444444
2195.500000,20.000982620,29.057689143,44.736094302,6.000000,0.009722222
2196.000000,20.005094280,29.051475797,44.736094302,6.000000,0.000000000
