case_id,rank,start_time_s,start_distance_km,T_end,SOC_end_pct,E_heat_kwh,charge_time_s,score
1,1,1355.5000,29.3865,22.999394,10.299585,3.704459,1031.3970,32.870787
1,2,1355.6000,29.3849,22.998456,10.300072,3.704292,1031.3998,32.867364
1,3,1355.7000,29.3834,22.997518,10.300560,3.704126,1031.4026,32.863943
1,4,1355.8000,29.3818,22.996579,10.301047,3.703959,1031.4054,32.860523
1,5,1355.9000,29.3803,22.995641,10.301534,3.703792,1031.4082,32.857099
1,6,1356.0000,29.3787,22.994703,10.302022,3.703626,1031.4110,32.853677
1,7,1355.4000,29.3880,23.000333,10.299097,3.704626,1031.4016,32.850368
1,8,1356.1000,29.3772,22.993764,10.302509,3.703459,1031.4139,32.850257
1,9,1356.2000,29.3756,22.992826,10.302997,3.703292,1031.4167,32.846838
1,10,1356.3000,29.3741,22.991887,10.303484,3.703126,1031.4195,32.843420
2,1,365.0000,35.8598,20.050205,16.565360,3.144616,933.4732,50.000000
2,2,364.9000,35.8611,20.051146,16.564896,3.144783,933.4739,49.991642
2,3,364.8000,35.8624,20.052087,16.564432,3.144949,933.4746,49.983283
2,4,364.7000,35.8637,20.053028,16.563968,3.145116,933.4752,49.974924
2,5,364.6000,35.8649,20.053969,16.563504,3.145283,933.4759,49.966567
2,6,364.5000,35.8662,20.054910,16.563040,3.145449,933.4766,49.958212
2,7,364.4000,35.8675,20.055851,16.562576,3.145616,933.4773,49.949858
2,8,364.3000,35.8688,20.056792,16.562112,3.145783,933.4780,49.941503
2,9,364.2000,35.8700,20.057732,16.561648,3.145949,933.4787,49.933149
2,10,364.1000,35.8713,20.058673,16.561184,3.146116,933.4793,49.924796
3,1,546.3000,35.2887,20.050086,14.276350,3.181544,983.2840,48.049774
3,2,546.2000,35.2894,20.051023,14.275882,3.181710,983.2835,48.046477
3,3,546.1000,35.2901,20.051959,14.275414,3.181877,983.2831,48.043180
3,4,546.0000,35.2908,20.052895,14.274945,3.182044,983.2826,48.039883
3,5,545.9000,35.2915,20.053831,14.274477,3.182210,983.2822,48.036586
3,6,545.8000,35.2922,20.054768,14.274009,3.182377,983.2817,48.033289
3,7,545.7000,35.2930,20.055704,14.273541,3.182544,983.2812,48.029992
3,8,545.6000,35.2937,20.056640,14.273072,3.182710,983.2808,48.026696
3,9,545.5000,35.2944,20.057576,14.272604,3.182877,983.2803,48.023400
3,10,545.4000,35.2951,20.058512,14.272136,3.183044,983.2799,48.020103
5,1,682.4000,32.0399,21.208228,10.050443,3.365087,1062.3806,30.000000
5,2,682.5000,32.0387,21.207281,10.050930,3.364921,1062.3836,29.991081
5,3,682.6000,32.0375,21.206334,10.051417,3.364754,1062.3867,29.982166
5,4,682.7000,32.0363,21.205387,10.051903,3.364587,1062.3897,29.973249
5,5,682.8000,32.0351,21.204440,10.052390,3.364421,1062.3927,29.964329
5,6,682.9000,32.0339,21.203493,10.052876,3.364254,1062.3957,29.955413
5,7,683.0000,32.0327,21.202547,10.053363,3.364087,1062.3988,29.946500
5,8,683.1000,32.0315,21.201600,10.053849,3.363921,1062.4018,29.937591
5,9,683.2000,32.0302,21.200653,10.054336,3.363754,1062.4048,29.928680
5,10,683.3000,32.0290,21.199706,10.054823,3.363587,1062.4079,29.919766
7,1,1710.1000,21.3587,21.280640,10.050022,3.356623,1061.3229,30.000000
7,2,1710.2000,21.3579,21.279640,10.050514,3.356456,1061.3267,29.991152
7,3,1710.3000,21.3572,21.278640,10.051005,3.356289,1061.3304,29.982307
7,4,1710.4000,21.3565,21.277640,10.051496,3.356123,1061.3341,29.973465
7,5,1710.5000,21.3558,21.276640,10.051987,3.355956,1061.3378,29.964623
7,6,1710.6000,21.3550,21.275640,10.052478,3.355789,1061.3415,29.955776
7,7,1710.7000,21.3543,21.274639,10.052969,3.355623,1061.3452,29.946932
7,8,1710.8000,21.3536,21.273639,10.053460,3.355456,1061.3490,29.938092
7,9,1710.9000,21.3528,21.272639,10.053951,3.355289,1061.3527,29.929255
7,10,1711.0000,21.3521,21.271639,10.054442,3.355123,1061.3564,29.920418
8,1,650.4000,30.9304,20.050153,17.590166,3.112552,911.6992,50.000000
8,2,650.3000,30.9319,20.051124,17.589702,3.112719,911.7002,49.995359
8,3,650.2000,30.9335,20.052094,17.589237,3.112886,911.7011,49.990719
8,4,650.1000,30.9350,20.053065,17.588773,3.113052,911.7021,49.986078
8,5,650.0000,30.9366,20.054035,17.588308,3.113219,911.7030,49.981437
8,6,649.9000,30.9382,20.055006,17.587843,3.113386,911.7040,49.976797
8,7,649.8000,30.9397,20.055976,17.587379,3.113552,911.7049,49.972157
8,8,649.7000,30.9413,20.056947,17.586914,3.113719,911.7059,49.967518
8,9,649.6000,30.9428,20.057917,17.586450,3.113886,911.7068,49.962878
8,10,649.5000,30.9444,20.058887,17.585985,3.114052,911.7078,49.958238
10,1,1779.0000,19.2727,20.470280,10.050149,3.240949,1073.3856,30.000000
10,2,1779.1000,19.2720,20.469258,10.050643,3.240782,1073.3895,29.974991
10,3,1779.2000,19.2713,20.468237,10.051137,3.240616,1073.3935,29.949990
10,4,1779.3000,19.2706,20.467215,10.051631,3.240449,1073.3974,29.924999
10,5,1779.4000,19.2699,20.466193,10.052125,3.240282,1073.4014,29.900015
10,6,1779.5000,19.2692,20.465171,10.052619,3.240116,1073.4053,29.875041
10,7,1779.6000,19.2684,20.464149,10.053113,3.239949,1073.4093,29.850043
10,8,1779.7000,19.2677,20.463127,10.053607,3.239782,1073.4132,29.825055
10,9,1779.8000,19.2670,20.462106,10.054101,3.239616,1073.4171,29.800077
10,10,1779.9000,19.2663,20.461084,10.054595,3.239449,1073.4211,29.775109
11,1,239.0000,37.5428,20.050659,17.211378,3.166446,919.7056,50.000000
11,2,238.9000,37.5434,20.051586,17.210918,3.166613,919.7067,49.975677
11,3,238.8000,37.5440,20.052512,17.210458,3.166779,919.7078,49.951361
11,4,238.7000,37.5446,20.053439,17.209998,3.166946,919.7089,49.927047
11,5,238.6000,37.5452,20.054366,17.209538,3.167113,919.7099,49.902740
11,6,238.5000,37.5458,20.055292,17.209078,3.167279,919.7110,49.878431
11,7,238.4000,37.5464,20.056219,17.208618,3.167446,919.7121,49.854122
11,8,238.3000,37.5470,20.057146,17.208158,3.167613,919.7131,49.829818
11,9,238.2000,37.5476,20.058072,17.207697,3.167779,919.7142,49.805520
11,10,238.1000,37.5483,20.058999,17.207237,3.167946,919.7153,49.781229
14,1,1897.7000,19.3636,20.334652,10.050258,3.239295,1075.4293,30.000000
14,2,1897.8000,19.3630,20.333633,10.050750,3.239129,1075.4332,29.963408
14,3,1897.9000,19.3624,20.332614,10.051243,3.238962,1075.4371,29.926829
14,4,1898.0000,19.3617,20.331596,10.051735,3.238795,1075.4411,29.890263
14,5,1898.1000,19.3611,20.330577,10.052227,3.238629,1075.4450,29.853707
14,6,1898.2000,19.3604,20.329558,10.052720,3.238462,1075.4489,29.817161
14,7,1898.3000,19.3598,20.328539,10.053212,3.238295,1075.4529,29.780589
14,8,1898.4000,19.3592,20.327520,10.053704,3.238129,1075.4568,29.744029
14,9,1898.5000,19.3585,20.326500,10.054197,3.237962,1075.4608,29.707483
14,10,1898.6000,19.3579,20.325481,10.054689,3.237795,1075.4647,29.670948
16,1,730.1000,31.9767,20.050367,14.019256,3.183213,988.9791,47.419808
16,2,730.0000,31.9780,20.051327,14.018782,3.183379,988.9783,47.416683
16,3,729.9000,31.9793,20.052287,14.018307,3.183546,988.9776,47.413559
16,4,729.8000,31.9806,20.053247,14.017832,3.183713,988.9768,47.410434
16,5,729.7000,31.9819,20.054206,14.017357,3.183879,988.9761,47.407309
16,6,729.6000,31.9832,20.055166,14.016883,3.184046,988.9754,47.404185
16,7,729.5000,31.9845,20.056126,14.016408,3.184213,988.9746,47.401061
16,8,729.4000,31.9857,20.057086,14.015933,3.184379,988.9739,47.397938
16,9,729.3000,31.9870,20.058046,14.015458,3.184546,988.9731,47.394813
16,10,729.2000,31.9883,20.059005,14.014984,3.184713,988.9724,47.391689
17,1,344.6000,35.8119,20.050544,17.259027,3.145247,918.6966,50.000000
17,2,344.5000,35.8132,20.051485,17.258565,3.145414,918.6976,49.988508
17,3,344.4000,35.8145,20.052425,17.258103,3.145581,918.6986,49.977017
17,4,344.3000,35.8158,20.053366,17.257642,3.145747,918.6996,49.965528
17,5,344.2000,35.8171,20.054307,17.257180,3.145914,918.7006,49.954042
17,6,344.1000,35.8184,20.055247,17.256719,3.146081,918.7016,49.942559
17,7,344.0000,35.8197,20.056188,17.256257,3.146247,918.7026,49.931073
17,8,343.9000,35.8210,20.057129,17.255795,3.146414,918.7036,49.919587
17,9,343.8000,35.8222,20.058069,17.255334,3.146581,918.7046,49.908104
17,10,343.7000,35.8235,20.059010,17.254872,3.146747,918.7056,49.896624
20,1,61.9000,38.5304,20.050716,17.881859,3.181149,905.5544,50.000000
20,2,61.8000,38.5311,20.051637,17.881402,3.181316,905.5558,49.917120
20,3,61.7000,38.5319,20.052557,17.880945,3.181482,905.5572,49.834231
20,4,61.6000,38.5327,20.053478,17.880488,3.181649,905.5586,49.751356
20,5,61.5000,38.5334,20.054398,17.880031,3.181816,905.5599,49.668496
20,6,61.4000,38.5342,20.055319,17.879574,3.181982,905.5613,49.585646
20,7,61.3000,38.5349,20.056240,17.879117,3.182149,905.5627,49.502797
20,8,61.2000,38.5357,20.057160,17.878660,3.182316,905.5641,49.419938
20,9,61.1000,38.5365,20.058081,17.878203,3.182482,905.5655,49.337095
20,10,61.0000,38.5372,20.059001,17.877746,3.182649,905.5669,49.254266
21,1,632.8000,33.0785,22.592637,10.050351,3.575123,1042.3463,30.000000
21,2,632.9000,33.0771,22.591714,10.050833,3.574957,1042.3491,29.995752
21,3,633.0000,33.0757,22.590790,10.051316,3.574790,1042.3520,29.991505
21,4,633.1000,33.0743,22.589866,10.051798,3.574623,1042.3548,29.987255
21,5,633.2000,33.0729,22.588943,10.052280,3.574457,1042.3577,29.983005
21,6,633.3000,33.0715,22.588019,10.052763,3.574290,1042.3606,29.978758
21,7,633.4000,33.0700,22.587095,10.053245,3.574123,1042.3634,29.974512
21,8,633.5000,33.0686,22.586172,10.053728,3.573957,1042.3663,29.970267
21,9,633.6000,33.0672,22.585248,10.054210,3.573790,1042.3691,29.966019
21,10,633.7000,33.0658,22.584324,10.054693,3.573623,1042.3720,29.961772
22,1,1596.5000,23.9058,20.050987,13.300209,3.202031,1005.0228,45.687842
22,2,1596.4000,23.9072,20.051990,13.299726,3.202198,1005.0213,45.685183
22,3,1596.3000,23.9086,20.052993,13.299243,3.202364,1005.0198,45.682523
22,4,1596.2000,23.9100,20.053996,13.298759,3.202531,1005.0182,45.679863
22,5,1596.1000,23.9114,20.054998,13.298276,3.202698,1005.0167,45.677203
22,6,1596.0000,23.9128,20.056001,13.297793,3.202864,1005.0152,45.674544
22,7,1595.9000,23.9142,20.057004,13.297310,3.203031,1005.0136,45.671885
22,8,1595.8000,23.9156,20.058006,13.296827,3.203198,1005.0121,45.669227
22,9,1595.7000,23.9170,20.059009,13.296343,3.203364,1005.0106,45.666567
22,10,1595.6000,23.9184,20.060012,13.295860,3.203531,1005.0090,45.663909
23,1,946.4000,30.6146,20.050850,16.285218,3.177898,939.4748,50.000000
23,2,946.3000,30.6159,20.051817,16.284750,3.178065,939.4751,49.995904
23,3,946.2000,30.6172,20.052784,16.284282,3.178231,939.4755,49.991807
23,4,946.1000,30.6184,20.053751,16.283814,3.178398,939.4758,49.987711
23,5,946.0000,30.6197,20.054718,16.283346,3.178565,939.4762,49.983614
23,6,945.9000,30.6210,20.055685,16.282878,3.178731,939.4766,49.979518
23,7,945.8000,30.6223,20.056651,16.282409,3.178898,939.4769,49.975423
23,8,945.7000,30.6235,20.057618,16.281941,3.179065,939.4773,49.971327
23,9,945.6000,30.6248,20.058585,16.281473,3.179231,939.4777,49.967231
23,10,945.5000,30.6261,20.059552,16.281005,3.179398,939.4780,49.963136
25,1,0.0000,39.0000,22.404418,13.509829,3.569134,972.4836,30.000000
25,2,0.1000,38.9994,22.403526,13.510297,3.568967,972.4842,29.990364
25,3,0.2000,38.9987,22.402634,13.510765,3.568800,972.4849,29.980721
25,4,0.3000,38.9981,22.401742,13.511233,3.568634,972.4855,29.971077
25,5,0.4000,38.9975,22.400850,13.511701,3.568467,972.4862,29.961445
25,6,0.5000,38.9968,22.399958,13.512169,3.568300,972.4868,29.951823
25,7,0.6000,38.9962,22.399065,13.512638,3.568134,972.4875,29.942209
25,8,0.7000,38.9956,22.398173,13.513106,3.567967,972.4881,29.932587
25,9,0.8000,38.9949,22.397281,13.513574,3.567800,972.4888,29.922966
25,10,0.9000,38.9943,22.396389,13.514042,3.567634,972.4894,29.913357
30,1,989.9000,28.6820,20.050425,12.279863,3.162969,1028.0999,42.601922
30,2,989.8000,28.6827,20.051397,12.279384,3.163136,1028.0980,42.599741
30,3,989.7000,28.6835,20.052369,12.278906,3.163303,1028.0960,42.597561
30,4,989.6000,28.6843,20.053342,12.278428,3.163469,1028.0941,42.595380
30,5,989.5000,28.6850,20.054314,12.277949,3.163636,1028.0921,42.593199
30,6,989.4000,28.6858,20.055287,12.277471,3.163803,1028.0902,42.591019
30,7,989.3000,28.6866,20.056259,12.276993,3.163969,1028.0882,42.588840
30,8,989.2000,28.6873,20.057231,12.276515,3.164136,1028.0863,42.586660
30,9,989.1000,28.6881,20.058204,12.276036,3.164303,1028.0843,42.584480
30,10,989.0000,28.6889,20.059176,12.275558,3.164469,1028.0824,42.582300
31,1,927.0000,29.1832,22.238076,10.050353,3.449421,1047.4054,30.000000
31,2,927.1000,29.1807,22.237117,10.050839,3.449254,1047.4087,29.995295
31,3,927.2000,29.1781,22.236159,10.051326,3.449087,1047.4119,29.990592
31,4,927.3000,29.1755,22.235200,10.051812,3.448921,1047.4152,29.985892
31,5,927.4000,29.1730,22.234242,10.052299,3.448754,1047.4184,29.981195
31,6,927.5000,29.1704,22.233283,10.052785,3.448587,1047.4217,29.976495
31,7,927.6000,29.1678,22.232325,10.053272,3.448421,1047.4249,29.971791
31,8,927.7000,29.1653,22.231366,10.053758,3.448254,1047.4282,29.967088
31,9,927.8000,29.1627,22.230408,10.054244,3.448087,1047.4314,29.962389
31,10,927.9000,29.1601,22.229449,10.054731,3.447921,1047.4347,29.957694
35,1,105.8000,38.3302,20.050771,18.379179,3.191399,895.1445,50.000000
35,2,105.7000,38.3309,20.051696,18.378720,3.191566,895.1461,49.950736
35,3,105.6000,38.3315,20.052621,18.378262,3.191733,895.1477,49.901467
35,4,105.5000,38.3321,20.053546,18.377804,3.191899,895.1493,49.852200
35,5,105.4000,38.3328,20.054471,18.377346,3.192066,895.1509,49.802935
35,6,105.3000,38.3334,20.055395,18.376888,3.192233,895.1526,49.753679
35,7,105.2000,38.3340,20.056320,18.376430,3.192399,895.1542,49.704432
35,8,105.1000,38.3347,20.057245,18.375972,3.192566,895.1558,49.655179
35,9,105.0000,38.3353,20.058170,18.375513,3.192733,895.1574,49.605931
35,10,104.9000,38.3359,20.059094,18.375055,3.192899,895.1590,49.556687
38,1,1540.2000,24.1075,22.074569,10.050244,3.545663,1049.7574,30.000000
38,2,1540.3000,24.1068,22.073596,10.050734,3.545496,1049.7608,29.994427
38,3,1540.4000,24.1060,22.072624,10.051225,3.545329,1049.7641,29.988855
38,4,1540.5000,24.1052,22.071651,10.051716,3.545163,1049.7675,29.983280
38,5,1540.6000,24.1045,22.070679,10.052206,3.544996,1049.7708,29.977707
38,6,1540.7000,24.1037,22.069707,10.052697,3.544829,1049.7742,29.972135
38,7,1540.8000,24.1029,22.068734,10.053188,3.544663,1049.7775,29.966565
38,8,1540.9000,24.1022,22.067762,10.053678,3.544496,1049.7809,29.960997
38,9,1541.0000,24.1014,22.066789,10.054169,3.544329,1049.7843,29.955425
38,10,1541.1000,24.1006,22.065817,10.054659,3.544163,1049.7876,29.949854
41,1,675.8000,34.3292,22.371512,10.050378,3.531272,1045.4951,30.000000
41,2,675.9000,34.3285,22.370596,10.050857,3.531106,1045.4979,29.995374
41,3,676.0000,34.3277,22.369679,10.051337,3.530939,1045.5008,29.990745
41,4,676.1000,34.3270,22.368763,10.051816,3.530772,1045.5036,29.986117
41,5,676.2000,34.3263,22.367846,10.052295,3.530606,1045.5064,29.981491
41,6,676.3000,34.3255,22.366930,10.052775,3.530439,1045.5092,29.976866
41,7,676.4000,34.3248,22.366013,10.053254,3.530272,1045.5120,29.972243
41,8,676.5000,34.3240,22.365097,10.053733,3.530106,1045.5148,29.967617
41,9,676.6000,34.3233,22.364180,10.054212,3.529939,1045.5176,29.962992
41,10,676.7000,34.3226,22.363263,10.054692,3.529772,1045.5204,29.958369
42,1,1470.2000,21.1914,22.999298,10.435021,3.636826,1028.5761,34.230457
42,2,1470.3000,21.1901,22.998314,10.435512,3.636659,1028.5794,34.229189
42,3,1470.4000,21.1887,22.997330,10.436004,3.636493,1028.5826,34.227921
42,4,1470.5000,21.1874,22.996347,10.436495,3.636326,1028.5859,34.226653
42,5,1470.6000,21.1861,22.995363,10.436987,3.636159,1028.5892,34.225387
42,6,1470.7000,21.1847,22.994379,10.437478,3.635993,1028.5924,34.224121
42,7,1470.8000,21.1834,22.993395,10.437970,3.635826,1028.5957,34.222855
42,8,1470.9000,21.1821,22.992411,10.438461,3.635659,1028.5990,34.221588
42,9,1471.0000,21.1807,22.991428,10.438953,3.635493,1028.6022,34.220321
42,10,1471.1000,21.1794,22.990444,10.439444,3.635326,1028.6055,34.219056
43,1,442.0000,35.1462,20.050634,14.882976,3.133246,969.9165,47.510148
43,2,441.9000,35.1477,20.051576,14.882511,3.133413,969.9162,47.505986
43,3,441.8000,35.1492,20.052518,14.882045,3.133580,969.9160,47.501825
43,4,441.7000,35.1507,20.053460,14.881580,3.133746,969.9158,47.497663
43,5,441.6000,35.1522,20.054402,14.881114,3.133913,969.9156,47.493502
43,6,441.5000,35.1536,20.055343,14.880649,3.134080,969.9153,47.489341
43,7,441.4000,35.1551,20.056285,14.880183,3.134246,969.9151,47.485180
43,8,441.3000,35.1566,20.057227,14.879718,3.134413,969.9149,47.481020
43,9,441.2000,35.1581,20.058168,14.879252,3.134580,969.9147,47.476860
43,10,441.1000,35.1596,20.059110,14.878787,3.134746,969.9144,47.472699
44,1,1381.6000,24.1313,22.727276,10.050251,3.639256,1040.4400,30.000000
44,2,1381.7000,24.1306,22.726312,10.050740,3.639090,1040.4433,29.995590
44,3,1381.8000,24.1300,22.725348,10.051228,3.638923,1040.4466,29.991181
44,4,1381.9000,24.1293,22.724383,10.051717,3.638756,1040.4499,29.986771
44,5,1382.0000,24.1287,22.723419,10.052205,3.638590,1040.4533,29.982361
44,6,1382.1000,24.1280,22.722454,10.052694,3.638423,1040.4566,29.977952
44,7,1382.2000,24.1274,22.721490,10.053183,3.638256,1040.4599,29.973545
44,8,1382.3000,24.1267,22.720526,10.053671,3.638090,1040.4632,29.969139
44,9,1382.4000,24.1261,22.719561,10.054160,3.637923,1040.4665,29.964730
44,10,1382.5000,24.1254,22.718597,10.054648,3.637756,1040.4698,29.960322
45,1,358.7000,35.7032,20.050814,16.838647,3.147934,927.6295,50.000000
45,2,358.6000,35.7046,20.051757,16.838184,3.148101,927.6303,49.990793
45,3,358.5000,35.7059,20.052699,16.837720,3.148268,927.6311,49.981587
45,4,358.4000,35.7073,20.053642,16.837257,3.148434,927.6319,49.972384
45,5,358.3000,35.7087,20.054585,16.836793,3.148601,927.6327,49.963179
45,6,358.2000,35.7100,20.055528,16.836329,3.148768,927.6335,49.953973
45,7,358.1000,35.7114,20.056470,16.835866,3.148934,927.6343,49.944769
45,8,358.0000,35.7128,20.057413,16.835402,3.149101,927.6351,49.935568
45,9,357.9000,35.7141,20.058356,16.834939,3.149268,927.6359,49.926368
45,10,357.8000,35.7155,20.059299,16.834475,3.149434,927.6367,49.917167
46,1,475.2000,34.5122,20.050706,13.878077,3.176164,992.1133,46.358051
46,2,475.1000,34.5135,20.051649,13.877605,3.176330,992.1126,46.354686
46,3,475.0000,34.5148,20.052593,13.877134,3.176497,992.1119,46.351320
46,4,474.9000,34.5162,20.053536,13.876663,3.176664,992.1112,46.347954
46,5,474.8000,34.5175,20.054479,13.876192,3.176830,992.1105,46.344589
46,6,474.7000,34.5189,20.055423,13.875721,3.176997,992.1098,46.341224
46,7,474.6000,34.5202,20.056366,13.875249,3.177164,992.1090,46.337859
46,8,474.5000,34.5216,20.057309,13.874778,3.177330,992.1083,46.334494
46,9,474.4000,34.5229,20.058253,13.874307,3.177497,992.1076,46.331129
46,10,474.3000,34.5242,20.059196,13.873836,3.177664,992.1069,46.327764
50,1,794.2000,30.7883,20.050950,12.448093,3.193841,1024.2654,44.470918
50,2,794.1000,30.7897,20.051912,12.447615,3.194007,1024.2637,44.468473
50,3,794.0000,30.7911,20.052873,12.447138,3.194174,1024.2620,44.466029
50,4,793.9000,30.7925,20.053835,12.446660,3.194341,1024.2603,44.463586
50,5,793.8000,30.7939,20.054796,12.446183,3.194507,1024.2586,44.461142
50,6,793.7000,30.7953,20.055758,12.445705,3.194674,1024.2569,44.458698
50,7,793.6000,30.7966,20.056719,12.445228,3.194841,1024.2552,44.456254
50,8,793.5000,30.7980,20.057680,12.444750,3.195007,1024.2535,44.453811
50,9,793.4000,30.7994,20.058642,12.444273,3.195174,1024.2517,44.451368
50,10,793.3000,30.8008,20.059603,12.443795,3.195341,1024.2500,44.448925
53,1,1735.2000,21.1117,21.285795,10.050071,3.360878,1061.2460,30.000000
53,2,1735.3000,21.1109,21.284793,10.050563,3.360711,1061.2497,29.991178
53,3,1735.4000,21.1102,21.283792,10.051054,3.360545,1061.2534,29.982360
53,4,1735.5000,21.1094,21.282790,10.051545,3.360378,1061.2572,29.973544
53,5,1735.6000,21.1086,21.281789,10.052037,3.360211,1061.2609,29.964721
53,6,1735.7000,21.1079,21.280787,10.052528,3.360045,1061.2646,29.955901
53,7,1735.8000,21.1071,21.279786,10.053019,3.359878,1061.2684,29.947083
53,8,1735.9000,21.1064,21.278784,10.053510,3.359711,1061.2721,29.938269
53,9,1736.0000,21.1056,21.277783,10.054002,3.359545,1061.2758,29.929458
53,10,1736.1000,21.1048,21.276781,10.054493,3.359378,1061.2796,29.920640
54,1,0.0000,39.0000,22.792938,11.810215,3.649877,1002.7838,30.000000
54,2,0.1000,38.9992,22.792050,11.810690,3.649711,1002.7853,29.994815
54,3,0.2000,38.9985,22.791161,11.811165,3.649544,1002.7868,29.989633
54,4,0.3000,38.9977,22.790273,11.811640,3.649377,1002.7883,29.984453
54,5,0.4000,38.9970,22.789384,11.812114,3.649211,1002.7897,29.979274
54,6,0.5000,38.9962,22.788496,11.812589,3.649044,1002.7912,29.974092
54,7,0.6000,38.9955,22.787607,11.813064,3.648877,1002.7927,29.968913
54,8,0.7000,38.9947,22.786719,11.813538,3.648711,1002.7941,29.963736
54,9,0.8000,38.9940,22.785830,11.814013,3.648544,1002.7956,29.958564
54,10,0.9000,38.9932,22.784942,11.814488,3.648377,1002.7971,29.953391
55,1,443.3000,34.9837,20.050078,14.102927,3.092394,987.1256,45.394447
55,2,443.2000,34.9850,20.051019,14.102462,3.092561,987.1249,45.391003
55,3,443.1000,34.9864,20.051960,14.101997,3.092728,987.1242,45.387560
55,4,443.0000,34.9878,20.052901,14.101532,3.092894,987.1235,45.384118
55,5,442.9000,34.9891,20.053842,14.101067,3.093061,987.1228,45.380676
55,6,442.8000,34.9905,20.054782,14.100603,3.093228,987.1222,45.377234
55,7,442.7000,34.9918,20.055723,14.100138,3.093394,987.1215,45.373791
55,8,442.6000,34.9932,20.056664,14.099673,3.093561,987.1208,45.370350
55,9,442.5000,34.9946,20.057605,14.099208,3.093728,987.1201,45.366909
55,10,442.4000,34.9959,20.058546,14.098743,3.093894,987.1194,45.363468
56,1,347.5000,36.1760,20.050522,16.949677,3.143834,925.2670,50.000000
56,2,347.4000,36.1775,20.051461,16.949216,3.144000,925.2679,49.989266
56,3,347.3000,36.1789,20.052399,16.948755,3.144167,925.2687,49.978535
56,4,347.2000,36.1804,20.053337,16.948294,3.144334,925.2696,49.967808
56,5,347.1000,36.1819,20.054275,16.947833,3.144500,925.2704,49.957082
56,6,347.0000,36.1833,20.055213,16.947372,3.144667,925.2713,49.946359
56,7,346.9000,36.1848,20.056152,16.946911,3.144834,925.2721,49.935630
56,8,346.8000,36.1862,20.057090,16.946450,3.145000,925.2730,49.924904
56,9,346.7000,36.1877,20.058028,16.945989,3.145167,925.2738,49.914181
56,10,346.6000,36.1892,20.058966,16.945528,3.145334,925.2747,49.903461
57,1,0.0000,39.0000,20.821381,11.236989,3.278706,1041.2583,30.000000
57,2,0.1000,38.9994,20.820476,11.237460,3.278539,1041.2603,29.987040
57,3,0.2000,38.9987,20.819572,11.237930,3.278373,1041.2623,29.974087
57,4,0.3000,38.9981,20.818667,11.238401,3.278206,1041.2642,29.961143
57,5,0.4000,38.9974,20.817762,11.238871,3.278039,1041.2662,29.948208
57,6,0.5000,38.9968,20.816857,11.239342,3.277873,1041.2682,29.935268
57,7,0.6000,38.9961,20.815952,11.239812,3.277706,1041.2701,29.922323
57,8,0.7000,38.9955,20.815048,11.240282,3.277539,1041.2721,29.909380
57,9,0.8000,38.9948,20.814143,11.240753,3.277373,1041.2740,29.896443
57,10,0.9000,38.9942,20.813238,11.241223,3.277206,1041.2760,29.883514
58,1,1542.4000,20.1719,20.050675,14.921370,3.192556,969.0743,47.352078
58,2,1542.3000,20.1734,20.051698,14.920888,3.192723,969.0736,47.348763
58,3,1542.2000,20.1749,20.052721,14.920407,3.192890,969.0728,47.345448
58,4,1542.1000,20.1764,20.053744,14.919926,3.193056,969.0721,47.342133
58,5,1542.0000,20.1778,20.054767,14.919444,3.193223,969.0713,47.338819
58,6,1541.9000,20.1793,20.055790,14.918963,3.193390,969.0706,47.335505
58,7,1541.8000,20.1808,20.056813,14.918482,3.193556,969.0698,47.332191
58,8,1541.7000,20.1823,20.057836,14.918000,3.193723,969.0691,47.328877
58,9,1541.6000,20.1837,20.058859,14.917519,3.193890,969.0683,47.325563
58,10,1541.5000,20.1852,20.059882,14.917038,3.194056,969.0676,47.322250
59,1,814.4000,30.8761,20.050839,17.574126,3.226061,912.0313,50.000000
59,2,814.3000,30.8774,20.051803,17.573657,3.226227,912.0324,49.995269
59,3,814.2000,30.8787,20.052767,17.573189,3.226394,912.0335,49.990539
59,4,814.1000,30.8800,20.053731,17.572721,3.226561,912.0346,49.985808
59,5,814.0000,30.8813,20.054696,17.572253,3.226727,912.0357,49.981077
59,6,813.9000,30.8826,20.055660,17.571784,3.226894,912.0367,49.976347
59,7,813.8000,30.8839,20.056624,17.571316,3.227061,912.0378,49.971617
59,8,813.7000,30.8852,20.057588,17.570848,3.227227,912.0389,49.966887
59,9,813.6000,30.8865,20.058552,17.570379,3.227394,912.0400,49.962157
59,10,813.5000,30.8878,20.059516,17.569911,3.227561,912.0411,49.957427
60,1,882.7000,28.9100,21.342179,10.050347,3.360542,1060.4105,30.000000
60,2,882.8000,28.9092,21.341221,10.050832,3.360376,1060.4137,29.991815
60,3,882.9000,28.9085,21.340263,10.051317,3.360209,1060.4170,29.983633
60,4,883.0000,28.9077,21.339304,10.051802,3.360042,1060.4202,29.975456
60,5,883.1000,28.9070,21.338346,10.052287,3.359876,1060.4235,29.967282
60,6,883.2000,28.9062,21.337388,10.052772,3.359709,1060.4267,29.959101
60,7,883.3000,28.9054,21.336429,10.053257,3.359542,1060.4299,29.950922
60,8,883.4000,28.9047,21.335471,10.053742,3.359376,1060.4332,29.942746
60,9,883.5000,28.9039,21.334512,10.054227,3.359209,1060.4364,29.934574
60,10,883.6000,28.9032,21.333554,10.054712,3.359042,1060.4397,29.926405
61,1,115.5000,38.1334,20.050886,16.676933,3.169693,931.0804,50.000000
61,2,115.4000,38.1341,20.051810,16.676473,3.169859,931.0812,49.952769
61,3,115.3000,38.1349,20.052733,16.676013,3.170026,931.0821,49.905554
61,4,115.2000,38.1356,20.053657,16.675553,3.170193,931.0829,49.858355
61,5,115.1000,38.1364,20.054580,16.675093,3.170359,931.0837,49.811169
61,6,115.0000,38.1371,20.055504,16.674633,3.170526,931.0846,49.763965
61,7,114.9000,38.1379,20.056427,16.674173,3.170693,931.0854,49.716773
61,8,114.8000,38.1386,20.057351,16.673713,3.170859,931.0862,49.669596
61,9,114.7000,38.1394,20.058274,16.673253,3.171026,931.0870,49.622434
61,10,114.6000,38.1401,20.059198,16.672793,3.171193,931.0879,49.575286
62,1,121.2000,38.2762,22.999498,10.242653,3.661728,1032.5832,32.207578
62,2,121.3000,38.2756,22.998609,10.243130,3.661562,1032.5856,32.203018
62,3,121.4000,38.2750,22.997719,10.243608,3.661395,1032.5880,32.198460
62,4,121.5000,38.2744,22.996830,10.244085,3.661228,1032.5903,32.193904
62,5,121.6000,38.2738,22.995941,10.244563,3.661062,1032.5927,32.189348
62,6,121.7000,38.2732,22.995051,10.245041,3.660895,1032.5951,32.184788
62,7,121.8000,38.2726,22.994161,10.245518,3.660728,1032.5975,32.180230
62,8,121.9000,38.2720,22.993272,10.245996,3.660562,1032.5999,32.175675
62,9,121.1000,38.2768,23.000388,10.242175,3.661895,1032.5895,32.175446
62,10,122.0000,38.2714,22.992382,10.246473,3.660395,1032.6022,32.171120
63,1,936.3000,29.2805,20.050710,12.879938,3.202922,1014.4866,45.778581
63,2,936.2000,29.2819,20.051686,12.879456,3.203088,1014.4851,45.775966
63,3,936.1000,29.2832,20.052663,12.878973,3.203255,1014.4836,45.773351
63,4,936.0000,29.2845,20.053640,12.878491,3.203422,1014.4820,45.770735
63,5,935.9000,29.2859,20.054617,12.878008,3.203588,1014.4805,45.768120
63,6,935.8000,29.2872,20.055593,12.877526,3.203755,1014.4790,45.765506
63,7,935.7000,29.2885,20.056570,12.877043,3.203922,1014.4775,45.762891
63,8,935.6000,29.2899,20.057547,12.876561,3.204088,1014.4760,45.760277
63,9,935.5000,29.2912,20.058523,12.876078,3.204255,1014.4745,45.757662
63,10,935.4000,29.2925,20.059500,12.875596,3.204422,1014.4730,45.755047
65,1,984.8000,29.0010,21.372670,10.050131,3.429361,1059.9674,30.000000
65,2,984.9000,29.0003,21.371717,10.050617,3.429195,1059.9705,29.991946
65,3,985.0000,28.9997,21.370763,10.051103,3.429028,1059.9737,29.983896
65,4,985.1000,28.9990,21.369810,10.051590,3.428861,1059.9768,29.975848
65,5,985.2000,28.9984,21.368856,10.052076,3.428695,1059.9800,29.967793
65,6,985.3000,28.9977,21.367903,10.052563,3.428528,1059.9831,29.959742
65,7,985.4000,28.9971,21.366949,10.053049,3.428361,1059.9863,29.951694
65,8,985.5000,28.9965,21.365996,10.053536,3.428195,1059.9894,29.943649
65,9,985.6000,28.9958,21.365042,10.054022,3.428028,1059.9925,29.935607
65,10,985.7000,28.9952,21.364088,10.054508,3.427861,1059.9957,29.927558
66,1,425.0000,35.2955,20.050105,14.906139,3.128998,969.4145,47.207369
66,2,424.9000,35.2970,20.051048,14.905672,3.129165,969.4143,47.203047
66,3,424.8000,35.2986,20.051991,14.905206,3.129331,969.4141,47.198726
66,4,424.7000,35.3002,20.052933,14.904740,3.129498,969.4139,47.194406
66,5,424.6000,35.3017,20.053876,14.904273,3.129665,969.4137,47.190086
66,6,424.5000,35.3033,20.054819,14.903807,3.129831,969.4135,47.185767
66,7,424.4000,35.3048,20.055761,14.903341,3.129998,969.4133,47.181447
66,8,424.3000,35.3064,20.056704,14.902874,3.130165,969.4131,47.177127
66,9,424.2000,35.3079,20.057647,14.902408,3.130331,969.4129,47.172809
66,10,424.1000,35.3095,20.058589,14.901942,3.130498,969.4126,47.168490
68,1,0.0000,39.0000,22.197695,13.934062,3.573506,966.1152,30.000000
68,2,0.1000,38.9993,22.196800,13.934533,3.573339,966.1155,29.980049
68,3,0.2000,38.9986,22.195906,13.935003,3.573173,966.1159,29.960131
68,4,0.3000,38.9978,22.195012,13.935473,3.573006,966.1163,29.940231
68,5,0.4000,38.9971,22.194117,13.935943,3.572839,966.1167,29.920299
68,6,0.5000,38.9964,22.193223,13.936414,3.572673,966.1170,29.900400
68,7,0.6000,38.9957,22.192328,13.936884,3.572506,966.1174,29.880525
68,8,0.7000,38.9949,22.191434,13.937354,3.572339,966.1178,29.860681
68,9,0.8000,38.9942,22.190540,13.937824,3.572173,966.1182,29.840857
68,10,0.9000,38.9935,22.189645,13.938295,3.572006,966.1185,29.821000
70,1,704.0000,31.1967,20.050826,14.758756,3.180060,972.6407,48.405587
70,2,703.9000,31.1983,20.051785,14.758285,3.180226,972.6404,48.402171
70,3,703.8000,31.1998,20.052745,14.757814,3.180393,972.6400,48.398756
70,4,703.7000,31.2014,20.053704,14.757342,3.180560,972.6397,48.395341
70,5,703.6000,31.2030,20.054663,14.756871,3.180726,972.6393,48.391927
70,6,703.5000,31.2046,20.055622,14.756399,3.180893,972.6389,48.388512
70,7,703.4000,31.2062,20.056581,14.755928,3.181060,972.6386,48.385097
70,8,703.3000,31.2078,20.057540,14.755457,3.181226,972.6382,48.381682
70,9,703.2000,31.2094,20.058500,14.754985,3.181393,972.6378,48.378268
70,10,703.1000,31.2110,20.059459,14.754514,3.181560,972.6375,48.374854
74,1,13.3000,38.9097,23.000038,11.018787,3.680928,1016.4539,30.786052
74,2,13.4000,38.9091,22.999152,11.019264,3.680761,1016.4549,30.785940
74,3,13.5000,38.9084,22.998267,11.019741,3.680594,1016.4568,30.781311
74,4,13.6000,38.9077,22.997381,11.020218,3.680428,1016.4587,30.776678
74,5,13.7000,38.9070,22.996496,11.020694,3.680261,1016.4606,30.772047
74,6,13.8000,38.9064,22.995610,11.021171,3.680094,1016.4624,30.767418
74,7,13.9000,38.9057,22.994725,11.021648,3.679928,1016.4643,30.762792
74,8,14.0000,38.9050,22.993839,11.022125,3.679761,1016.4662,30.758168
74,9,14.1000,38.9043,22.992953,11.022602,3.679594,1016.4680,30.753539
74,10,14.2000,38.9036,22.992068,11.023079,3.679428,1016.4699,30.748913
75,1,937.9000,26.9896,20.050216,15.095477,3.110891,965.2684,48.112614
75,2,937.8000,26.9919,20.051210,15.095003,3.111058,965.2679,48.109227
75,3,937.7000,26.9943,20.052203,15.094530,3.111224,965.2674,48.105841
75,4,937.6000,26.9967,20.053197,15.094056,3.111391,965.2669,48.102455
75,5,937.5000,26.9990,20.054191,15.093582,3.111558,965.2664,48.099070
75,6,937.4000,27.0014,20.055185,15.093108,3.111724,965.2659,48.095685
75,7,937.3000,27.0037,20.056178,15.092634,3.111891,965.2654,48.092298
75,8,937.2000,27.0061,20.057172,15.092160,3.112058,965.2650,48.088913
75,9,937.1000,27.0084,20.058166,15.091687,3.112224,965.2645,48.085528
75,10,937.0000,27.0108,20.059159,15.091213,3.112391,965.2640,48.082143
77,1,203.0000,37.7087,20.050634,20.785991,3.221234,848.3966,50.000000
77,2,202.9000,37.7093,20.051563,20.785535,3.221401,848.3976,49.977124
77,3,202.8000,37.7100,20.052492,20.785078,3.221567,848.3986,49.954251
77,4,202.7000,37.7106,20.053420,20.784622,3.221734,848.3995,49.931380
77,5,202.6000,37.7112,20.054349,20.784166,3.221901,848.4005,49.908513
77,6,202.5000,37.7119,20.055277,20.783710,3.222067,848.4015,49.885642
77,7,202.4000,37.7125,20.056206,20.783253,3.222234,848.4025,49.862771
77,8,202.3000,37.7131,20.057134,20.782797,3.222401,848.4035,49.839903
77,9,202.2000,37.7138,20.058063,20.782341,3.222567,848.4045,49.817039
77,10,202.1000,37.7144,20.058992,20.781885,3.222734,848.4055,49.794178
79,1,1931.0000,19.4528,20.236977,10.050413,3.212017,1076.9041,30.000000
79,2,1931.1000,19.4521,20.235956,10.050905,3.211851,1076.9080,29.944432
79,3,1931.2000,19.4513,20.234936,10.051398,3.211684,1076.9120,29.888882
79,4,1931.3000,19.4506,20.233915,10.051890,3.211517,1076.9160,29.833354
79,5,1931.4000,19.4499,20.232894,10.052382,3.211351,1076.9199,29.777842
79,6,1931.5000,19.4492,20.231874,10.052875,3.211184,1076.9239,29.722350
79,7,1931.6000,19.4485,20.230853,10.053367,3.211017,1076.9278,29.666813
79,8,1931.7000,19.4478,20.229832,10.053859,3.210851,1076.9318,29.611293
79,9,1931.8000,19.4470,20.228812,10.054352,3.210684,1076.9358,29.555795
79,10,1931.9000,19.4463,20.227791,10.054844,3.210517,1076.9397,29.500320
80,1,507.4000,35.1259,20.050802,12.275141,3.168922,1028.2025,42.973671
80,2,507.3000,35.1267,20.051737,12.274669,3.169089,1028.2009,42.971279
80,3,507.2000,35.1275,20.052673,12.274197,3.169256,1028.1993,42.968888
80,4,507.1000,35.1282,20.053608,12.273726,3.169422,1028.1977,42.966496
80,5,507.0000,35.1290,20.054544,12.273254,3.169589,1028.1961,42.964104
80,6,506.9000,35.1298,20.055479,12.272782,3.169756,1028.1944,42.961713
80,7,506.8000,35.1306,20.056415,12.272310,3.169922,1028.1928,42.959322
80,8,506.7000,35.1314,20.057351,12.271838,3.170089,1028.1912,42.956932
80,9,506.6000,35.1322,20.058286,12.271366,3.170256,1028.1896,42.954541
80,10,506.5000,35.1329,20.059221,12.270895,3.170422,1028.1880,42.952151
81,1,220.9000,37.5635,20.050225,17.841761,3.167393,906.4012,50.000000
81,2,220.8000,37.5642,20.051153,17.841302,3.167559,906.4026,49.974801
81,3,220.7000,37.5648,20.052081,17.840843,3.167726,906.4040,49.949602
81,4,220.6000,37.5655,20.053008,17.840384,3.167893,906.4053,49.924400
81,5,220.5000,37.5661,20.053936,17.839925,3.168059,906.4067,49.899203
81,6,220.4000,37.5668,20.054864,17.839466,3.168226,906.4080,49.874010
81,7,220.3000,37.5674,20.055791,17.839007,3.168393,906.4094,49.848822
81,8,220.2000,37.5681,20.056719,17.838548,3.168559,906.4107,49.823635
81,9,220.1000,37.5687,20.057647,17.838089,3.168726,906.4121,49.798445
81,10,220.0000,37.5694,20.058574,17.837630,3.168893,906.4134,49.773261
82,1,515.1000,33.9751,20.050425,13.848662,3.139121,992.7713,46.856353
82,2,515.0000,33.9765,20.051372,13.848193,3.139288,992.7705,46.853239
82,3,514.9000,33.9778,20.052319,13.847724,3.139455,992.7697,46.850123
82,4,514.8000,33.9791,20.053266,13.847255,3.139621,992.7689,46.847008
82,5,514.7000,33.9805,20.054214,13.846786,3.139788,992.7680,46.843893
82,6,514.6000,33.9818,20.055161,13.846316,3.139955,992.7672,46.840779
82,7,514.5000,33.9831,20.056108,13.845847,3.140121,992.7664,46.837665
82,8,514.4000,33.9844,20.057055,13.845378,3.140288,992.7656,46.834550
82,9,514.3000,33.9858,20.058002,13.844909,3.140455,992.7647,46.831435
82,10,514.2000,33.9871,20.058949,13.844440,3.140621,992.7639,46.828321
84,1,329.0000,36.7296,20.050895,17.308471,3.187672,917.6459,50.000000
84,2,328.9000,36.7308,20.051832,17.308008,3.187838,917.6470,49.983541
84,3,328.8000,36.7321,20.052769,17.307545,3.188005,917.6481,49.967078
84,4,328.7000,36.7333,20.053706,17.307082,3.188172,917.6492,49.950621
84,5,328.6000,36.7345,20.054643,17.306619,3.188338,917.6502,49.934167
84,6,328.5000,36.7357,20.055580,17.306156,3.188505,917.6513,49.917718
84,7,328.4000,36.7369,20.056517,17.305693,3.188672,917.6524,49.901267
84,8,328.3000,36.7382,20.057454,17.305230,3.188838,917.6535,49.884813
84,9,328.2000,36.7394,20.058391,17.304767,3.189005,917.6546,49.868363
84,10,328.1000,36.7406,20.059328,17.304304,3.189172,917.6557,49.851919
86,1,987.7000,28.7036,20.050231,13.793620,3.205146,993.9994,46.813830
86,2,987.6000,28.7048,20.051210,13.793140,3.205313,993.9985,46.810835
86,3,987.5000,28.7060,20.052189,13.792660,3.205479,993.9975,46.807841
86,4,987.4000,28.7072,20.053168,13.792180,3.205646,993.9965,46.804846
86,5,987.3000,28.7084,20.054147,13.791700,3.205813,993.9955,46.801852
86,6,987.2000,28.7096,20.055126,13.791220,3.205979,993.9945,46.798858
86,7,987.1000,28.7108,20.056105,13.790740,3.206146,993.9935,46.795864
86,8,987.0000,28.7120,20.057083,13.790260,3.206313,993.9925,46.792870
86,9,986.9000,28.7132,20.058062,13.789781,3.206479,993.9915,46.789877
86,10,986.8000,28.7144,20.059041,13.789301,3.206646,993.9905,46.786883
87,1,855.0000,29.8268,20.050532,14.578278,3.108395,976.6140,47.673631
87,2,854.9000,29.8282,20.051511,14.577803,3.108562,976.6134,47.670359
87,3,854.8000,29.8296,20.052491,14.577328,3.108729,976.6128,47.667087
87,4,854.7000,29.8310,20.053470,14.576853,3.108895,976.6121,47.663815
87,5,854.6000,29.8323,20.054449,14.576378,3.109062,976.6115,47.660542
87,6,854.5000,29.8337,20.055429,14.575903,3.109229,976.6109,47.657270
87,7,854.4000,29.8351,20.056408,14.575428,3.109395,976.6103,47.653998
87,8,854.3000,29.8365,20.057387,14.574953,3.109562,976.6097,47.650727
87,9,854.2000,29.8379,20.058367,14.574477,3.109729,976.6091,47.647456
87,10,854.1000,29.8393,20.059346,14.574002,3.109895,976.6084,47.644184
88,1,679.7000,30.6562,20.050951,14.909562,3.146871,969.3301,48.343648
88,2,679.6000,30.6577,20.051916,14.909092,3.147038,969.3297,48.340228
88,3,679.5000,30.6593,20.052881,14.908623,3.147205,969.3293,48.336808
88,4,679.4000,30.6608,20.053846,14.908154,3.147371,969.3290,48.333389
88,5,679.3000,30.6624,20.054812,14.907684,3.147538,969.3286,48.329969
88,6,679.2000,30.6640,20.055777,14.907215,3.147705,969.3282,48.326549
88,7,679.1000,30.6655,20.056742,14.906745,3.147871,969.3278,48.323129
88,8,679.0000,30.6671,20.057707,14.906276,3.148038,969.3274,48.319710
88,9,678.9000,30.6686,20.058672,14.905806,3.148205,969.3270,48.316292
88,10,678.8000,30.6702,20.059637,14.905337,3.148371,969.3267,48.312872
90,1,479.9000,33.9650,20.050849,15.210848,3.137493,962.7415,48.650732
90,2,479.8000,33.9664,20.051795,15.210383,3.137659,962.7414,48.646686
90,3,479.7000,33.9679,20.052742,15.209918,3.137826,962.7413,48.642640
90,4,479.6000,33.9693,20.053689,15.209453,3.137993,962.7412,48.638593
90,5,479.5000,33.9707,20.054635,15.208988,3.138159,962.7411,48.634546
90,6,479.4000,33.9722,20.055582,15.208523,3.138326,962.7410,48.630500
90,7,479.3000,33.9736,20.056528,15.208058,3.138493,962.7409,48.626455
90,8,479.2000,33.9750,20.057475,15.207593,3.138659,962.7408,48.622410
90,9,479.1000,33.9764,20.058421,15.207128,3.138826,962.7407,48.618364
90,10,479.0000,33.9779,20.059368,15.206662,3.138993,962.7406,48.614319
91,1,252.8000,37.3544,20.050388,17.659112,3.192011,910.2435,50.000000
91,2,252.7000,37.3550,20.051313,17.658654,3.192178,910.2448,49.977431
91,3,252.6000,37.3557,20.052239,17.658197,3.192345,910.2461,49.954867
91,4,252.5000,37.3563,20.053164,17.657739,3.192511,910.2473,49.932307
91,5,252.4000,37.3570,20.054090,17.657281,3.192678,910.2486,49.909750
91,6,252.3000,37.3576,20.055015,17.656823,3.192845,910.2498,49.887199
91,7,252.2000,37.3583,20.055940,17.656366,3.193011,910.2511,49.864643
91,8,252.1000,37.3589,20.056866,17.655908,3.193178,910.2523,49.842091
91,9,252.0000,37.3596,20.057791,17.655450,3.193345,910.2536,49.819543
91,10,251.9000,37.3603,20.058716,17.654992,3.193511,910.2548,49.796998
94,1,838.0000,30.8590,20.050409,16.500321,3.203991,934.8639,50.000000
94,2,837.9000,30.8606,20.051376,16.499850,3.204157,934.8644,49.995762
94,3,837.8000,30.8621,20.052342,16.499379,3.204324,934.8650,49.991524
94,4,837.7000,30.8637,20.053309,16.498908,3.204491,934.8655,49.987286
94,5,837.6000,30.8653,20.054275,16.498437,3.204657,934.8661,49.983049
94,6,837.5000,30.8669,20.055242,16.497966,3.204824,934.8666,49.978812
94,7,837.4000,30.8685,20.056208,16.497494,3.204991,934.8672,49.974575
94,8,837.3000,30.8701,20.057175,16.497023,3.205157,934.8677,49.970337
94,9,837.2000,30.8717,20.058141,16.496552,3.205324,934.8683,49.966101
94,10,837.1000,30.8732,20.059108,16.496081,3.205491,934.8688,49.961864
96,1,432.2000,35.6963,20.050406,17.708076,3.202236,909.2120,50.000000
96,2,432.1000,35.6978,20.051350,17.707612,3.202403,909.2132,49.993270
96,3,432.0000,35.6993,20.052294,17.707147,3.202569,909.2145,49.986541
96,4,431.9000,35.7008,20.053239,17.706683,3.202736,909.2157,49.979813
96,5,431.8000,35.7022,20.054183,17.706218,3.202903,909.2170,49.973085
96,6,431.7000,35.7037,20.055127,17.705754,3.203069,909.2182,49.966359
96,7,431.6000,35.7052,20.056071,17.705289,3.203236,909.2195,49.959631
96,8,431.5000,35.7067,20.057015,17.704825,3.203403,909.2207,49.952903
96,9,431.4000,35.7082,20.057959,17.704361,3.203569,909.2220,49.946177
96,10,431.3000,35.7096,20.058904,17.703896,3.203736,909.2232,49.939451
97,1,0.0000,39.0000,22.742229,14.169252,3.623025,955.2936,30.000000
97,2,0.1000,38.9993,22.741340,14.169719,3.622858,955.2939,29.976424
97,3,0.2000,38.9986,22.740451,14.170186,3.622692,955.2942,29.952882
97,4,0.3000,38.9979,22.739561,14.170653,3.622525,955.2946,29.929294
97,5,0.4000,38.9971,22.738672,14.171120,3.622358,955.2949,29.905733
97,6,0.5000,38.9964,22.737783,14.171587,3.622192,955.2952,29.882212
97,7,0.6000,38.9957,22.736893,14.172054,3.622025,955.2955,29.858719
97,8,0.7000,38.9950,22.736004,14.172521,3.621858,955.2959,29.835246
97,9,0.8000,38.9943,22.735114,14.172988,3.621692,955.2962,29.811723
97,10,0.9000,38.9936,22.734225,14.173455,3.621525,955.2965,29.788228
98,1,811.2000,29.5768,20.050371,13.563702,3.155655,999.1288,46.543865
98,2,811.1000,29.5775,20.051338,13.563228,3.155822,999.1277,46.540985
98,3,811.0000,29.5781,20.052306,13.562753,3.155989,999.1266,46.538105
98,4,810.9000,29.5788,20.053274,13.562278,3.156155,999.1255,46.535225
98,5,810.8000,29.5794,20.054241,13.561804,3.156322,999.1243,46.532345
98,6,810.7000,29.5800,20.055209,13.561329,3.156489,999.1232,46.529465
98,7,810.6000,29.5807,20.056176,13.560854,3.156655,999.1221,46.526586
98,8,810.5000,29.5813,20.057144,13.560379,3.156822,999.1210,46.523706
98,9,810.4000,29.5819,20.058111,13.559905,3.156989,999.1198,46.520827
98,10,810.3000,29.5826,20.059079,13.559430,3.157155,999.1187,46.517948
99,1,644.1000,32.0321,20.050280,13.909208,3.178323,991.4258,47.368830
99,2,644.0000,32.0335,20.051236,13.908734,3.178490,991.4250,47.365753
99,3,643.9000,32.0350,20.052193,13.908260,3.178657,991.4242,47.362677
99,4,643.8000,32.0364,20.053149,13.907786,3.178823,991.4235,47.359601
99,5,643.7000,32.0378,20.054105,13.907312,3.178990,991.4227,47.356525
99,6,643.6000,32.0393,20.055061,13.906838,3.179157,991.4219,47.353448
99,7,643.5000,32.0407,20.056017,13.906364,3.179323,991.4211,47.350372
99,8,643.4000,32.0421,20.056974,13.905890,3.179490,991.4203,47.347296
99,9,643.3000,32.0435,20.057930,13.905416,3.179657,991.4195,47.344221
99,10,643.2000,32.0450,20.058886,13.904942,3.179823,991.4187,47.341145
102,1,752.1000,31.3303,20.050650,17.162920,3.218491,920.7337,50.000000
102,2,752.0000,31.3317,20.051614,17.162450,3.218658,920.7346,49.995456
102,3,751.9000,31.3331,20.052579,17.161981,3.218825,920.7355,49.990913
102,4,751.8000,31.3345,20.053543,17.161511,3.218991,920.7364,49.986370
102,5,751.7000,31.3359,20.054507,17.161042,3.219158,920.7373,49.981827
102,6,751.6000,31.3373,20.055472,17.160573,3.219325,920.7382,49.977285
102,7,751.5000,31.3388,20.056436,17.160103,3.219491,920.7391,49.972742
102,8,751.4000,31.3402,20.057400,17.159634,3.219658,920.7400,49.968199
102,9,751.3000,31.3416,20.058365,17.159164,3.219825,920.7408,49.963657
102,10,751.2000,31.3430,20.059329,17.158695,3.219991,920.7417,49.959115
103,1,1068.4000,31.7854,20.050434,14.451120,3.255336,979.4185,48.040716
103,2,1068.3000,31.7860,20.051391,14.450644,3.255503,979.4180,48.037331
103,3,1068.2000,31.7867,20.052348,14.450169,3.255670,979.4176,48.033946
103,4,1068.1000,31.7873,20.053305,14.449693,3.255836,979.4172,48.030562
103,5,1068.0000,31.7880,20.054263,14.449218,3.256003,979.4167,48.027178
103,6,1067.9000,31.7886,20.055220,14.448743,3.256170,979.4163,48.023794
103,7,1067.8000,31.7892,20.056177,14.448267,3.256336,979.4159,48.020410
103,8,1067.7000,31.7899,20.057134,14.447792,3.256503,979.4154,48.017026
103,9,1067.6000,31.7905,20.058091,14.447316,3.256670,979.4150,48.013642
103,10,1067.5000,31.7911,20.059048,14.446841,3.256836,979.4146,48.010259
104,1,863.8000,30.1466,20.050856,12.598899,3.083253,1020.8436,45.151970
104,2,863.7000,30.1480,20.051820,12.598429,3.083419,1020.8418,45.149616
104,3,863.6000,30.1495,20.052784,12.597959,3.083586,1020.8400,45.147262
104,4,863.5000,30.1509,20.053748,12.597489,3.083753,1020.8382,45.144908
104,5,863.4000,30.1524,20.054712,12.597018,3.083919,1020.8364,45.142554
104,6,863.3000,30.1538,20.055676,12.596548,3.084086,1020.8345,45.140199
104,7,863.2000,30.1553,20.056640,12.596078,3.084253,1020.8327,45.137845
104,8,863.1000,30.1567,20.057604,12.595608,3.084419,1020.8309,45.135492
104,9,863.0000,30.1582,20.058568,12.595138,3.084586,1020.8291,45.133138
104,10,862.9000,30.1596,20.059532,12.594667,3.084753,1020.8273,45.130785
105,1,87.3000,38.3615,20.050385,18.351461,3.160063,895.7260,50.000000
105,2,87.2000,38.3622,20.051309,18.351004,3.160230,895.7276,49.940820
105,3,87.1000,38.3630,20.052233,18.350547,3.160397,895.7292,49.881650
105,4,87.0000,38.3637,20.053157,18.350090,3.160563,895.7308,49.822487
105,5,86.9000,38.3644,20.054081,18.349633,3.160730,895.7324,49.763331
105,6,86.8000,38.3652,20.055005,18.349175,3.160897,895.7340,49.704172
105,7,86.7000,38.3659,20.055929,18.348718,3.161063,895.7356,49.645017
105,8,86.6000,38.3666,20.056852,18.348261,3.161230,895.7372,49.585868
105,9,86.5000,38.3673,20.057776,18.347804,3.161397,895.7388,49.526724
105,10,86.4000,38.3681,20.058700,18.347346,3.161563,895.7404,49.467589
106,1,294.2000,36.8564,20.050711,17.312859,3.170465,917.5547,50.000000
106,2,294.1000,36.8572,20.051643,17.312398,3.170632,917.5558,49.979378
106,3,294.0000,36.8579,20.052576,17.311936,3.170799,917.5569,49.958761
106,4,293.9000,36.8586,20.053508,17.311474,3.170965,917.5580,49.938147
106,5,293.8000,36.8593,20.054440,17.311013,3.171132,917.5591,49.917537
106,6,293.7000,36.8601,20.055372,17.310551,3.171299,917.5602,49.896927
106,7,293.6000,36.8608,20.056305,17.310090,3.171465,917.5613,49.876317
106,8,293.5000,36.8615,20.057237,17.309628,3.171632,917.5624,49.855712
106,9,293.4000,36.8623,20.058169,17.309166,3.171799,917.5635,49.835110
106,10,293.3000,36.8630,20.059101,17.308705,3.171965,917.5646,49.814514
107,1,52.9000,38.6262,20.050030,17.257855,3.191912,918.7262,50.000000
107,2,52.8000,38.6269,20.050949,17.257397,3.192079,918.7274,49.902862
107,3,52.7000,38.6276,20.051867,17.256938,3.192246,918.7285,49.805737
107,4,52.6000,38.6283,20.052786,17.256480,3.192412,918.7297,49.708635
107,5,52.5000,38.6290,20.053705,17.256021,3.192579,918.7308,49.611555
107,6,52.4000,38.6297,20.054623,17.255563,3.192746,918.7319,49.514492
107,7,52.3000,38.6304,20.055542,17.255104,3.192912,918.7331,49.417403
107,8,52.2000,38.6311,20.056460,17.254646,3.193079,918.7342,49.320326
107,9,52.1000,38.6318,20.057379,17.254188,3.193246,918.7353,49.223270
107,10,52.0000,38.6325,20.058297,17.253729,3.193412,918.7365,49.126236
108,1,0.0000,39.0000,21.119868,14.452004,3.376343,967.3445,30.000000
108,2,0.1000,38.9994,21.118963,14.452470,3.376177,967.3447,29.957277
108,3,0.2000,38.9987,21.118057,14.452937,3.376010,967.3448,29.914705
108,4,0.3000,38.9981,21.117152,14.453403,3.375843,967.3450,29.872285
108,5,0.4000,38.9974,21.116246,14.453869,3.375677,967.3452,29.829749
108,6,0.5000,38.9968,21.115341,14.454335,3.375510,967.3454,29.787253
108,7,0.6000,38.9961,21.114435,14.454801,3.375343,967.3456,29.744858
108,8,0.7000,38.9955,21.113529,14.455267,3.375177,967.3457,29.702616
108,9,0.8000,38.9948,21.112624,14.455733,3.375010,967.3459,29.660503
108,10,0.9000,38.9942,21.111718,14.456199,3.374843,967.3461,29.618297
110,1,813.6000,30.1126,20.050569,13.330021,3.188277,1004.3591,46.340398
110,2,813.5000,30.1132,20.051533,13.329545,3.188444,1004.3579,46.337597
110,3,813.4000,30.1139,20.052497,13.329070,3.188611,1004.3567,46.334795
110,4,813.3000,30.1145,20.053461,13.328595,3.188777,1004.3555,46.331994
110,5,813.2000,30.1151,20.054425,13.328119,3.188944,1004.3543,46.329192
110,6,813.1000,30.1157,20.055389,13.327644,3.189111,1004.3531,46.326391
110,7,813.0000,30.1164,20.056353,13.327169,3.189277,1004.3519,46.323590
110,8,812.9000,30.1170,20.057317,13.326693,3.189444,1004.3506,46.320789
110,9,812.8000,30.1176,20.058281,13.326218,3.189611,1004.3494,46.317988
110,10,812.7000,30.1182,20.059245,13.325743,3.189777,1004.3482,46.315187
111,1,261.1000,37.1515,22.999336,10.353732,3.715807,1030.2689,33.310705
111,2,261.2000,37.1508,22.998445,10.354210,3.715640,1030.2713,33.309696
111,3,261.3000,37.1501,22.997553,10.354688,3.715474,1030.2736,33.308685
111,4,261.4000,37.1494,22.996661,10.355166,3.715307,1030.2759,33.307676
111,5,261.5000,37.1487,22.995770,10.355644,3.715140,1030.2783,33.306667
111,6,261.6000,37.1480,22.994878,10.356122,3.714974,1030.2806,33.305659
111,7,261.7000,37.1473,22.993987,10.356600,3.714807,1030.2829,33.304651
111,8,261.8000,37.1466,22.993095,10.357078,3.714640,1030.2853,33.303642
111,9,261.9000,37.1459,22.992203,10.357556,3.714474,1030.2876,33.302634
111,10,262.0000,37.1452,22.991312,10.358034,3.714307,1030.2899,33.301627
112,1,642.6000,31.9748,20.050150,19.299823,3.165739,876.0714,50.000000
112,2,642.5000,31.9763,20.051117,19.299360,3.165905,876.0732,49.994598
112,3,642.4000,31.9778,20.052083,19.298897,3.166072,876.0750,49.989196
112,4,642.3000,31.9792,20.053049,19.298434,3.166239,876.0769,49.983795
112,5,642.2000,31.9807,20.054015,19.297970,3.166405,876.0787,49.978393
112,6,642.1000,31.9822,20.054981,19.297507,3.166572,876.0805,49.972992
112,7,642.0000,31.9837,20.055947,19.297044,3.166739,876.0823,49.967592
112,8,641.9000,31.9852,20.056913,19.296581,3.166905,876.0841,49.962190
112,9,641.8000,31.9867,20.057879,19.296118,3.167072,876.0859,49.956790
112,10,641.7000,31.9881,20.058845,19.295655,3.167239,876.0877,49.951390
114,1,100.4000,38.2517,20.050209,16.550097,3.187855,933.7999,50.000000
114,2,100.3000,38.2525,20.051131,16.549637,3.188022,933.8006,49.946157
114,3,100.2000,38.2532,20.052053,16.549176,3.188188,933.8014,49.892332
114,4,100.1000,38.2540,20.052975,16.548716,3.188355,933.8022,49.838503
114,5,100.0000,38.2547,20.053897,16.548255,3.188522,933.8030,49.784673
114,6,99.9000,38.2555,20.054819,16.547795,3.188688,933.8038,49.730855
114,7,99.8000,38.2562,20.055741,16.547334,3.188855,933.8046,49.677054
114,8,99.7000,38.2570,20.056663,16.546874,3.189022,933.8054,49.623272
114,9,99.6000,38.2577,20.057585,16.546414,3.189188,933.8061,49.569489
114,10,99.5000,38.2584,20.058507,16.545953,3.189355,933.8069,49.515697
117,1,101.4000,38.2619,20.050612,17.950909,3.164953,904.1056,50.000000
117,2,101.3000,38.2626,20.051535,17.950451,3.165119,904.1070,49.948545
117,3,101.2000,38.2633,20.052457,17.949994,3.165286,904.1085,49.897097
117,4,101.1000,38.2641,20.053380,17.949536,3.165453,904.1099,49.845655
117,5,101.0000,38.2648,20.054302,17.949078,3.165619,904.1113,49.794217
117,6,100.9000,38.2655,20.055225,17.948621,3.165786,904.1127,49.742773
117,7,100.8000,38.2662,20.056148,17.948163,3.165953,904.1141,49.691337
117,8,100.7000,38.2670,20.057070,17.947706,3.166119,904.1156,49.639910
117,9,100.6000,38.2677,20.057993,17.947248,3.166286,904.1170,49.588491
117,10,100.5000,38.2684,20.058915,17.946790,3.166453,904.1184,49.537075
122,1,13.1000,38.9230,22.999527,11.967891,3.707631,996.9415,30.772178
122,2,13.2000,38.9224,22.998644,11.968365,3.707464,996.9429,30.766648
122,3,13.3000,38.9218,22.997761,11.968839,3.707298,996.9442,30.761121
122,4,13.4000,38.9212,22.996878,11.969312,3.707131,996.9456,30.755591
122,5,13.5000,38.9206,22.995994,11.969786,3.706964,996.9469,30.750061
122,6,13.6000,38.9200,22.995111,11.970259,3.706798,996.9483,30.744535
122,7,13.7000,38.9194,22.994228,11.970733,3.706631,996.9496,30.739010
122,8,13.8000,38.9189,22.993345,11.971207,3.706464,996.9510,30.733489
122,9,13.9000,38.9183,22.992461,11.971680,3.706298,996.9523,30.727964
122,10,14.0000,38.9177,22.991578,11.972154,3.706131,996.9537,30.722440
125,1,1435.2000,20.9980,20.050299,14.280840,3.173436,983.1822,46.513047
125,2,1435.1000,20.9994,20.051317,14.280360,3.173602,983.1811,46.510050
125,3,1435.0000,21.0009,20.052335,14.279879,3.173769,983.1799,46.507053
125,4,1434.9000,21.0023,20.053352,14.279399,3.173936,983.1788,46.504057
125,5,1434.8000,21.0037,20.054370,14.278918,3.174102,983.1777,46.501060
125,6,1434.7000,21.0052,20.055388,14.278438,3.174269,983.1766,46.498065
125,7,1434.6000,21.0066,20.056405,14.277957,3.174436,983.1754,46.495069
125,8,1434.5000,21.0081,20.057423,14.277477,3.174602,983.1743,46.492073
125,9,1434.4000,21.0095,20.058441,14.276996,3.174769,983.1732,46.489077
125,10,1434.3000,21.0110,20.059458,14.276516,3.174936,983.1721,46.486081
126,1,951.0000,32.3208,20.050561,13.700857,3.255565,996.0636,47.143909
126,2,950.9000,32.3214,20.051512,13.700382,3.255732,996.0628,47.140847
126,3,950.8000,32.3221,20.052463,13.699907,3.255898,996.0620,47.137785
126,4,950.7000,32.3227,20.053413,13.699432,3.256065,996.0611,47.134724
126,5,950.6000,32.3234,20.054364,13.698957,3.256232,996.0603,47.131663
126,6,950.5000,32.3240,20.055315,13.698482,3.256398,996.0595,47.128602
126,7,950.4000,32.3247,20.056266,13.698007,3.256565,996.0587,47.125541
126,8,950.3000,32.3253,20.057216,13.697532,3.256732,996.0578,47.122480
126,9,950.2000,32.3260,20.058167,13.697057,3.256898,996.0570,47.119419
126,10,950.1000,32.3266,20.059118,13.696581,3.257065,996.0562,47.116359
127,1,34.2000,38.7418,20.050346,18.041841,3.203558,902.2010,50.000000
127,2,34.1000,38.7425,20.051267,18.041382,3.203724,902.2025,49.851780
127,3,34.0000,38.7433,20.052189,18.040923,3.203891,902.2040,49.703563
127,4,33.9000,38.7441,20.053110,18.040465,3.204058,902.2055,49.555363
127,5,33.8000,38.7448,20.054031,18.040006,3.204224,902.2070,49.407189
127,6,33.7000,38.7456,20.054953,18.039547,3.204391,902.2085,49.259038
127,7,33.6000,38.7463,20.055874,18.039089,3.204558,902.2100,49.110884
127,8,33.5000,38.7471,20.056796,18.038630,3.204724,902.2115,48.962733
127,9,33.4000,38.7478,20.057717,18.038171,3.204891,902.2130,48.814600
127,10,33.3000,38.7486,20.058638,18.037713,3.205058,902.2145,48.666489
132,1,770.1000,31.9075,20.050416,14.019061,3.151694,988.9828,47.340378
132,2,770.0000,31.9087,20.051380,14.018586,3.151860,988.9820,47.337269
132,3,769.9000,31.9100,20.052345,14.018111,3.152027,988.9813,47.334161
132,4,769.8000,31.9113,20.053309,14.017635,3.152194,988.9805,47.331053
132,5,769.7000,31.9126,20.054273,14.017160,3.152360,988.9797,47.327944
132,6,769.6000,31.9139,20.055238,14.016684,3.152527,988.9789,47.324835
132,7,769.5000,31.9152,20.056202,14.016209,3.152694,988.9781,47.321727
132,8,769.4000,31.9165,20.057166,14.015733,3.152860,988.9774,47.318619
132,9,769.3000,31.9178,20.058131,14.015258,3.153027,988.9766,47.315512
132,10,769.2000,31.9191,20.059095,14.014782,3.153194,988.9758,47.312404
133,1,769.7000,30.6260,20.050839,15.694920,3.186035,952.2138,49.457747
133,2,769.6000,30.6267,20.051803,15.694450,3.186202,952.2139,49.453891
133,3,769.5000,30.6273,20.052766,15.693981,3.186368,952.2140,49.450034
133,4,769.4000,30.6280,20.053730,15.693511,3.186535,952.2141,49.446179
133,5,769.3000,30.6286,20.054694,15.693041,3.186702,952.2142,49.442323
133,6,769.2000,30.6292,20.055657,15.692571,3.186868,952.2143,49.438468
133,7,769.1000,30.6299,20.056621,15.692102,3.187035,952.2144,49.434612
133,8,769.0000,30.6305,20.057584,15.691632,3.187202,952.2145,49.430757
133,9,768.9000,30.6312,20.058548,15.691162,3.187368,952.2146,49.426902
133,10,768.8000,30.6318,20.059511,15.690692,3.187535,952.2147,49.423047
136,1,776.7000,30.8679,22.999749,10.187263,3.652610,1033.7359,31.681574
136,2,776.8000,30.8665,22.998816,10.187750,3.652443,1033.7388,31.677110
136,3,776.9000,30.8650,22.997882,10.188236,3.652277,1033.7416,31.672648
136,4,777.0000,30.8636,22.996948,10.188723,3.652110,1033.7445,31.668187
136,5,777.1000,30.8621,22.996014,10.189209,3.651943,1033.7473,31.663728
136,6,777.2000,30.8607,22.995081,10.189695,3.651777,1033.7502,31.659269
136,7,777.3000,30.8592,22.994147,10.190182,3.651610,1033.7530,31.654805
136,8,777.4000,30.8578,22.993213,10.190668,3.651443,1033.7559,31.650344
136,9,777.5000,30.8563,22.992279,10.191155,3.651277,1033.7587,31.645884
136,10,777.6000,30.8549,22.991345,10.191641,3.651110,1033.7616,31.641426
137,1,548.6000,33.2274,20.050949,17.847128,3.137947,906.2820,50.000000
137,2,548.5000,33.2288,20.051907,17.846664,3.138114,906.2832,49.995217
137,3,548.4000,33.2302,20.052866,17.846201,3.138280,906.2843,49.990435
137,4,548.3000,33.2316,20.053825,17.845737,3.138447,906.2855,49.985653
137,5,548.2000,33.2330,20.054784,17.845274,3.138614,906.2867,49.980872
137,6,548.1000,33.2344,20.055743,17.844810,3.138780,906.2879,49.976091
137,7,548.0000,33.2357,20.056701,17.844346,3.138947,906.2890,49.971309
137,8,547.9000,33.2371,20.057660,17.843883,3.139114,906.2902,49.966528
137,9,547.8000,33.2385,20.058619,17.843419,3.139280,906.2914,49.961747
137,10,547.7000,33.2399,20.059577,17.842956,3.139447,906.2926,49.956967
139,1,339.8000,36.8309,20.050836,21.443656,3.215759,837.2939,50.000000
139,2,339.7000,36.8316,20.051768,21.443201,3.215926,837.2950,49.987439
139,3,339.6000,36.8322,20.052701,21.442747,3.216093,837.2962,49.974877
139,4,339.5000,36.8329,20.053633,21.442292,3.216259,837.2973,49.962314
139,5,339.4000,36.8335,20.054565,21.441838,3.216426,837.2984,49.949753
139,6,339.3000,36.8341,20.055497,21.441383,3.216593,837.2996,49.937193
139,7,339.2000,36.8348,20.056430,21.440929,3.216759,837.3007,49.924634
139,8,339.1000,36.8354,20.057362,21.440474,3.216926,837.3018,49.912075
139,9,339.0000,36.8361,20.058294,21.440020,3.217093,837.3030,49.899516
139,10,338.9000,36.8367,20.059226,21.439565,3.217259,837.3041,49.886957
140,1,747.4000,31.0565,20.050398,13.294941,3.113543,1005.1483,46.186526
140,2,747.3000,31.0586,20.051365,13.294468,3.113709,1005.1470,46.183844
140,3,747.2000,31.0601,20.052325,13.293998,3.113876,1005.1457,46.181152
140,4,747.1000,31.0615,20.053286,13.293528,3.114043,1005.1444,46.178460
140,5,747.0000,31.0630,20.054246,13.293059,3.114209,1005.1431,46.175768
140,6,746.9000,31.0645,20.055206,13.292589,3.114376,1005.1417,46.173077
140,7,746.8000,31.0660,20.056167,13.292119,3.114543,1005.1404,46.170385
140,8,746.7000,31.0675,20.057127,13.291649,3.114709,1005.1391,46.167693
140,9,746.6000,31.0690,20.058087,13.291179,3.114876,1005.1378,46.165002
140,10,746.5000,31.0705,20.059047,13.290709,3.115043,1005.1365,46.162311
142,1,42.2000,38.7039,20.050734,19.972960,3.189509,862.2731,50.000000
142,2,42.1000,38.7046,20.051657,19.972505,3.189676,862.2754,49.880156
142,3,42.0000,38.7053,20.052581,19.972051,3.189842,862.2777,49.760325
142,4,41.9000,38.7060,20.053505,19.971596,3.190009,862.2800,49.640500
142,5,41.8000,38.7067,20.054429,19.971141,3.190176,862.2823,49.520689
142,6,41.7000,38.7074,20.055353,19.970686,3.190342,862.2845,49.400884
142,7,41.6000,38.7081,20.056277,19.970231,3.190509,862.2868,49.281070
142,8,41.5000,38.7088,20.057200,19.969776,3.190676,862.2891,49.161266
142,9,41.4000,38.7095,20.058124,19.969321,3.190842,862.2914,49.041471
142,10,41.3000,38.7102,20.059048,19.968866,3.191009,862.2937,48.921688
144,1,434.3000,34.5401,20.050410,13.302294,3.172660,1004.9832,43.587703
144,2,434.2000,34.5414,20.051353,13.301821,3.172826,1004.9821,43.584722
144,3,434.1000,34.5427,20.052295,13.301348,3.172993,1004.9811,43.581741
144,4,434.0000,34.5439,20.053237,13.300875,3.173160,1004.9801,43.578761
144,5,433.9000,34.5452,20.054179,13.300403,3.173326,1004.9791,43.575781
144,6,433.8000,34.5465,20.055122,13.299930,3.173493,1004.9781,43.572800
144,7,433.7000,34.5477,20.056064,13.299457,3.173660,1004.9771,43.569819
144,8,433.6000,34.5490,20.057006,13.298984,3.173826,1004.9760,43.566840
144,9,433.5000,34.5503,20.057948,13.298511,3.173993,1004.9750,43.563861
144,10,433.4000,34.5515,20.058890,13.298038,3.174160,1004.9740,43.560882
146,1,219.5000,37.6566,20.050854,16.650827,3.159940,931.6387,50.000000
146,2,219.4000,37.6572,20.051779,16.650367,3.160106,931.6395,49.972381
146,3,219.3000,37.6578,20.052704,16.649907,3.160273,931.6403,49.944770
146,4,219.2000,37.6584,20.053630,16.649448,3.160440,931.6411,49.917166
146,5,219.1000,37.6590,20.054555,16.648988,3.160606,931.6418,49.889566
146,6,219.0000,37.6596,20.055480,16.648529,3.160773,931.6426,49.861956
146,7,218.9000,37.6602,20.056405,16.648069,3.160940,931.6434,49.834351
146,8,218.8000,37.6608,20.057331,16.647609,3.161106,931.6442,49.806755
146,9,218.7000,37.6615,20.058256,16.647150,3.161273,931.6450,49.779169
146,10,218.6000,37.6621,20.059181,16.646690,3.161440,931.6458,49.751593
147,1,0.0000,38.9990,21.220008,13.457388,3.366542,987.4238,30.000000
147,2,0.1000,38.9984,21.219103,13.457856,3.366376,987.4245,29.987860
147,3,0.2000,38.9977,21.218198,13.458324,3.366209,987.4252,29.975737
147,4,0.3000,38.9971,21.217292,13.458791,3.366042,987.4260,29.963631
147,5,0.4000,38.9964,21.216387,13.459259,3.365876,987.4267,29.951526
147,6,0.5000,38.9958,21.215482,13.459727,3.365709,987.4274,29.939432
147,7,0.6000,38.9952,21.214577,13.460195,3.365542,987.4281,29.927313
147,8,0.7000,38.9945,21.213671,13.460662,3.365376,987.4288,29.915213
147,9,0.8000,38.9939,21.212766,13.461130,3.365209,987.4295,29.903127
147,10,0.9000,38.9933,21.211861,13.461598,3.365042,987.4302,29.891060
149,1,893.4000,29.2107,20.050006,13.745135,3.183863,995.0828,46.844583
149,2,893.3000,29.2114,20.050971,13.744662,3.184029,995.0817,46.841647
149,3,893.2000,29.2121,20.051936,13.744189,3.184196,995.0807,46.838712
149,4,893.1000,29.2128,20.052901,13.743717,3.184363,995.0797,46.835777
149,5,893.0000,29.2135,20.053866,13.743244,3.184529,995.0787,46.832841
149,6,892.9000,29.2142,20.054830,13.742772,3.184696,995.0777,46.829906
149,7,892.8000,29.2149,20.055795,13.742299,3.184863,995.0766,46.826971
149,8,892.7000,29.2156,20.056760,13.741826,3.185029,995.0756,46.824037
149,9,892.6000,29.2163,20.057725,13.741354,3.185196,995.0746,46.821102
149,10,892.5000,29.2170,20.058690,13.740881,3.185363,995.0736,46.818167
150,1,270.6000,37.3744,20.050561,15.447475,3.193383,957.5891,46.138152
150,2,270.5000,37.3750,20.051488,15.447010,3.193549,957.5893,46.089871
150,3,270.4000,37.3756,20.052415,15.446545,3.193716,957.5896,46.041639
150,4,270.3000,37.3762,20.053342,15.446080,3.193883,957.5898,45.993486
150,5,270.2000,37.3768,20.054269,15.445615,3.194049,957.5901,45.945399
150,6,270.1000,37.3774,20.055196,15.445150,3.194216,957.5903,45.897389
150,7,270.0000,37.3780,20.056122,15.444685,3.194383,957.5906,45.849289
150,8,269.9000,37.3786,20.057049,15.444220,3.194549,957.5908,45.801238
150,9,269.8000,37.3792,20.057976,15.443755,3.194716,957.5911,45.753258
150,10,269.7000,37.3798,20.058903,15.443290,3.194883,957.5913,45.705350
151,1,775.8000,30.9416,22.737274,10.050115,3.593247,1040.3014,30.000000
151,2,775.9000,30.9401,22.736338,10.050599,3.593080,1040.3044,29.995864
151,3,776.0000,30.9385,22.735403,10.051084,3.592913,1040.3074,29.991729
151,4,776.1000,30.9369,22.734467,10.051568,3.592747,1040.3104,29.987596
151,5,776.2000,30.9353,22.733531,10.052052,3.592580,1040.3134,29.983459
151,6,776.3000,30.9338,22.732595,10.052537,3.592413,1040.3164,29.979323
151,7,776.4000,30.9322,22.731659,10.053021,3.592247,1040.3194,29.975189
151,8,776.5000,30.9306,22.730723,10.053505,3.592080,1040.3224,29.971055
151,9,776.6000,30.9291,22.729787,10.053990,3.591913,1040.3254,29.966924
151,10,776.7000,30.9275,22.728851,10.054474,3.591747,1040.3284,29.962788
153,1,161.3000,37.9228,20.050598,16.191296,3.149162,941.4970,50.000000
153,2,161.2000,37.9234,20.051524,16.190835,3.149329,941.4976,49.962239
153,3,161.1000,37.9241,20.052449,16.190373,3.149495,941.4981,49.924499
153,4,161.0000,37.9248,20.053375,16.189912,3.149662,941.4987,49.886780
153,5,160.9000,37.9254,20.054301,16.189451,3.149829,941.4993,49.849033
153,6,160.8000,37.9261,20.055227,16.188990,3.149995,941.4998,49.811298
153,7,160.7000,37.9268,20.056153,16.188529,3.150162,941.5004,49.773585
153,8,160.6000,37.9274,20.057079,16.188068,3.150329,941.5010,49.735891
153,9,160.5000,37.9281,20.058004,16.187607,3.150495,941.5015,49.698216
153,10,160.4000,37.9288,20.058930,16.187146,3.150662,941.5021,49.660513
155,1,35.0000,38.7288,20.050104,17.332064,3.157309,917.1537,50.000000
155,2,34.9000,38.7296,20.051026,17.331605,3.157476,917.1548,49.854541
155,3,34.8000,38.7303,20.051948,17.331146,3.157642,917.1560,49.709116
155,4,34.7000,38.7311,20.052871,17.330687,3.157809,917.1572,49.563725
155,5,34.6000,38.7319,20.053793,17.330228,3.157976,917.1583,49.418364
155,6,34.5000,38.7327,20.054715,17.329769,3.158142,917.1595,49.272993
155,7,34.4000,38.7334,20.055637,17.329310,3.158309,917.1606,49.127616
155,8,34.3000,38.7342,20.056559,17.328850,3.158476,917.1618,48.982273
155,9,34.2000,38.7350,20.057482,17.328391,3.158642,917.1629,48.836963
155,10,34.1000,38.7358,20.058404,17.327932,3.158809,917.1641,48.691672
156,1,139.6000,37.9331,20.050910,16.613180,3.167724,932.4431,50.000000
156,2,139.5000,37.9338,20.051836,16.612719,3.167890,932.4439,49.959875
156,3,139.4000,37.9346,20.052762,16.612258,3.168057,932.4447,49.919741
156,4,139.3000,37.9354,20.053687,16.611797,3.168224,932.4455,49.879623
156,5,139.2000,37.9361,20.054613,16.611336,3.168390,932.4463,49.839520
156,6,139.1000,37.9369,20.055539,16.610875,3.168557,932.4471,49.799430
156,7,139.0000,37.9376,20.056465,16.610414,3.168724,932.4479,49.759339
156,8,138.9000,37.9384,20.057391,16.609953,3.168890,932.4487,49.719234
156,9,138.8000,37.9392,20.058317,16.609492,3.169057,932.4494,49.679137
156,10,138.7000,37.9399,20.059243,16.609031,3.169224,932.4502,49.639054
157,1,723.8000,32.4599,20.050227,17.612366,3.239750,911.2304,50.000000
157,2,723.7000,32.4612,20.051185,17.611898,3.239917,911.2315,49.995249
157,3,723.6000,32.4625,20.052142,17.611430,3.240084,911.2327,49.990499
157,4,723.5000,32.4638,20.053100,17.610963,3.240250,911.2338,49.985749
157,5,723.4000,32.4651,20.054057,17.610495,3.240417,911.2350,49.980999
157,6,723.3000,32.4664,20.055015,17.610028,3.240584,911.2361,49.976250
157,7,723.2000,32.4676,20.055972,17.609560,3.240750,911.2373,49.971500
157,8,723.1000,32.4689,20.056930,17.609092,3.240917,911.2384,49.966751
157,9,723.0000,32.4702,20.057887,17.608625,3.241084,911.2395,49.962002
157,10,722.9000,32.4715,20.058845,17.608157,3.241250,911.2407,49.957253
158,1,418.2000,36.1359,21.708147,10.050087,3.419049,1055.0650,30.000000
158,2,418.3000,36.1352,21.707238,10.050563,3.418882,1055.0677,29.993716
158,3,418.4000,36.1345,21.706328,10.051039,3.418716,1055.0704,29.987434
158,4,418.5000,36.1339,21.705418,10.051515,3.418549,1055.0732,29.981154
158,5,418.6000,36.1332,21.704509,10.051991,3.418382,1055.0759,29.974866
158,6,418.7000,36.1325,21.703599,10.052468,3.418216,1055.0787,29.968581
158,7,418.8000,36.1319,21.702690,10.052944,3.418049,1055.0814,29.962298
158,8,418.9000,36.1312,21.701780,10.053420,3.417882,1055.0842,29.956018
158,9,419.0000,36.1305,21.700870,10.053896,3.417716,1055.0869,29.949740
158,10,419.1000,36.1299,21.699961,10.054372,3.417549,1055.0897,29.943457
159,1,1053.9000,24.4361,20.050816,15.112391,3.088877,964.8921,47.813242
159,2,1053.8000,24.4388,20.051827,15.111915,3.089043,964.8915,47.809927
159,3,1053.7000,24.4414,20.052838,15.111439,3.089210,964.8909,47.806613
159,4,1053.6000,24.4441,20.053849,15.110963,3.089377,964.8903,47.803296
159,5,1053.5000,24.4467,20.054860,15.110487,3.089543,964.8896,47.799981
159,6,1053.4000,24.4494,20.055871,15.110011,3.089710,964.8890,47.796666
159,7,1053.3000,24.4521,20.056882,15.109535,3.089877,964.8884,47.793352
159,8,1053.2000,24.4547,20.057893,15.109059,3.090043,964.8878,47.790038
159,9,1053.1000,24.4574,20.058904,15.108583,3.090210,964.8872,47.786722
159,10,1053.0000,24.4600,20.059915,15.108107,3.090377,964.8866,47.783407
162,1,801.1000,32.2897,22.999130,10.205858,3.707169,1033.3563,31.862532
162,2,801.0000,32.2911,23.000054,10.205371,3.707336,1033.3549,31.862372
162,3,801.2000,32.2884,22.998205,10.206345,3.707003,1033.3590,31.857967
162,4,801.3000,32.2871,22.997280,10.206832,3.706836,1033.3617,31.853404
162,5,801.4000,32.2858,22.996355,10.207319,3.706669,1033.3644,31.848844
162,6,801.5000,32.2845,22.995430,10.207806,3.706503,1033.3671,31.844286
162,7,801.6000,32.2832,22.994505,10.208293,3.706336,1033.3698,31.839728
162,8,801.7000,32.2819,22.993580,10.208780,3.706169,1033.3725,31.835166
162,9,801.8000,32.2806,22.992655,10.209267,3.706003,1033.3752,31.830606
162,10,801.9000,32.2793,22.991730,10.209754,3.705836,1033.3779,31.826048
163,1,312.5000,36.3148,20.050730,15.991672,3.124796,945.7973,50.000000
163,2,312.4000,36.3163,20.051667,15.991211,3.124962,945.7977,49.964912
163,3,312.3000,36.3178,20.052604,15.990749,3.125129,945.7981,49.929768
163,4,312.2000,36.3193,20.053540,15.990288,3.125296,945.7984,49.894669
163,5,312.1000,36.3207,20.054477,15.989827,3.125462,945.7988,49.859587
163,6,312.0000,36.3222,20.055414,15.989365,3.125629,945.7991,49.824542
163,7,311.9000,36.3237,20.056351,15.988904,3.125796,945.7995,49.789530
163,8,311.8000,36.3252,20.057287,15.988443,3.125962,945.7999,49.754460
163,9,311.7000,36.3266,20.058224,15.987982,3.126129,945.8002,49.719437
163,10,311.6000,36.3281,20.059160,15.987520,3.126296,945.8006,49.684408
166,1,0.0000,39.0000,22.821248,11.842962,3.648075,1001.7494,30.000000
166,2,0.1000,38.9993,22.820361,11.843436,3.647908,1001.7508,29.994833
166,3,0.2000,38.9987,22.819473,11.843910,3.647741,1001.7523,29.989664
166,4,0.3000,38.9980,22.818585,11.844384,3.647575,1001.7537,29.984498
166,5,0.4000,38.9974,22.817698,11.844859,3.647408,1001.7552,29.979335
166,6,0.5000,38.9967,22.816810,11.845333,3.647241,1001.7566,29.974175
166,7,0.6000,38.9960,22.815923,11.845807,3.647075,1001.7581,29.969012
166,8,0.7000,38.9954,22.815035,11.846281,3.646908,1001.7595,29.963850
166,9,0.8000,38.9947,22.814147,11.846755,3.646741,1001.7610,29.958691
166,10,0.9000,38.9940,22.813260,11.847230,3.646575,1001.7624,29.953535
168,1,760.2000,30.8617,20.050037,12.566658,3.200438,1021.5854,45.336700
168,2,760.1000,30.8631,20.050998,12.566180,3.200604,1021.5838,45.334174
168,3,760.0000,30.8644,20.051958,12.565702,3.200771,1021.5822,45.331647
168,4,759.9000,30.8658,20.052919,12.565224,3.200938,1021.5806,45.329120
168,5,759.8000,30.8671,20.053879,12.564745,3.201104,1021.5790,45.326593
168,6,759.7000,30.8685,20.054839,12.564267,3.201271,1021.5774,45.324066
168,7,759.6000,30.8698,20.055800,12.563789,3.201438,1021.5758,45.321540
168,8,759.5000,30.8712,20.056760,12.563311,3.201604,1021.5742,45.319014
168,9,759.4000,30.8725,20.057720,12.562832,3.201771,1021.5726,45.316488
168,10,759.3000,30.8739,20.058681,12.562354,3.201938,1021.5710,45.313962
170,1,729.9000,31.6795,20.050187,12.474584,3.095586,1023.6735,44.505658
170,2,729.8000,31.6808,20.051150,12.474110,3.095752,1023.6717,44.503288
170,3,729.7000,31.6821,20.052114,12.473635,3.095919,1023.6699,44.500919
170,4,729.6000,31.6834,20.053078,12.473161,3.096086,1023.6682,44.498550
170,5,729.5000,31.6847,20.054041,12.472686,3.096252,1023.6664,44.496182
170,6,729.4000,31.6860,20.055005,12.472212,3.096419,1023.6646,44.493813
170,7,729.3000,31.6873,20.055968,12.471737,3.096586,1023.6628,44.491444
170,8,729.2000,31.6886,20.056932,12.471262,3.096752,1023.6610,44.489076
170,9,729.1000,31.6899,20.057895,12.470788,3.096919,1023.6592,44.486707
170,10,729.0000,31.6912,20.058859,12.470313,3.097086,1023.6574,44.484340
171,1,694.2000,31.7768,20.050140,18.053198,3.217285,901.9648,50.000000
171,2,694.1000,31.7780,20.051100,18.052732,3.217452,901.9662,49.995077
171,3,694.0000,31.7793,20.052061,18.052266,3.217618,901.9675,49.990153
171,4,693.9000,31.7805,20.053021,18.051800,3.217785,901.9688,49.985230
171,5,693.8000,31.7818,20.053981,18.051333,3.217952,901.9701,49.980308
171,6,693.7000,31.7831,20.054941,18.050867,3.218118,901.9714,49.975385
171,7,693.6000,31.7843,20.055901,18.050401,3.218285,901.9728,49.970463
171,8,693.5000,31.7856,20.056862,18.049935,3.218452,901.9741,49.965540
171,9,693.4000,31.7868,20.057822,18.049469,3.218618,901.9754,49.960618
171,10,693.3000,31.7881,20.058782,18.049003,3.218785,901.9767,49.955697
173,1,200.2000,37.5213,21.542425,10.050292,3.386919,1057.4770,30.000000
173,2,200.3000,37.5206,21.541516,10.050770,3.386752,1057.4797,29.993116
173,3,200.4000,37.5198,21.540606,10.051247,3.386585,1057.4824,29.986235
173,4,200.5000,37.5191,21.539696,10.051725,3.386419,1057.4851,29.979358
173,5,200.6000,37.5183,21.538787,10.052202,3.386252,1057.4878,29.972482
173,6,200.7000,37.5176,21.537877,10.052680,3.386085,1057.4905,29.965602
173,7,200.8000,37.5169,21.536967,10.053157,3.385919,1057.4932,29.958723
173,8,200.9000,37.5161,21.536058,10.053635,3.385752,1057.4959,29.951848
173,9,201.0000,37.5154,21.535148,10.054112,3.385585,1057.4986,29.944975
173,10,201.1000,37.5147,21.534238,10.054590,3.385419,1057.5013,29.938105
174,1,761.4000,32.0432,20.050146,12.638951,3.213432,1019.9449,45.750537
174,2,761.3000,32.0444,20.051106,12.638471,3.213598,1019.9434,45.747969
174,3,761.2000,32.0456,20.052066,12.637991,3.213765,1019.9419,45.745400
174,4,761.1000,32.0468,20.053026,12.637511,3.213932,1019.9404,45.742831
174,5,761.0000,32.0480,20.053986,12.637031,3.214098,1019.9389,45.740263
174,6,760.9000,32.0492,20.054947,12.636551,3.214265,1019.9374,45.737696
174,7,760.8000,32.0504,20.055907,12.636071,3.214432,1019.9358,45.735128
174,8,760.7000,32.0516,20.056867,12.635591,3.214598,1019.9343,45.732560
174,9,760.6000,32.0527,20.057827,12.635112,3.214765,1019.9328,45.729992
174,10,760.5000,32.0539,20.058787,12.634632,3.214932,1019.9313,45.727425
175,1,256.0000,36.9627,21.620710,10.050178,3.383237,1056.3366,30.000000
175,2,256.1000,36.9619,21.619802,10.050651,3.383070,1056.3394,29.993643
175,3,256.2000,36.9611,21.618894,10.051125,3.382904,1056.3421,29.987289
175,4,256.3000,36.9603,21.617986,10.051599,3.382737,1056.3449,29.980935
175,5,256.4000,36.9595,21.617078,10.052073,3.382570,1056.3476,29.974577
175,6,256.5000,36.9587,21.616170,10.052547,3.382404,1056.3504,29.968223
175,7,256.6000,36.9579,21.615262,10.053021,3.382237,1056.3532,29.961870
175,8,256.7000,36.9571,21.614354,10.053495,3.382070,1056.3559,29.955521
175,9,256.8000,36.9563,21.613446,10.053969,3.381904,1056.3587,29.949172
175,10,256.9000,36.9555,21.612538,10.054443,3.381737,1056.3615,29.942819
176,1,1425.4000,24.5871,22.399039,10.050480,3.567752,1045.0999,30.000000
176,2,1425.5000,24.5864,22.398070,10.050969,3.567585,1045.1032,29.995096
176,3,1425.6000,24.5857,22.397100,10.051459,3.567419,1045.1065,29.990190
176,4,1425.7000,24.5850,22.396131,10.051949,3.567252,1045.1099,29.985284
176,5,1425.8000,24.5843,22.395161,10.052439,3.567085,1045.1132,29.980380
176,6,1425.9000,24.5836,22.394192,10.052929,3.566919,1045.1166,29.975477
176,7,1426.0000,24.5829,22.393223,10.053419,3.566752,1045.1199,29.970576
176,8,1426.1000,24.5822,22.392253,10.053909,3.566585,1045.1233,29.965672
176,9,1426.2000,24.5814,22.391284,10.054398,3.566419,1045.1266,29.960768
176,10,1426.3000,24.5807,22.390314,10.054888,3.566252,1045.1299,29.955867
178,1,467.3000,34.6005,20.050093,14.676875,3.127116,974.4488,47.479986
178,2,467.2000,34.6017,20.051035,14.676409,3.127283,974.4485,47.476164
178,3,467.1000,34.6030,20.051978,14.675944,3.127449,974.4481,47.472341
178,4,467.0000,34.6042,20.052921,14.675478,3.127616,974.4478,47.468519
178,5,466.9000,34.6054,20.053863,14.675012,3.127783,974.4474,47.464697
178,6,466.8000,34.6066,20.054806,14.674547,3.127949,974.4471,47.460875
178,7,466.7000,34.6079,20.055749,14.674081,3.128116,974.4467,47.457054
178,8,466.6000,34.6091,20.056691,14.673615,3.128283,974.4463,47.453233
178,9,466.5000,34.6103,20.057634,14.673150,3.128449,974.4460,47.449412
178,10,466.4000,34.6115,20.058577,14.672684,3.128616,974.4456,47.445590
179,1,0.0000,39.0010,22.675109,12.981679,3.617748,980.1500,30.000000
179,2,0.1000,39.0003,22.674218,12.982150,3.617582,980.1509,29.992805
179,3,0.2000,38.9996,22.673326,12.982621,3.617415,980.1518,29.985611
179,4,0.3000,38.9989,22.672435,12.983092,3.617248,980.1527,29.978424
179,5,0.4000,38.9982,22.671544,12.983563,3.617082,980.1536,29.971244
179,6,0.5000,38.9975,22.670653,12.984035,3.616915,980.1545,29.964070
179,7,0.6000,38.9968,22.669761,12.984506,3.616748,980.1554,29.956889
179,8,0.7000,38.9961,22.668870,12.984977,3.616582,980.1563,29.949709
179,9,0.8000,38.9954,22.667979,12.985448,3.616415,980.1572,29.942537
179,10,0.9000,38.9946,22.667088,12.985919,3.616248,980.1581,29.935370
180,1,787.5000,30.0944,20.050490,14.294733,3.136916,982.8727,47.403923
180,2,787.4000,30.0958,20.051464,14.294259,3.137083,982.8719,47.400764
180,3,787.3000,30.0971,20.052438,14.293785,3.137250,982.8712,47.397605
180,4,787.2000,30.0985,20.053412,14.293311,3.137416,982.8704,47.394446
180,5,787.1000,30.0999,20.054386,14.292836,3.137583,982.8697,47.391288
180,6,787.0000,30.1012,20.055360,14.292362,3.137750,982.8689,47.388130
180,7,786.9000,30.1026,20.056334,14.291888,3.137916,982.8682,47.384971
180,8,786.8000,30.1040,20.057308,14.291413,3.138083,982.8675,47.381812
180,9,786.7000,30.1054,20.058282,14.290939,3.138250,982.8667,47.378655
180,10,786.6000,30.1067,20.059255,14.290465,3.138416,982.8660,47.375497
181,1,1563.8000,24.0031,21.449021,10.050211,3.405684,1058.8456,30.000000
181,2,1563.9000,24.0017,21.448035,10.050702,3.405517,1058.8492,29.992335
181,3,1564.0000,24.0004,21.447048,10.051192,3.405350,1058.8527,29.984674
181,4,1564.1000,23.9991,21.446062,10.051683,3.405184,1058.8563,29.977017
181,5,1564.2000,23.9978,21.445076,10.052173,3.405017,1058.8598,29.969364
181,6,1564.3000,23.9965,21.444089,10.052664,3.404850,1058.8633,29.961704
181,7,1564.4000,23.9951,21.443103,10.053154,3.404684,1058.8669,29.954042
181,8,1564.5000,23.9938,21.442116,10.053645,3.404517,1058.8704,29.946384
181,9,1564.6000,23.9925,21.441130,10.054135,3.404350,1058.8739,29.938730
181,10,1564.7000,23.9912,21.440144,10.054626,3.404184,1058.8775,29.931080
182,1,725.0000,31.8666,22.920339,10.050123,3.594717,1037.7184,30.000000
182,2,725.1000,31.8650,22.919409,10.050605,3.594550,1037.7214,29.996230
182,3,725.2000,31.8635,22.918479,10.051087,3.594383,1037.7243,29.992461
182,4,725.3000,31.8619,22.917549,10.051569,3.594217,1037.7273,29.988695
182,5,725.4000,31.8604,22.916619,10.052051,3.594050,1037.7303,29.984927
182,6,725.5000,31.8589,22.915689,10.052533,3.593883,1037.7333,29.981156
182,7,725.6000,31.8573,22.914759,10.053015,3.593717,1037.7362,29.977388
182,8,725.7000,31.8558,22.913829,10.053497,3.593550,1037.7392,29.973621
182,9,725.8000,31.8542,22.912899,10.053979,3.593383,1037.7422,29.969856
182,10,725.9000,31.8527,22.911969,10.054461,3.593217,1037.7451,29.966089
183,1,825.7000,30.0815,20.050321,12.616023,3.145611,1020.4623,45.355833
183,2,825.6000,30.0830,20.051291,12.615546,3.145778,1020.4606,45.353369
183,3,825.5000,30.0844,20.052261,12.615068,3.145944,1020.4589,45.350906
183,4,825.4000,30.0859,20.053230,12.614591,3.146111,1020.4572,45.348443
183,5,825.3000,30.0873,20.054200,12.614114,3.146278,1020.4555,45.345980
183,6,825.2000,30.0888,20.055170,12.613636,3.146444,1020.4537,45.343517
183,7,825.1000,30.0902,20.056140,12.613159,3.146611,1020.4520,45.341054
183,8,825.0000,30.0917,20.057109,12.612682,3.146778,1020.4503,45.338591
183,9,824.9000,30.0931,20.058079,12.612204,3.146944,1020.4486,45.336128
183,10,824.8000,30.0946,20.059049,12.611727,3.147111,1020.4469,45.333666
184,1,404.9000,36.1757,20.050924,14.136140,3.189523,986.3793,44.198614
184,2,404.8000,36.1764,20.051855,14.135673,3.189690,986.3788,44.194819
184,3,404.7000,36.1771,20.052785,14.135206,3.189857,986.3783,44.191024
184,4,404.6000,36.1778,20.053716,14.134738,3.190023,986.3778,44.187231
184,5,404.5000,36.1785,20.054646,14.134271,3.190190,986.3773,44.183437
184,6,404.4000,36.1792,20.055576,14.133804,3.190357,986.3768,44.179643
184,7,404.3000,36.1799,20.056507,14.133336,3.190523,986.3763,44.175850
184,8,404.2000,36.1806,20.057437,14.132869,3.190690,986.3758,44.172058
184,9,404.1000,36.1813,20.058368,14.132401,3.190857,986.3753,44.168266
184,10,404.0000,36.1820,20.059298,14.131934,3.191023,986.3748,44.164474
186,1,1056.0000,26.8046,20.050178,13.066698,3.171626,1010.2821,45.617301
186,2,1055.9000,26.8053,20.051159,13.066220,3.171793,1010.2805,45.614681
186,3,1055.8000,26.8061,20.052140,13.065743,3.171960,1010.2790,45.612062
186,4,1055.7000,26.8068,20.053120,13.065265,3.172126,1010.2774,45.609442
186,5,1055.6000,26.8075,20.054101,13.064788,3.172293,1010.2759,45.606822
186,6,1055.5000,26.8082,20.055082,13.064310,3.172460,1010.2743,45.604203
186,7,1055.4000,26.8089,20.056063,13.063833,3.172626,1010.2728,45.601584
186,8,1055.3000,26.8097,20.057044,13.063355,3.172793,1010.2712,45.598966
186,9,1055.2000,26.8104,20.058025,13.062878,3.172960,1010.2697,45.596347
186,10,1055.1000,26.8111,20.059005,13.062400,3.173126,1010.2681,45.593728
188,1,0.0000,39.0000,22.828549,10.631573,3.642009,1026.8097,30.000000
188,2,0.1000,38.9993,22.827665,10.632047,3.641842,1026.8118,29.995740
188,3,0.2000,38.9985,22.826781,10.632521,3.641676,1026.8139,29.991481
188,4,0.3000,38.9978,22.825897,10.632994,3.641509,1026.8161,29.987224
188,5,0.4000,38.9970,22.825013,10.633468,3.641342,1026.8182,29.982965
188,6,0.5000,38.9963,22.824129,10.633942,3.641176,1026.8203,29.978706
188,7,0.6000,38.9956,22.823245,10.634416,3.641009,1026.8225,29.974449
188,8,0.7000,38.9948,22.822361,10.634889,3.640842,1026.8246,29.970194
188,9,0.8000,38.9941,22.821477,10.635363,3.640676,1026.8267,29.965940
188,10,0.9000,38.9933,22.820593,10.635837,3.640509,1026.8289,29.961685
191,1,222.7000,37.5892,20.050624,20.558989,3.238937,852.2388,50.000000
191,2,222.6000,37.5898,20.051552,20.558533,3.239104,852.2397,49.982506
191,3,222.5000,37.5905,20.052481,20.558077,3.239270,852.2406,49.965015
191,4,222.4000,37.5911,20.053410,20.557620,3.239437,852.2415,49.947523
191,5,222.3000,37.5917,20.054339,20.557164,3.239604,852.2424,49.930028
191,6,222.2000,37.5924,20.055267,20.556708,3.239770,852.2433,49.912537
191,7,222.1000,37.5930,20.056196,20.556252,3.239937,852.2442,49.895047
191,8,222.0000,37.5936,20.057124,20.555796,3.240104,852.2452,49.877560
191,9,221.9000,37.5942,20.058053,20.555339,3.240270,852.2461,49.860071
191,10,221.8000,37.5949,20.058982,20.554883,3.240437,852.2470,49.842581
192,1,140.8000,38.1511,20.050355,19.016819,3.181448,881.9081,50.000000
192,2,140.7000,38.1517,20.051280,19.016363,3.181614,881.9099,49.962800
192,3,140.6000,38.1523,20.052204,19.015907,3.181781,881.9118,49.925602
192,4,140.5000,38.1529,20.053128,19.015451,3.181948,881.9137,49.888408
192,5,140.4000,38.1535,20.054052,19.014995,3.182114,881.9156,49.851218
192,6,140.3000,38.1541,20.054976,19.014539,3.182281,881.9174,49.814032
192,7,140.2000,38.1547,20.055900,19.014083,3.182448,881.9193,49.776846
192,8,140.1000,38.1553,20.056825,19.013627,3.182614,881.9212,49.739661
192,9,140.0000,38.1559,20.057749,19.013171,3.182781,881.9231,49.702480
192,10,139.9000,38.1565,20.058673,19.012715,3.182948,881.9249,49.665301
193,1,0.0000,39.0000,22.043803,12.931429,3.526714,988.7233,30.000000
193,2,0.1000,38.9994,22.042910,12.931899,3.526548,988.7242,29.992181
193,3,0.2000,38.9988,22.042017,12.932368,3.526381,988.7252,29.984362
193,4,0.3000,38.9982,22.041124,12.932838,3.526214,988.7261,29.976535
193,5,0.4000,38.9976,22.040231,12.933307,3.526048,988.7270,29.968715
193,6,0.5000,38.9970,22.039338,12.933777,3.525881,988.7279,29.960902
193,7,0.6000,38.9964,22.038444,12.934247,3.525714,988.7288,29.953095
193,8,0.7000,38.9958,22.037551,12.934716,3.525548,988.7297,29.945287
193,9,0.8000,38.9951,22.036658,12.935186,3.525381,988.7307,29.937474
193,10,0.9000,38.9945,22.035765,12.935655,3.525214,988.7316,29.929669
194,1,377.2000,35.7354,20.050022,14.937834,3.171617,968.7208,45.495193
194,2,377.1000,35.7367,20.050958,14.937367,3.171784,968.7207,45.490290
194,3,377.0000,35.7381,20.051893,14.936901,3.171951,968.7205,45.485388
194,4,376.9000,35.7395,20.052829,14.936435,3.172117,968.7204,45.480488
194,5,376.8000,35.7409,20.053765,14.935968,3.172284,968.7203,45.475587
194,6,376.7000,35.7422,20.054701,14.935502,3.172451,968.7202,45.470686
194,7,376.6000,35.7436,20.055636,14.935036,3.172617,968.7201,45.465786
194,8,376.5000,35.7450,20.056572,14.934569,3.172784,968.7200,45.460887
194,9,376.4000,35.7464,20.057508,14.934103,3.172951,968.7199,45.455991
194,10,376.3000,35.7477,20.058443,14.933637,3.173117,968.7198,45.451093
195,1,490.5000,34.7219,20.050130,14.664081,3.161892,974.7298,47.977408
195,2,490.4000,34.7232,20.051072,14.663613,3.162058,974.7295,47.973668
195,3,490.3000,34.7245,20.052015,14.663145,3.162225,974.7292,47.969928
195,4,490.2000,34.7258,20.052957,14.662677,3.162392,974.7289,47.966189
195,5,490.1000,34.7271,20.053900,14.662208,3.162558,974.7286,47.962450
195,6,490.0000,34.7284,20.054842,14.661740,3.162725,974.7283,47.958711
195,7,489.9000,34.7297,20.055785,14.661272,3.162892,974.7280,47.954972
195,8,489.8000,34.7310,20.056727,14.660804,3.163058,974.7277,47.951233
195,9,489.7000,34.7323,20.057670,14.660336,3.163225,974.7274,47.947494
195,10,489.6000,34.7336,20.058612,14.659867,3.163392,974.7271,47.943756
198,1,33.4000,38.7781,20.050368,19.225611,3.204903,877.5984,50.000000
198,2,33.3000,38.7788,20.051291,19.225154,3.205070,877.6004,49.848738
198,3,33.2000,38.7794,20.052214,19.224698,3.205237,877.6024,49.697497
198,4,33.1000,38.7801,20.053137,19.224241,3.205403,877.6044,49.546269
198,5,33.0000,38.7807,20.054060,19.223785,3.205570,877.6064,49.395017
198,6,32.9000,38.7814,20.054982,19.223328,3.205737,877.6084,49.243776
198,7,32.8000,38.7821,20.055905,19.222871,3.205903,877.6104,49.092556
198,8,32.7000,38.7827,20.056828,19.222415,3.206070,877.6123,48.941356
198,9,32.6000,38.7834,20.057751,19.221958,3.206237,877.6143,48.790175
198,10,32.5000,38.7840,20.058673,19.221502,3.206403,877.6163,48.638973
203,1,1822.8000,19.4937,22.205252,10.050041,3.517504,1047.8830,30.000000
203,2,1822.9000,19.4930,22.204254,10.050533,3.517337,1047.8867,29.994626
203,3,1823.0000,19.4923,22.203257,10.051025,3.517170,1047.8904,29.989253
203,4,1823.1000,19.4917,22.202259,10.051517,3.517004,1047.8941,29.983882
203,5,1823.2000,19.4910,22.201262,10.052010,3.516837,1047.8977,29.978512
203,6,1823.3000,19.4903,22.200264,10.052502,3.516670,1047.9014,29.973141
203,7,1823.4000,19.4896,22.199266,10.052994,3.516504,1047.9051,29.967769
203,8,1823.5000,19.4890,22.198269,10.053486,3.516337,1047.9088,29.962399
203,9,1823.6000,19.4883,22.197271,10.053979,3.516170,1047.9125,29.957031
203,10,1823.7000,19.4876,22.196273,10.054471,3.516004,1047.9162,29.951665
205,1,1027.1000,28.7398,20.050079,13.091572,3.211323,1009.7233,45.952768
205,2,1027.0000,28.7404,20.051051,13.091093,3.211490,1009.7219,45.950044
205,3,1026.9000,28.7410,20.052023,13.090614,3.211657,1009.7205,45.947321
205,4,1026.8000,28.7416,20.052995,13.090134,3.211823,1009.7191,45.944599
205,5,1026.7000,28.7423,20.053967,13.089655,3.211990,1009.7178,45.941876
205,6,1026.6000,28.7429,20.054939,13.089176,3.212157,1009.7164,45.939153
205,7,1026.5000,28.7435,20.055911,13.088696,3.212323,1009.7150,45.936431
205,8,1026.4000,28.7441,20.056883,13.088217,3.212490,1009.7136,45.933709
205,9,1026.3000,28.7448,20.057855,13.087737,3.212657,1009.7123,45.930987
205,10,1026.2000,28.7454,20.058827,13.087258,3.212823,1009.7109,45.928266
207,1,98.4000,38.2490,20.050251,17.770709,3.168971,907.8951,50.000000
207,2,98.3000,38.2497,20.051175,17.770250,3.169138,907.8964,49.946875
207,3,98.2000,38.2505,20.052100,17.769791,3.169304,907.8978,49.893742
207,4,98.1000,38.2513,20.053024,17.769333,3.169471,907.8991,49.840617
207,5,98.0000,38.2520,20.053949,17.768874,3.169638,907.9005,49.787497
207,6,97.9000,38.2528,20.054874,17.768415,3.169804,907.9018,49.734383
207,7,97.8000,38.2535,20.055798,17.767957,3.169971,907.9031,49.681280
207,8,97.7000,38.2543,20.056723,17.767498,3.170138,907.9045,49.628169
207,9,97.6000,38.2551,20.057647,17.767039,3.170304,907.9058,49.575065
207,10,97.5000,38.2558,20.058572,17.766581,3.170471,907.9071,49.521971
208,1,295.2000,36.9818,20.050894,19.848821,3.161668,864.8059,50.000000
208,2,295.1000,36.9825,20.051825,19.848368,3.161835,864.8081,49.981498
208,3,295.0000,36.9832,20.052756,19.847914,3.162002,864.8102,49.962997
208,4,294.9000,36.9839,20.053687,19.847461,3.162168,864.8124,49.944496
208,5,294.8000,36.9845,20.054619,19.847007,3.162335,864.8145,49.925995
208,6,294.7000,36.9852,20.055550,19.846554,3.162502,864.8167,49.907496
208,7,294.6000,36.9859,20.056481,19.846100,3.162668,864.8188,49.889000
208,8,294.5000,36.9866,20.057412,19.845647,3.162835,864.8209,49.870506
208,9,294.4000,36.9873,20.058343,19.845193,3.163002,864.8231,49.852009
208,10,294.3000,36.9879,20.059274,19.844740,3.163168,864.8252,49.833514
209,1,775.9000,31.3464,20.050573,15.472703,3.232799,957.0404,49.388912
209,2,775.8000,31.3477,20.051535,15.472230,3.232966,957.0404,49.385125
209,3,775.7000,31.3490,20.052497,15.471757,3.233133,957.0405,49.381338
209,4,775.6000,31.3503,20.053459,15.471284,3.233299,957.0405,49.377552
209,5,775.5000,31.3515,20.054421,15.470812,3.233466,957.0406,49.373767
209,6,775.4000,31.3528,20.055382,15.470339,3.233633,957.0406,49.369981
209,7,775.3000,31.3541,20.056344,15.469866,3.233799,957.0407,49.366195
209,8,775.2000,31.3554,20.057306,15.469393,3.233966,957.0408,49.362409
209,9,775.1000,31.3567,20.058268,15.468920,3.234133,957.0408,49.358624
209,10,775.0000,31.3579,20.059230,15.468448,3.234299,957.0409,49.354839
210,1,34.4000,38.7779,22.999898,11.311544,3.714412,1010.4114,31.916435
210,2,34.5000,38.7773,22.999013,11.312019,3.714245,1010.4131,31.913008
210,3,34.6000,38.7766,22.998128,11.312494,3.714078,1010.4149,31.909584
210,4,34.7000,38.7760,22.997244,11.312969,3.713912,1010.4166,31.906161
210,5,34.8000,38.7753,22.996359,11.313444,3.713745,1010.4183,31.902741
210,6,34.9000,38.7747,22.995474,11.313918,3.713578,1010.4200,31.899319
210,7,35.0000,38.7741,22.994589,11.314393,3.713412,1010.4218,31.895897
210,8,35.1000,38.7734,22.993705,11.314868,3.713245,1010.4235,31.892477
210,9,35.2000,38.7728,22.992820,11.315343,3.713078,1010.4252,31.889057
210,10,35.3000,38.7721,22.991935,11.315818,3.712912,1010.4270,31.885640
212,1,1587.0000,19.9769,22.232984,10.050205,3.513447,1047.4816,30.000000
212,2,1587.1000,19.9753,22.231984,10.050698,3.513280,1047.4853,29.994878
212,3,1587.2000,19.9737,22.230985,10.051192,3.513113,1047.4890,29.989757
212,4,1587.3000,19.9722,22.229985,10.051685,3.512947,1047.4927,29.984632
212,5,1587.4000,19.9706,22.228985,10.052179,3.512780,1047.4964,29.979507
212,6,1587.5000,19.9690,22.227985,10.052672,3.512613,1047.5001,29.974385
212,7,1587.6000,19.9675,22.226985,10.053166,3.512447,1047.5038,29.969265
212,8,1587.7000,19.9659,22.225985,10.053659,3.512280,1047.5075,29.964146
212,9,1587.8000,19.9643,22.224985,10.054153,3.512113,1047.5112,29.959023
212,10,1587.9000,19.9627,22.223985,10.054646,3.511947,1047.5148,29.953901
217,1,1569.6000,24.1784,21.775051,10.050161,3.492209,1054.0909,30.000000
217,2,1569.7000,24.1771,21.774072,10.050651,3.492042,1054.0943,29.993716
217,3,1569.8000,24.1758,21.773094,10.051142,3.491876,1054.0977,29.987432
217,4,1569.9000,24.1744,21.772116,10.051633,3.491709,1054.1012,29.981142
217,5,1570.0000,24.1731,21.771137,10.052123,3.491542,1054.1046,29.974854
217,6,1570.1000,24.1717,21.770159,10.052614,3.491376,1054.1080,29.968569
217,7,1570.2000,24.1704,21.769181,10.053104,3.491209,1054.1115,29.962286
217,8,1570.3000,24.1690,21.768202,10.053595,3.491042,1054.1149,29.956005
217,9,1570.4000,24.1677,21.767224,10.054086,3.490876,1054.1183,29.949718
217,10,1570.5000,24.1664,21.766245,10.054576,3.490709,1054.1217,29.943433
218,1,446.2000,35.3385,20.050589,16.334545,3.186534,938.4178,50.000000
218,2,446.1000,35.3397,20.051532,16.334079,3.186700,938.4183,49.994588
218,3,446.0000,35.3408,20.052476,16.333612,3.186867,938.4189,49.989177
218,4,445.9000,35.3420,20.053420,16.333146,3.187034,938.4195,49.983767
218,5,445.8000,35.3432,20.054364,16.332679,3.187200,938.4201,49.978355
218,6,445.7000,35.3444,20.055308,16.332213,3.187367,938.4207,49.972944
218,7,445.6000,35.3456,20.056252,16.331746,3.187534,938.4213,49.967533
218,8,445.5000,35.3468,20.057195,16.331280,3.187700,938.4218,49.962124
218,9,445.4000,35.3480,20.058139,16.330814,3.187867,938.4224,49.956715
218,10,445.3000,35.3492,20.059083,16.330347,3.188034,938.4230,49.951304
220,1,937.2000,28.3228,20.050036,14.065358,3.160420,987.9596,47.107020
220,2,937.1000,28.3243,20.051014,14.064882,3.160586,987.9587,47.103962
220,3,937.0000,28.3257,20.051991,14.064406,3.160753,987.9578,47.100904
220,4,936.9000,28.3271,20.052968,14.063930,3.160920,987.9569,47.097846
220,5,936.8000,28.3286,20.053945,14.063454,3.161086,987.9560,47.094788
220,6,936.7000,28.3300,20.054922,14.062978,3.161253,987.9551,47.091730
220,7,936.6000,28.3314,20.055899,14.062502,3.161420,987.9542,47.088672
220,8,936.5000,28.3329,20.056876,14.062026,3.161586,987.9533,47.085615
220,9,936.4000,28.3343,20.057853,14.061550,3.161753,987.9525,47.082557
220,10,936.3000,28.3357,20.058830,14.061074,3.161920,987.9516,47.079500
221,1,1028.7000,26.7974,20.050893,15.716115,3.177365,951.7540,49.116678
221,2,1028.6000,26.7980,20.051876,15.715643,3.177531,951.7539,49.112877
221,3,1028.5000,26.7987,20.052859,15.715171,3.177698,951.7539,49.109075
221,4,1028.4000,26.7994,20.053842,15.714700,3.177865,951.7538,49.105274
221,5,1028.3000,26.8000,20.054825,15.714228,3.178031,951.7538,49.101473
221,6,1028.2000,26.8007,20.055808,15.713756,3.178198,951.7538,49.097671
221,7,1028.1000,26.8013,20.056791,15.713284,3.178365,951.7537,49.093871
221,8,1028.0000,26.8020,20.057773,15.712812,3.178531,951.7537,49.090071
221,9,1027.9000,26.8027,20.058756,15.712340,3.178698,951.7536,49.086270
221,10,1027.8000,26.8033,20.059739,15.711868,3.178865,951.7536,49.082470
222,1,672.1000,32.9698,20.050318,12.331319,3.123747,1026.9295,43.378788
222,2,672.0000,32.9712,20.051269,12.330847,3.123913,1026.9278,43.376490
222,3,671.9000,32.9726,20.052220,12.330375,3.124080,1026.9260,43.374192
222,4,671.8000,32.9741,20.053170,12.329904,3.124247,1026.9242,43.371894
222,5,671.7000,32.9755,20.054121,12.329432,3.124413,1026.9225,43.369597
222,6,671.6000,32.9769,20.055072,12.328960,3.124580,1026.9207,43.367300
222,7,671.5000,32.9783,20.056022,12.328488,3.124747,1026.9189,43.365003
222,8,671.4000,32.9797,20.056973,12.328016,3.124913,1026.9171,43.362705
222,9,671.3000,32.9812,20.057924,12.327544,3.125080,1026.9154,43.360408
222,10,671.2000,32.9826,20.058874,12.327072,3.125247,1026.9136,43.358111
223,1,1668.3000,22.0592,22.999652,10.438272,3.656874,1028.5035,34.221509
223,2,1668.4000,22.0584,22.998675,10.438764,3.656708,1028.5067,34.220426
223,3,1668.5000,22.0577,22.997698,10.439256,3.656541,1028.5099,34.219344
223,4,1668.6000,22.0570,22.996721,10.439747,3.656374,1028.5131,34.218263
223,5,1668.7000,22.0562,22.995744,10.440239,3.656208,1028.5162,34.217183
223,6,1668.8000,22.0555,22.994767,10.440730,3.656041,1028.5194,34.216104
223,7,1668.9000,22.0548,22.993790,10.441222,3.655874,1028.5226,34.215022
223,8,1669.0000,22.0541,22.992813,10.441713,3.655708,1028.5257,34.213942
223,9,1669.1000,22.0533,22.991836,10.442205,3.655541,1028.5289,34.212863
223,10,1669.2000,22.0526,22.990859,10.442696,3.655374,1028.5321,34.211784
224,1,283.8000,37.0016,20.135514,10.050186,3.114692,1078.4495,30.000000
224,2,283.9000,37.0009,20.134593,10.050657,3.114526,1078.4524,29.890686
224,3,284.0000,37.0002,20.133672,10.051128,3.114359,1078.4554,29.781390
224,4,284.1000,36.9995,20.132751,10.051599,3.114192,1078.4583,29.672136
224,5,284.2000,36.9988,20.131830,10.052070,3.114026,1078.4613,29.562788
224,6,284.3000,36.9981,20.130909,10.052541,3.113859,1078.4642,29.453479
224,7,284.4000,36.9973,20.129988,10.053012,3.113692,1078.4672,29.344217
224,8,284.5000,36.9966,20.129067,10.053483,3.113526,1078.4701,29.235003
224,9,284.6000,36.9959,20.128145,10.053954,3.113359,1078.4731,29.125825
224,10,284.7000,36.9952,20.127224,10.054425,3.113192,1078.4760,29.016560
225,1,724.3000,32.0723,20.050946,16.220433,3.219053,940.8666,50.000000
225,2,724.2000,32.0738,20.051908,16.219961,3.219220,940.8671,49.995849
225,3,724.1000,32.0752,20.052870,16.219488,3.219387,940.8675,49.991698
225,4,724.0000,32.0766,20.053833,16.219016,3.219553,940.8680,49.987547
225,5,723.9000,32.0780,20.054794,16.218543,3.219720,940.8685,49.983396
225,6,723.8000,32.0795,20.055756,16.218071,3.219887,940.8690,49.979245
225,7,723.7000,32.0809,20.056718,16.217598,3.220053,940.8694,49.975095
225,8,723.6000,32.0823,20.057680,16.217126,3.220220,940.8699,49.970945
225,9,723.5000,32.0837,20.058642,16.216654,3.220387,940.8704,49.966795
225,10,723.4000,32.0852,20.059604,16.216181,3.220553,940.8708,49.962644
226,1,812.6000,32.0186,20.764690,10.050213,3.322469,1068.9690,30.000000
226,2,812.7000,32.0173,20.763743,10.050697,3.322303,1068.9721,29.986098
226,3,812.8000,32.0159,20.762796,10.051182,3.322136,1068.9752,29.972202
226,4,812.9000,32.0146,20.761848,10.051666,3.321969,1068.9782,29.958297
226,5,813.0000,32.0133,20.760901,10.052151,3.321803,1068.9813,29.944392
226,6,813.1000,32.0119,20.759954,10.052636,3.321636,1068.9843,29.930493
226,7,813.2000,32.0106,20.759007,10.053120,3.321469,1068.9874,29.916600
226,8,813.3000,32.0093,20.758059,10.053605,3.321303,1068.9904,29.902712
226,9,813.4000,32.0079,20.757112,10.054089,3.321136,1068.9935,29.888815
226,10,813.5000,32.0066,20.756165,10.054574,3.320969,1068.9966,29.874919
227,1,562.8000,33.8343,20.050930,13.748969,3.187988,994.9862,47.282509
227,2,562.7000,33.8357,20.051878,13.748496,3.188155,994.9854,47.279477
227,3,562.6000,33.8370,20.052826,13.748023,3.188321,994.9846,47.276445
227,4,562.5000,33.8384,20.053774,13.747550,3.188488,994.9838,47.273413
227,5,562.4000,33.8397,20.054721,13.747078,3.188655,994.9830,47.270382
227,6,562.3000,33.8410,20.055669,13.746605,3.188821,994.9822,47.267350
227,7,562.2000,33.8424,20.056617,13.746132,3.188988,994.9813,47.264319
227,8,562.1000,33.8437,20.057565,13.745659,3.189155,994.9805,47.261287
227,9,562.0000,33.8450,20.058513,13.745186,3.189321,994.9797,47.258256
227,10,561.9000,33.8464,20.059460,13.744714,3.189488,994.9789,47.255225
228,1,541.5000,34.4376,20.050345,13.353875,3.116619,1003.8269,46.566840
228,2,541.4000,34.4390,20.051288,13.353408,3.116785,1003.8258,46.564039
228,3,541.3000,34.4404,20.052231,13.352940,3.116952,1003.8247,46.561238
228,4,541.2000,34.4418,20.053174,13.352473,3.117119,1003.8236,46.558437
228,5,541.1000,34.4433,20.054117,13.352005,3.117285,1003.8225,46.555636
228,6,541.0000,34.4447,20.055060,13.351537,3.117452,1003.8213,46.552835
228,7,540.9000,34.4461,20.056003,13.351070,3.117619,1003.8202,46.550035
228,8,540.8000,34.4475,20.056946,13.350602,3.117785,1003.8191,46.547235
228,9,540.7000,34.4489,20.057889,13.350134,3.117952,1003.8180,46.544435
228,10,540.6000,34.4503,20.058832,13.349667,3.118119,1003.8169,46.541634
230,1,513.9000,33.4508,22.624725,10.050129,3.519426,1041.8955,30.000000
230,2,514.0000,33.4493,22.623806,10.050606,3.519259,1041.8984,29.995883
230,3,514.1000,33.4478,22.622887,10.051082,3.519093,1041.9014,29.991767
230,4,514.2000,33.4463,22.621967,10.051559,3.518926,1041.9043,29.987651
230,5,514.3000,33.4447,22.621048,10.052036,3.518759,1041.9072,29.983537
230,6,514.4000,33.4432,22.620129,10.052512,3.518593,1041.9101,29.979424
230,7,514.5000,33.4417,22.619209,10.052989,3.518426,1041.9131,29.975308
230,8,514.6000,33.4402,22.618290,10.053466,3.518259,1041.9160,29.971193
230,9,514.7000,33.4387,22.617371,10.053942,3.518093,1041.9189,29.967079
230,10,514.8000,33.4372,22.616451,10.054419,3.517926,1041.9218,29.962967
231,1,170.8000,37.7589,21.063189,10.050419,3.321684,1064.5249,30.000000
231,2,170.9000,37.7581,21.062281,10.050892,3.321518,1064.5277,29.990297
231,3,171.0000,37.7574,21.061373,10.051365,3.321351,1064.5304,29.980599
231,4,171.1000,37.7567,21.060465,10.051838,3.321184,1064.5332,29.970894
231,5,171.2000,37.7559,21.059557,10.052311,3.321018,1064.5360,29.961190
231,6,171.3000,37.7552,21.058648,10.052783,3.320851,1064.5387,29.951489
231,7,171.4000,37.7545,21.057740,10.053256,3.320684,1064.5415,29.941793
231,8,171.5000,37.7538,21.056832,10.053729,3.320518,1064.5442,29.932101
231,9,171.6000,37.7530,21.055924,10.054202,3.320351,1064.5470,29.922403
231,10,171.7000,37.7523,21.055016,10.054675,3.320184,1064.5497,29.912705
232,1,166.5000,37.9534,20.050803,15.521421,3.152423,955.9791,50.000000
232,2,166.4000,37.9540,20.051728,15.520958,3.152590,955.9793,49.946057
232,3,166.3000,37.9546,20.052654,15.520494,3.152757,955.9796,49.892181
232,4,166.2000,37.9552,20.053580,15.520030,3.152923,955.9799,49.838276
232,5,166.1000,37.9559,20.054505,15.519567,3.153090,955.9801,49.784377
232,6,166.0000,37.9565,20.055431,15.519103,3.153257,955.9804,49.730541
232,7,165.9000,37.9571,20.056356,15.518639,3.153423,955.9807,49.676736
232,8,165.8000,37.9578,20.057282,15.518176,3.153590,955.9809,49.622984
232,9,165.7000,37.9584,20.058208,15.517712,3.153757,955.9812,49.569205
232,10,165.6000,37.9590,20.059133,15.517249,3.153923,955.9815,49.515426
233,1,924.4000,28.3307,20.050906,12.748399,3.075595,1017.4570,45.074284
233,2,924.3000,28.3336,20.051894,12.747922,3.075762,1017.4552,45.071943
233,3,924.2000,28.3365,20.052882,12.747444,3.075929,1017.4533,45.069603
233,4,924.1000,28.3395,20.053871,12.746967,3.076095,1017.4515,45.067263
233,5,924.0000,28.3424,20.054859,12.746489,3.076262,1017.4496,45.064922
233,6,923.9000,28.3453,20.055847,12.746012,3.076429,1017.4478,45.062580
233,7,923.8000,28.3482,20.056835,12.745534,3.076595,1017.4459,45.060239
233,8,923.7000,28.3512,20.057824,12.745057,3.076762,1017.4441,45.057899
233,9,923.6000,28.3541,20.058812,12.744580,3.076929,1017.4422,45.055560
233,10,923.5000,28.3570,20.059800,12.744102,3.077095,1017.4403,45.053219
238,1,1437.0000,22.6243,20.050872,13.870152,3.182490,992.2877,46.250416
238,2,1436.9000,22.6259,20.051884,13.869669,3.182657,992.2864,46.247532
238,3,1436.8000,22.6275,20.052895,13.869185,3.182823,992.2852,46.244647
238,4,1436.7000,22.6290,20.053907,13.868702,3.182990,992.2839,46.241763
238,5,1436.6000,22.6306,20.054919,13.868219,3.183157,992.2827,46.238879
238,6,1436.5000,22.6322,20.055931,13.867735,3.183323,992.2814,46.235996
238,7,1436.4000,22.6337,20.056942,13.867252,3.183490,992.2801,46.233113
238,8,1436.3000,22.6353,20.057954,13.866769,3.183657,992.2789,46.230229
238,9,1436.2000,22.6369,20.058966,13.866285,3.183823,992.2776,46.227346
238,10,1436.1000,22.6384,20.059977,13.865802,3.183990,992.2764,46.224463
240,1,737.3000,31.2831,20.050948,14.597356,3.151481,976.1891,48.022674
240,2,737.2000,31.2846,20.051911,14.596885,3.151647,976.1886,48.019368
240,3,737.1000,31.2861,20.052873,14.596415,3.151814,976.1881,48.016062
240,4,737.0000,31.2877,20.053836,14.595944,3.151981,976.1876,48.012757
240,5,736.9000,31.2892,20.054798,14.595474,3.152147,976.1871,48.009452
240,6,736.8000,31.2907,20.055761,14.595003,3.152314,976.1866,48.006147
240,7,736.7000,31.2922,20.056723,14.594533,3.152481,976.1861,48.002842
240,8,736.6000,31.2937,20.057686,14.594062,3.152647,976.1856,47.999537
240,9,736.5000,31.2953,20.058648,14.593591,3.152814,976.1850,47.996233
240,10,736.4000,31.2968,20.059610,14.593121,3.152981,976.1845,47.992929
242,1,876.2000,29.0145,20.050856,12.892388,3.053796,1014.2036,45.302898
242,2,876.1000,29.0172,20.051842,12.891912,3.053962,1014.2019,45.300481
242,3,876.0000,29.0198,20.052828,12.891435,3.054129,1014.2001,45.298066
242,4,875.9000,29.0225,20.053814,12.890958,3.054296,1014.1984,45.295651
242,5,875.8000,29.0251,20.054800,12.890481,3.054462,1014.1966,45.293236
242,6,875.7000,29.0278,20.055785,12.890005,3.054629,1014.1949,45.290820
242,7,875.6000,29.0304,20.056771,12.889528,3.054796,1014.1932,45.288404
242,8,875.5000,29.0331,20.057757,12.889051,3.054962,1014.1914,45.285989
242,9,875.4000,29.0357,20.058743,12.888574,3.055129,1014.1897,45.283575
242,10,875.3000,29.0384,20.059728,12.888098,3.055296,1014.1879,45.281159
244,1,70.3000,38.4831,20.050412,19.465401,3.199313,872.6642,50.000000
244,2,70.2000,38.4838,20.051334,19.464946,3.199480,872.6663,49.927433
244,3,70.1000,38.4846,20.052256,19.464490,3.199646,872.6684,49.854874
244,4,70.0000,38.4853,20.053178,19.464034,3.199813,872.6705,49.782316
244,5,69.9000,38.4860,20.054101,19.463578,3.199980,872.6726,49.709755
244,6,69.8000,38.4868,20.055023,19.463123,3.200146,872.6747,49.637203
244,7,69.7000,38.4875,20.055945,19.462667,3.200313,872.6768,49.564659
244,8,69.6000,38.4882,20.056867,19.462211,3.200480,872.6789,49.492120
244,9,69.5000,38.4890,20.057789,19.461756,3.200646,872.6809,49.419584
244,10,69.4000,38.4897,20.058711,19.461300,3.200813,872.6830,49.347045
250,1,2048.9000,19.7949,21.305335,10.050191,3.438773,1060.9557,30.000000
250,2,2049.0000,19.7942,21.304332,10.050684,3.438607,1060.9595,29.991280
250,3,2049.1000,19.7935,21.303329,10.051178,3.438440,1060.9632,29.982556
250,4,2049.2000,19.7929,21.302326,10.051671,3.438273,1060.9669,29.973832
250,5,2049.3000,19.7922,21.301323,10.052164,3.438107,1060.9706,29.965112
250,6,2049.4000,19.7915,21.300319,10.052658,3.437940,1060.9743,29.956395
250,7,2049.5000,19.7909,21.299316,10.053151,3.437773,1060.9780,29.947681
250,8,2049.6000,19.7902,21.298313,10.053645,3.437607,1060.9817,29.938961
250,9,2049.7000,19.7895,21.297310,10.054138,3.437440,1060.9854,29.930241
250,10,2049.8000,19.7889,21.296307,10.054631,3.437273,1060.9891,29.921525
252,1,505.1000,34.9218,20.050924,14.457979,3.140962,979.2615,47.778926
252,2,505.0000,34.9233,20.051871,14.457509,3.141129,979.2611,47.775382
252,3,504.9000,34.9247,20.052817,14.457038,3.141296,979.2607,47.771840
252,4,504.8000,34.9262,20.053763,14.456567,3.141462,979.2603,47.768298
252,5,504.7000,34.9276,20.054710,14.456097,3.141629,979.2599,47.764757
252,6,504.6000,34.9291,20.055656,14.455626,3.141796,979.2595,47.761214
252,7,504.5000,34.9306,20.056602,14.455155,3.141962,979.2590,47.757672
252,8,504.4000,34.9320,20.057549,14.454685,3.142129,979.2586,47.754130
252,9,504.3000,34.9335,20.058495,14.454214,3.142296,979.2582,47.750589
252,10,504.2000,34.9349,20.059441,14.453743,3.142462,979.2578,47.747049
253,1,646.5000,33.2116,20.050588,12.631018,3.105760,1020.1190,45.657464
253,2,646.4000,33.2130,20.051538,12.630547,3.105927,1020.1174,45.654969
253,3,646.3000,33.2144,20.052488,12.630076,3.106094,1020.1158,45.652474
253,4,646.2000,33.2158,20.053437,12.629605,3.106260,1020.1142,45.649978
253,5,646.1000,33.2172,20.054387,12.629134,3.106427,1020.1127,45.647483
253,6,646.0000,33.2186,20.055337,12.628662,3.106594,1020.1111,45.644988
253,7,645.9000,33.2200,20.056286,12.628191,3.106760,1020.1095,45.642494
253,8,645.8000,33.2214,20.057236,12.627720,3.106927,1020.1079,45.639999
253,9,645.7000,33.2228,20.058186,12.627249,3.107094,1020.1063,45.637504
253,10,645.6000,33.2242,20.059135,12.626778,3.107260,1020.1048,45.635009
258,1,808.7000,30.4442,21.675905,10.050019,3.430361,1055.5357,30.000000
258,2,808.8000,30.4429,21.674956,10.050505,3.430195,1055.5388,29.993458
258,3,808.9000,30.4417,21.674006,10.050992,3.430028,1055.5419,29.986918
258,4,809.0000,30.4405,21.673057,10.051479,3.429861,1055.5450,29.980382
258,5,809.1000,30.4393,21.672108,10.051965,3.429695,1055.5481,29.973847
258,6,809.2000,30.4380,21.671158,10.052452,3.429528,1055.5512,29.967306
258,7,809.3000,30.4368,21.670208,10.052939,3.429361,1055.5543,29.960767
258,8,809.4000,30.4356,21.669259,10.053425,3.429195,1055.5574,29.954232
258,9,809.5000,30.4344,21.668309,10.053912,3.429028,1055.5605,29.947699
258,10,809.6000,30.4331,21.667360,10.054399,3.428861,1055.5636,29.941168
260,1,515.0000,34.4348,20.050542,18.663039,3.124189,889.2377,50.000000
260,2,514.9000,34.4363,20.051488,18.662583,3.124356,889.2392,49.994546
260,3,514.8000,34.4378,20.052433,18.662127,3.124522,889.2407,49.989092
260,4,514.7000,34.4392,20.053379,18.661671,3.124689,889.2423,49.983638
260,5,514.6000,34.4407,20.054324,18.661215,3.124856,889.2438,49.978185
260,6,514.5000,34.4421,20.055269,18.660759,3.125022,889.2453,49.972732
260,7,514.4000,34.4436,20.056215,18.660303,3.125189,889.2469,49.967278
260,8,514.3000,34.4450,20.057160,18.659847,3.125356,889.2484,49.961825
260,9,514.2000,34.4465,20.058105,18.659391,3.125522,889.2499,49.956372
260,10,514.1000,34.4479,20.059051,18.658935,3.125689,889.2515,49.950920
261,1,79.7000,38.3885,20.050197,17.540154,3.175653,912.7541,50.000000
261,2,79.6000,38.3893,20.051118,17.539696,3.175819,912.7553,49.934836
261,3,79.5000,38.3901,20.052040,17.539238,3.175986,912.7565,49.869675
261,4,79.4000,38.3908,20.052962,17.538779,3.176153,912.7578,49.804525
261,5,79.3000,38.3916,20.053883,17.538321,3.176319,912.7590,49.739389
261,6,79.2000,38.3924,20.054805,17.537863,3.176486,912.7603,49.674265
261,7,79.1000,38.3931,20.055727,17.537404,3.176653,912.7615,49.609132
261,8,79.0000,38.3939,20.056648,17.536946,3.176819,912.7628,49.544006
261,9,78.9000,38.3947,20.057570,17.536488,3.176986,912.7640,49.478890
261,10,78.8000,38.3954,20.058491,17.536030,3.177153,912.7653,49.413788
267,1,861.4000,30.6440,20.050420,19.515908,3.232720,871.6271,50.000000
267,2,861.3000,30.6452,20.051385,19.515444,3.232886,871.6290,49.994481
267,3,861.2000,30.6465,20.052351,19.514980,3.233053,871.6310,49.988963
267,4,861.1000,30.6478,20.053317,19.514516,3.233220,871.6329,49.983445
267,5,861.0000,30.6491,20.054283,19.514052,3.233386,871.6349,49.977927
267,6,860.9000,30.6504,20.055248,19.513588,3.233553,871.6368,49.972410
267,7,860.8000,30.6516,20.056214,19.513124,3.233720,871.6387,49.966892
267,8,860.7000,30.6529,20.057180,19.512660,3.233886,871.6407,49.961375
267,9,860.6000,30.6542,20.058145,19.512197,3.234053,871.6426,49.955858
267,10,860.5000,30.6555,20.059111,19.511733,3.234220,871.6445,49.950341
268,1,1154.1000,24.6497,20.050944,12.746949,3.084427,1017.4893,44.872079
268,2,1154.0000,24.6527,20.051954,12.746467,3.084594,1017.4873,44.869824
268,3,1153.9000,24.6557,20.052964,12.745985,3.084761,1017.4853,44.867567
268,4,1153.8000,24.6586,20.053974,12.745503,3.084927,1017.4833,44.865310
268,5,1153.7000,24.6616,20.054984,12.745020,3.085094,1017.4812,44.863054
268,6,1153.6000,24.6646,20.055994,12.744538,3.085261,1017.4792,44.860798
268,7,1153.5000,24.6675,20.057004,12.744056,3.085427,1017.4772,44.858544
268,8,1153.4000,24.6705,20.058014,12.743574,3.085594,1017.4752,44.856287
268,9,1153.3000,24.6735,20.059024,12.743091,3.085761,1017.4731,44.854030
268,10,1153.2000,24.6764,20.060034,12.742609,3.085927,1017.4711,44.851774
271,1,355.4000,35.8860,20.050673,17.736811,3.137911,908.6046,50.000000
271,2,355.3000,35.8873,20.051613,17.736351,3.138078,908.6058,49.989430
271,3,355.2000,35.8886,20.052553,17.735891,3.138244,908.6070,49.978862
271,4,355.1000,35.8899,20.053493,17.735431,3.138411,908.6083,49.968295
271,5,355.0000,35.8911,20.054432,17.734971,3.138578,908.6095,49.957729
271,6,354.9000,35.8924,20.055372,17.734511,3.138744,908.6107,49.947166
271,7,354.8000,35.8937,20.056312,17.734052,3.138911,908.6119,49.936600
271,8,354.7000,35.8950,20.057252,17.733592,3.139078,908.6131,49.926035
271,9,354.6000,35.8962,20.058192,17.733132,3.139244,908.6143,49.915472
271,10,354.5000,35.8975,20.059132,17.732672,3.139411,908.6155,49.904909
272,1,1828.4000,23.5680,22.631614,10.050410,3.641559,1041.7918,30.000000
272,2,1828.5000,23.5664,22.630639,10.050905,3.641393,1041.7952,29.995626
272,3,1828.6000,23.5648,22.629664,10.051400,3.641226,1041.7985,29.991253
272,4,1828.7000,23.5632,22.628689,10.051895,3.641059,1041.8018,29.986882
272,5,1828.8000,23.5616,22.627714,10.052390,3.640893,1041.8051,29.982512
272,6,1828.9000,23.5600,22.626739,10.052885,3.640726,1041.8085,29.978141
272,7,1829.0000,23.5584,22.625763,10.053379,3.640559,1041.8118,29.973769
272,8,1829.1000,23.5568,22.624788,10.053874,3.640393,1041.8151,29.969398
272,9,1829.2000,23.5552,22.623813,10.054369,3.640226,1041.8184,29.965029
272,10,1829.3000,23.5536,22.622838,10.054864,3.640059,1041.8218,29.960662
276,1,35.9000,38.7273,20.050769,15.734285,3.166852,951.3617,50.000000
276,2,35.8000,38.7280,20.051687,15.733822,3.167019,951.3621,49.853939
276,3,35.7000,38.7288,20.052606,15.733360,3.167185,951.3625,49.707902
276,4,35.6000,38.7295,20.053525,15.732897,3.167352,951.3630,49.561945
276,5,35.5000,38.7303,20.054444,15.732435,3.167519,951.3634,49.416080
276,6,35.4000,38.7310,20.055363,15.731973,3.167685,951.3638,49.270280
276,7,35.3000,38.7318,20.056282,15.731510,3.167852,951.3643,49.124406
276,8,35.2000,38.7326,20.057201,15.731048,3.168019,951.3647,48.978570
276,9,35.1000,38.7333,20.058119,15.730585,3.168185,951.3651,48.832825
276,10,35.0000,38.7341,20.059038,15.730123,3.168352,951.3655,48.687173
277,1,0.0000,38.9990,20.739552,14.092840,3.290597,979.3497,30.000000
277,2,0.1000,38.9983,20.738642,14.093306,3.290430,979.3501,29.978647
277,3,0.2000,38.9976,20.737731,14.093772,3.290264,979.3505,29.957227
277,4,0.3000,38.9969,20.736821,14.094238,3.290097,979.3509,29.935841
277,5,0.4000,38.9962,20.735910,14.094704,3.289930,979.3513,29.914492
277,6,0.5000,38.9955,20.735000,14.095170,3.289764,979.3517,29.893175
277,7,0.6000,38.9948,20.734089,14.095637,3.289597,979.3521,29.871893
277,8,0.7000,38.9941,20.733178,14.096103,3.289430,979.3524,29.850540
277,9,0.8000,38.9934,20.732268,14.096569,3.289264,979.3528,29.829228
277,10,0.9000,38.9927,20.731357,14.097035,3.289097,979.3532,29.807974
282,1,911.6000,29.5570,20.050418,14.013599,3.199853,989.1041,47.197177
282,2,911.5000,29.5583,20.051392,14.013121,3.200020,989.1033,47.194085
282,3,911.4000,29.5596,20.052366,14.012643,3.200186,989.1024,47.190994
282,4,911.3000,29.5609,20.053340,14.012165,3.200353,989.1016,47.187903
282,5,911.2000,29.5623,20.054314,14.011687,3.200520,989.1007,47.184812
282,6,911.1000,29.5636,20.055288,14.011209,3.200686,989.0999,47.181722
282,7,911.0000,29.5649,20.056262,14.010731,3.200853,989.0991,47.178631
282,8,910.9000,29.5663,20.057235,14.010253,3.201020,989.0982,47.175540
282,9,910.8000,29.5676,20.058209,14.009775,3.201186,989.0974,47.172450
282,10,910.7000,29.5689,20.059183,14.009297,3.201353,989.0966,47.169359
284,1,1008.3000,29.8423,20.050736,14.492170,3.142555,978.5095,47.587391
284,2,1008.2000,29.8435,20.051702,14.491702,3.142722,978.5088,47.584178
284,3,1008.1000,29.8447,20.052668,14.491233,3.142888,978.5081,47.580965
284,4,1008.0000,29.8459,20.053634,14.490764,3.143055,978.5075,47.577753
284,5,1007.9000,29.8471,20.054600,14.490296,3.143222,978.5068,47.574542
284,6,1007.8000,29.8482,20.055566,14.489827,3.143388,978.5062,47.571329
284,7,1007.7000,29.8494,20.056532,14.489358,3.143555,978.5055,47.568117
284,8,1007.6000,29.8506,20.057498,14.488889,3.143722,978.5048,47.564905
284,9,1007.5000,29.8518,20.058464,14.488421,3.143888,978.5042,47.561694
284,10,1007.4000,29.8530,20.059430,14.487952,3.144055,978.5035,47.558483
285,1,1564.4000,22.7065,20.050146,12.946915,3.189483,1012.9821,44.997808
285,2,1564.3000,22.7071,20.051150,12.946433,3.189649,1012.9803,44.995318
285,3,1564.2000,22.7078,20.052154,12.945950,3.189816,1012.9785,44.992828
285,4,1564.1000,22.7085,20.053159,12.945468,3.189983,1012.9767,44.990338
285,5,1564.0000,22.7092,20.054163,12.944986,3.190149,1012.9749,44.987849
285,6,1563.9000,22.7099,20.055167,12.944504,3.190316,1012.9730,44.985361
285,7,1563.8000,22.7106,20.056172,12.944022,3.190483,1012.9712,44.982871
285,8,1563.7000,22.7113,20.057176,12.943540,3.190649,1012.9694,44.980382
285,9,1563.6000,22.7120,20.058180,12.943057,3.190816,1012.9676,44.977894
285,10,1563.5000,22.7127,20.059184,12.942575,3.190983,1012.9658,44.975405
287,1,740.7000,31.5262,20.050465,14.630778,3.175755,975.4589,48.131016
287,2,740.6000,31.5275,20.051428,14.630304,3.175922,975.4584,48.127652
287,3,740.5000,31.5289,20.052391,14.629831,3.176088,975.4580,48.124287
287,4,740.4000,31.5302,20.053355,14.629358,3.176255,975.4575,48.120922
287,5,740.3000,31.5316,20.054318,14.628884,3.176422,975.4571,48.117558
287,6,740.2000,31.5329,20.055281,14.628411,3.176588,975.4566,48.114194
287,7,740.1000,31.5343,20.056244,14.627938,3.176755,975.4562,48.110831
287,8,740.0000,31.5356,20.057208,14.627465,3.176922,975.4558,48.107466
287,9,739.9000,31.5370,20.058171,14.626991,3.177088,975.4553,48.104103
287,10,739.8000,31.5384,20.059134,14.626518,3.177255,975.4549,48.100739
289,1,1021.1000,28.9783,20.050378,12.266256,3.185727,1028.4105,42.475413
289,2,1021.0000,28.9795,20.051349,12.265778,3.185893,1028.4086,42.473241
289,3,1020.9000,28.9808,20.052319,12.265299,3.186060,1028.4067,42.471069
289,4,1020.8000,28.9821,20.053290,12.264820,3.186227,1028.4047,42.468896
289,5,1020.7000,28.9833,20.054260,12.264342,3.186393,1028.4028,42.466724
289,6,1020.6000,28.9846,20.055231,12.263863,3.186560,1028.4009,42.464552
289,7,1020.5000,28.9859,20.056201,12.263385,3.186727,1028.3990,42.462381
289,8,1020.4000,28.9872,20.057172,12.262906,3.186893,1028.3970,42.460210
289,9,1020.3000,28.9884,20.058142,12.262427,3.187060,1028.3951,42.458038
289,10,1020.2000,28.9897,20.059113,12.261949,3.187227,1028.3932,42.455867
292,1,0.0000,38.9990,20.734010,11.296928,3.257027,1041.1197,30.000000
292,2,0.1000,38.9983,20.733105,11.297397,3.256861,1041.1217,29.985579
292,3,0.2000,38.9975,20.732200,11.297866,3.256694,1041.1237,29.971161
292,4,0.3000,38.9968,20.731295,11.298334,3.256527,1041.1256,29.956752
292,5,0.4000,38.9960,20.730390,11.298803,3.256361,1041.1276,29.942352
292,6,0.5000,38.9953,20.729485,11.299272,3.256194,1041.1295,29.927961
292,7,0.6000,38.9945,20.728580,11.299741,3.256027,1041.1315,29.913556
292,8,0.7000,38.9938,20.727675,11.300209,3.255861,1041.1335,29.899154
292,9,0.8000,38.9930,20.726770,11.300678,3.255694,1041.1354,29.884762
292,10,0.9000,38.9923,20.725865,11.301147,3.255527,1041.1374,29.870378
293,1,884.6000,28.3881,20.050853,15.672304,3.181090,952.7039,49.285938
293,2,884.5000,28.3888,20.051829,15.671832,3.181257,952.7039,49.282106
293,3,884.4000,28.3894,20.052804,15.671359,3.181423,952.7039,49.278274
293,4,884.3000,28.3901,20.053779,15.670887,3.181590,952.7040,49.274442
293,5,884.2000,28.3908,20.054755,15.670414,3.181757,952.7040,49.270611
293,6,884.1000,28.3914,20.055730,15.669942,3.181923,952.7040,49.266781
293,7,884.0000,28.3921,20.056705,15.669469,3.182090,952.7040,49.262949
293,8,883.9000,28.3928,20.057681,15.668997,3.182257,952.7041,49.259119
293,9,883.8000,28.3934,20.058656,15.668524,3.182423,952.7041,49.255288
293,10,883.7000,28.3941,20.059631,15.668052,3.182590,952.7041,49.251458
295,1,279.9000,36.9186,20.050554,20.842438,3.161796,847.4426,50.000000
295,2,279.8000,36.9194,20.051488,20.841985,3.161963,847.4435,49.985057
295,3,279.7000,36.9201,20.052422,20.841531,3.162130,847.4444,49.970115
295,4,279.6000,36.9209,20.053356,20.841077,3.162296,847.4454,49.955176
295,5,279.5000,36.9216,20.054291,20.840624,3.162463,847.4463,49.940238
295,6,279.4000,36.9224,20.055225,20.840170,3.162630,847.4472,49.925300
295,7,279.3000,36.9231,20.056159,20.839716,3.162796,847.4481,49.910361
295,8,279.2000,36.9238,20.057093,20.839262,3.162963,847.4491,49.895423
295,9,279.1000,36.9246,20.058027,20.838809,3.163130,847.4500,49.880487
295,10,279.0000,36.9253,20.058961,20.838355,3.163296,847.4509,49.865553
296,1,217.5000,37.5935,20.050917,17.417224,3.172863,915.3444,50.000000
296,2,217.4000,37.5941,20.051843,17.416766,3.173029,915.3456,49.973928
296,3,217.3000,37.5948,20.052770,17.416307,3.173196,915.3467,49.947862
296,4,217.2000,37.5954,20.053697,17.415849,3.173363,915.3479,49.921791
296,5,217.1000,37.5961,20.054623,17.415391,3.173529,915.3490,49.895722
296,6,217.0000,37.5967,20.055550,17.414932,3.173696,915.3501,49.869658
296,7,216.9000,37.5974,20.056476,17.414474,3.173863,915.3513,49.843599
296,8,216.8000,37.5980,20.057403,17.414016,3.174029,915.3524,49.817545
296,9,216.7000,37.5987,20.058329,17.413557,3.174196,915.3535,49.791484
296,10,216.6000,37.5993,20.059256,17.413099,3.174363,915.3547,49.765427
297,1,2178.6000,15.1422,20.164410,10.050217,3.171499,1078.0097,30.000000
297,2,2178.7000,15.1408,20.163359,10.050713,3.171332,1078.0140,29.907063
297,3,2178.8000,15.1394,20.162309,10.051209,3.171166,1078.0184,29.814051
297,4,2178.9000,15.1380,20.161258,10.051704,3.170999,1078.0227,29.721059
297,5,2179.0000,15.1366,20.160208,10.052200,3.170832,1078.0270,29.628110
297,6,2179.1000,15.1352,20.159157,10.052695,3.170666,1078.0314,29.535197
297,7,2179.2000,15.1338,20.158107,10.053191,3.170499,1078.0357,29.442303
297,8,2179.3000,15.1324,20.157056,10.053687,3.170332,1078.0400,29.349323
297,9,2179.4000,15.1310,20.156006,10.054182,3.170166,1078.0444,29.256361
297,10,2179.5000,15.1296,20.154955,10.054678,3.169999,1078.0487,29.163443
298,1,38.3000,38.7049,22.999595,11.091653,3.615323,1014.9528,32.117192
298,2,38.4000,38.7042,22.998707,11.092125,3.615156,1014.9547,32.113688
298,3,38.5000,38.7034,22.997820,11.092598,3.614989,1014.9567,32.110187
298,4,38.6000,38.7026,22.996932,11.093070,3.614823,1014.9586,32.106686
298,5,38.7000,38.7019,22.996045,11.093542,3.614656,1014.9606,32.103186
298,6,38.8000,38.7011,22.995157,11.094015,3.614489,1014.9625,32.099684
298,7,38.9000,38.7003,22.994269,11.094487,3.614323,1014.9645,32.096183
298,8,39.0000,38.6996,22.993382,11.094960,3.614156,1014.9664,32.092684
298,9,39.1000,38.6988,22.992494,11.095432,3.613989,1014.9684,32.089186
298,10,39.2000,38.6980,22.991606,11.095904,3.613823,1014.9703,32.085688
300,1,356.0000,36.8256,20.050134,14.522206,3.196279,977.8540,39.473144
300,2,355.9000,36.8263,20.051060,14.521739,3.196446,977.8538,39.468919
300,3,355.8000,36.8270,20.051986,14.521272,3.196613,977.8536,39.464695
300,4,355.7000,36.8277,20.052912,14.520805,3.196779,977.8534,39.460471
300,5,355.6000,36.8284,20.053838,14.520338,3.196946,977.8532,39.456246
300,6,355.5000,36.8291,20.054764,14.519870,3.197113,977.8530,39.452024
300,7,355.4000,36.8298,20.055690,14.519403,3.197279,977.8527,39.447805
300,8,355.3000,36.8305,20.056616,14.518936,3.197446,977.8525,39.443588
300,9,355.2000,36.8312,20.057542,14.518469,3.197613,977.8523,39.439370
300,10,355.1000,36.8319,20.058468,14.518001,3.197779,977.8521,39.435152
