case_id,rank,start_time_s,start_distance_km,T_end,SOC_end_pct,E_heat_kwh,charge_time_s,score
1,1,1355.5000,29.3865,22.999394,10.299585,3.704459,1031.3970,33.307299
1,2,1355.6000,29.3849,22.998456,10.300072,3.704292,1031.3998,33.305179
1,3,1355.7000,29.3834,22.997518,10.300560,3.704126,1031.4026,33.303060
1,4,1355.8000,29.3818,22.996579,10.301047,3.703959,1031.4054,33.300942
1,5,1355.9000,29.3803,22.995641,10.301534,3.703792,1031.4082,33.298821
1,6,1356.0000,29.3787,22.994703,10.302022,3.703626,1031.4110,33.296701
1,7,1356.1000,29.3772,22.993764,10.302509,3.703459,1031.4139,33.294582
1,8,1356.2000,29.3756,22.992826,10.302997,3.703292,1031.4167,33.292465
1,9,1356.3000,29.3741,22.991887,10.303484,3.703126,1031.4195,33.290349
1,10,1355.4000,29.3880,23.000333,10.299097,3.704626,1031.4016,33.289623
2,1,370.3000,35.7923,20.000305,16.589951,3.135783,933.4367,50.000000
2,2,370.2000,35.7936,20.001247,16.589487,3.135949,933.4374,49.991690
2,3,370.1000,35.7949,20.002188,16.589023,3.136116,933.4381,49.983383
2,4,370.0000,35.7962,20.003130,16.588559,3.136283,933.4388,49.975076
2,5,369.9000,35.7974,20.004072,16.588095,3.136449,933.4394,49.966771
2,6,369.8000,35.7987,20.005014,16.587631,3.136616,933.4401,49.958464
2,7,369.7000,35.8000,20.005956,16.587167,3.136783,933.4408,49.950158
2,8,369.6000,35.8013,20.006898,16.586703,3.136949,933.4415,49.941854
2,9,369.5000,35.8025,20.007840,16.586239,3.137116,933.4422,49.933552
2,10,369.4000,35.8038,20.008782,16.585775,3.137283,933.4429,49.925251
3,1,551.6000,35.2508,20.000446,14.301165,3.172710,983.3079,48.046672
3,2,551.5000,35.2515,20.001383,14.300697,3.172877,983.3074,48.043411
3,3,551.4000,35.2522,20.002320,14.300229,3.173044,983.3070,48.040149
3,4,551.3000,35.2529,20.003257,14.299760,3.173210,983.3065,48.036889
3,5,551.2000,35.2537,20.004194,14.299292,3.173377,983.3061,48.033628
3,6,551.1000,35.2544,20.005131,14.298824,3.173544,983.3056,48.030368
3,7,551.0000,35.2551,20.006068,14.298356,3.173710,983.3052,48.027107
3,8,550.9000,35.2558,20.007004,14.297888,3.173877,983.3047,48.023847
3,9,550.8000,35.2565,20.007941,14.297420,3.174044,983.3043,48.020587
3,10,550.7000,35.2572,20.008878,14.296951,3.174210,983.3038,48.017327
5,1,672.1000,32.1645,21.305656,10.000322,3.382254,1062.0677,30.000000
5,2,672.2000,32.1633,21.304711,10.000809,3.382087,1062.0708,29.992025
5,3,672.3000,32.1620,21.303766,10.001296,3.381921,1062.0738,29.984047
5,4,672.4000,32.1608,21.302821,10.001782,3.381754,1062.0768,29.976073
5,5,672.5000,32.1596,21.301876,10.002269,3.381587,1062.0799,29.968101
5,6,672.6000,32.1584,21.300931,10.002756,3.381421,1062.0829,29.960134
5,7,672.7000,32.1572,21.299986,10.003242,3.381254,1062.0860,29.952164
5,8,672.8000,32.1560,21.299041,10.003729,3.381087,1062.0890,29.944192
5,9,672.9000,32.1548,21.298096,10.004215,3.380921,1062.0921,29.936222
5,10,673.0000,32.1536,21.297150,10.004702,3.380754,1062.0951,29.928256
7,1,1700.0000,21.4321,21.381561,10.000416,3.373456,1060.9467,30.000000
7,2,1700.1000,21.4314,21.380563,10.000907,3.373289,1060.9505,29.992052
7,3,1700.2000,21.4307,21.379565,10.001398,3.373123,1060.9542,29.984108
7,4,1700.3000,21.4300,21.378566,10.001889,3.372956,1060.9579,29.976166
7,5,1700.4000,21.4292,21.377568,10.002380,3.372789,1060.9616,29.968228
7,6,1700.5000,21.4285,21.376569,10.002872,3.372623,1060.9654,29.960290
7,7,1700.6000,21.4278,21.375571,10.003363,3.372456,1060.9691,29.952347
7,8,1700.7000,21.4270,21.374572,10.003854,3.372289,1060.9728,29.944408
7,9,1700.8000,21.4263,21.373573,10.004345,3.372123,1060.9766,29.936471
7,10,1700.9000,21.4256,21.372575,10.004837,3.371956,1060.9803,29.928537
8,1,655.5000,30.8510,20.000633,17.613856,3.104052,911.6502,50.000000
8,2,655.4000,30.8526,20.001604,17.613392,3.104219,911.6511,49.995448
8,3,655.3000,30.8541,20.002575,17.612927,3.104386,911.6521,49.990897
8,4,655.2000,30.8557,20.003547,17.612463,3.104552,911.6531,49.986346
8,5,655.1000,30.8572,20.004518,17.611998,3.104719,911.6540,49.981795
8,6,655.0000,30.8588,20.005490,17.611534,3.104886,911.6550,49.977243
8,7,654.9000,30.8604,20.006461,17.611069,3.105052,911.6560,49.972693
8,8,654.8000,30.8619,20.007433,17.610605,3.105219,911.6569,49.968142
8,9,654.7000,30.8635,20.008404,17.610140,3.105386,911.6579,49.963592
8,10,654.6000,30.8650,20.009375,17.609676,3.105552,911.6589,49.959042
10,1,1768.9000,19.3452,20.573394,10.000245,3.257782,1072.9861,30.000000
10,2,1769.0000,19.3445,20.572374,10.000740,3.257616,1072.9901,29.981518
10,3,1769.1000,19.3437,20.571354,10.001234,3.257449,1072.9940,29.963019
10,4,1769.2000,19.3430,20.570334,10.001728,3.257282,1072.9980,29.944526
10,5,1769.3000,19.3423,20.569314,10.002222,3.257116,1073.0020,29.926040
10,6,1769.4000,19.3416,20.568294,10.002716,3.256949,1073.0059,29.907563
10,7,1769.5000,19.3409,20.567273,10.003210,3.256782,1073.0099,29.889093
10,8,1769.6000,19.3402,20.566253,10.003705,3.256616,1073.0139,29.870605
10,9,1769.7000,19.3394,20.565233,10.004199,3.256449,1073.0178,29.852124
10,10,1769.8000,19.3387,20.564213,10.004693,3.256282,1073.0218,29.833648
11,1,244.4000,37.5098,20.000598,17.236221,3.157446,919.6474,50.000000
11,2,244.3000,37.5104,20.001525,17.235761,3.157613,919.6485,49.976159
11,3,244.2000,37.5111,20.002452,17.235301,3.157779,919.6496,49.952324
11,4,244.1000,37.5117,20.003380,17.234841,3.157946,919.6507,49.928495
11,5,244.0000,37.5123,20.004307,17.234381,3.158113,919.6518,49.904664
11,6,243.9000,37.5129,20.005234,17.233921,3.158279,919.6528,49.880833
11,7,243.8000,37.5135,20.006162,17.233461,3.158446,919.6539,49.857005
11,8,243.7000,37.5141,20.007089,17.233001,3.158613,919.6550,49.833183
11,9,243.6000,37.5147,20.008017,17.232541,3.158779,919.6561,49.809368
11,10,243.5000,37.5153,20.008944,17.232081,3.158946,919.6572,49.785550
14,1,1887.5000,19.4290,20.438502,10.000030,3.256295,1075.0267,30.000000
14,2,1887.6000,19.4284,20.437484,10.000522,3.256129,1075.0306,29.976093
14,3,1887.7000,19.4278,20.436467,10.001015,3.255962,1075.0346,29.952194
14,4,1887.8000,19.4271,20.435450,10.001507,3.255795,1075.0385,29.928277
14,5,1887.9000,19.4265,20.434432,10.002000,3.255629,1075.0425,29.904369
14,6,1888.0000,19.4258,20.433415,10.002492,3.255462,1075.0464,29.880470
14,7,1888.1000,19.4252,20.432397,10.002985,3.255295,1075.0504,29.856579
14,8,1888.2000,19.4246,20.431380,10.003477,3.255129,1075.0543,29.832695
14,9,1888.3000,19.4239,20.430362,10.003970,3.254962,1075.0583,29.808794
14,10,1888.4000,19.4233,20.429345,10.004462,3.254795,1075.0622,29.784902
16,1,735.3000,31.9099,20.000428,14.043942,3.174546,989.0175,47.457517
16,2,735.2000,31.9112,20.001389,14.043467,3.174713,989.0167,47.454443
16,3,735.1000,31.9125,20.002350,14.042992,3.174879,989.0160,47.451370
16,4,735.0000,31.9137,20.003311,14.042518,3.175046,989.0153,47.448297
16,5,734.9000,31.9150,20.004271,14.042043,3.175213,989.0145,47.445224
16,6,734.8000,31.9163,20.005232,14.041568,3.175379,989.0138,47.442150
16,7,734.7000,31.9176,20.006193,14.041093,3.175546,989.0131,47.439077
16,8,734.6000,31.9189,20.007153,14.040619,3.175713,989.0123,47.436004
16,9,734.5000,31.9202,20.008114,14.040144,3.175879,989.0116,47.432932
16,10,734.4000,31.9215,20.009075,14.039669,3.176046,989.0109,47.429860
17,1,349.9000,35.7436,20.000662,17.283491,3.136414,918.6435,50.000000
17,2,349.8000,35.7448,20.001604,17.283029,3.136581,918.6445,49.988601
17,3,349.7000,35.7461,20.002545,17.282568,3.136747,918.6455,49.977204
17,4,349.6000,35.7474,20.003487,17.282106,3.136914,918.6465,49.965810
17,5,349.5000,35.7487,20.004428,17.281645,3.137081,918.6475,49.954414
17,6,349.4000,35.7500,20.005370,17.281183,3.137247,918.6485,49.943017
17,7,349.3000,35.7513,20.006311,17.280722,3.137414,918.6495,49.931621
17,8,349.2000,35.7526,20.007253,17.280260,3.137581,918.6505,49.920228
17,9,349.1000,35.7539,20.008194,17.279799,3.137747,918.6515,49.908837
17,10,349.0000,35.7552,20.009136,17.279337,3.137914,918.6525,49.897444
20,1,67.4000,38.4886,20.000057,17.906992,3.171982,905.4774,50.000000
20,2,67.3000,38.4893,20.000979,17.906535,3.172149,905.4788,49.923718
20,3,67.2000,38.4901,20.001900,17.906078,3.172316,905.4802,49.847429
20,4,67.1000,38.4909,20.002822,17.905621,3.172482,905.4817,49.771153
20,5,67.0000,38.4916,20.003743,17.905164,3.172649,905.4831,49.694890
20,6,66.9000,38.4924,20.004664,17.904707,3.172816,905.4845,49.618635
20,7,66.8000,38.4931,20.005586,17.904250,3.172982,905.4859,49.542382
20,8,66.7000,38.4939,20.006507,17.903793,3.173149,905.4873,49.466121
20,9,66.6000,38.4947,20.007428,17.903336,3.173316,905.4887,49.389873
20,10,66.5000,38.4954,20.008350,17.902879,3.173482,905.4901,49.313637
21,1,622.4000,33.2254,22.688599,10.000162,3.592457,1042.0485,30.000000
21,2,622.5000,33.2239,22.687677,10.000645,3.592290,1042.0514,29.995960
21,3,622.6000,33.2225,22.686755,10.001127,3.592123,1042.0543,29.991917
21,4,622.7000,33.2211,22.685833,10.001610,3.591957,1042.0571,29.987875
21,5,622.8000,33.2197,22.684912,10.002093,3.591790,1042.0600,29.983835
21,6,622.9000,33.2183,22.683990,10.002576,3.591623,1042.0629,29.979796
21,7,623.0000,33.2169,22.683068,10.003058,3.591457,1042.0657,29.975759
21,8,623.1000,33.2155,22.682146,10.003541,3.591290,1042.0686,29.971718
21,9,623.2000,33.2141,22.681224,10.004024,3.591123,1042.0715,29.967678
21,10,623.3000,33.2126,22.680302,10.004506,3.590957,1042.0743,29.963640
22,1,1601.5000,23.8353,20.000824,13.324369,3.193698,1005.0993,45.742338
22,2,1601.4000,23.8367,20.001828,13.323886,3.193864,1005.0977,45.739717
22,3,1601.3000,23.8381,20.002831,13.323403,3.194031,1005.0962,45.737097
22,4,1601.2000,23.8395,20.003835,13.322919,3.194198,1005.0947,45.734475
22,5,1601.1000,23.8409,20.004839,13.322436,3.194364,1005.0932,45.731854
22,6,1601.0000,23.8423,20.005842,13.321953,3.194531,1005.0916,45.729234
22,7,1600.9000,23.8437,20.006846,13.321470,3.194698,1005.0901,45.726614
22,8,1600.8000,23.8451,20.007850,13.320987,3.194864,1005.0886,45.723994
22,9,1600.7000,23.8465,20.008853,13.320503,3.195031,1005.0871,45.721373
22,10,1600.6000,23.8480,20.009857,13.320020,3.195198,1005.0855,45.718753
23,1,951.6000,30.5484,20.000548,16.309560,3.169231,939.4556,50.000000
23,2,951.5000,30.5497,20.001516,16.309092,3.169398,939.4559,49.995979
23,3,951.4000,30.5510,20.002484,16.308624,3.169565,939.4563,49.991958
23,4,951.3000,30.5523,20.003452,16.308156,3.169731,939.4567,49.987938
23,5,951.2000,30.5535,20.004419,16.307687,3.169898,939.4571,49.983917
23,6,951.1000,30.5548,20.005387,16.307219,3.170065,939.4574,49.979896
23,7,951.0000,30.5561,20.006355,16.306751,3.170231,939.4578,49.975876
23,8,950.9000,30.5574,20.007323,16.306283,3.170398,939.4582,49.971857
23,9,950.8000,30.5586,20.008290,16.305815,3.170565,939.4586,49.967837
23,10,950.7000,30.5599,20.009258,16.305347,3.170731,939.4589,49.963817
25,1,0.0000,39.0000,22.404418,13.509829,3.569134,972.4836,30.000000
25,2,0.1000,38.9994,22.403526,13.510297,3.568967,972.4842,29.990376
25,3,0.2000,38.9987,22.402634,13.510765,3.568800,972.4849,29.980746
25,4,0.3000,38.9981,22.401742,13.511233,3.568634,972.4855,29.971114
25,5,0.4000,38.9975,22.400850,13.511701,3.568467,972.4862,29.961495
25,6,0.5000,38.9968,22.399958,13.512169,3.568300,972.4868,29.951885
25,7,0.6000,38.9962,22.399065,13.512638,3.568134,972.4875,29.942284
25,8,0.7000,38.9956,22.398173,13.513106,3.567967,972.4881,29.932674
25,9,0.8000,38.9949,22.397281,13.513574,3.567800,972.4888,29.923065
25,10,0.9000,38.9943,22.396389,13.514042,3.567634,972.4894,29.913467
29,1,1290.3000,27.8455,20.087498,10.000070,3.131010,1080.3588,30.000000
29,2,1290.4000,27.8441,20.086520,10.000553,3.130843,1080.3624,29.887244
29,3,1290.5000,27.8427,20.085542,10.001035,3.130676,1080.3659,29.774545
29,4,1290.6000,27.8413,20.084564,10.001517,3.130510,1080.3695,29.661798
29,5,1290.7000,27.8399,20.083586,10.001999,3.130343,1080.3731,29.548998
29,6,1290.8000,27.8385,20.082608,10.002482,3.130176,1080.3767,29.436244
29,7,1290.9000,27.8371,20.081630,10.002964,3.130010,1080.3803,29.323541
29,8,1291.0000,27.8357,20.080652,10.003446,3.129843,1080.3839,29.210895
29,9,1291.1000,27.8343,20.079674,10.003929,3.129676,1080.3874,29.098201
29,10,1291.2000,27.8329,20.078696,10.004411,3.129510,1080.3910,28.985453
30,1,995.0000,28.6427,20.000812,12.304252,3.154469,1028.1990,42.988553
30,2,994.9000,28.6434,20.001785,12.303774,3.154636,1028.1971,42.986362
30,3,994.8000,28.6442,20.002758,12.303296,3.154803,1028.1951,42.984172
30,4,994.7000,28.6450,20.003732,12.302818,3.154969,1028.1932,42.981981
30,5,994.6000,28.6457,20.004705,12.302340,3.155136,1028.1912,42.979790
30,6,994.5000,28.6465,20.005678,12.301861,3.155303,1028.1893,42.977599
30,7,994.4000,28.6473,20.006651,12.301383,3.155469,1028.1874,42.975409
30,8,994.3000,28.6480,20.007624,12.300905,3.155636,1028.1854,42.973219
30,9,994.2000,28.6488,20.008597,12.300427,3.155803,1028.1835,42.971030
30,10,994.1000,28.6496,20.009570,12.299949,3.155969,1028.1815,42.968840
31,1,916.7000,29.4476,22.336664,10.000253,3.466587,1047.0701,30.000000
31,2,916.8000,29.4450,22.335708,10.000739,3.466421,1047.0733,29.995591
31,3,916.9000,29.4424,22.334753,10.001226,3.466254,1047.0766,29.991185
31,4,917.0000,29.4399,22.333797,10.001712,3.466087,1047.0798,29.986775
31,5,917.1000,29.4373,22.332841,10.002199,3.465921,1047.0831,29.982363
31,6,917.2000,29.4347,22.331884,10.002685,3.465754,1047.0864,29.977952
31,7,917.3000,29.4322,22.330928,10.003171,3.465587,1047.0896,29.973545
31,8,917.4000,29.4296,22.329972,10.003658,3.465421,1047.0929,29.969139
31,9,917.5000,29.4270,22.329016,10.004144,3.465254,1047.0961,29.964730
31,10,917.6000,29.4245,22.328060,10.004631,3.465087,1047.0994,29.960319
35,1,111.2000,38.2960,20.000810,18.403915,3.182399,895.0568,50.000000
35,2,111.1000,38.2967,20.001736,18.403457,3.182566,895.0584,49.953026
35,3,111.0000,38.2973,20.002662,18.402999,3.182733,895.0600,49.906057
35,4,110.9000,38.2979,20.003587,18.402541,3.182899,895.0617,49.859091
35,5,110.8000,38.2986,20.004513,18.402083,3.183066,895.0633,49.812134
35,6,110.7000,38.2992,20.005438,18.401625,3.183233,895.0649,49.765183
35,7,110.6000,38.2998,20.006364,18.401167,3.183399,895.0666,49.718226
35,8,110.5000,38.3005,20.007289,18.400709,3.183566,895.0682,49.671273
35,9,110.4000,38.3011,20.008215,18.400251,3.183733,895.0698,49.624325
35,10,110.3000,38.3017,20.009140,18.399793,3.183899,895.0714,49.577384
38,1,1530.0000,24.1859,22.173672,10.000189,3.562663,1049.4144,30.000000
38,2,1530.1000,24.1851,22.172701,10.000680,3.562496,1049.4178,29.994764
38,3,1530.2000,24.1844,22.171730,10.001171,3.562329,1049.4212,29.989529
38,4,1530.3000,24.1836,22.170759,10.001662,3.562163,1049.4245,29.984296
38,5,1530.4000,24.1828,22.169788,10.002153,3.561996,1049.4279,29.979063
38,6,1530.5000,24.1821,22.168817,10.002643,3.561829,1049.4313,29.973828
38,7,1530.6000,24.1813,22.167847,10.003134,3.561663,1049.4346,29.968594
38,8,1530.7000,24.1805,22.166876,10.003625,3.561496,1049.4380,29.963361
38,9,1530.8000,24.1798,22.165905,10.004116,3.561329,1049.4414,29.958130
38,10,1530.9000,24.1790,22.164934,10.004606,3.561163,1049.4447,29.952902
41,1,665.3000,34.4064,22.467672,10.000034,3.548772,1045.1991,30.000000
41,2,665.4000,34.4057,22.466757,10.000514,3.548606,1045.2019,29.995606
41,3,665.5000,34.4050,22.465842,10.000993,3.548439,1045.2048,29.991210
41,4,665.6000,34.4042,22.464927,10.001473,3.548272,1045.2076,29.986814
41,5,665.7000,34.4035,22.464012,10.001952,3.548106,1045.2104,29.982420
41,6,665.8000,34.4028,22.463097,10.002432,3.547939,1045.2132,29.978028
41,7,665.9000,34.4020,22.462181,10.002911,3.547772,1045.2161,29.973637
41,8,666.0000,34.4013,22.461266,10.003391,3.547606,1045.2189,29.969244
41,9,666.1000,34.4005,22.460351,10.003871,3.547439,1045.2217,29.964851
41,10,666.2000,34.3998,22.459436,10.004350,3.547272,1045.2245,29.960460
42,1,1470.2000,21.1914,22.999298,10.435021,3.636826,1028.5761,34.595789
42,2,1470.3000,21.1901,22.998314,10.435512,3.636659,1028.5794,34.595094
42,3,1470.4000,21.1887,22.997330,10.436004,3.636493,1028.5826,34.594398
42,4,1470.5000,21.1874,22.996347,10.436495,3.636326,1028.5859,34.593704
42,5,1470.6000,21.1861,22.995363,10.436987,3.636159,1028.5892,34.593010
42,6,1470.7000,21.1847,22.994379,10.437478,3.635993,1028.5924,34.592317
42,7,1470.8000,21.1834,22.993395,10.437970,3.635826,1028.5957,34.591623
42,8,1470.9000,21.1821,22.992411,10.438461,3.635659,1028.5990,34.590929
42,9,1471.0000,21.1807,22.991428,10.438953,3.635493,1028.6022,34.590235
42,10,1471.1000,21.1794,22.990444,10.439444,3.635326,1028.6055,34.589542
43,1,447.3000,35.0679,20.000694,14.907645,3.124413,969.9281,47.491272
43,2,447.2000,35.0693,20.001637,14.907180,3.124580,969.9279,47.487150
43,3,447.1000,35.0708,20.002580,14.906714,3.124746,969.9277,47.483028
43,4,447.0000,35.0723,20.003522,14.906249,3.124913,969.9275,47.478906
43,5,446.9000,35.0738,20.004465,14.905784,3.125080,969.9273,47.474786
43,6,446.8000,35.0753,20.005408,14.905318,3.125246,969.9270,47.470666
43,7,446.7000,35.0767,20.006350,14.904853,3.125413,969.9268,47.466545
43,8,446.6000,35.0782,20.007293,14.904387,3.125580,969.9266,47.462425
43,9,446.5000,35.0797,20.008236,14.903922,3.125746,969.9264,47.458305
43,10,446.4000,35.0812,20.009178,14.903456,3.125913,969.9262,47.454185
44,1,1371.4000,24.1976,22.825567,10.000405,3.656256,1040.1014,30.000000
44,2,1371.5000,24.1969,22.824604,10.000893,3.656090,1040.1047,29.995787
44,3,1371.6000,24.1963,22.823641,10.001382,3.655923,1040.1080,29.991575
44,4,1371.7000,24.1956,22.822678,10.001871,3.655756,1040.1114,29.987364
44,5,1371.8000,24.1950,22.821715,10.002360,3.655590,1040.1147,29.983156
44,6,1371.9000,24.1943,22.820752,10.002849,3.655423,1040.1180,29.978945
44,7,1372.0000,24.1937,22.819789,10.003337,3.655256,1040.1213,29.974734
44,8,1372.1000,24.1930,22.818826,10.003826,3.655090,1040.1247,29.970525
44,9,1372.2000,24.1924,22.817863,10.004315,3.654923,1040.1280,29.966317
44,10,1372.3000,24.1917,22.816900,10.004804,3.654756,1040.1313,29.962111
45,1,364.0000,35.6308,20.000817,16.863217,3.139101,927.5867,50.000000
45,2,363.9000,35.6321,20.001761,16.862754,3.139268,927.5875,49.990854
45,3,363.8000,35.6335,20.002705,16.862290,3.139434,927.5883,49.981705
45,4,363.7000,35.6349,20.003649,16.861827,3.139601,927.5891,49.972557
45,5,363.6000,35.6362,20.004592,16.861363,3.139768,927.5899,49.963411
45,6,363.5000,35.6376,20.005536,16.860899,3.139934,927.5908,49.954267
45,7,363.4000,35.6390,20.006480,16.860436,3.140101,927.5916,49.945125
45,8,363.3000,35.6403,20.007424,16.859972,3.140268,927.5924,49.935981
45,9,363.2000,35.6417,20.008367,16.859509,3.140434,927.5932,49.926837
45,10,363.1000,35.6431,20.009311,16.859045,3.140601,927.5940,49.917695
46,1,480.5000,34.4411,20.000681,13.903049,3.167330,992.1509,46.313653
46,2,480.4000,34.4424,20.001626,13.902578,3.167497,992.1502,46.310323
46,3,480.3000,34.4438,20.002570,13.902107,3.167664,992.1495,46.306993
46,4,480.2000,34.4451,20.003514,13.901636,3.167830,992.1488,46.303665
46,5,480.1000,34.4465,20.004458,13.901165,3.167997,992.1481,46.300336
46,6,480.0000,34.4478,20.005403,13.900693,3.168164,992.1473,46.297008
46,7,479.9000,34.4491,20.006347,13.900222,3.168330,992.1466,46.293679
46,8,479.8000,34.4505,20.007291,13.899751,3.168497,992.1459,46.290350
46,9,479.7000,34.4518,20.008235,13.899280,3.168664,992.1452,46.287022
46,10,479.6000,34.4532,20.009179,13.898809,3.168830,992.1445,46.283694
50,1,799.4000,30.7161,20.000928,12.472920,3.185174,1024.3541,44.700213
50,2,799.3000,30.7174,20.001891,12.472442,3.185341,1024.3524,44.697797
50,3,799.2000,30.7188,20.002853,12.471965,3.185507,1024.3507,44.695381
50,4,799.1000,30.7202,20.003816,12.471487,3.185674,1024.3490,44.692965
50,5,799.0000,30.7216,20.004778,12.471010,3.185841,1024.3473,44.690549
50,6,798.9000,30.7230,20.005740,12.470533,3.186007,1024.3456,44.688133
50,7,798.8000,30.7244,20.006703,12.470055,3.186174,1024.3439,44.685718
50,8,798.7000,30.7258,20.007665,12.469578,3.186341,1024.3422,44.683303
50,9,798.6000,30.7272,20.008627,12.469100,3.186507,1024.3405,44.680887
50,10,798.5000,30.7286,20.009589,12.468623,3.186674,1024.3388,44.678472
53,1,1725.1000,21.1885,21.386858,10.000448,3.377711,1060.8680,30.000000
53,2,1725.2000,21.1877,21.385858,10.000939,3.377545,1060.8718,29.992075
53,3,1725.3000,21.1870,21.384859,10.001431,3.377378,1060.8755,29.984153
53,4,1725.4000,21.1862,21.383859,10.001922,3.377211,1060.8793,29.976233
53,5,1725.5000,21.1855,21.382859,10.002413,3.377045,1060.8830,29.968316
53,6,1725.6000,21.1847,21.381859,10.002905,3.376878,1060.8868,29.960394
53,7,1725.7000,21.1839,21.380859,10.003396,3.376711,1060.8905,29.952473
53,8,1725.8000,21.1832,21.379859,10.003887,3.376545,1060.8943,29.944555
53,9,1725.9000,21.1824,21.378859,10.004379,3.376378,1060.8980,29.936640
53,10,1726.0000,21.1817,21.377859,10.004870,3.376211,1060.9017,29.928727
54,1,0.0000,39.0000,22.792938,11.810215,3.649877,1002.7838,30.000000
54,2,0.1000,38.9992,22.792050,11.810690,3.649711,1002.7853,29.994868
54,3,0.2000,38.9985,22.791161,11.811165,3.649544,1002.7868,29.989740
54,4,0.3000,38.9977,22.790273,11.811640,3.649377,1002.7883,29.984613
54,5,0.4000,38.9970,22.789384,11.812114,3.649211,1002.7897,29.979486
54,6,0.5000,38.9962,22.788496,11.812589,3.649044,1002.7912,29.974357
54,7,0.6000,38.9955,22.787607,11.813064,3.648877,1002.7927,29.969231
54,8,0.7000,38.9947,22.786719,11.813538,3.648711,1002.7941,29.964108
54,9,0.8000,38.9940,22.785830,11.814013,3.648544,1002.7956,29.958988
54,10,0.9000,38.9932,22.784942,11.814488,3.648377,1002.7971,29.953869
55,1,448.6000,34.9115,20.000185,14.127559,3.083561,987.1620,45.338139
55,2,448.5000,34.9129,20.001126,14.127094,3.083728,987.1613,45.334738
55,3,448.4000,34.9142,20.002068,14.126630,3.083894,987.1606,45.331337
55,4,448.3000,34.9156,20.003010,14.126165,3.084061,987.1599,45.327935
55,5,448.2000,34.9170,20.003952,14.125700,3.084228,987.1592,45.324533
55,6,448.1000,34.9183,20.004894,14.125235,3.084394,987.1585,45.321132
55,7,448.0000,34.9197,20.005835,14.124771,3.084561,987.1579,45.317732
55,8,447.9000,34.9210,20.006777,14.124306,3.084728,987.1572,45.314332
55,9,447.8000,34.9224,20.007719,14.123841,3.084894,987.1565,45.310931
55,10,447.7000,34.9238,20.008660,14.123377,3.085061,987.1558,45.307531
56,1,352.8000,36.0986,20.000770,16.974112,3.135000,925.2217,50.000000
56,2,352.7000,36.1000,20.001710,16.973651,3.135167,925.2226,49.989347
56,3,352.6000,36.1015,20.002649,16.973190,3.135334,925.2235,49.978696
56,4,352.5000,36.1029,20.003588,16.972729,3.135500,925.2243,49.968048
56,5,352.4000,36.1044,20.004527,16.972268,3.135667,925.2252,49.957395
56,6,352.3000,36.1059,20.005466,16.971807,3.135834,925.2260,49.946745
56,7,352.2000,36.1073,20.006405,16.971346,3.136000,925.2269,49.936097
56,8,352.1000,36.1088,20.007344,16.970885,3.136167,925.2277,49.925452
56,9,352.0000,36.1102,20.008283,16.970424,3.136334,925.2286,49.914810
56,10,351.9000,36.1117,20.009222,16.969963,3.136500,925.2295,49.904162
57,1,0.0000,39.0000,20.821381,11.236989,3.278706,1041.2583,30.000000
57,2,0.1000,38.9994,20.820476,11.237460,3.278539,1041.2603,29.987756
57,3,0.2000,38.9987,20.819572,11.237930,3.278373,1041.2623,29.975520
57,4,0.3000,38.9981,20.818667,11.238401,3.278206,1041.2642,29.963291
57,5,0.4000,38.9974,20.817762,11.238871,3.278039,1041.2662,29.951070
57,6,0.5000,38.9968,20.816857,11.239342,3.277873,1041.2682,29.938846
57,7,0.6000,38.9961,20.815952,11.239812,3.277706,1041.2701,29.926617
57,8,0.7000,38.9955,20.815048,11.240282,3.277539,1041.2721,29.914388
57,9,0.8000,38.9948,20.814143,11.240753,3.277373,1041.2740,29.902167
57,10,0.9000,38.9942,20.813238,11.241223,3.277206,1041.2760,29.889952
58,1,1547.3000,20.0998,20.000519,14.944953,3.184390,969.1110,47.391170
58,2,1547.2000,20.1013,20.001543,14.944472,3.184556,969.1103,47.387909
58,3,1547.1000,20.1027,20.002567,14.943991,3.184723,969.1095,47.384649
58,4,1547.0000,20.1042,20.003592,14.943510,3.184890,969.1088,47.381389
58,5,1546.9000,20.1057,20.004616,14.943028,3.185056,969.1080,47.378130
58,6,1546.8000,20.1071,20.005639,14.942547,3.185223,969.1073,47.374870
58,7,1546.7000,20.1086,20.006663,14.942066,3.185390,969.1066,47.371610
58,8,1546.6000,20.1101,20.007687,14.941584,3.185556,969.1058,47.368350
58,9,1546.5000,20.1116,20.008711,14.941103,3.185723,969.1051,47.365091
58,10,1546.4000,20.1130,20.009735,14.940622,3.185890,969.1043,47.361833
59,1,819.6000,30.8080,20.000675,17.598475,3.217394,911.9747,50.000000
59,2,819.5000,30.8093,20.001640,17.598006,3.217561,911.9758,49.995361
59,3,819.4000,30.8106,20.002605,17.597538,3.217727,911.9769,49.990721
59,4,819.3000,30.8120,20.003570,17.597070,3.217894,911.9780,49.986083
59,5,819.2000,30.8133,20.004535,17.596602,3.218061,911.9791,49.981444
59,6,819.1000,30.8146,20.005500,17.596133,3.218227,911.9802,49.976806
59,7,819.0000,30.8159,20.006465,17.595665,3.218394,911.9812,49.972168
59,8,818.9000,30.8172,20.007430,17.595197,3.218561,911.9823,49.967529
59,9,818.8000,30.8185,20.008395,17.594729,3.218727,911.9834,49.962891
59,10,818.7000,30.8198,20.009360,17.594261,3.218894,911.9845,49.958254
60,1,872.4000,28.9880,21.440805,10.000391,3.377709,1060.0756,30.000000
60,2,872.5000,28.9872,21.439848,10.000877,3.377542,1060.0789,29.992598
60,3,872.6000,28.9865,21.438892,10.001362,3.377376,1060.0821,29.985199
60,4,872.7000,28.9857,21.437935,10.001847,3.377209,1060.0854,29.977794
60,5,872.8000,28.9850,21.436978,10.002332,3.377042,1060.0886,29.970391
60,6,872.9000,28.9842,21.436021,10.002817,3.376876,1060.0919,29.962991
60,7,873.0000,28.9835,21.435064,10.003302,3.376709,1060.0951,29.955593
60,8,873.1000,28.9827,21.434107,10.003787,3.376542,1060.0984,29.948199
60,9,873.2000,28.9819,21.433151,10.004272,3.376376,1060.1017,29.940800
60,10,873.3000,28.9812,21.432194,10.004757,3.376209,1060.1049,29.933402
61,1,121.0000,38.0922,20.000067,16.702229,3.160526,931.0346,50.000000
61,2,120.9000,38.0929,20.000992,16.701769,3.160693,931.0355,49.954760
61,3,120.8000,38.0937,20.001916,16.701309,3.160859,931.0363,49.909534
61,4,120.7000,38.0944,20.002840,16.700849,3.161026,931.0371,49.864321
61,5,120.6000,38.0952,20.003765,16.700389,3.161193,931.0380,49.819123
61,6,120.5000,38.0959,20.004689,16.699930,3.161359,931.0388,49.773902
61,7,120.4000,38.0967,20.005613,16.699470,3.161526,931.0396,49.728693
61,8,120.3000,38.0974,20.006537,16.699010,3.161693,931.0405,49.683495
61,9,120.2000,38.0982,20.007462,16.698550,3.161859,931.0413,49.638313
61,10,120.1000,38.0989,20.008386,16.698090,3.162026,931.0422,49.593147
62,1,121.2000,38.2762,22.999498,10.242653,3.661728,1032.5832,32.667719
62,2,121.3000,38.2756,22.998609,10.243130,3.661562,1032.5856,32.665032
62,3,121.4000,38.2750,22.997719,10.243608,3.661395,1032.5880,32.662347
62,4,121.5000,38.2744,22.996830,10.244085,3.661228,1032.5903,32.659662
62,5,121.6000,38.2738,22.995941,10.244563,3.661062,1032.5927,32.656978
62,6,121.7000,38.2732,22.995051,10.245041,3.660895,1032.5951,32.654291
62,7,121.8000,38.2726,22.994161,10.245518,3.660728,1032.5975,32.651606
62,8,121.9000,38.2720,22.993272,10.245996,3.660562,1032.5999,32.648922
62,9,122.0000,38.2714,22.992382,10.246473,3.660395,1032.6022,32.646240
62,10,122.1000,38.2708,22.991493,10.246951,3.660228,1032.6046,32.643558
63,1,941.4000,29.2124,20.000868,12.904547,3.194422,1014.5630,45.832943
63,2,941.3000,29.2137,20.001846,12.904064,3.194588,1014.5615,45.830366
63,3,941.2000,29.2151,20.002824,12.903582,3.194755,1014.5600,45.827789
63,4,941.1000,29.2164,20.003802,12.903099,3.194922,1014.5586,45.825212
63,5,941.0000,29.2177,20.004779,12.902617,3.195088,1014.5571,45.822634
63,6,940.9000,29.2191,20.005757,12.902134,3.195255,1014.5556,45.820057
63,7,940.8000,29.2204,20.006735,12.901652,3.195422,1014.5541,45.817480
63,8,940.7000,29.2217,20.007712,12.901169,3.195588,1014.5526,45.814904
63,9,940.6000,29.2231,20.008690,12.900687,3.195755,1014.5511,45.812328
63,10,940.5000,29.2244,20.009668,12.900204,3.195922,1014.5496,45.809751
65,1,974.5000,29.0670,21.470806,10.000021,3.446528,1059.6430,30.000000
65,2,974.6000,29.0664,21.469854,10.000507,3.446361,1059.6461,29.992693
65,3,974.7000,29.0657,21.468902,10.000994,3.446195,1059.6493,29.985380
65,4,974.8000,29.0651,21.467950,10.001480,3.446028,1059.6525,29.978071
65,5,974.9000,29.0645,21.466998,10.001967,3.445861,1059.6556,29.970764
65,6,975.0000,29.0638,21.466046,10.002453,3.445695,1059.6588,29.963461
65,7,975.1000,29.0632,21.465094,10.002940,3.445528,1059.6619,29.956159
65,8,975.2000,29.0625,21.464141,10.003427,3.445361,1059.6651,29.948851
65,9,975.3000,29.0619,21.463189,10.003913,3.445195,1059.6682,29.941547
65,10,975.4000,29.0612,21.462237,10.004400,3.445028,1059.6714,29.934246
66,1,430.3000,35.2129,20.000114,14.930852,3.120165,969.4250,47.187394
66,2,430.2000,35.2144,20.001057,14.930386,3.120331,969.4248,47.183116
66,3,430.1000,35.2160,20.002001,14.929920,3.120498,969.4246,47.178838
66,4,430.0000,35.2176,20.002945,14.929453,3.120665,969.4244,47.174561
66,5,429.9000,35.2191,20.003888,14.928987,3.120831,969.4242,47.170282
66,6,429.8000,35.2207,20.004832,14.928521,3.120998,969.4240,47.166003
66,7,429.7000,35.2222,20.005776,14.928055,3.121165,969.4239,47.161726
66,8,429.6000,35.2238,20.006719,14.927588,3.121331,969.4237,47.157449
66,9,429.5000,35.2254,20.007663,14.927122,3.121498,969.4235,47.153173
66,10,429.4000,35.2269,20.008606,14.926656,3.121665,969.4233,47.148896
68,1,0.0000,39.0000,22.197695,13.934062,3.573506,966.1152,30.000000
68,2,0.1000,38.9993,22.196800,13.934533,3.573339,966.1155,29.979859
68,3,0.2000,38.9986,22.195906,13.935003,3.573173,966.1159,29.959751
68,4,0.3000,38.9978,22.195012,13.935473,3.573006,966.1163,29.939662
68,5,0.4000,38.9971,22.194117,13.935943,3.572839,966.1167,29.919540
68,6,0.5000,38.9964,22.193223,13.936414,3.572673,966.1170,29.899451
68,7,0.6000,38.9957,22.192328,13.936884,3.572506,966.1174,29.879386
68,8,0.7000,38.9949,22.191434,13.937354,3.572339,966.1178,29.859352
68,9,0.8000,38.9942,22.190540,13.937824,3.572173,966.1182,29.839337
68,10,0.9000,38.9935,22.189645,13.938295,3.572006,966.1185,29.819291
70,1,709.2000,31.1138,20.000919,14.783269,3.171393,972.6593,48.432326
70,2,709.1000,31.1154,20.001879,14.782797,3.171560,972.6590,48.428970
70,3,709.0000,31.1170,20.002839,14.782326,3.171726,972.6586,48.425613
70,4,708.9000,31.1186,20.003799,14.781855,3.171893,972.6582,48.422257
70,5,708.8000,31.1202,20.004759,14.781383,3.172060,972.6579,48.418901
70,6,708.7000,31.1218,20.005720,14.780912,3.172226,972.6575,48.415546
70,7,708.6000,31.1234,20.006680,14.780441,3.172393,972.6572,48.412191
70,8,708.5000,31.1250,20.007640,14.779969,3.172560,972.6568,48.408835
70,9,708.4000,31.1266,20.008600,14.779498,3.172726,972.6565,48.405480
70,10,708.3000,31.1282,20.009560,14.779026,3.172893,972.6561,48.402124
74,1,13.3000,38.9097,23.000038,11.018787,3.680928,1016.4539,30.773931
74,2,13.4000,38.9091,22.999152,11.019264,3.680761,1016.4549,30.773811
74,3,13.5000,38.9084,22.998267,11.019741,3.680594,1016.4568,30.769238
74,4,13.6000,38.9077,22.997381,11.020218,3.680428,1016.4587,30.764661
74,5,13.7000,38.9070,22.996496,11.020694,3.680261,1016.4606,30.760085
74,6,13.8000,38.9064,22.995610,11.021171,3.680094,1016.4624,30.755512
74,7,13.9000,38.9057,22.994725,11.021648,3.679928,1016.4643,30.750941
74,8,14.0000,38.9050,22.993839,11.022125,3.679761,1016.4662,30.746372
74,9,14.1000,38.9043,22.992953,11.022602,3.679594,1016.4680,30.741800
74,10,14.2000,38.9036,22.992068,11.023079,3.679428,1016.4699,30.737229
75,1,942.9000,26.8719,20.000494,15.119168,3.102558,965.2926,48.142642
75,2,942.8000,26.8742,20.001489,15.118695,3.102724,965.2921,48.139314
75,3,942.7000,26.8766,20.002484,15.118221,3.102891,965.2916,48.135987
75,4,942.6000,26.8789,20.003479,15.117747,3.103058,965.2911,48.132660
75,5,942.5000,26.8813,20.004474,15.117273,3.103224,965.2907,48.129333
75,6,942.4000,26.8837,20.005469,15.116799,3.103391,965.2902,48.126007
75,7,942.3000,26.8860,20.006464,15.116325,3.103558,965.2897,48.122679
75,8,942.2000,26.8884,20.007459,15.115852,3.103724,965.2892,48.119352
75,9,942.1000,26.8907,20.008453,15.115378,3.103891,965.2887,48.116026
75,10,942.0000,26.8931,20.009448,15.114904,3.104058,965.2882,48.112699
77,1,208.4000,37.6743,20.000468,20.810628,3.212234,848.3431,50.000000
77,2,208.3000,37.6750,20.001397,20.810171,3.212401,848.3441,49.977625
77,3,208.2000,37.6756,20.002327,20.809715,3.212567,848.3451,49.955252
77,4,208.1000,37.6763,20.003256,20.809259,3.212734,848.3461,49.932882
77,5,208.0000,37.6769,20.004185,20.808803,3.212901,848.3471,49.910508
77,6,207.9000,37.6775,20.005115,20.808347,3.213067,848.3481,49.888135
77,7,207.8000,37.6782,20.006044,20.807890,3.213234,848.3491,49.865765
77,8,207.7000,37.6788,20.006973,20.807434,3.213401,848.3500,49.843398
77,9,207.6000,37.6794,20.007902,20.806978,3.213567,848.3510,49.821034
77,10,207.5000,37.6801,20.008832,20.806522,3.213734,848.3520,49.798665
79,1,1920.8000,19.5258,20.340993,10.000186,3.229017,1076.4993,30.000000
79,2,1920.9000,19.5251,20.339974,10.000679,3.228851,1076.5032,29.969384
79,3,1921.0000,19.5244,20.338955,10.001171,3.228684,1076.5072,29.938778
79,4,1921.1000,19.5237,20.337936,10.001663,3.228517,1076.5112,29.908144
79,5,1921.2000,19.5230,20.336917,10.002156,3.228351,1076.5152,29.877521
79,6,1921.3000,19.5223,20.335898,10.002648,3.228184,1076.5191,29.846907
79,7,1921.4000,19.5215,20.334879,10.003141,3.228017,1076.5231,29.816303
79,8,1921.5000,19.5208,20.333860,10.003633,3.227851,1076.5271,29.785709
79,9,1921.6000,19.5201,20.332840,10.004126,3.227684,1076.5311,29.755092
79,10,1921.7000,19.5194,20.331821,10.004618,3.227517,1076.5350,29.724485
80,1,512.8000,35.0836,20.000259,12.300616,3.159922,1028.2893,43.363043
80,2,512.7000,35.0844,20.001195,12.300145,3.160089,1028.2877,43.360652
80,3,512.6000,35.0852,20.002131,12.299673,3.160256,1028.2861,43.358259
80,4,512.5000,35.0859,20.003068,12.299201,3.160422,1028.2845,43.355867
80,5,512.4000,35.0867,20.004004,12.298730,3.160589,1028.2829,43.353475
80,6,512.3000,35.0875,20.004940,12.298258,3.160756,1028.2813,43.351084
80,7,512.2000,35.0883,20.005877,12.297786,3.160922,1028.2796,43.348694
80,8,512.1000,35.0891,20.006813,12.297315,3.161089,1028.2780,43.346302
80,9,512.0000,35.0899,20.007749,12.296843,3.161256,1028.2764,43.343911
80,10,511.9000,35.0906,20.008685,12.296371,3.161422,1028.2748,43.341520
81,1,226.3000,37.5284,20.000108,17.866549,3.158393,906.3278,50.000000
81,2,226.2000,37.5291,20.001036,17.866090,3.158559,906.3292,49.975350
81,3,226.1000,37.5297,20.001965,17.865631,3.158726,906.3305,49.950697
81,4,226.0000,37.5304,20.002893,17.865172,3.158893,906.3319,49.926049
81,5,225.9000,37.5310,20.003822,17.864713,3.159059,906.3333,49.901404
81,6,225.8000,37.5317,20.004750,17.864254,3.159226,906.3346,49.876762
81,7,225.7000,37.5323,20.005678,17.863795,3.159393,906.3360,49.852123
81,8,225.6000,37.5330,20.006607,17.863336,3.159559,906.3374,49.827481
81,9,225.5000,37.5336,20.007535,17.862877,3.159726,906.3387,49.802843
81,10,225.4000,37.5343,20.008463,17.862418,3.159893,906.3401,49.778208
82,1,520.4000,33.9047,20.000196,13.873525,3.130288,992.8147,46.815877
82,2,520.3000,33.9060,20.001144,13.873056,3.130455,992.8139,46.812793
82,3,520.2000,33.9073,20.002092,13.872587,3.130621,992.8131,46.809710
82,4,520.1000,33.9087,20.003040,13.872117,3.130788,992.8123,46.806628
82,5,520.0000,33.9100,20.003988,13.871648,3.130955,992.8115,46.803545
82,6,519.9000,33.9113,20.004936,13.871179,3.131121,992.8106,46.800462
82,7,519.8000,33.9127,20.005884,13.870710,3.131288,992.8098,46.797379
82,8,519.7000,33.9140,20.006832,13.870241,3.131455,992.8090,46.794297
82,9,519.6000,33.9153,20.007780,13.869772,3.131621,992.8082,46.791215
82,10,519.5000,33.9167,20.008728,13.869303,3.131788,992.8074,46.788133
84,1,334.4000,36.6637,20.000267,17.333471,3.178672,917.5870,50.000000
84,2,334.3000,36.6649,20.001205,17.333008,3.178838,917.5881,49.983726
84,3,334.2000,36.6662,20.002143,17.332545,3.179005,917.5892,49.967455
84,4,334.1000,36.6674,20.003081,17.332082,3.179172,917.5903,49.951189
84,5,334.0000,36.6686,20.004019,17.331619,3.179338,917.5914,49.934927
84,6,333.9000,36.6698,20.004957,17.331156,3.179505,917.5924,49.918665
84,7,333.8000,36.6710,20.005895,17.330693,3.179672,917.5935,49.902400
84,8,333.7000,36.6723,20.006833,17.330230,3.179838,917.5946,49.886139
84,9,333.6000,36.6735,20.007771,17.329767,3.180005,917.5957,49.869883
84,10,333.5000,36.6747,20.008709,17.329305,3.180172,917.5968,49.853631
86,1,992.8000,28.6427,20.000281,13.818098,3.196646,994.0499,46.858016
86,2,992.7000,28.6439,20.001261,13.817618,3.196813,994.0489,46.855068
86,3,992.6000,28.6451,20.002241,13.817138,3.196979,994.0479,46.852121
86,4,992.5000,28.6463,20.003221,13.816658,3.197146,994.0469,46.849174
86,5,992.4000,28.6475,20.004200,13.816178,3.197313,994.0459,46.846226
86,6,992.3000,28.6487,20.005180,13.815698,3.197479,994.0450,46.843279
86,7,992.2000,28.6499,20.006160,13.815218,3.197646,994.0440,46.840332
86,8,992.1000,28.6511,20.007140,13.814738,3.197813,994.0430,46.837385
86,9,992.0000,28.6523,20.008119,13.814258,3.197979,994.0420,46.834439
86,10,991.9000,28.6535,20.009099,13.813778,3.198146,994.0410,46.831492
87,1,860.1000,29.7560,20.000557,14.602507,3.099895,976.6452,47.709934
87,2,860.0000,29.7574,20.001538,14.602032,3.100062,976.6446,47.706716
87,3,859.9000,29.7587,20.002518,14.601556,3.100229,976.6440,47.703499
87,4,859.8000,29.7601,20.003499,14.601081,3.100395,976.6434,47.700281
87,5,859.7000,29.7615,20.004479,14.600606,3.100562,976.6428,47.697064
87,6,859.6000,29.7629,20.005459,14.600131,3.100729,976.6422,47.693846
87,7,859.5000,29.7643,20.006439,14.599656,3.100895,976.6415,47.690629
87,8,859.4000,29.7657,20.007420,14.599181,3.101062,976.6409,47.687412
87,9,859.3000,29.7671,20.008400,14.598706,3.101229,976.6403,47.684195
87,10,859.2000,29.7685,20.009380,14.598231,3.101395,976.6397,47.680979
88,1,684.9000,30.5770,20.000724,14.933974,3.138205,969.3498,48.371088
88,2,684.8000,30.5782,20.001693,14.933504,3.138371,969.3494,48.367729
88,3,684.7000,30.5794,20.002661,14.933033,3.138538,969.3490,48.364370
88,4,684.6000,30.5806,20.003629,14.932563,3.138705,969.3486,48.361012
88,5,684.5000,30.5818,20.004598,14.932093,3.138871,969.3482,48.357654
88,6,684.4000,30.5830,20.005566,14.931622,3.139038,969.3479,48.354295
88,7,684.3000,30.5846,20.006532,14.931153,3.139205,969.3475,48.350935
88,8,684.2000,30.5861,20.007498,14.930683,3.139371,969.3471,48.347575
88,9,684.1000,30.5877,20.008464,14.930214,3.139538,969.3467,48.344215
88,10,684.0000,30.5893,20.009430,14.929745,3.139705,969.3464,48.340856
90,1,485.2000,33.8893,20.000656,15.235490,3.128659,962.7465,48.644606
90,2,485.1000,33.8907,20.001603,15.235025,3.128826,962.7464,48.640594
90,3,485.0000,33.8922,20.002551,15.234560,3.128993,962.7463,48.636582
90,4,484.9000,33.8936,20.003498,15.234096,3.129159,962.7462,48.632571
90,5,484.8000,33.8950,20.004445,15.233631,3.129326,962.7461,48.628561
90,6,484.7000,33.8965,20.005393,15.233166,3.129493,962.7460,48.624551
90,7,484.6000,33.8979,20.006340,15.232701,3.129659,962.7459,48.620540
90,8,484.5000,33.8993,20.007288,15.232236,3.129826,962.7458,48.616529
90,9,484.4000,33.9007,20.008235,15.231771,3.129993,962.7457,48.612519
90,10,484.3000,33.9022,20.009182,15.231306,3.130159,962.7456,48.608509
91,1,258.2000,37.3193,20.000395,17.683827,3.183011,910.1753,50.000000
91,2,258.1000,37.3199,20.001321,17.683369,3.183178,910.1766,49.977855
91,3,258.0000,37.3206,20.002248,17.682911,3.183345,910.1779,49.955714
91,4,257.9000,37.3212,20.003174,17.682454,3.183511,910.1791,49.933578
91,5,257.8000,37.3219,20.004100,17.681996,3.183678,910.1804,49.911445
91,6,257.7000,37.3225,20.005026,17.681539,3.183845,910.1817,49.889305
91,7,257.6000,37.3232,20.005952,17.681081,3.184011,910.1830,49.867171
91,8,257.5000,37.3238,20.006878,17.680623,3.184178,910.1842,49.845040
91,9,257.4000,37.3245,20.007804,17.680166,3.184345,910.1855,49.822913
91,10,257.3000,37.3251,20.008730,17.679708,3.184511,910.1868,49.800788
94,1,843.2000,30.7765,20.000119,16.524817,3.195324,934.8351,50.000000
94,2,843.1000,30.7781,20.001087,16.524346,3.195491,934.8356,49.995842
94,3,843.0000,30.7797,20.002055,16.523875,3.195657,934.8362,49.991684
94,4,842.9000,30.7813,20.003022,16.523404,3.195824,934.8367,49.987526
94,5,842.8000,30.7828,20.003990,16.522933,3.195991,934.8373,49.983368
94,6,842.7000,30.7844,20.004957,16.522462,3.196157,934.8379,49.979210
94,7,842.6000,30.7860,20.005925,16.521991,3.196324,934.8384,49.975053
94,8,842.5000,30.7876,20.006892,16.521520,3.196491,934.8390,49.970896
94,9,842.4000,30.7892,20.007860,16.521049,3.196657,934.8395,49.966738
94,10,842.3000,30.7908,20.008827,16.520578,3.196824,934.8401,49.962581
96,1,437.5000,35.6180,20.000334,17.732691,3.193403,909.1453,50.000000
96,2,437.4000,35.6195,20.001279,17.732226,3.193569,909.1466,49.993318
96,3,437.3000,35.6210,20.002225,17.731762,3.193736,909.1478,49.986638
96,4,437.2000,35.6224,20.003170,17.731298,3.193903,909.1491,49.979958
96,5,437.1000,35.6239,20.004115,17.730833,3.194069,909.1504,49.973276
96,6,437.0000,35.6254,20.005060,17.730369,3.194236,909.1516,49.966595
96,7,436.9000,35.6269,20.006005,17.729904,3.194403,909.1529,49.959915
96,8,436.8000,35.6284,20.006950,17.729440,3.194569,909.1541,49.953236
96,9,436.7000,35.6298,20.007895,17.728976,3.194736,909.1554,49.946558
96,10,436.6000,35.6313,20.008841,17.728511,3.194903,909.1567,49.939877
97,1,0.0000,39.0000,22.742229,14.169252,3.623025,955.2936,30.000000
97,2,0.1000,38.9993,22.741340,14.169719,3.622858,955.2939,29.976303
97,3,0.2000,38.9986,22.740451,14.170186,3.622692,955.2942,29.952640
97,4,0.3000,38.9979,22.739561,14.170653,3.622525,955.2946,29.928932
97,5,0.4000,38.9971,22.738672,14.171120,3.622358,955.2949,29.905250
97,6,0.5000,38.9964,22.737783,14.171587,3.622192,955.2952,29.881608
97,7,0.6000,38.9957,22.736893,14.172054,3.622025,955.2955,29.857995
97,8,0.7000,38.9950,22.736004,14.172521,3.621858,955.2959,29.834401
97,9,0.8000,38.9943,22.735114,14.172988,3.621692,955.2962,29.810757
97,10,0.9000,38.9936,22.734225,14.173455,3.621525,955.2965,29.787142
98,1,816.4000,29.5437,20.000037,13.588383,3.146989,999.1869,46.590502
98,2,816.3000,29.5443,20.001005,13.587909,3.147155,999.1857,46.587667
98,3,816.2000,29.5449,20.001974,13.587434,3.147322,999.1846,46.584831
98,4,816.1000,29.5456,20.002942,13.586959,3.147489,999.1835,46.581996
98,5,816.0000,29.5462,20.003910,13.586485,3.147655,999.1824,46.579161
98,6,815.9000,29.5469,20.004879,13.586010,3.147822,999.1813,46.576326
98,7,815.8000,29.5475,20.005847,13.585536,3.147989,999.1802,46.573491
98,8,815.7000,29.5481,20.006815,13.585061,3.148155,999.1791,46.570656
98,9,815.6000,29.5488,20.007783,13.584586,3.148322,999.1780,46.567821
98,10,815.5000,29.5494,20.008751,13.584112,3.148489,999.1769,46.564987
99,1,649.3000,31.9579,20.000530,13.933854,3.169657,991.4664,47.406095
99,2,649.2000,31.9593,20.001487,13.933380,3.169823,991.4656,47.403070
99,3,649.1000,31.9608,20.002444,13.932906,3.169990,991.4648,47.400043
99,4,649.0000,31.9622,20.003401,13.932432,3.170157,991.4640,47.397017
99,5,648.9000,31.9636,20.004358,13.931958,3.170323,991.4633,47.393992
99,6,648.8000,31.9650,20.005316,13.931484,3.170490,991.4625,47.390966
99,7,648.7000,31.9665,20.006273,13.931010,3.170657,991.4617,47.387941
99,8,648.6000,31.9679,20.007230,13.930536,3.170823,991.4609,47.384915
99,9,648.5000,31.9693,20.008187,13.930062,3.170990,991.4602,47.381890
99,10,648.4000,31.9708,20.009144,13.929588,3.171157,991.4594,47.378865
102,1,757.3000,31.2566,20.000474,17.187328,3.209825,920.6871,50.000000
102,2,757.2000,31.2580,20.001440,17.186859,3.209991,920.6880,49.995544
102,3,757.1000,31.2595,20.002405,17.186389,3.210158,920.6889,49.991089
102,4,757.0000,31.2609,20.003371,17.185920,3.210325,920.6898,49.986634
102,5,756.9000,31.2623,20.004336,17.185451,3.210491,920.6907,49.982178
102,6,756.8000,31.2637,20.005301,17.184981,3.210658,920.6916,49.977723
102,7,756.7000,31.2651,20.006266,17.184512,3.210825,920.6925,49.973269
102,8,756.6000,31.2665,20.007232,17.184043,3.210991,920.6934,49.968814
102,9,756.5000,31.2680,20.008197,17.183573,3.211158,920.6943,49.964359
102,10,756.4000,31.2694,20.009162,17.183104,3.211325,920.6952,49.959905
103,1,1073.6000,31.7522,20.000640,14.475841,3.246670,979.4407,48.073997
103,2,1073.5000,31.7529,20.001598,14.475365,3.246836,979.4403,48.070668
103,3,1073.4000,31.7535,20.002556,14.474890,3.247003,979.4399,48.067340
103,4,1073.3000,31.7541,20.003514,14.474414,3.247170,979.4395,48.064011
103,5,1073.2000,31.7548,20.004472,14.473939,3.247336,979.4390,48.060682
103,6,1073.1000,31.7554,20.005430,14.473464,3.247503,979.4386,48.057354
103,7,1073.0000,31.7561,20.006388,14.472988,3.247670,979.4382,48.054026
103,8,1072.9000,31.7567,20.007346,14.472513,3.247836,979.4378,48.050698
103,9,1072.8000,31.7573,20.008304,14.472038,3.248003,979.4373,48.047370
103,10,1072.7000,31.7580,20.009261,14.471562,3.248170,979.4369,48.044043
104,1,869.0000,30.0712,20.000700,12.623348,3.074586,1020.9374,45.210547
104,2,868.9000,30.0726,20.001665,12.622878,3.074753,1020.9356,45.208225
104,3,868.8000,30.0741,20.002630,12.622407,3.074919,1020.9338,45.205903
104,4,868.7000,30.0755,20.003595,12.621937,3.075086,1020.9320,45.203582
104,5,868.6000,30.0770,20.004560,12.621467,3.075253,1020.9302,45.201261
104,6,868.5000,30.0784,20.005525,12.620997,3.075419,1020.9283,45.198940
104,7,868.4000,30.0799,20.006490,12.620527,3.075586,1020.9265,45.196619
104,8,868.3000,30.0813,20.007455,12.620057,3.075753,1020.9247,45.194297
104,9,868.2000,30.0828,20.008420,12.619587,3.075919,1020.9229,45.191976
104,10,868.1000,30.0842,20.009384,12.619116,3.076086,1020.9211,45.189656
105,1,92.7000,38.3220,20.000469,18.376147,3.151063,895.6397,50.000000
105,2,92.6000,38.3227,20.001394,18.375690,3.151230,895.6413,49.944168
105,3,92.5000,38.3235,20.002318,18.375233,3.151397,895.6429,49.888345
105,4,92.4000,38.3242,20.003243,18.374776,3.151563,895.6445,49.832527
105,5,92.3000,38.3249,20.004168,18.374319,3.151730,895.6461,49.776706
105,6,92.2000,38.3257,20.005092,18.373862,3.151897,895.6477,49.720888
105,7,92.1000,38.3264,20.006017,18.373405,3.152063,895.6493,49.665079
105,8,92.0000,38.3271,20.006942,18.372948,3.152230,895.6509,49.609278
105,9,91.9000,38.3279,20.007866,18.372490,3.152397,895.6525,49.553479
105,10,91.8000,38.3286,20.008791,18.372033,3.152563,895.6541,49.497677
106,1,299.6000,36.8171,20.000347,17.337784,3.161465,917.4948,50.000000
106,2,299.5000,36.8178,20.001280,17.337322,3.161632,917.4959,49.979704
106,3,299.4000,36.8185,20.002213,17.336861,3.161799,917.4970,49.959412
106,4,299.3000,36.8193,20.003146,17.336399,3.161965,917.4981,49.939126
106,5,299.2000,36.8200,20.004079,17.335938,3.162132,917.4992,49.918838
106,6,299.1000,36.8207,20.005012,17.335476,3.162299,917.5003,49.898550
106,7,299.0000,36.8215,20.005945,17.335015,3.162465,917.5015,49.878268
106,8,298.9000,36.8222,20.006878,17.334553,3.162632,917.5026,49.857989
106,9,298.8000,36.8229,20.007811,17.334092,3.162799,917.5037,49.837716
106,10,298.7000,36.8236,20.008744,17.333630,3.162965,917.5048,49.817441
107,1,58.3000,38.5881,20.000404,17.282607,3.182912,918.6646,50.000000
107,2,58.2000,38.5889,20.001324,17.282148,3.183079,918.6658,49.911632
107,3,58.1000,38.5896,20.002243,17.281690,3.183246,918.6669,49.823284
107,4,58.0000,38.5903,20.003162,17.281232,3.183412,918.6681,49.734951
107,5,57.9000,38.5910,20.004082,17.280773,3.183579,918.6692,49.646634
107,6,57.8000,38.5917,20.005001,17.280315,3.183746,918.6704,49.558300
107,7,57.7000,38.5924,20.005920,17.279857,3.183912,918.6715,49.469983
107,8,57.6000,38.5931,20.006839,17.279398,3.184079,918.6726,49.381681
107,9,57.5000,38.5938,20.007759,17.278940,3.184246,918.6738,49.293396
107,10,57.4000,38.5945,20.008678,17.278482,3.184412,918.6749,49.205118
108,1,0.0000,39.0000,21.119868,14.452004,3.376343,967.3445,30.000000
108,2,0.1000,38.9994,21.118963,14.452470,3.376177,967.3447,29.956524
108,3,0.2000,38.9987,21.118057,14.452937,3.376010,967.3448,29.913200
108,4,0.3000,38.9981,21.117152,14.453403,3.375843,967.3450,29.870026
108,5,0.4000,38.9974,21.116246,14.453869,3.375677,967.3452,29.826738
108,6,0.5000,38.9968,21.115341,14.454335,3.375510,967.3454,29.783488
108,7,0.6000,38.9961,21.114435,14.454801,3.375343,967.3456,29.740340
108,8,0.7000,38.9955,21.113529,14.455267,3.375177,967.3457,29.697346
108,9,0.8000,38.9948,21.112624,14.455733,3.375010,967.3459,29.654480
108,10,0.9000,38.9942,21.111718,14.456199,3.374843,967.3461,29.611521
110,1,818.8000,30.0803,20.000424,13.354736,3.179611,1004.4219,46.389422
110,2,818.7000,30.0809,20.001389,13.354260,3.179777,1004.4207,46.386662
110,3,818.6000,30.0816,20.002354,13.353785,3.179944,1004.4195,46.383903
110,4,818.5000,30.0822,20.003318,13.353310,3.180111,1004.4183,46.381143
110,5,818.4000,30.0828,20.004283,13.352835,3.180277,1004.4171,46.378384
110,6,818.3000,30.0834,20.005248,13.352359,3.180444,1004.4159,46.375625
110,7,818.2000,30.0841,20.006212,13.351884,3.180611,1004.4147,46.372866
110,8,818.1000,30.0847,20.007177,13.351409,3.180777,1004.4135,46.370107
110,9,818.0000,30.0853,20.008141,13.350934,3.180944,1004.4123,46.367349
110,10,817.9000,30.0859,20.009106,13.350458,3.181111,1004.4111,46.364590
111,1,586.0000,32.9518,20.000475,11.909053,3.174307,1037.2467,34.029877
111,2,585.9000,32.9531,20.001427,11.908576,3.174474,1037.2448,34.029296
111,3,585.8000,32.9544,20.002379,11.908098,3.174640,1037.2428,34.028716
111,4,585.7000,32.9558,20.003331,11.907621,3.174807,1037.2409,34.028138
111,5,585.6000,32.9571,20.004283,11.907143,3.174974,1037.2390,34.027560
111,6,585.5000,32.9584,20.005234,11.906666,3.175140,1037.2370,34.026979
111,7,585.4000,32.9597,20.006186,11.906188,3.175307,1037.2351,34.026400
111,8,585.3000,32.9611,20.007138,11.905711,3.175474,1037.2331,34.025821
111,9,585.2000,32.9624,20.008090,11.905233,3.175640,1037.2312,34.025244
111,10,585.1000,32.9637,20.009041,11.904756,3.175807,1037.2293,34.024666
112,1,647.7000,31.8992,20.000852,19.323441,3.157239,875.9785,50.000000
112,2,647.6000,31.9007,20.001819,19.322978,3.157405,875.9804,49.994705
112,3,647.5000,31.9021,20.002786,19.322515,3.157572,875.9822,49.989411
112,4,647.4000,31.9036,20.003753,19.322052,3.157739,875.9840,49.984116
112,5,647.3000,31.9051,20.004720,19.321589,3.157905,875.9858,49.978822
112,6,647.2000,31.9066,20.005687,19.321126,3.158072,875.9877,49.973528
112,7,647.1000,31.9081,20.006655,19.320662,3.158239,875.9895,49.968235
112,8,647.0000,31.9095,20.007622,19.320199,3.158405,875.9913,49.962941
112,9,646.9000,31.9110,20.008588,19.319736,3.158572,875.9931,49.957647
112,10,646.8000,31.9125,20.009555,19.319273,3.158739,875.9950,49.952354
114,1,105.8000,38.2115,20.000398,16.574957,3.178855,933.7571,50.000000
114,2,105.7000,38.2122,20.001320,16.574497,3.179022,933.7579,49.948735
114,3,105.6000,38.2130,20.002243,16.574036,3.179188,933.7587,49.897465
114,4,105.5000,38.2137,20.003166,16.573576,3.179355,933.7595,49.846193
114,5,105.4000,38.2145,20.004089,16.573116,3.179522,933.7603,49.794933
114,6,105.3000,38.2152,20.005011,16.572655,3.179688,933.7611,49.743684
114,7,105.2000,38.2160,20.005934,16.572195,3.179855,933.7619,49.692451
114,8,105.1000,38.2167,20.006857,16.571735,3.180022,933.7627,49.641215
114,9,105.0000,38.2175,20.007780,16.571274,3.180188,933.7635,49.589972
114,10,104.9000,38.2182,20.008702,16.570814,3.180355,933.7643,49.538740
116,1,249.2000,36.8682,20.134643,10.000071,3.114047,1079.6394,30.000000
116,2,249.3000,36.8666,20.133714,10.000545,3.113881,1079.6424,29.930109
116,3,249.4000,36.8651,20.132786,10.001020,3.113714,1079.6454,29.860259
116,4,249.5000,36.8635,20.131857,10.001494,3.113547,1079.6484,29.790447
116,5,249.6000,36.8619,20.130928,10.001968,3.113381,1079.6515,29.720653
116,6,249.7000,36.8603,20.130000,10.002443,3.113214,1079.6545,29.650768
116,7,249.8000,36.8587,20.129071,10.002917,3.113047,1079.6575,29.580915
116,8,249.9000,36.8571,20.128142,10.003391,3.112881,1079.6605,29.511102
116,9,250.0000,36.8555,20.127213,10.003866,3.112714,1079.6635,29.441327
116,10,250.1000,36.8539,20.126285,10.004340,3.112547,1079.6665,29.371542
117,1,106.8000,38.2226,20.000771,17.975616,3.155953,904.0285,50.000000
117,2,106.7000,38.2234,20.001695,17.975159,3.156119,904.0300,49.951051
117,3,106.6000,38.2241,20.002618,17.974701,3.156286,904.0314,49.902108
117,4,106.5000,38.2248,20.003541,17.974244,3.156453,904.0328,49.853166
117,5,106.4000,38.2255,20.004465,17.973786,3.156619,904.0343,49.804220
117,6,106.3000,38.2263,20.005388,17.973329,3.156786,904.0357,49.755282
117,7,106.2000,38.2270,20.006311,17.972871,3.156953,904.0371,49.706353
117,8,106.1000,38.2277,20.007235,17.972414,3.157119,904.0386,49.657430
117,9,106.0000,38.2284,20.008158,17.971956,3.157286,904.0400,49.608511
117,10,105.9000,38.2292,20.009081,17.971499,3.157453,904.0414,49.559588
122,1,13.1000,38.9230,22.999527,11.967891,3.707631,996.9415,30.760081
122,2,13.2000,38.9224,22.998644,11.968365,3.707464,996.9429,30.754598
122,3,13.3000,38.9218,22.997761,11.968839,3.707298,996.9442,30.749118
122,4,13.4000,38.9212,22.996878,11.969312,3.707131,996.9456,30.743635
122,5,13.5000,38.9206,22.995994,11.969786,3.706964,996.9469,30.738154
122,6,13.6000,38.9200,22.995111,11.970259,3.706798,996.9483,30.732674
122,7,13.7000,38.9194,22.994228,11.970733,3.706631,996.9496,30.727196
122,8,13.8000,38.9189,22.993345,11.971207,3.706464,996.9510,30.721722
122,9,13.9000,38.9183,22.992461,11.971680,3.706298,996.9523,30.716245
122,10,14.0000,38.9177,22.991578,11.972154,3.706131,996.9537,30.710768
125,1,1440.1000,20.9273,20.000403,14.304381,3.165269,983.2371,46.559755
125,2,1440.0000,20.9288,20.001422,14.303900,3.165436,983.2360,46.556805
125,3,1439.9000,20.9302,20.002440,14.303420,3.165602,983.2349,46.553854
125,4,1439.8000,20.9317,20.003459,14.302939,3.165769,983.2338,46.550904
125,5,1439.7000,20.9331,20.004478,14.302459,3.165936,983.2326,46.547955
125,6,1439.6000,20.9345,20.005496,14.301979,3.166102,983.2315,46.545005
125,7,1439.5000,20.9360,20.006515,14.301498,3.166269,983.2304,46.542055
125,8,1439.4000,20.9374,20.007534,14.301018,3.166436,983.2293,46.539105
125,9,1439.3000,20.9389,20.008552,14.300537,3.166602,983.2282,46.536156
125,10,1439.2000,20.9403,20.009571,14.300057,3.166769,983.2271,46.533207
126,1,956.3000,32.2863,20.000150,13.726031,3.246732,996.1070,47.185791
126,2,956.2000,32.2870,20.001102,13.725556,3.246898,996.1062,47.182778
126,3,956.1000,32.2876,20.002053,13.725081,3.247065,996.1054,47.179766
126,4,956.0000,32.2883,20.003005,13.724606,3.247232,996.1046,47.176753
126,5,955.9000,32.2889,20.003956,13.724131,3.247398,996.1038,47.173741
126,6,955.8000,32.2896,20.004908,13.723656,3.247565,996.1030,47.170728
126,7,955.7000,32.2902,20.005859,13.723181,3.247732,996.1021,47.167716
126,8,955.6000,32.2909,20.006811,13.722706,3.247898,996.1013,47.164704
126,9,955.5000,32.2915,20.007762,13.722231,3.248065,996.1005,47.161693
126,10,955.4000,32.2922,20.008713,13.721756,3.248232,996.0997,47.158681
127,1,39.6000,38.7010,20.000567,18.066606,3.194558,902.1198,50.000000
127,2,39.5000,38.7018,20.001489,18.066147,3.194724,902.1213,49.871705
127,3,39.4000,38.7025,20.002411,18.065689,3.194891,902.1229,49.743421
127,4,39.3000,38.7033,20.003333,18.065230,3.195058,902.1244,49.615160
127,5,39.2000,38.7040,20.004256,18.064771,3.195224,902.1259,49.486922
127,6,39.1000,38.7048,20.005178,18.064313,3.195391,902.1274,49.358682
127,7,39.0000,38.7056,20.006100,18.063854,3.195558,902.1289,49.230441
127,8,38.9000,38.7063,20.007022,18.063396,3.195724,902.1304,49.102214
127,9,38.8000,38.7071,20.007944,18.062937,3.195891,902.1319,48.974010
127,10,38.7000,38.7078,20.008866,18.062479,3.196058,902.1334,48.845825
132,1,775.3000,31.8402,20.000245,14.043784,3.143027,989.0231,47.378738
132,2,775.2000,31.8415,20.001210,14.043309,3.143194,989.0223,47.375680
132,3,775.1000,31.8428,20.002175,14.042834,3.143360,989.0216,47.372622
132,4,775.0000,31.8441,20.003140,14.042358,3.143527,989.0208,47.369565
132,5,774.9000,31.8454,20.004106,14.041883,3.143694,989.0200,47.366508
132,6,774.8000,31.8467,20.005071,14.041407,3.143860,989.0193,47.363451
132,7,774.7000,31.8480,20.006036,14.040932,3.144027,989.0185,47.360393
132,8,774.6000,31.8493,20.007001,14.040456,3.144194,989.0177,47.357336
132,9,774.5000,31.8506,20.007966,14.039981,3.144360,989.0169,47.354279
132,10,774.4000,31.8519,20.008931,14.039506,3.144527,989.0162,47.351222
133,1,774.9000,30.5927,20.000709,15.719344,3.177368,952.2084,49.476879
133,2,774.8000,30.5933,20.001673,15.718874,3.177535,952.2085,49.473092
133,3,774.7000,30.5940,20.002638,15.718404,3.177702,952.2086,49.469305
133,4,774.6000,30.5946,20.003602,15.717935,3.177868,952.2087,49.465517
133,5,774.5000,30.5952,20.004566,15.717465,3.178035,952.2088,49.461730
133,6,774.4000,30.5959,20.005531,15.716995,3.178202,952.2089,49.457944
133,7,774.3000,30.5965,20.006495,15.716526,3.178368,952.2090,49.454157
133,8,774.2000,30.5972,20.007460,15.716056,3.178535,952.2092,49.450371
133,9,774.1000,30.5978,20.008424,15.715586,3.178702,952.2093,49.446585
133,10,774.0000,30.5984,20.009388,15.715117,3.178868,952.2094,49.442798
136,1,776.7000,30.8679,22.999749,10.187263,3.652610,1033.7359,32.189906
136,2,776.8000,30.8665,22.998816,10.187750,3.652443,1033.7388,32.185338
136,3,776.9000,30.8650,22.997882,10.188236,3.652277,1033.7416,32.180771
136,4,777.0000,30.8636,22.996948,10.188723,3.652110,1033.7445,32.176205
136,5,777.1000,30.8621,22.996014,10.189209,3.651943,1033.7473,32.171642
136,6,777.2000,30.8607,22.995081,10.189695,3.651777,1033.7502,32.167078
136,7,777.3000,30.8592,22.994147,10.190182,3.651610,1033.7530,32.162511
136,8,777.4000,30.8578,22.993213,10.190668,3.651443,1033.7559,32.157945
136,9,777.5000,30.8563,22.992279,10.191155,3.651277,1033.7587,32.153381
136,10,777.6000,30.8549,22.991345,10.191641,3.651110,1033.7616,32.148818
137,1,553.9000,33.1538,20.000105,17.871693,3.129114,906.2196,50.000000
137,2,553.8000,33.1552,20.001064,17.871230,3.129280,906.2208,49.995312
137,3,553.7000,33.1566,20.002024,17.870766,3.129447,906.2219,49.990624
137,4,553.6000,33.1580,20.002984,17.870303,3.129614,906.2231,49.985936
137,5,553.5000,33.1594,20.003944,17.869839,3.129780,906.2243,49.981249
137,6,553.4000,33.1608,20.004903,17.869376,3.129947,906.2255,49.976561
137,7,553.3000,33.1622,20.005863,17.868912,3.130114,906.2267,49.971873
137,8,553.2000,33.1636,20.006823,17.868449,3.130280,906.2279,49.967187
137,9,553.1000,33.1650,20.007783,17.867985,3.130447,906.2290,49.962500
137,10,553.0000,33.1663,20.008742,17.867522,3.130614,906.2302,49.957813
139,1,345.2000,36.7965,20.000472,21.468198,3.206759,837.2323,50.000000
139,2,345.1000,36.7971,20.001405,21.467743,3.206926,837.2335,49.987581
139,3,345.0000,36.7978,20.002338,21.467289,3.207093,837.2346,49.975163
139,4,344.9000,36.7984,20.003271,21.466834,3.207259,837.2358,49.962745
139,5,344.8000,36.7990,20.004204,21.466380,3.207426,837.2369,49.950328
139,6,344.7000,36.7997,20.005137,21.465926,3.207593,837.2380,49.937913
139,7,344.6000,36.8003,20.006070,21.465471,3.207759,837.2392,49.925497
139,8,344.5000,36.8009,20.007003,21.465017,3.207926,837.2403,49.913081
139,9,344.4000,36.8016,20.007936,21.464562,3.208093,837.2415,49.900666
139,10,344.3000,36.8022,20.008869,21.464108,3.208259,837.2426,49.888252
140,1,752.5000,30.9293,20.000837,13.319161,3.105043,1005.2162,46.235158
140,2,752.4000,30.9318,20.001809,13.318686,3.105209,1005.2148,46.232524
140,3,752.3000,30.9343,20.002781,13.318211,3.105376,1005.2135,46.229890
140,4,752.2000,30.9368,20.003754,13.317736,3.105543,1005.2122,46.227256
140,5,752.1000,30.9393,20.004726,13.317261,3.105709,1005.2108,46.224623
140,6,752.0000,30.9418,20.005699,13.316787,3.105876,1005.2095,46.221991
140,7,751.9000,30.9443,20.006671,13.316312,3.106043,1005.2082,46.219357
140,8,751.8000,30.9468,20.007643,13.315837,3.106209,1005.2069,46.216723
140,9,751.7000,30.9493,20.008615,13.315362,3.106376,1005.2055,46.214090
140,10,751.6000,30.9518,20.009588,13.314887,3.106543,1005.2042,46.211457
142,1,47.6000,38.6660,20.000824,19.997520,3.180509,862.1497,50.000000
142,2,47.5000,38.6667,20.001749,19.997066,3.180676,862.1520,49.893611
142,3,47.4000,38.6674,20.002673,19.996611,3.180842,862.1542,49.787230
142,4,47.3000,38.6681,20.003598,19.996156,3.181009,862.1565,49.680862
142,5,47.2000,38.6688,20.004523,19.995701,3.181176,862.1588,49.574499
142,6,47.1000,38.6695,20.005447,19.995246,3.181342,862.1611,49.468128
142,7,47.0000,38.6702,20.006372,19.994792,3.181509,862.1634,49.361770
142,8,46.9000,38.6709,20.007296,19.994337,3.181676,862.1657,49.255419
142,9,46.8000,38.6716,20.008221,19.993882,3.181842,862.1680,49.149078
142,10,46.7000,38.6723,20.009145,19.993427,3.182009,862.1703,49.042743
144,1,439.6000,34.4729,20.000445,13.327352,3.163826,1005.0369,43.501984
144,2,439.5000,34.4742,20.001388,13.326880,3.163993,1005.0359,43.499045
144,3,439.4000,34.4754,20.002331,13.326407,3.164160,1005.0349,43.496107
144,4,439.3000,34.4767,20.003275,13.325934,3.164326,1005.0339,43.493168
144,5,439.2000,34.4780,20.004218,13.325461,3.164493,1005.0329,43.490230
144,6,439.1000,34.4793,20.005161,13.324989,3.164660,1005.0318,43.487292
144,7,439.0000,34.4805,20.006104,13.324516,3.164826,1005.0308,43.484355
144,8,438.9000,34.4818,20.007047,13.324043,3.164993,1005.0298,43.481418
144,9,438.8000,34.4831,20.007990,13.323570,3.165160,1005.0288,43.478481
144,10,438.7000,34.4843,20.008933,13.323098,3.165326,1005.0278,43.475544
146,1,224.9000,37.6235,20.000866,16.675641,3.150940,931.5958,50.000000
146,2,224.8000,37.6241,20.001792,16.675182,3.151106,931.5966,49.972961
146,3,224.7000,37.6247,20.002718,16.674722,3.151273,931.5974,49.945932
146,4,224.6000,37.6253,20.003644,16.674263,3.151440,931.5982,49.918913
146,5,224.5000,37.6259,20.004570,16.673803,3.151606,931.5990,49.891881
146,6,224.4000,37.6265,20.005496,16.673344,3.151773,931.5998,49.864855
146,7,224.3000,37.6272,20.006422,16.672884,3.151940,931.6006,49.837836
146,8,224.2000,37.6278,20.007348,16.672425,3.152106,931.6014,49.810827
146,9,224.1000,37.6284,20.008274,16.671965,3.152273,931.6022,49.783827
146,10,224.0000,37.6290,20.009200,16.671506,3.152440,931.6030,49.756820
147,1,0.0000,38.9990,21.220008,13.457388,3.366542,987.4238,30.000000
147,2,0.1000,38.9984,21.219103,13.457856,3.366376,987.4245,29.988138
147,3,0.2000,38.9977,21.218198,13.458324,3.366209,987.4252,29.976293
147,4,0.3000,38.9971,21.217292,13.458791,3.366042,987.4260,29.964462
147,5,0.4000,38.9964,21.216387,13.459259,3.365876,987.4267,29.952634
147,6,0.5000,38.9958,21.215482,13.459727,3.365709,987.4274,29.940816
147,7,0.6000,38.9952,21.214577,13.460195,3.365542,987.4281,29.928975
147,8,0.7000,38.9945,21.213671,13.460662,3.365376,987.4288,29.917151
147,9,0.8000,38.9939,21.212766,13.461130,3.365209,987.4295,29.905342
147,10,0.9000,38.9933,21.211861,13.461598,3.365042,987.4302,29.893550
149,1,898.5000,29.1751,20.000781,13.769235,3.175363,995.1345,46.887531
149,2,898.4000,29.1758,20.001746,13.768763,3.175529,995.1335,46.884641
149,3,898.3000,29.1765,20.002712,13.768290,3.175696,995.1325,46.881751
149,4,898.2000,29.1772,20.003677,13.767818,3.175863,995.1315,46.878861
149,5,898.1000,29.1779,20.004643,13.767345,3.176029,995.1305,46.875972
149,6,898.0000,29.1786,20.005608,13.766873,3.176196,995.1294,46.873082
149,7,897.9000,29.1793,20.006574,13.766400,3.176363,995.1284,46.870193
149,8,897.8000,29.1800,20.007539,13.765928,3.176529,995.1274,46.867304
149,9,897.7000,29.1807,20.008505,13.765455,3.176696,995.1264,46.864415
149,10,897.6000,29.1814,20.009470,13.764983,3.176863,995.1254,46.861526
150,1,276.0000,37.3419,20.000483,15.472584,3.184383,957.5756,48.391795
150,2,275.9000,37.3425,20.001410,15.472120,3.184549,957.5758,48.341908
150,3,275.8000,37.3431,20.002338,15.471655,3.184716,957.5761,48.292084
150,4,275.7000,37.3437,20.003266,15.471190,3.184883,957.5763,48.242339
150,5,275.6000,37.3443,20.004194,15.470725,3.185049,957.5766,48.192674
150,6,275.5000,37.3449,20.005121,15.470260,3.185216,957.5768,48.142919
150,7,275.4000,37.3455,20.006049,15.469795,3.185383,957.5771,48.093202
150,8,275.3000,37.3461,20.006977,15.469330,3.185549,957.5773,48.043547
150,9,275.2000,37.3467,20.007904,15.468865,3.185716,957.5776,47.993949
150,10,275.1000,37.3473,20.008832,15.468400,3.185883,957.5779,47.944426
151,1,765.5000,31.1035,22.833567,10.000221,3.610413,1039.9920,30.000000
151,2,765.6000,31.1019,22.832634,10.000706,3.610247,1039.9950,29.996059
151,3,765.7000,31.1003,22.831700,10.001190,3.610080,1039.9980,29.992114
151,4,765.8000,31.0988,22.830766,10.001675,3.609913,1040.0011,29.988170
151,5,765.9000,31.0972,22.829832,10.002159,3.609747,1040.0041,29.984228
151,6,766.0000,31.0956,22.828898,10.002643,3.609580,1040.0071,29.980286
151,7,766.1000,31.0941,22.827963,10.003128,3.609413,1040.0101,29.976347
151,8,766.2000,31.0925,22.827029,10.003612,3.609247,1040.0131,29.972403
151,9,766.3000,31.0909,22.826095,10.004097,3.609080,1040.0161,29.968460
151,10,766.4000,31.0893,22.825161,10.004581,3.608913,1040.0191,29.964520
153,1,166.7000,37.8867,20.000579,16.216187,3.140162,941.4658,50.000000
153,2,166.6000,37.8874,20.001506,16.215726,3.140329,941.4664,49.963328
153,3,166.5000,37.8881,20.002432,16.215265,3.140495,941.4670,49.926676
153,4,166.4000,37.8887,20.003359,16.214804,3.140662,941.4675,49.889997
153,5,166.3000,37.8894,20.004286,16.214344,3.140829,941.4681,49.853330
153,6,166.2000,37.8901,20.005212,16.213883,3.140995,941.4687,49.816684
153,7,166.1000,37.8907,20.006139,16.213422,3.141162,941.4693,49.780058
153,8,166.0000,37.8914,20.007065,16.212961,3.141329,941.4699,49.743449
153,9,165.9000,37.8921,20.007992,16.212500,3.141495,941.4705,49.706815
153,10,165.8000,37.8927,20.008918,16.212039,3.141662,941.4710,49.670194
155,1,40.4000,38.6868,20.000279,17.356856,3.148309,917.0911,50.000000
155,2,40.3000,38.6876,20.001202,17.356397,3.148476,917.0923,49.873673
155,3,40.2000,38.6883,20.002125,17.355938,3.148642,917.0934,49.747374
155,4,40.1000,38.6891,20.003048,17.355479,3.148809,917.0946,49.621103
155,5,40.0000,38.6899,20.003971,17.355020,3.148976,917.0957,49.494827
155,6,39.9000,38.6907,20.004894,17.354561,3.149142,917.0969,49.368545
155,7,39.8000,38.6914,20.005817,17.354101,3.149309,917.0981,49.242286
155,8,39.7000,38.6922,20.006740,17.353642,3.149476,917.0992,49.116055
155,9,39.6000,38.6930,20.007663,17.353183,3.149642,917.1004,48.989825
155,10,39.5000,38.6938,20.008586,17.352724,3.149809,917.1016,48.863591
156,1,145.0000,37.8918,20.000885,16.638074,3.158724,932.4000,50.000000
156,2,144.9000,37.8925,20.001812,16.637613,3.158890,932.4008,49.961216
156,3,144.8000,37.8933,20.002739,16.637152,3.159057,932.4016,49.922447
156,4,144.7000,37.8940,20.003665,16.636691,3.159224,932.4024,49.883692
156,5,144.6000,37.8948,20.004592,16.636230,3.159390,932.4032,49.844951
156,6,144.5000,37.8956,20.005519,16.635769,3.159557,932.4040,49.806211
156,7,144.4000,37.8963,20.006445,16.635308,3.159724,932.4048,49.767459
156,8,144.3000,37.8971,20.007372,16.634847,3.159890,932.4056,49.728723
156,9,144.2000,37.8979,20.008299,16.634386,3.160057,932.4064,49.689999
156,10,144.1000,37.8986,20.009225,16.633925,3.160224,932.4072,49.651291
157,1,729.0000,32.3925,20.000411,17.636679,3.231084,911.1703,50.000000
157,2,728.9000,32.3938,20.001369,17.636212,3.231250,911.1714,49.995341
157,3,728.8000,32.3951,20.002328,17.635744,3.231417,911.1726,49.990683
157,4,728.7000,32.3964,20.003286,17.635276,3.231584,911.1738,49.986024
157,5,728.6000,32.3977,20.004245,17.634809,3.231750,911.1749,49.981366
157,6,728.5000,32.3990,20.005203,17.634341,3.231917,911.1761,49.976708
157,7,728.4000,32.4003,20.006161,17.633874,3.232084,911.1772,49.972050
157,8,728.3000,32.4016,20.007120,17.633406,3.232250,911.1784,49.967393
157,9,728.2000,32.4029,20.008078,17.632939,3.232417,911.1796,49.962735
157,10,728.1000,32.4042,20.009036,17.632471,3.232584,911.1807,49.958077
158,1,407.7000,36.2061,21.803582,10.000080,3.436549,1054.7759,30.000000
158,2,407.8000,36.2054,21.802674,10.000557,3.436382,1054.7787,29.994166
158,3,407.9000,36.2048,21.801766,10.001033,3.436216,1054.7814,29.988334
158,4,408.0000,36.2041,21.800858,10.001510,3.436049,1054.7842,29.982505
158,5,408.1000,36.2034,21.799949,10.001986,3.435882,1054.7869,29.976670
158,6,408.2000,36.2028,21.799041,10.002462,3.435716,1054.7897,29.970838
158,7,408.3000,36.2021,21.798133,10.002939,3.435549,1054.7925,29.965008
158,8,408.4000,36.2014,21.797224,10.003415,3.435382,1054.7952,29.959179
158,9,408.5000,36.2008,21.796316,10.003892,3.435216,1054.7980,29.953352
158,10,408.6000,36.2001,21.795408,10.004368,3.435049,1054.8007,29.947520
159,1,1058.9000,24.3032,20.000231,15.136197,3.080543,964.9227,47.845181
159,2,1058.8000,24.3058,20.001243,15.135721,3.080710,964.9221,47.841923
159,3,1058.7000,24.3085,20.002256,15.135245,3.080877,964.9215,47.838665
159,4,1058.6000,24.3111,20.003268,15.134769,3.081043,964.9209,47.835406
159,5,1058.5000,24.3138,20.004280,15.134293,3.081210,964.9203,47.832147
159,6,1058.4000,24.3165,20.005293,15.133817,3.081377,964.9196,47.828889
159,7,1058.3000,24.3191,20.006305,15.133340,3.081543,964.9190,47.825631
159,8,1058.2000,24.3218,20.007317,15.132864,3.081710,964.9184,47.822374
159,9,1058.1000,24.3244,20.008329,15.132388,3.081877,964.9178,47.819115
159,10,1058.0000,24.3271,20.009341,15.131912,3.082043,964.9172,47.815857
162,1,801.0000,32.2911,23.000054,10.205371,3.707336,1033.3549,32.359204
162,2,801.1000,32.2897,22.999130,10.205858,3.707169,1033.3563,32.359196
162,3,801.2000,32.2884,22.998205,10.206345,3.707003,1033.3590,32.354533
162,4,801.3000,32.2871,22.997280,10.206832,3.706836,1033.3617,32.349873
162,5,801.4000,32.2858,22.996355,10.207319,3.706669,1033.3644,32.345215
162,6,801.5000,32.2845,22.995430,10.207806,3.706503,1033.3671,32.340559
162,7,801.6000,32.2832,22.994505,10.208293,3.706336,1033.3698,32.335903
162,8,801.7000,32.2819,22.993580,10.208780,3.706169,1033.3725,32.331243
162,9,801.8000,32.2806,22.992655,10.209267,3.706003,1033.3752,32.326584
162,10,801.9000,32.2793,22.991730,10.209754,3.705836,1033.3779,32.321928
163,1,317.9000,36.2353,20.000118,16.016581,3.115796,945.7776,50.000000
163,2,317.8000,36.2368,20.001056,16.016120,3.115962,945.7780,49.965689
163,3,317.7000,36.2382,20.001993,16.015659,3.116129,945.7784,49.931422
163,4,317.6000,36.2397,20.002931,16.015198,3.116296,945.7787,49.897171
163,5,317.5000,36.2412,20.003869,16.014736,3.116462,945.7791,49.862962
163,6,317.4000,36.2427,20.004807,16.014275,3.116629,945.7795,49.828778
163,7,317.3000,36.2441,20.005744,16.013814,3.116796,945.7798,49.794539
163,8,317.2000,36.2456,20.006682,16.013353,3.116962,945.7802,49.760343
163,9,317.1000,36.2471,20.007619,16.012891,3.117129,945.7806,49.726160
163,10,317.0000,36.2486,20.008557,16.012430,3.117296,945.7809,49.692016
166,1,0.0000,39.0000,22.821248,11.842962,3.648075,1001.7494,30.000000
166,2,0.1000,38.9993,22.820361,11.843436,3.647908,1001.7508,29.994886
166,3,0.2000,38.9987,22.819473,11.843910,3.647741,1001.7523,29.989770
166,4,0.3000,38.9980,22.818585,11.844384,3.647575,1001.7537,29.984657
166,5,0.4000,38.9974,22.817698,11.844859,3.647408,1001.7552,29.979547
166,6,0.5000,38.9967,22.816810,11.845333,3.647241,1001.7566,29.974440
166,7,0.6000,38.9960,22.815923,11.845807,3.647075,1001.7581,29.969331
166,8,0.7000,38.9954,22.815035,11.846281,3.646908,1001.7595,29.964222
166,9,0.8000,38.9947,22.814147,11.846755,3.646741,1001.7610,29.959116
166,10,0.9000,38.9940,22.813260,11.847230,3.646575,1001.7624,29.954013
168,1,765.4000,30.7916,20.000070,12.591525,3.191771,1021.6683,45.505582
168,2,765.3000,30.7929,20.001031,12.591047,3.191938,1021.6667,45.503095
168,3,765.2000,30.7943,20.001993,12.590569,3.192104,1021.6651,45.500609
168,4,765.1000,30.7956,20.002954,12.590091,3.192271,1021.6635,45.498122
168,5,765.0000,30.7970,20.003915,12.589612,3.192438,1021.6619,45.495636
168,6,764.9000,30.7983,20.004877,12.589134,3.192604,1021.6603,45.493149
168,7,764.8000,30.7997,20.005838,12.588656,3.192771,1021.6588,45.490662
168,8,764.7000,30.8010,20.006799,12.588178,3.192938,1021.6572,45.488176
168,9,764.6000,30.8024,20.007760,12.587700,3.193104,1021.6556,45.485690
168,10,764.5000,30.8037,20.008722,12.587222,3.193271,1021.6540,45.483204
170,1,735.1000,31.6116,20.000052,12.499261,3.086919,1023.7661,44.719846
170,2,735.0000,31.6129,20.001016,12.498787,3.087086,1023.7644,44.717505
170,3,734.9000,31.6142,20.001981,12.498312,3.087252,1023.7626,44.715164
170,4,734.8000,31.6155,20.002946,12.497838,3.087419,1023.7608,44.712823
170,5,734.7000,31.6168,20.003910,12.497363,3.087586,1023.7590,44.710482
170,6,734.6000,31.6181,20.004875,12.496888,3.087752,1023.7572,44.708141
170,7,734.5000,31.6194,20.005839,12.496414,3.087919,1023.7555,44.705800
170,8,734.4000,31.6207,20.006804,12.495939,3.088086,1023.7537,44.703460
170,9,734.3000,31.6221,20.007768,12.495465,3.088252,1023.7519,44.701119
170,10,734.2000,31.6234,20.008733,12.494990,3.088419,1023.7501,44.698778
171,1,699.4000,31.7114,20.000181,18.077436,3.208618,901.8960,50.000000
171,2,699.3000,31.7126,20.001142,18.076970,3.208785,901.8973,49.995173
171,3,699.2000,31.7139,20.002104,18.076504,3.208952,901.8986,49.990346
171,4,699.1000,31.7152,20.003065,18.076038,3.209118,901.9000,49.985519
171,5,699.0000,31.7164,20.004026,18.075572,3.209285,901.9013,49.980692
171,6,698.9000,31.7177,20.004987,18.075105,3.209452,901.9026,49.975866
171,7,698.8000,31.7189,20.005948,18.074639,3.209618,901.9040,49.971039
171,8,698.7000,31.7202,20.006909,18.074173,3.209785,901.9053,49.966214
171,9,698.6000,31.7214,20.007870,18.073707,3.209952,901.9066,49.961388
171,10,698.5000,31.7227,20.008831,18.073241,3.210118,901.9079,49.956562
173,1,189.7000,37.5989,21.637863,10.000142,3.404419,1057.1920,30.000000
173,2,189.8000,37.5981,21.636955,10.000619,3.404252,1057.1948,29.993671
173,3,189.9000,37.5974,21.636046,10.001097,3.404085,1057.1975,29.987345
173,4,190.0000,37.5966,21.635138,10.001575,3.403919,1057.2002,29.981021
173,5,190.1000,37.5959,21.634230,10.002052,3.403752,1057.2029,29.974700
173,6,190.2000,37.5952,21.633322,10.002530,3.403585,1057.2056,29.968374
173,7,190.3000,37.5944,21.632413,10.003008,3.403419,1057.2084,29.962050
173,8,190.4000,37.5937,21.631505,10.003486,3.403252,1057.2111,29.955728
173,9,190.5000,37.5929,21.630597,10.003963,3.403085,1057.2138,29.949410
173,10,190.6000,37.5922,21.629688,10.004441,3.402919,1057.2165,29.943092
174,1,766.6000,31.9810,20.000191,12.663906,3.204765,1020.0232,45.804098
174,2,766.5000,31.9822,20.001152,12.663426,3.204932,1020.0217,45.801567
174,3,766.4000,31.9834,20.002113,12.662946,3.205098,1020.0202,45.799036
174,4,766.3000,31.9846,20.003074,12.662466,3.205265,1020.0187,45.796506
174,5,766.2000,31.9858,20.004035,12.661986,3.205432,1020.0172,45.793975
174,6,766.1000,31.9870,20.004996,12.661506,3.205598,1020.0157,45.791444
174,7,766.0000,31.9882,20.005957,12.661027,3.205765,1020.0142,45.788913
174,8,765.9000,31.9894,20.006918,12.660547,3.205932,1020.0127,45.786383
174,9,765.8000,31.9906,20.007879,12.660067,3.206098,1020.0112,45.783853
174,10,765.7000,31.9918,20.008840,12.659587,3.206265,1020.0097,45.781322
175,1,245.5000,37.0462,21.715970,10.000405,3.400737,1056.0454,30.000000
175,2,245.6000,37.0454,21.715064,10.000879,3.400570,1056.0482,29.994119
175,3,245.7000,37.0446,21.714157,10.001353,3.400404,1056.0510,29.988240
175,4,245.8000,37.0438,21.713251,10.001827,3.400237,1056.0538,29.982361
175,5,245.9000,37.0430,21.712344,10.002301,3.400070,1056.0566,29.976480
175,6,246.0000,37.0423,21.711438,10.002775,3.399904,1056.0593,29.970600
175,7,246.1000,37.0415,21.710531,10.003249,3.399737,1056.0621,29.964723
175,8,246.2000,37.0407,21.709625,10.003724,3.399570,1056.0649,29.958848
175,9,246.3000,37.0399,21.708718,10.004198,3.399404,1056.0677,29.952974
175,10,246.4000,37.0391,21.707811,10.004672,3.399237,1056.0705,29.947096
176,1,1415.1000,24.6597,22.498803,10.000016,3.584919,1044.7548,30.000000
176,2,1415.2000,24.6590,22.497835,10.000506,3.584752,1044.7581,29.995350
176,3,1415.3000,24.6583,22.496867,10.000996,3.584585,1044.7615,29.990701
176,4,1415.4000,24.6576,22.495899,10.001486,3.584419,1044.7649,29.986053
176,5,1415.5000,24.6569,22.494932,10.001976,3.584252,1044.7682,29.981408
176,6,1415.6000,24.6562,22.493964,10.002466,3.584085,1044.7716,29.976760
176,7,1415.7000,24.6555,22.492996,10.002956,3.583919,1044.7749,29.972111
176,8,1415.8000,24.6548,22.492028,10.003446,3.583752,1044.7783,29.967465
176,9,1415.9000,24.6541,22.491060,10.003936,3.583585,1044.7816,29.962820
176,10,1416.0000,24.6534,22.490092,10.004426,3.583419,1044.7850,29.958177
178,1,472.6000,34.5355,20.000106,14.701551,3.118283,974.4672,47.456060
178,2,472.5000,34.5367,20.001049,14.701086,3.118449,974.4669,47.452274
178,3,472.4000,34.5379,20.001993,14.700620,3.118616,974.4665,47.448488
178,4,472.3000,34.5392,20.002936,14.700155,3.118783,974.4662,47.444702
178,5,472.2000,34.5404,20.003880,14.699689,3.118949,974.4658,47.440917
178,6,472.1000,34.5416,20.004823,14.699224,3.119116,974.4655,47.437133
178,7,472.0000,34.5429,20.005767,14.698758,3.119283,974.4651,47.433348
178,8,471.9000,34.5441,20.006710,14.698292,3.119449,974.4648,47.429563
178,9,471.8000,34.5453,20.007654,14.697827,3.119616,974.4645,47.425778
178,10,471.7000,34.5465,20.008597,14.697361,3.119783,974.4641,47.421994
179,1,0.0000,39.0010,22.675109,12.981679,3.617748,980.1500,30.000000
179,2,0.1000,39.0003,22.674218,12.982150,3.617582,980.1509,29.992839
179,3,0.2000,38.9996,22.673326,12.982621,3.617415,980.1518,29.985679
179,4,0.3000,38.9989,22.672435,12.983092,3.617248,980.1527,29.978527
179,5,0.4000,38.9982,22.671544,12.983563,3.617082,980.1536,29.971381
179,6,0.5000,38.9975,22.670653,12.984035,3.616915,980.1545,29.964241
179,7,0.6000,38.9968,22.669761,12.984506,3.616748,980.1554,29.957093
179,8,0.7000,38.9961,22.668870,12.984977,3.616582,980.1563,29.949948
179,9,0.8000,38.9954,22.667979,12.985448,3.616415,980.1572,29.942809
179,10,0.9000,38.9946,22.667088,12.985919,3.616248,980.1581,29.935676
180,1,792.6000,30.0244,20.000792,14.318922,3.128416,982.9105,47.442274
180,2,792.5000,30.0258,20.001767,14.318448,3.128583,982.9098,47.439167
180,3,792.4000,30.0272,20.002742,14.317973,3.128750,982.9090,47.436059
180,4,792.3000,30.0285,20.003717,14.317499,3.128916,982.9083,47.432953
180,5,792.2000,30.0299,20.004692,14.317025,3.129083,982.9076,47.429846
180,6,792.1000,30.0313,20.005667,14.316551,3.129250,982.9068,47.426740
180,7,792.0000,30.0327,20.006642,14.316076,3.129416,982.9061,47.423634
180,8,791.9000,30.0340,20.007616,14.315602,3.129583,982.9054,47.420527
180,9,791.8000,30.0354,20.008591,14.315128,3.129750,982.9046,47.417421
180,10,791.7000,30.0368,20.009566,14.314654,3.129916,982.9039,47.414315
181,1,1553.6000,24.1375,21.549528,10.000182,3.422684,1058.4843,30.000000
181,2,1553.7000,24.1361,21.548543,10.000673,3.422517,1058.4879,29.993044
181,3,1553.8000,24.1348,21.547559,10.001163,3.422350,1058.4914,29.986082
181,4,1553.9000,24.1335,21.546575,10.001654,3.422184,1058.4949,29.979119
181,5,1554.0000,24.1322,21.545590,10.002144,3.422017,1058.4985,29.972159
181,6,1554.1000,24.1309,21.544606,10.002635,3.421850,1058.5020,29.965202
181,7,1554.2000,24.1296,21.543621,10.003125,3.421684,1058.5056,29.958249
181,8,1554.3000,24.1282,21.542637,10.003616,3.421517,1058.5091,29.951290
181,9,1554.4000,24.1269,21.541652,10.004106,3.421350,1058.5127,29.944329
181,10,1554.5000,24.1256,21.540667,10.004597,3.421184,1058.5162,29.937373
182,1,716.5000,31.9982,22.999313,10.009147,3.608883,1037.4653,30.115126
182,2,716.6000,31.9966,22.998385,10.009629,3.608717,1037.4683,30.111463
182,3,716.7000,31.9951,22.997456,10.010111,3.608550,1037.4713,30.107801
182,4,716.8000,31.9935,22.996528,10.010593,3.608383,1037.4743,30.104141
182,5,716.9000,31.9920,22.995600,10.011075,3.608217,1037.4772,30.100480
182,6,716.4000,31.9997,23.000241,10.008665,3.609050,1037.4678,30.100232
182,7,717.0000,31.9904,22.994671,10.011557,3.608050,1037.4802,30.096816
182,8,717.1000,31.9889,22.993743,10.012039,3.607883,1037.4832,30.093154
182,9,717.2000,31.9873,22.992814,10.012521,3.607717,1037.4862,30.089494
182,10,717.3000,31.9858,22.991886,10.013003,3.607550,1037.4892,30.085836
183,1,830.8000,30.0074,20.000837,12.640366,3.137111,1020.5492,45.415078
183,2,830.7000,30.0089,20.001808,12.639889,3.137278,1020.5475,45.412650
183,3,830.6000,30.0103,20.002778,12.639412,3.137444,1020.5458,45.410221
183,4,830.5000,30.0118,20.003749,12.638934,3.137611,1020.5441,45.407793
183,5,830.4000,30.0132,20.004720,12.638457,3.137778,1020.5424,45.405364
183,6,830.3000,30.0147,20.005690,12.637980,3.137944,1020.5407,45.402937
183,7,830.2000,30.0161,20.006661,12.637502,3.138111,1020.5390,45.400509
183,8,830.1000,30.0176,20.007632,12.637025,3.138278,1020.5373,45.398081
183,9,830.0000,30.0190,20.008602,12.636548,3.138444,1020.5356,45.395653
183,10,829.9000,30.0205,20.009573,12.636071,3.138611,1020.5339,45.393225
184,1,410.3000,36.1377,20.000659,14.161373,3.180523,986.4056,44.137445
184,2,410.2000,36.1384,20.001590,14.160906,3.180690,986.4051,44.133692
184,3,410.1000,36.1391,20.002521,14.160439,3.180857,986.4046,44.129941
184,4,410.0000,36.1398,20.003452,14.159972,3.181023,986.4041,44.126189
184,5,409.9000,36.1405,20.004384,14.159505,3.181190,986.4036,44.122437
184,6,409.8000,36.1412,20.005315,14.159037,3.181357,986.4031,44.118686
184,7,409.7000,36.1419,20.006246,14.158570,3.181523,986.4027,44.114936
184,8,409.6000,36.1426,20.007177,14.158103,3.181690,986.4022,44.111187
184,9,409.5000,36.1433,20.008108,14.157636,3.181857,986.4017,44.107437
184,10,409.4000,36.1441,20.009039,14.157168,3.182023,986.4012,44.103686
186,1,1061.1000,26.7680,20.000132,13.091047,3.163126,1010.3606,45.673641
186,2,1061.0000,26.7687,20.001114,13.090570,3.163293,1010.3591,45.671059
186,3,1060.9000,26.7694,20.002095,13.090092,3.163460,1010.3576,45.668477
186,4,1060.8000,26.7701,20.003077,13.089615,3.163626,1010.3560,45.665896
186,5,1060.7000,26.7708,20.004058,13.089138,3.163793,1010.3545,45.663314
186,6,1060.6000,26.7716,20.005040,13.088660,3.163960,1010.3530,45.660732
186,7,1060.5000,26.7723,20.006022,13.088183,3.164126,1010.3514,45.658151
186,8,1060.4000,26.7730,20.007003,13.087705,3.164293,1010.3499,45.655570
186,9,1060.3000,26.7737,20.007985,13.087228,3.164460,1010.3483,45.652989
186,10,1060.2000,26.7744,20.008966,13.086751,3.164626,1010.3468,45.650409
188,1,0.0000,39.0000,22.828549,10.631573,3.642009,1026.8097,30.000000
188,2,0.1000,38.9993,22.827665,10.632047,3.641842,1026.8118,29.995794
188,3,0.2000,38.9985,22.826781,10.632521,3.641676,1026.8139,29.991590
188,4,0.3000,38.9978,22.825897,10.632994,3.641509,1026.8161,29.987388
188,5,0.4000,38.9970,22.825013,10.633468,3.641342,1026.8182,29.983184
188,6,0.5000,38.9963,22.824129,10.633942,3.641176,1026.8203,29.978980
188,7,0.6000,38.9956,22.823245,10.634416,3.641009,1026.8225,29.974778
188,8,0.7000,38.9948,22.822361,10.634889,3.640842,1026.8246,29.970577
188,9,0.8000,38.9941,22.821477,10.635363,3.640676,1026.8267,29.966379
188,10,0.9000,38.9933,22.820593,10.635837,3.640509,1026.8289,29.962178
191,1,228.1000,37.5550,20.000452,20.583621,3.229937,852.1893,50.000000
191,2,228.0000,37.5556,20.001382,20.583165,3.230104,852.1902,49.982809
191,3,227.9000,37.5563,20.002311,20.582709,3.230270,852.1911,49.965617
191,4,227.8000,37.5569,20.003241,20.582253,3.230437,852.1920,49.948424
191,5,227.7000,37.5575,20.004170,20.581796,3.230604,852.1929,49.931233
191,6,227.6000,37.5582,20.005100,20.581340,3.230770,852.1939,49.914045
191,7,227.5000,37.5588,20.006029,20.580884,3.230937,852.1948,49.896858
191,8,227.4000,37.5594,20.006958,20.580428,3.231104,852.1957,49.879669
191,9,227.3000,37.5601,20.007888,20.579972,3.231270,852.1966,49.862479
191,10,227.2000,37.5607,20.008817,20.579516,3.231437,852.1975,49.845290
192,1,146.2000,38.1186,20.000430,19.041438,3.172448,881.8065,50.000000
192,2,146.1000,38.1192,20.001355,19.040983,3.172614,881.8084,49.964114
192,3,146.0000,38.1198,20.002280,19.040527,3.172781,881.8103,49.928233
192,4,145.9000,38.1204,20.003204,19.040071,3.172948,881.8121,49.892356
192,5,145.8000,38.1210,20.004129,19.039615,3.173114,881.8140,49.856484
192,6,145.7000,38.1216,20.005054,19.039159,3.173281,881.8159,49.820610
192,7,145.6000,38.1222,20.005979,19.038703,3.173448,881.8178,49.784737
192,8,145.5000,38.1228,20.006904,19.038247,3.173614,881.8197,49.748869
192,9,145.4000,38.1234,20.007829,19.037792,3.173781,881.8216,49.713005
192,10,145.3000,38.1240,20.008753,19.037336,3.173948,881.8235,49.677144
193,1,0.0000,39.0000,22.043803,12.931429,3.526714,988.7233,30.000000
193,2,0.1000,38.9994,22.042910,12.931899,3.526548,988.7242,29.992268
193,3,0.2000,38.9988,22.042017,12.932368,3.526381,988.7252,29.984537
193,4,0.3000,38.9982,22.041124,12.932838,3.526214,988.7261,29.976798
193,5,0.4000,38.9976,22.040231,12.933307,3.526048,988.7270,29.969065
193,6,0.5000,38.9970,22.039338,12.933777,3.525881,988.7279,29.961339
193,7,0.6000,38.9964,22.038444,12.934247,3.525714,988.7288,29.953619
193,8,0.7000,38.9958,22.037551,12.934716,3.525548,988.7297,29.945899
193,9,0.8000,38.9951,22.036658,12.935186,3.525381,988.7307,29.938174
193,10,0.9000,38.9945,22.035765,12.935655,3.525214,988.7316,29.930455
194,1,382.5000,35.6625,20.000400,14.962547,3.162784,968.7263,45.474863
194,2,382.4000,35.6639,20.001337,14.962081,3.162951,968.7262,45.470004
194,3,382.3000,35.6652,20.002274,14.961614,3.163117,968.7261,45.465144
194,4,382.2000,35.6666,20.003210,14.961148,3.163284,968.7260,45.460284
194,5,382.1000,35.6680,20.004147,14.960682,3.163451,968.7259,45.455425
194,6,382.0000,35.6694,20.005084,14.960216,3.163617,968.7258,45.450568
194,7,381.9000,35.6707,20.006020,14.959749,3.163784,968.7257,45.445711
194,8,381.8000,35.6721,20.006957,14.959283,3.163951,968.7256,45.440853
194,9,381.7000,35.6735,20.007894,14.958817,3.164117,968.7255,45.435994
194,10,381.6000,35.6749,20.008830,14.958350,3.164284,968.7254,45.431138
195,1,495.8000,34.6527,20.000148,14.688893,3.153058,974.7455,47.959784
195,2,495.7000,34.6540,20.001092,14.688425,3.153225,974.7453,47.956078
195,3,495.6000,34.6553,20.002035,14.687957,3.153392,974.7450,47.952372
195,4,495.5000,34.6566,20.002979,14.687489,3.153558,974.7447,47.948666
195,5,495.4000,34.6579,20.003922,14.687021,3.153725,974.7444,47.944960
195,6,495.3000,34.6592,20.004865,14.686553,3.153892,974.7441,47.941254
195,7,495.2000,34.6605,20.005809,14.686084,3.154058,974.7438,47.937549
195,8,495.1000,34.6618,20.006752,14.685616,3.154225,974.7435,47.933844
195,9,495.0000,34.6631,20.007696,14.685148,3.154392,974.7432,47.930139
195,10,494.9000,34.6644,20.008639,14.684680,3.154558,974.7429,47.926434
198,1,38.8000,38.7424,20.000513,19.250260,3.195903,877.4905,50.000000
198,2,38.7000,38.7430,20.001437,19.249803,3.196070,877.4925,49.869579
198,3,38.6000,38.7437,20.002360,19.249347,3.196237,877.4945,49.739168
198,4,38.5000,38.7444,20.003284,19.248891,3.196403,877.4965,49.608741
198,5,38.4000,38.7450,20.004207,19.248434,3.196570,877.4985,49.478325
198,6,38.3000,38.7457,20.005131,19.247978,3.196737,877.5005,49.347925
198,7,38.2000,38.7463,20.006055,19.247521,3.196903,877.5025,49.217541
198,8,38.1000,38.7470,20.006978,19.247065,3.197070,877.5045,49.087175
198,9,38.0000,38.7477,20.007902,19.246608,3.197237,877.5065,48.956792
198,10,37.9000,38.7483,20.008825,19.246152,3.197403,877.5085,48.826420
203,1,1812.7000,19.5617,22.305925,10.000316,3.534337,1047.5098,30.000000
203,2,1812.8000,19.5611,22.304929,10.000808,3.534170,1047.5135,29.994939
203,3,1812.9000,19.5604,22.303933,10.001301,3.534004,1047.5172,29.989878
203,4,1813.0000,19.5597,22.302937,10.001793,3.533837,1047.5209,29.984818
203,5,1813.1000,19.5590,22.301941,10.002286,3.533670,1047.5246,29.979759
203,6,1813.2000,19.5584,22.300945,10.002778,3.533504,1047.5283,29.974702
203,7,1813.3000,19.5577,22.299949,10.003270,3.533337,1047.5320,29.969645
203,8,1813.4000,19.5570,22.298953,10.003763,3.533170,1047.5357,29.964586
203,9,1813.5000,19.5564,22.297957,10.004255,3.533004,1047.5394,29.959529
203,10,1813.6000,19.5557,22.296961,10.004747,3.532837,1047.5431,29.954474
205,1,1032.2000,28.7079,20.000485,13.116017,3.202823,1009.7932,46.006382
205,2,1032.1000,28.7086,20.001458,13.115537,3.202990,1009.7918,46.003698
205,3,1032.0000,28.7092,20.002431,13.115058,3.203157,1009.7905,46.001015
205,4,1031.9000,28.7098,20.003403,13.114579,3.203323,1009.7891,45.998332
205,5,1031.8000,28.7104,20.004376,13.114100,3.203490,1009.7877,45.995649
205,6,1031.7000,28.7111,20.005349,13.113620,3.203657,1009.7864,45.992966
205,7,1031.6000,28.7117,20.006322,13.113141,3.203823,1009.7850,45.990283
205,8,1031.5000,28.7123,20.007294,13.112662,3.203990,1009.7836,45.987600
205,9,1031.4000,28.7129,20.008267,13.112183,3.204157,1009.7823,45.984917
205,10,1031.3000,28.7136,20.009240,13.111703,3.204323,1009.7809,45.982235
207,1,103.8000,38.2078,20.000299,17.795475,3.159971,907.8225,50.000000
207,2,103.7000,38.2086,20.001224,17.795016,3.160138,907.8239,49.949515
207,3,103.6000,38.2093,20.002149,17.794558,3.160304,907.8252,49.899038
207,4,103.5000,38.2101,20.003075,17.794099,3.160471,907.8266,49.848568
207,5,103.4000,38.2109,20.004000,17.793640,3.160638,907.8279,49.798104
207,6,103.3000,38.2116,20.004926,17.793182,3.160804,907.8293,49.747645
207,7,103.2000,38.2124,20.005851,17.792723,3.160971,907.8306,49.697177
207,8,103.1000,38.2131,20.006776,17.792265,3.161138,907.8319,49.646714
207,9,103.0000,38.2139,20.007701,17.791806,3.161304,907.8333,49.596261
207,10,102.9000,38.2147,20.008627,17.791347,3.161471,907.8346,49.545814
208,1,300.6000,36.9449,20.000593,19.873305,3.152668,864.6899,50.000000
208,2,300.5000,36.9456,20.001525,19.872852,3.152835,864.6921,49.981804
208,3,300.4000,36.9463,20.002457,19.872399,3.153002,864.6942,49.963607
208,4,300.3000,36.9470,20.003389,19.871945,3.153168,864.6964,49.945412
208,5,300.2000,36.9476,20.004321,19.871492,3.153335,864.6985,49.927218
208,6,300.1000,36.9483,20.005253,19.871039,3.153502,864.7007,49.909026
208,7,300.0000,36.9490,20.006184,19.870585,3.153668,864.7028,49.890836
208,8,299.9000,36.9497,20.007116,19.870132,3.153835,864.7050,49.872645
208,9,299.8000,36.9504,20.008048,19.869678,3.154002,864.7071,49.854455
208,10,299.7000,36.9511,20.008980,19.869225,3.154168,864.7093,49.836267
209,1,781.1000,31.2797,20.000526,15.497287,3.224133,957.0372,49.407776
209,2,781.0000,31.2810,20.001489,15.496815,3.224299,957.0372,49.404058
209,3,780.9000,31.2823,20.002452,15.496342,3.224466,957.0373,49.400339
209,4,780.8000,31.2836,20.003415,15.495869,3.224633,957.0374,49.396620
209,5,780.7000,31.2849,20.004378,15.495396,3.224799,957.0374,49.392901
209,6,780.6000,31.2862,20.005341,15.494924,3.224966,957.0375,49.389183
209,7,780.5000,31.2874,20.006303,15.494451,3.225133,957.0376,49.385465
209,8,780.4000,31.2887,20.007266,15.493978,3.225299,957.0376,49.381747
209,9,780.3000,31.2900,20.008229,15.493505,3.225466,957.0377,49.378029
209,10,780.2000,31.2913,20.009192,15.493032,3.225633,957.0378,49.374311
210,1,34.4000,38.7779,22.999898,11.311544,3.714412,1010.4114,31.888553
210,2,34.5000,38.7773,22.999013,11.312019,3.714245,1010.4131,31.885046
210,3,34.6000,38.7766,22.998128,11.312494,3.714078,1010.4149,31.881540
210,4,34.7000,38.7760,22.997244,11.312969,3.713912,1010.4166,31.878037
210,5,34.8000,38.7753,22.996359,11.313444,3.713745,1010.4183,31.874536
210,6,34.9000,38.7747,22.995474,11.313918,3.713578,1010.4200,31.871032
210,7,35.0000,38.7741,22.994589,11.314393,3.713412,1010.4218,31.867530
210,8,35.1000,38.7734,22.993705,11.314868,3.713245,1010.4235,31.864028
210,9,35.2000,38.7728,22.992820,11.315343,3.713078,1010.4252,31.860528
210,10,35.3000,38.7721,22.991935,11.315818,3.712912,1010.4270,31.857029
212,1,1576.9000,20.1359,22.333860,10.000357,3.530280,1047.1081,30.000000
212,2,1577.0000,20.1343,22.332862,10.000850,3.530113,1047.1118,29.995183
212,3,1577.1000,20.1327,22.331865,10.001344,3.529947,1047.1155,29.990368
212,4,1577.2000,20.1311,22.330867,10.001837,3.529780,1047.1192,29.985555
212,5,1577.3000,20.1296,22.329869,10.002331,3.529613,1047.1229,29.980737
212,6,1577.4000,20.1280,22.328871,10.002824,3.529447,1047.1266,29.975920
212,7,1577.5000,20.1264,22.327873,10.003318,3.529280,1047.1303,29.971105
212,8,1577.6000,20.1248,22.326875,10.003812,3.529113,1047.1340,29.966292
212,9,1577.7000,20.1233,22.325878,10.004305,3.528947,1047.1377,29.961481
212,10,1577.8000,20.1217,22.324880,10.004799,3.528780,1047.1414,29.956665
217,1,1559.4000,24.3154,21.874742,10.000112,3.509209,1053.7405,30.000000
217,2,1559.5000,24.3140,21.873765,10.000603,3.509042,1053.7440,29.994179
217,3,1559.6000,24.3127,21.872789,10.001093,3.508876,1053.7474,29.988360
217,4,1559.7000,24.3113,21.871812,10.001584,3.508709,1053.7509,29.982543
217,5,1559.8000,24.3100,21.870836,10.002075,3.508542,1053.7543,29.976728
217,6,1559.9000,24.3087,21.869859,10.002566,3.508376,1053.7577,29.970907
217,7,1560.0000,24.3073,21.868883,10.003056,3.508209,1053.7612,29.965089
217,8,1560.1000,24.3060,21.867906,10.003547,3.508042,1053.7646,29.959273
217,9,1560.2000,24.3046,21.866930,10.004038,3.507876,1053.7681,29.953459
217,10,1560.3000,24.3033,21.865953,10.004528,3.507709,1053.7715,29.947646
218,1,451.5000,35.2755,20.000538,16.359264,3.177700,938.3865,50.000000
218,2,451.4000,35.2767,20.001483,16.358798,3.177867,938.3871,49.994627
218,3,451.3000,35.2779,20.002428,16.358331,3.178034,938.3877,49.989253
218,4,451.2000,35.2791,20.003373,16.357865,3.178200,938.3883,49.983879
218,5,451.1000,35.2803,20.004317,16.357399,3.178367,938.3889,49.978506
218,6,451.0000,35.2815,20.005262,16.356932,3.178534,938.3895,49.973134
218,7,450.9000,35.2827,20.006207,16.356466,3.178700,938.3901,49.967763
218,8,450.8000,35.2839,20.007152,16.355999,3.178867,938.3907,49.962390
218,9,450.7000,35.2850,20.008096,16.355533,3.179034,938.3913,49.957018
218,10,450.6000,35.2862,20.009041,16.355067,3.179200,938.3919,49.951647
220,1,942.3000,28.2497,20.000177,14.089631,3.151920,988.0047,47.147969
220,2,942.2000,28.2511,20.001155,14.089156,3.152086,988.0038,47.144961
220,3,942.1000,28.2526,20.002133,14.088680,3.152253,988.0029,47.141953
220,4,942.0000,28.2540,20.003111,14.088204,3.152420,988.0020,47.138945
220,5,941.9000,28.2554,20.004089,14.087728,3.152586,988.0012,47.135937
220,6,941.8000,28.2569,20.005067,14.087252,3.152753,988.0003,47.132929
220,7,941.7000,28.2583,20.006045,14.086776,3.152920,987.9994,47.129922
220,8,941.6000,28.2597,20.007023,14.086300,3.153086,987.9985,47.126914
220,9,941.5000,28.2612,20.008001,14.085824,3.153253,987.9976,47.123907
220,10,941.4000,28.2626,20.008979,14.085348,3.153420,987.9968,47.120900
221,1,1033.8000,26.7637,20.000748,15.740183,3.168865,951.7558,49.138565
221,2,1033.7000,26.7644,20.001731,15.739711,3.169031,951.7558,49.134830
221,3,1033.6000,26.7650,20.002715,15.739239,3.169198,951.7557,49.131096
221,4,1033.5000,26.7657,20.003699,15.738768,3.169365,951.7557,49.127362
221,5,1033.4000,26.7663,20.004682,15.738296,3.169531,951.7557,49.123628
221,6,1033.3000,26.7670,20.005666,15.737824,3.169698,951.7556,49.119894
221,7,1033.2000,26.7677,20.006649,15.737352,3.169865,951.7556,49.116160
221,8,1033.1000,26.7683,20.007633,15.736880,3.170031,951.7556,49.112427
221,9,1033.0000,26.7690,20.008616,15.736408,3.170198,951.7555,49.108694
221,10,1032.9000,26.7696,20.009600,15.735936,3.170365,951.7555,49.104960
222,1,677.3000,32.8958,20.000856,12.355856,3.115080,1027.0215,43.705451
222,2,677.2000,32.8973,20.001808,12.355384,3.115247,1027.0198,43.703160
222,3,677.1000,32.8987,20.002759,12.354913,3.115413,1027.0180,43.700869
222,4,677.0000,32.9001,20.003711,12.354441,3.115580,1027.0162,43.698578
222,5,676.9000,32.9015,20.004662,12.353969,3.115747,1027.0145,43.696287
222,6,676.8000,32.9030,20.005614,12.353497,3.115913,1027.0127,43.693996
222,7,676.7000,32.9044,20.006565,12.353025,3.116080,1027.0109,43.691705
222,8,676.6000,32.9058,20.007517,12.352553,3.116247,1027.0092,43.689415
222,9,676.5000,32.9072,20.008469,12.352082,3.116413,1027.0074,43.687125
222,10,676.4000,32.9086,20.009420,12.351610,3.116580,1027.0056,43.684834
223,1,1668.3000,22.0592,22.999652,10.438272,3.656874,1028.5035,34.578189
223,2,1668.4000,22.0584,22.998675,10.438764,3.656708,1028.5067,34.577643
223,3,1668.5000,22.0577,22.997698,10.439256,3.656541,1028.5099,34.577098
223,4,1668.6000,22.0570,22.996721,10.439747,3.656374,1028.5131,34.576553
223,5,1668.7000,22.0562,22.995744,10.440239,3.656208,1028.5162,34.576009
223,6,1668.8000,22.0555,22.994767,10.440730,3.656041,1028.5194,34.575466
223,7,1668.9000,22.0548,22.993790,10.441222,3.655874,1028.5226,34.574921
223,8,1669.0000,22.0541,22.992813,10.441713,3.655708,1028.5257,34.574377
223,9,1669.1000,22.0533,22.991836,10.442205,3.655541,1028.5289,34.573834
223,10,1669.2000,22.0526,22.990859,10.442696,3.655374,1028.5321,34.573291
224,1,273.2000,37.0762,20.233073,10.000244,3.132359,1078.1365,30.000000
224,2,273.3000,37.0755,20.232153,10.000716,3.132192,1078.1394,29.959837
224,3,273.4000,37.0748,20.231233,10.001187,3.132026,1078.1424,29.919691
224,4,273.5000,37.0741,20.230314,10.001658,3.131859,1078.1453,29.879552
224,5,273.6000,37.0734,20.229394,10.002130,3.131692,1078.1483,29.839424
224,6,273.7000,37.0727,20.228474,10.002601,3.131526,1078.1513,29.799266
224,7,273.8000,37.0720,20.227554,10.003072,3.131359,1078.1542,29.759121
224,8,273.9000,37.0713,20.226634,10.003544,3.131192,1078.1572,29.718994
224,9,274.0000,37.0706,20.225715,10.004015,3.131026,1078.1601,29.678881
224,10,274.1000,37.0699,20.224795,10.004486,3.130859,1078.1631,29.638783
225,1,729.5000,31.9982,20.000895,16.244998,3.210387,940.8420,50.000000
225,2,729.4000,31.9996,20.001858,16.244526,3.210553,940.8424,49.995926
225,3,729.3000,32.0010,20.002821,16.244053,3.210720,940.8429,49.991852
225,4,729.2000,32.0024,20.003784,16.243581,3.210887,940.8434,49.987779
225,5,729.1000,32.0039,20.004747,16.243109,3.211053,940.8439,49.983707
225,6,729.0000,32.0053,20.005710,16.242636,3.211220,940.8444,49.979634
225,7,728.9000,32.0067,20.006672,16.242164,3.211387,940.8448,49.975561
225,8,728.8000,32.0082,20.007635,16.241691,3.211553,940.8453,49.971488
225,9,728.7000,32.0096,20.008598,16.241219,3.211720,940.8458,49.967416
225,10,728.6000,32.0110,20.009561,16.240747,3.211887,940.8463,49.963344
226,1,802.3000,32.1561,20.862156,10.000291,3.339636,1068.6535,30.000000
226,2,802.4000,32.1547,20.861210,10.000776,3.339469,1068.6566,29.988385
226,3,802.5000,32.1534,20.860265,10.001260,3.339303,1068.6596,29.976771
226,4,802.6000,32.1521,20.859319,10.001745,3.339136,1068.6627,29.965162
226,5,802.7000,32.1507,20.858374,10.002230,3.338969,1068.6658,29.953556
226,6,802.8000,32.1494,20.857429,10.002715,3.338803,1068.6688,29.941956
226,7,802.9000,32.1481,20.856483,10.003199,3.338636,1068.6719,29.930348
226,8,803.0000,32.1467,20.855538,10.003684,3.338469,1068.6750,29.918741
226,9,803.1000,32.1454,20.854592,10.004169,3.338303,1068.6780,29.907138
226,10,803.2000,32.1441,20.853646,10.004654,3.338136,1068.6811,29.895540
227,1,568.1000,33.7636,20.000666,13.774025,3.179155,995.0289,47.321541
227,2,568.0000,33.7649,20.001615,13.773552,3.179321,995.0281,47.318559
227,3,567.9000,33.7662,20.002564,13.773079,3.179488,995.0273,47.315577
227,4,567.8000,33.7676,20.003513,13.772606,3.179655,995.0265,47.312595
227,5,567.7000,33.7689,20.004462,13.772134,3.179821,995.0257,47.309612
227,6,567.6000,33.7703,20.005410,13.771661,3.179988,995.0249,47.306630
227,7,567.5000,33.7716,20.006359,13.771188,3.180155,995.0241,47.303648
227,8,567.4000,33.7729,20.007308,13.770715,3.180321,995.0233,47.300667
227,9,567.3000,33.7743,20.008257,13.770243,3.180488,995.0225,47.297686
227,10,567.2000,33.7756,20.009205,13.769770,3.180655,995.0217,47.294704
228,1,546.8000,34.3626,20.000341,13.378658,3.107785,1003.8856,46.519707
228,2,546.7000,34.3640,20.001284,13.378191,3.107952,1003.8845,46.516936
228,3,546.6000,34.3654,20.002228,13.377723,3.108119,1003.8834,46.514165
228,4,546.5000,34.3668,20.003172,13.377255,3.108285,1003.8823,46.511393
228,5,546.4000,34.3682,20.004116,13.376788,3.108452,1003.8812,46.508622
228,6,546.3000,34.3697,20.005060,13.376320,3.108619,1003.8801,46.505852
228,7,546.2000,34.3711,20.006004,13.375853,3.108785,1003.8790,46.503082
228,8,546.1000,34.3725,20.006948,13.375385,3.108952,1003.8779,46.500310
228,9,546.0000,34.3739,20.007891,13.374918,3.109119,1003.8768,46.497540
228,10,545.9000,34.3753,20.008835,13.374450,3.109285,1003.8757,46.494770
230,1,503.4000,33.6101,22.721152,10.000068,3.536926,1041.5883,30.000000
230,2,503.5000,33.6085,22.720235,10.000545,3.536759,1041.5912,29.996084
230,3,503.6000,33.6070,22.719317,10.001022,3.536593,1041.5942,29.992167
230,4,503.7000,33.6055,22.718400,10.001499,3.536426,1041.5971,29.988252
230,5,503.8000,33.6040,22.717482,10.001976,3.536259,1041.6000,29.984338
230,6,503.9000,33.6025,22.716565,10.002452,3.536093,1041.6030,29.980425
230,7,504.0000,33.6010,22.715647,10.002929,3.535926,1041.6059,29.976510
230,8,504.1000,33.5994,22.714729,10.003406,3.535759,1041.6088,29.972595
230,9,504.2000,33.5979,22.713812,10.003883,3.535593,1041.6117,29.968681
230,10,504.3000,33.5964,22.712894,10.004360,3.535426,1041.6147,29.964768
231,1,160.2000,37.8359,21.159369,10.000273,3.339351,1064.2319,30.000000
231,2,160.3000,37.8352,21.158462,10.000746,3.339184,1064.2347,29.991441
231,3,160.4000,37.8344,21.157555,10.001219,3.339018,1064.2374,29.982886
231,4,160.5000,37.8337,21.156649,10.001693,3.338851,1064.2402,29.974335
231,5,160.6000,37.8330,21.155742,10.002166,3.338684,1064.2430,29.965779
231,6,160.7000,37.8322,21.154835,10.002639,3.338518,1064.2458,29.957222
231,7,160.8000,37.8315,21.153928,10.003112,3.338351,1064.2485,29.948669
231,8,160.9000,37.8308,21.153022,10.003586,3.338184,1064.2513,29.940117
231,9,161.0000,37.8301,21.152115,10.004059,3.338018,1064.2541,29.931570
231,10,161.1000,37.8293,21.151208,10.004532,3.337851,1064.2568,29.923016
232,1,171.9000,37.9194,20.000799,15.546454,3.143423,955.9642,50.000000
232,2,171.8000,37.9200,20.001725,15.545990,3.143590,955.9645,49.947913
232,3,171.7000,37.9207,20.002652,15.545527,3.143757,955.9648,49.895803
232,4,171.6000,37.9213,20.003578,15.545063,3.143923,955.9650,49.843698
232,5,171.5000,37.9219,20.004504,15.544600,3.144090,955.9653,49.791653
232,6,171.4000,37.9226,20.005431,15.544136,3.144257,955.9656,49.739655
232,7,171.3000,37.9232,20.006357,15.543673,3.144423,955.9659,49.687724
232,8,171.2000,37.9238,20.007283,15.543209,3.144590,955.9662,49.635767
232,9,171.1000,37.9244,20.008209,15.542746,3.144757,955.9664,49.583811
232,10,171.0000,37.9251,20.009136,15.542282,3.144923,955.9667,49.531922
233,1,929.5000,28.1816,20.000463,12.772752,3.067095,1017.5515,45.134503
233,2,929.4000,28.1846,20.001453,12.772275,3.067262,1017.5496,45.132196
233,3,929.3000,28.1875,20.002443,12.771797,3.067429,1017.5478,45.129889
233,4,929.2000,28.1904,20.003433,12.771320,3.067595,1017.5459,45.127583
233,5,929.1000,28.1933,20.004422,12.770842,3.067762,1017.5441,45.125278
233,6,929.0000,28.1963,20.005412,12.770364,3.067929,1017.5422,45.122970
233,7,928.9000,28.1992,20.006402,12.769887,3.068095,1017.5404,45.120663
233,8,928.8000,28.2021,20.007391,12.769409,3.068262,1017.5385,45.118357
233,9,928.7000,28.2050,20.008381,12.768932,3.068429,1017.5367,45.116051
233,10,928.6000,28.2079,20.009370,12.768454,3.068595,1017.5348,45.113746
238,1,1442.0000,22.5460,20.000255,13.894320,3.174157,992.3505,46.300026
238,2,1441.9000,22.5476,20.001268,13.893837,3.174323,992.3492,46.297186
238,3,1441.8000,22.5491,20.002281,13.893354,3.174490,992.3479,46.294347
238,4,1441.7000,22.5507,20.003294,13.892870,3.174657,992.3467,46.291507
238,5,1441.6000,22.5523,20.004306,13.892387,3.174823,992.3454,46.288668
238,6,1441.5000,22.5538,20.005319,13.891904,3.174990,992.3442,46.285830
238,7,1441.4000,22.5554,20.006332,13.891420,3.175157,992.3429,46.282991
238,8,1441.3000,22.5570,20.007345,13.890937,3.175323,992.3417,46.280152
238,9,1441.2000,22.5585,20.008357,13.890454,3.175490,992.3404,46.277313
238,10,1441.1000,22.5601,20.009370,13.889970,3.175657,992.3392,46.274475
240,1,742.5000,31.2038,20.000873,14.621823,3.142814,976.2156,48.053250
240,2,742.4000,31.2053,20.001837,14.621353,3.142981,976.2151,48.050001
240,3,742.3000,31.2069,20.002800,14.620882,3.143147,976.2146,48.046752
240,4,742.2000,31.2084,20.003764,14.620412,3.143314,976.2141,48.043503
240,5,742.1000,31.2099,20.004727,14.619941,3.143481,976.2136,48.040255
240,6,742.0000,31.2114,20.005690,14.619471,3.143647,976.2131,48.037006
240,7,741.9000,31.2130,20.006654,14.619000,3.143814,976.2126,48.033759
240,8,741.8000,31.2145,20.007617,14.618530,3.143981,976.2121,48.030510
240,9,741.7000,31.2160,20.008580,14.618059,3.144147,976.2116,48.027261
240,10,741.6000,31.2175,20.009544,14.617589,3.144314,976.2111,48.024013
242,1,881.3000,28.8796,20.000540,12.916704,3.045296,1014.2923,45.357941
242,2,881.2000,28.8822,20.001528,12.916227,3.045462,1014.2906,45.355560
242,3,881.1000,28.8849,20.002515,12.915750,3.045629,1014.2888,45.353180
242,4,881.0000,28.8875,20.003502,12.915273,3.045796,1014.2871,45.350800
242,5,880.9000,28.8901,20.004489,12.914796,3.045962,1014.2854,45.348421
242,6,880.8000,28.8928,20.005476,12.914320,3.046129,1014.2836,45.346041
242,7,880.7000,28.8954,20.006463,12.913843,3.046296,1014.2819,45.343661
242,8,880.6000,28.8981,20.007451,12.913366,3.046462,1014.2802,45.341281
242,9,880.5000,28.9007,20.008438,12.912889,3.046629,1014.2784,45.338902
242,10,880.4000,28.9034,20.009425,12.912413,3.046796,1014.2767,45.336524
244,1,75.7000,38.4434,20.000593,19.490007,3.190313,872.5512,50.000000
244,2,75.6000,38.4441,20.001516,19.489551,3.190480,872.5533,49.932514
244,3,75.5000,38.4449,20.002439,19.489095,3.190646,872.5554,49.865029
244,4,75.4000,38.4456,20.003362,19.488640,3.190813,872.5575,49.797543
244,5,75.3000,38.4463,20.004285,19.488184,3.190980,872.5596,49.730063
244,6,75.2000,38.4471,20.005208,19.487729,3.191146,872.5617,49.662588
244,7,75.1000,38.4478,20.006131,19.487273,3.191313,872.5638,49.595118
244,8,75.0000,38.4485,20.007054,19.486817,3.191480,872.5659,49.527650
244,9,74.9000,38.4493,20.007976,19.486362,3.191646,872.5680,49.460180
244,10,74.8000,38.4500,20.008899,19.485906,3.191813,872.5701,49.392716
250,1,2038.8000,19.8623,21.406571,10.000348,3.455607,1060.5801,30.000000
250,2,2038.9000,19.8616,21.405570,10.000842,3.455440,1060.5838,29.992154
250,3,2039.0000,19.8609,21.404568,10.001335,3.455273,1060.5875,29.984310
250,4,2039.1000,19.8603,21.403566,10.001829,3.455107,1060.5913,29.976462
250,5,2039.2000,19.8596,21.402565,10.002323,3.454940,1060.5950,29.968615
250,6,2039.3000,19.8589,21.401563,10.002816,3.454773,1060.5987,29.960771
250,7,2039.4000,19.8583,21.400562,10.003310,3.454607,1060.6024,29.952928
250,8,2039.5000,19.8576,21.399560,10.003803,3.454440,1060.6062,29.945087
250,9,2039.6000,19.8569,21.398558,10.004297,3.454273,1060.6099,29.937243
250,10,2039.7000,19.8563,21.397556,10.004790,3.454107,1060.6136,29.929400
252,1,510.4000,34.8444,20.000741,14.482924,3.132129,979.2830,47.757060
252,2,510.3000,34.8458,20.001688,14.482454,3.132296,979.2826,47.753550
252,3,510.2000,34.8473,20.002636,14.481983,3.132462,979.2822,47.750040
252,4,510.1000,34.8488,20.003583,14.481512,3.132629,979.2818,47.746529
252,5,510.0000,34.8502,20.004530,14.481042,3.132796,979.2814,47.743019
252,6,509.9000,34.8517,20.005477,14.480571,3.132962,979.2810,47.739509
252,7,509.8000,34.8531,20.006425,14.480100,3.133129,979.2806,47.736000
252,8,509.7000,34.8546,20.007372,14.479630,3.133296,979.2802,47.732492
252,9,509.6000,34.8561,20.008319,14.479159,3.133462,979.2798,47.728982
252,10,509.5000,34.8575,20.009266,14.478688,3.133629,979.2794,47.725473
253,1,651.8000,33.1377,20.000229,12.655989,3.096927,1020.2024,45.711844
253,2,651.7000,33.1391,20.001180,12.655518,3.097094,1020.2008,45.709385
253,3,651.6000,33.1405,20.002130,12.655047,3.097260,1020.1993,45.706926
253,4,651.5000,33.1419,20.003081,12.654576,3.097427,1020.1977,45.704468
253,5,651.4000,33.1433,20.004031,12.654104,3.097594,1020.1961,45.702010
253,6,651.3000,33.1447,20.004982,12.653633,3.097760,1020.1945,45.699552
253,7,651.2000,33.1461,20.005933,12.653162,3.097927,1020.1930,45.697094
253,8,651.1000,33.1475,20.006883,12.652691,3.098094,1020.1914,45.694636
253,9,651.0000,33.1489,20.007834,12.652220,3.098260,1020.1898,45.692178
253,10,650.9000,33.1503,20.008784,12.651749,3.098427,1020.1883,45.689721
258,1,798.5000,30.5693,21.772655,10.000378,3.447361,1055.2197,30.000000
258,2,798.6000,30.5681,21.771708,10.000864,3.447195,1055.2228,29.993961
258,3,798.7000,30.5668,21.770760,10.001351,3.447028,1055.2259,29.987916
258,4,798.8000,30.5656,21.769812,10.001838,3.446861,1055.2290,29.981874
258,5,798.9000,30.5644,21.768864,10.002325,3.446695,1055.2321,29.975834
258,6,799.0000,30.5632,21.767917,10.002811,3.446528,1055.2352,29.969797
258,7,799.1000,30.5619,21.766969,10.003298,3.446361,1055.2383,29.963761
258,8,799.2000,30.5607,21.766021,10.003785,3.446195,1055.2414,29.957719
258,9,799.3000,30.5595,21.765074,10.004271,3.446028,1055.2445,29.951679
258,10,799.4000,30.5582,21.764126,10.004758,3.445861,1055.2476,29.945641
260,1,520.3000,34.3577,20.000408,18.687205,3.115356,889.1561,50.000000
260,2,520.2000,34.3592,20.001355,18.686749,3.115522,889.1576,49.994580
260,3,520.1000,34.3606,20.002301,18.686294,3.115689,889.1592,49.989161
260,4,520.0000,34.3621,20.003247,18.685838,3.115856,889.1607,49.983742
260,5,519.9000,34.3635,20.004194,18.685382,3.116022,889.1623,49.978323
260,6,519.8000,34.3650,20.005140,18.684926,3.116189,889.1638,49.972903
260,7,519.7000,34.3664,20.006086,18.684470,3.116356,889.1654,49.967485
260,8,519.6000,34.3679,20.007033,18.684014,3.116522,889.1669,49.962066
260,9,519.5000,34.3693,20.007979,18.683558,3.116689,889.1684,49.956648
260,10,519.4000,34.3708,20.008925,18.683102,3.116856,889.1700,49.951230
261,1,85.1000,38.3471,20.000405,17.564898,3.166653,912.6866,50.000000
261,2,85.0000,38.3479,20.001328,17.564440,3.166819,912.6878,49.938826
261,3,84.9000,38.3486,20.002250,17.563982,3.166986,912.6891,49.877658
261,4,84.8000,38.3494,20.003173,17.563524,3.167153,912.6903,49.816502
261,5,84.7000,38.3502,20.004095,17.563065,3.167319,912.6916,49.755359
261,6,84.6000,38.3509,20.005017,17.562607,3.167486,912.6928,49.694209
261,7,84.5000,38.3517,20.005940,17.562149,3.167653,912.6941,49.633057
261,8,84.4000,38.3525,20.006862,17.561691,3.167819,912.6954,49.571915
261,9,84.3000,38.3532,20.007784,17.561233,3.167986,912.6966,49.510785
261,10,84.2000,38.3540,20.008707,17.560775,3.168153,912.6979,49.449668
267,1,866.6000,30.5775,20.000177,19.540027,3.224053,871.5262,50.000000
267,2,866.5000,30.5788,20.001144,19.539563,3.224220,871.5281,49.994592
267,3,866.4000,30.5801,20.002110,19.539099,3.224386,871.5300,49.989185
267,4,866.3000,30.5814,20.003077,19.538635,3.224553,871.5320,49.983778
267,5,866.2000,30.5826,20.004043,19.538172,3.224720,871.5339,49.978371
267,6,866.1000,30.5839,20.005010,19.537708,3.224886,871.5359,49.972964
267,7,866.0000,30.5852,20.005977,19.537244,3.225053,871.5378,49.967558
267,8,865.9000,30.5865,20.006943,19.536780,3.225220,871.5398,49.962151
267,9,865.8000,30.5877,20.007910,19.536316,3.225386,871.5417,49.956745
267,10,865.7000,30.5890,20.008876,19.535853,3.225553,871.5437,49.951339
268,1,1159.1000,24.5013,20.000403,12.771064,3.076094,1017.5905,44.930982
268,2,1159.0000,24.5043,20.001415,12.770582,3.076261,1017.5885,44.928759
268,3,1158.9000,24.5073,20.002426,12.770100,3.076427,1017.5864,44.926534
268,4,1158.8000,24.5103,20.003438,12.769617,3.076594,1017.5844,44.924308
268,5,1158.7000,24.5132,20.004449,12.769135,3.076761,1017.5824,44.922084
268,6,1158.6000,24.5162,20.005461,12.768653,3.076927,1017.5804,44.919860
268,7,1158.5000,24.5192,20.006472,12.768171,3.077094,1017.5784,44.917637
268,8,1158.4000,24.5221,20.007483,12.767688,3.077261,1017.5763,44.915412
268,9,1158.3000,24.5251,20.008495,12.767206,3.077427,1017.5743,44.913187
268,10,1158.2000,24.5281,20.009506,12.766723,3.077594,1017.5723,44.910963
271,1,360.7000,35.8185,20.000827,17.761181,3.129078,908.5403,50.000000
271,2,360.6000,35.8197,20.001768,17.760722,3.129244,908.5415,49.989517
271,3,360.5000,35.8210,20.002709,17.760262,3.129411,908.5427,49.979037
271,4,360.4000,35.8223,20.003650,17.759802,3.129578,908.5440,49.968558
271,5,360.3000,35.8236,20.004591,17.759342,3.129744,908.5452,49.958077
271,6,360.2000,35.8248,20.005532,17.758882,3.129911,908.5464,49.947597
271,7,360.1000,35.8261,20.006473,17.758423,3.130078,908.5476,49.937118
271,8,360.0000,35.8274,20.007413,17.757963,3.130244,908.5488,49.926642
271,9,359.9000,35.8287,20.008354,17.757503,3.130411,908.5500,49.916167
271,10,359.8000,35.8299,20.009295,17.757043,3.130578,908.5513,49.905690
272,1,1818.3000,23.7287,22.729990,10.000415,3.658393,1041.4556,30.000000
272,2,1818.4000,23.7271,22.729017,10.000910,3.658226,1041.4589,29.995843
272,3,1818.5000,23.7255,22.728044,10.001405,3.658059,1041.4622,29.991685
272,4,1818.6000,23.7239,22.727071,10.001900,3.657893,1041.4656,29.987529
272,5,1818.7000,23.7223,22.726098,10.002395,3.657726,1041.4689,29.983375
272,6,1818.8000,23.7207,22.725124,10.002890,3.657559,1041.4722,29.979222
272,7,1818.9000,23.7191,22.724151,10.003385,3.657393,1041.4756,29.975066
272,8,1819.0000,23.7176,22.723178,10.003880,3.657226,1041.4789,29.970911
272,9,1819.1000,23.7160,22.722205,10.004375,3.657059,1041.4822,29.966757
272,10,1819.2000,23.7144,22.721232,10.004870,3.656893,1041.4856,29.962604
276,1,41.4000,38.6856,20.000208,15.759713,3.157685,951.3378,50.000000
276,2,41.3000,38.6864,20.001127,15.759250,3.157852,951.3382,49.872500
276,3,41.2000,38.6871,20.002047,15.758788,3.158019,951.3387,49.745032
276,4,41.1000,38.6879,20.002967,15.758326,3.158185,951.3391,49.617642
276,5,41.0000,38.6887,20.003886,15.757864,3.158352,951.3395,49.490332
276,6,40.9000,38.6894,20.004806,15.757401,3.158519,951.3400,49.363065
276,7,40.8000,38.6902,20.005725,15.756939,3.158685,951.3404,49.235748
276,8,40.7000,38.6909,20.006645,15.756477,3.158852,951.3409,49.108462
276,9,40.6000,38.6917,20.007565,15.756014,3.159019,951.3413,48.981256
276,10,40.5000,38.6924,20.008484,15.755552,3.159185,951.3417,48.854090
277,1,0.0000,38.9990,20.739552,14.092840,3.290597,979.3497,30.000000
277,2,0.1000,38.9983,20.738642,14.093306,3.290430,979.3501,29.979401
277,3,0.2000,38.9976,20.737731,14.093772,3.290264,979.3505,29.958738
277,4,0.3000,38.9969,20.736821,14.094238,3.290097,979.3509,29.938108
277,5,0.4000,38.9962,20.735910,14.094704,3.289930,979.3513,29.917512
277,6,0.5000,38.9955,20.735000,14.095170,3.289764,979.3517,29.896947
277,7,0.6000,38.9948,20.734089,14.095637,3.289597,979.3521,29.876415
277,8,0.7000,38.9941,20.733178,14.096103,3.289430,979.3524,29.855816
277,9,0.8000,38.9934,20.732268,14.096569,3.289264,979.3528,29.835256
277,10,0.9000,38.9927,20.731357,14.097035,3.289097,979.3532,29.814751
282,1,916.7000,29.4890,20.000717,14.037981,3.191353,989.1466,47.237690
282,2,916.6000,29.4904,20.001692,14.037503,3.191520,989.1458,47.234649
282,3,916.5000,29.4917,20.002667,14.037025,3.191686,989.1450,47.231608
282,4,916.4000,29.4930,20.003642,14.036547,3.191853,989.1441,47.228566
282,5,916.3000,29.4944,20.004617,14.036069,3.192020,989.1433,47.225525
282,6,916.2000,29.4957,20.005592,14.035591,3.192186,989.1425,47.222485
282,7,916.1000,29.4970,20.006567,14.035113,3.192353,989.1416,47.219445
282,8,916.0000,29.4983,20.007541,14.034635,3.192520,989.1408,47.216404
282,9,915.9000,29.4997,20.008516,14.034157,3.192686,989.1400,47.213364
282,10,915.8000,29.5010,20.009491,14.033679,3.192853,989.1392,47.210323
284,1,1013.5000,29.7808,20.000475,14.516542,3.133888,978.5434,47.624003
284,2,1013.4000,29.7820,20.001442,14.516073,3.134055,978.5428,47.620844
284,3,1013.3000,29.7832,20.002409,14.515605,3.134222,978.5421,47.617684
284,4,1013.2000,29.7844,20.003376,14.515136,3.134388,978.5415,47.614525
284,5,1013.1000,29.7856,20.004343,14.514667,3.134555,978.5408,47.611366
284,6,1013.0000,29.7867,20.005310,14.514199,3.134722,978.5402,47.608208
284,7,1012.9000,29.7879,20.006277,14.513730,3.134888,978.5395,47.605050
284,8,1012.8000,29.7891,20.007244,14.513261,3.135055,978.5389,47.601891
284,9,1012.7000,29.7903,20.008211,14.512793,3.135222,978.5382,47.598732
284,10,1012.6000,29.7915,20.009178,14.512324,3.135388,978.5376,47.595574
285,1,1569.3000,22.6726,20.000912,12.970538,3.181316,1013.0709,45.061444
285,2,1569.2000,22.6733,20.001917,12.970056,3.181483,1013.0691,45.058986
285,3,1569.1000,22.6739,20.002922,12.969574,3.181649,1013.0673,45.056529
285,4,1569.0000,22.6746,20.003927,12.969092,3.181816,1013.0655,45.054073
285,5,1568.9000,22.6753,20.004932,12.968610,3.181983,1013.0637,45.051616
285,6,1568.8000,22.6760,20.005937,12.968128,3.182149,1013.0619,45.049159
285,7,1568.7000,22.6767,20.006942,12.967646,3.182316,1013.0601,45.046702
285,8,1568.6000,22.6774,20.007948,12.967164,3.182483,1013.0583,45.044246
285,9,1568.5000,22.6781,20.008953,12.966682,3.182649,1013.0565,45.041790
285,10,1568.4000,22.6788,20.009958,12.966199,3.182816,1013.0546,45.039334
287,1,745.9000,31.4560,20.000345,14.655388,3.167088,975.4816,48.161720
287,2,745.8000,31.4573,20.001309,14.654915,3.167255,975.4812,48.158413
287,3,745.7000,31.4587,20.002273,14.654442,3.167422,975.4808,48.155106
287,4,745.6000,31.4600,20.003238,14.653968,3.167588,975.4803,48.151799
287,5,745.5000,31.4614,20.004202,14.653495,3.167755,975.4799,48.148492
287,6,745.4000,31.4627,20.005166,14.653022,3.167922,975.4795,48.145185
287,7,745.3000,31.4641,20.006130,14.652548,3.168088,975.4790,48.141878
287,8,745.2000,31.4654,20.007094,14.652075,3.168255,975.4786,48.138572
287,9,745.1000,31.4668,20.008059,14.651602,3.168422,975.4781,48.135266
287,10,745.0000,31.4681,20.009023,14.651129,3.168588,975.4777,48.131959
289,1,1026.2000,28.9133,20.000854,12.290662,3.177227,1028.5086,42.878124
289,2,1026.1000,28.9146,20.001825,12.290184,3.177393,1028.5066,42.875938
289,3,1026.0000,28.9158,20.002797,12.289705,3.177560,1028.5047,42.873754
289,4,1025.9000,28.9171,20.003768,12.289227,3.177727,1028.5028,42.871569
289,5,1025.8000,28.9184,20.004740,12.288748,3.177893,1028.5009,42.869383
289,6,1025.7000,28.9197,20.005711,12.288269,3.178060,1028.4990,42.867198
289,7,1025.6000,28.9209,20.006683,12.287791,3.178227,1028.4970,42.865014
289,8,1025.5000,28.9222,20.007654,12.287312,3.178393,1028.4951,42.862830
289,9,1025.4000,28.9235,20.008625,12.286834,3.178560,1028.4932,42.860646
289,10,1025.3000,28.9247,20.009597,12.286355,3.178727,1028.4913,42.858461
292,1,0.0000,38.9990,20.734010,11.296928,3.257027,1041.1197,30.000000
292,2,0.1000,38.9983,20.733105,11.297397,3.256861,1041.1217,29.986484
292,3,0.2000,38.9975,20.732200,11.297866,3.256694,1041.1237,29.972971
292,4,0.3000,38.9968,20.731295,11.298334,3.256527,1041.1256,29.959466
292,5,0.4000,38.9960,20.730390,11.298803,3.256361,1041.1276,29.945969
292,6,0.5000,38.9953,20.729485,11.299272,3.256194,1041.1295,29.932481
292,7,0.6000,38.9945,20.728580,11.299741,3.256027,1041.1315,29.918979
292,8,0.7000,38.9938,20.727675,11.300209,3.255861,1041.1335,29.905482
292,9,0.8000,38.9930,20.726770,11.300678,3.255694,1041.1354,29.891992
292,10,0.9000,38.9923,20.725865,11.301147,3.255527,1041.1374,29.878511
293,1,889.8000,28.3534,20.000114,15.696869,3.172423,952.7025,49.306055
293,2,889.7000,28.3540,20.001090,15.696396,3.172590,952.7025,49.302291
293,3,889.6000,28.3547,20.002067,15.695924,3.172757,952.7025,49.298528
293,4,889.5000,28.3554,20.003043,15.695452,3.172923,952.7026,49.294764
293,5,889.4000,28.3561,20.004019,15.694979,3.173090,952.7026,49.291001
293,6,889.3000,28.3567,20.004995,15.694507,3.173257,952.7026,49.287238
293,7,889.2000,28.3574,20.005971,15.694035,3.173423,952.7026,49.283476
293,8,889.1000,28.3581,20.006947,15.693562,3.173590,952.7027,49.279713
293,9,889.0000,28.3587,20.007923,15.693090,3.173757,952.7027,49.275950
293,10,888.9000,28.3594,20.008899,15.692618,3.173923,952.7027,49.272188
295,1,285.3000,36.8785,20.000088,20.866938,3.152796,847.3926,50.000000
295,2,285.2000,36.8792,20.001022,20.866484,3.152963,847.3936,49.985266
295,3,285.1000,36.8800,20.001957,20.866030,3.153130,847.3945,49.970534
295,4,285.0000,36.8807,20.002892,20.865577,3.153296,847.3954,49.955804
295,5,284.9000,36.8815,20.003827,20.865123,3.153463,847.3964,49.941073
295,6,284.8000,36.8822,20.004762,20.864669,3.153630,847.3973,49.926340
295,7,284.7000,36.8829,20.005697,20.864216,3.153796,847.3982,49.911609
295,8,284.6000,36.8837,20.006632,20.863762,3.153963,847.3991,49.896881
295,9,284.5000,36.8844,20.007567,20.863308,3.154130,847.4001,49.882154
295,10,284.4000,36.8852,20.008501,20.862855,3.154296,847.4010,49.867426
296,1,222.9000,37.5586,20.000861,17.441972,3.163863,915.2826,50.000000
296,2,222.8000,37.5592,20.001788,17.441514,3.164029,915.2837,49.974499
296,3,222.7000,37.5599,20.002715,17.441056,3.164196,915.2849,49.948993
296,4,222.6000,37.5605,20.003643,17.440598,3.164363,915.2860,49.923490
296,5,222.5000,37.5612,20.004570,17.440139,3.164529,915.2872,49.897992
296,6,222.4000,37.5618,20.005497,17.439681,3.164696,915.2883,49.872497
296,7,222.3000,37.5625,20.006424,17.439223,3.164863,915.2895,49.847007
296,8,222.2000,37.5631,20.007352,17.438765,3.165029,915.2906,49.821513
296,9,222.1000,37.5638,20.008279,17.438306,3.165196,915.2918,49.796022
296,10,222.0000,37.5644,20.009206,17.437848,3.165363,915.2929,49.770538
297,1,2168.5000,15.2832,20.270392,10.000159,3.188332,1077.5713,30.000000
297,2,2168.6000,15.2818,20.269343,10.000655,3.188166,1077.5756,29.960718
297,3,2168.7000,15.2804,20.268295,10.001150,3.187999,1077.5800,29.921445
297,4,2168.8000,15.2790,20.267247,10.001646,3.187832,1077.5843,29.882136
297,5,2168.9000,15.2776,20.266198,10.002141,3.187666,1077.5887,29.842834
297,6,2169.0000,15.2762,20.265150,10.002637,3.187499,1077.5930,29.803550
297,7,2169.1000,15.2748,20.264102,10.003133,3.187332,1077.5974,29.764281
297,8,2169.2000,15.2734,20.263053,10.003628,3.187166,1077.6017,29.725021
297,9,2169.3000,15.2720,20.262005,10.004124,3.186999,1077.6060,29.685729
297,10,2169.4000,15.2706,20.260956,10.004620,3.186832,1077.6104,29.646445
298,1,38.3000,38.7049,22.999595,11.091653,3.615323,1014.9528,32.086057
298,2,38.4000,38.7042,22.998707,11.092125,3.615156,1014.9547,32.082472
298,3,38.5000,38.7034,22.997820,11.092598,3.614989,1014.9567,32.078889
298,4,38.6000,38.7026,22.996932,11.093070,3.614823,1014.9586,32.075307
298,5,38.7000,38.7019,22.996045,11.093542,3.614656,1014.9606,32.071725
298,6,38.8000,38.7011,22.995157,11.094015,3.614489,1014.9625,32.068142
298,7,38.9000,38.7003,22.994269,11.094487,3.614323,1014.9645,32.064560
298,8,39.0000,38.6996,22.993382,11.094960,3.614156,1014.9664,32.060980
298,9,39.1000,38.6988,22.992494,11.095432,3.613989,1014.9684,32.057401
298,10,39.2000,38.6980,22.991606,11.095904,3.613823,1014.9703,32.053821
300,1,361.4000,36.7878,20.000106,14.547431,3.187279,977.8656,39.399668
300,2,361.3000,36.7885,20.001033,14.546964,3.187446,977.8654,39.395466
300,3,361.2000,36.7892,20.001960,14.546497,3.187613,977.8652,39.391263
300,4,361.1000,36.7899,20.002887,14.546030,3.187779,977.8650,39.387060
300,5,361.0000,36.7906,20.003813,14.545563,3.187946,977.8648,39.382859
300,6,360.9000,36.7913,20.004740,14.545096,3.188113,977.8646,39.378661
300,7,360.8000,36.7920,20.005667,14.544629,3.188279,977.8643,39.374465
300,8,360.7000,36.7927,20.006594,14.544162,3.188446,977.8641,39.370268
300,9,360.6000,36.7934,20.007520,14.543695,3.188613,977.8639,39.366071
300,10,360.5000,36.7941,20.008447,14.543228,3.188779,977.8637,39.361877
