time_s,temp_c,soc_pct,current_a,heating_kw,remaining_km
0.000000,0.000000000,55.000000000,56.760722668,6.000000,40.000000000
0.500000,0.006654211,54.992116566,56.761064334,6.000000,39.995833333
1.000000,0.013307856,54.984233085,56.761406026,6.000000,39.991666667
1.500000,0.019960934,54.976349557,56.761747744,6.000000,39.987500000
2.000000,0.026613445,54.968465980,56.762089488,6.000000,39.983333333
2.500000,0.033265390,54.960582357,56.762431258,6.000000,39.979166667
3.000000,0.039916768,54.952698686,56.762773053,6.000000,39.975000000
3.500000,0.046567579,54.944814967,56.763114874,6.000000,39.970833333
4.000000,0.053217824,54.936931201,56.763456722,6.000000,39.966666667
4.500000,0.059867502,54.929047388,56.763798595,6.000000,39.962500000
5.000000,0.066516614,54.921163527,56.764140493,6.000000,39.958333333
5.500000,0.073165159,54.913279619,56.764482418,6.000000,39.954166667
6.000000,0.079813139,54.905395663,56.764824369,6.000000,39.950000000
6.500000,0.086460551,54.897511659,56.765166345,6.000000,39.945833333
7.000000,0.093107398,54.889627609,56.765508348,6.000000,39.941666667
7.500000,0.099753678,54.881743510,56.765850376,6.000000,39.937500000
8.000000,0.106399392,54.873859364,56.766192430,6.000000,39.933333333
8.500000,0.113044540,54.865975171,56.766534510,6.000000,39.929166667
9.000000,0.119689122,54.858090930,56.766876615,6.000000,39.925000000
9.500000,0.126333138,54.850206642,56.767218747,6.000000,39.920833333
10.000000,0.132976588,54.842322306,56.767560904,6.000000,39.916666667
10.500000,0.139619472,54.834437922,56.767903088,6.000000,39.912500000
11.000000,0.146261790,54.826553491,56.768245297,6.000000,39.908333333
11.500000,0.152903543,54.818669013,56.768587532,6.000000,39.904166667
12.000000,0.159544729,54.810784487,56.768929793,6.000000,39.900000000
12.500000,0.166185350,54.802899913,56.769272079,6.000000,39.895833333
13.000000,0.172825405,54.795015292,56.769614392,6.000000,39.891666667
13.500000,0.179464894,54.787130623,56.769956730,6.000000,39.887500000
14.000000,0.186103818,54.779245907,56.770299094,6.000000,39.883333333
14.500000,0.192742176,54.771361143,56.770641485,6.000000,39.879166667
15.000000,0.199379969,54.763476332,56.770983900,6.000000,39.875000000
15.500000,0.206017196,54.755591473,56.771326342,6.000000,39.870833333
16.000000,0.212653858,54.747706567,56.771668810,6.000000,39.866666667
16.500000,0.219289954,54.739821613,56.772011303,6.000000,39.862500000
17.000000,0.225925485,54.731936611,56.772353823,6.000000,39.858333333
17.500000,0.232560451,54.724051562,56.772696368,6.000000,39.854166667
18.000000,0.239194852,54.716166465,56.773038939,6.000000,39.850000000
18.500000,0.245828687,54.708281321,56.773381536,6.000000,39.845833333
19.000000,0.252461957,54.700396129,56.773724159,6.000000,39.841666667
19.500000,0.259094662,54.692510890,56.774066807,6.000000,39.837500000
20.000000,0.265726802,54.684625603,56.774409482,6.000000,39.833333333
20.500000,0.272358377,54.676740268,56.774752182,6.000000,39.829166667
21.000000,0.278989387,54.668854886,56.775094908,6.000000,39.825000000
21.500000,0.285619832,54.660969456,56.775437660,6.000000,39.820833333
22.000000,0.292249713,54.653083978,56.775780438,6.000000,39.816666667
22.500000,0.298879028,54.645198453,56.776123242,6.000000,39.812500000
23.000000,0.305507779,54.637312881,56.776466071,6.000000,39.808333333
23.500000,0.312135964,54.629427260,56.776808927,6.000000,39.804166667
24.000000,0.318763586,54.621541592,56.777151808,6.000000,39.800000000
24.500000,0.325390642,54.613655877,56.777494715,6.000000,39.795833333
25.000000,0.332017134,54.605770114,56.777837648,6.000000,39.791666667
25.500000,0.338643061,54.597884303,56.778180607,6.000000,39.787500000
26.000000,0.345268424,54.589998445,56.778523591,6.000000,39.783333333
26.500000,0.351893223,54.582112538,56.778866602,6.000000,39.779166667
27.000000,0.358517457,54.574226585,56.779209638,6.000000,39.775000000
27.500000,0.365141126,54.566340583,56.779552700,6.000000,39.770833333
28.000000,0.371764232,54.558454534,56.779895788,6.000000,39.766666667
28.500000,0.378386773,54.550568438,56.780238902,6.000000,39.762500000
29.000000,0.385008749,54.542682294,56.780582042,6.000000,39.758333333
29.500000,0.391630162,54.534796102,56.780925207,6.000000,39.754166667
30.000000,0.398251010,54.526909862,56.781268398,6.000000,39.750000000
30.500000,0.404871295,54.519023575,56.781611616,6.000000,39.745833333
31.000000,0.411491015,54.511137240,56.781954859,6.000000,39.741666667
31.500000,0.418110171,54.503250857,56.782298128,6.000000,39.737500000
32.000000,0.424728764,54.495364427,56.782641422,6.000000,39.733333333
32.500000,0.431346792,54.487477949,56.782984743,6.000000,39.729166667
33.000000,0.437964257,54.479591423,56.783328089,6.000000,39.725000000
33.500000,0.444581157,54.471704850,56.783671461,6.000000,39.720833333
34.000000,0.451197494,54.463818229,56.784014860,6.000000,39.716666667
34.500000,0.457813267,54.455931560,56.784358284,6.000000,39.712500000
35.000000,0.464428477,54.448044844,56.784701733,6.000000,39.708333333
35.500000,0.471043123,54.440158080,56.785045209,6.000000,39.704166667
36.000000,0.477657205,54.432271268,56.785388710,6.000000,39.700000000
36.500000,0.484270724,54.424384408,56.785732238,6.000000,39.695833333
37.000000,0.490883679,54.416497501,56.786075791,6.000000,39.691666667
37.500000,0.497496071,54.408610546,56.786419370,6.000000,39.687500000
38.000000,0.504107900,54.400723543,56.786762975,6.000000,39.683333333
38.500000,0.510719165,54.392836493,56.787106605,6.000000,39.679166667
39.000000,0.517329866,54.384949395,56.787450262,6.000000,39.675000000
39.500000,0.523940005,54.377062249,56.787793944,6.000000,39.670833333
40.000000,0.530549580,54.369175055,56.788137652,6.000000,39.666666667
40.500000,0.537158592,54.361287814,56.788481386,6.000000,39.662500000
41.000000,0.543767041,54.353400525,56.788825146,6.000000,39.658333333
41.500000,0.550374927,54.345513188,56.789168932,6.000000,39.654166667
42.000000,0.556982250,54.337625803,56.789512743,6.000000,39.650000000
42.500000,0.563589009,54.329738371,56.789856581,6.000000,39.645833333
43.000000,0.570195206,54.321850891,56.790200444,6.000000,39.641666667
43.500000,0.576800840,54.313963363,56.790544333,6.000000,39.637500000
44.000000,0.583405911,54.306075788,56.790888248,6.000000,39.633333333
44.500000,0.590010420,54.298188164,56.791232188,6.000000,39.629166667
45.000000,0.596614365,54.290300493,56.791576155,6.000000,39.625000000
45.500000,0.603217748,54.282412774,56.791920147,6.000000,39.620833333
46.000000,0.609820568,54.274525007,56.792264165,6.000000,39.616666667
46.500000,0.616422826,54.266637193,56.792608209,6.000000,39.612500000
47.000000,0.623024521,54.258749331,56.792952279,6.000000,39.608333333
47.500000,0.629625653,54.250861421,56.793296375,6.000000,39.604166667
48.000000,0.636226223,54.242973463,56.793640496,6.000000,39.600000000
48.500000,0.642826230,54.235085457,56.793984644,6.000000,39.595833333
49.000000,0.649425675,54.227197404,56.794328817,6.000000,39.591666667
49.500000,0.656024558,54.219309303,56.794673016,6.000000,39.587500000
50.000000,0.662622878,54.211421154,56.795017241,6.000000,39.583333333
50.500000,0.669220636,54.203532957,56.795361492,6.000000,39.579166667
51.000000,0.675817832,54.195644712,56.795705768,6.000000,39.575000000
51.500000,0.682414466,54.187756420,56.796050070,6.000000,39.570833333
52.000000,0.689010538,54.179868079,56.796394399,6.000000,39.566666667
52.500000,0.695606047,54.171979691,56.796738753,6.000000,39.562500000
53.000000,0.702200995,54.164091255,56.797083133,6.000000,39.558333333
53.500000,0.708795380,54.156202771,56.797427538,6.000000,39.554166667
54.000000,0.715389204,54.148314240,56.797771970,6.000000,39.550000000
54.500000,0.721982465,54.140425660,56.798116427,6.000000,39.545833333
55.000000,0.728575165,54.132537033,56.798460910,6.000000,39.541666667
55.500000,0.735167303,54.124648358,56.798805419,6.000000,39.537500000
56.000000,0.741758880,54.116759635,56.799149954,6.000000,39.533333333
56.500000,0.748349894,54.108870864,56.799494515,6.000000,39.529166667
57.000000,0.754940347,54.100982046,56.799839101,6.000000,39.525000000
57.500000,0.761530238,54.093093179,56.800183714,6.000000,39.520833333
58.000000,0.768119568,54.085204265,56.800528352,6.000000,39.516666667
58.500000,0.774708336,54.077315302,56.800873016,6.000000,39.512500000
59.000000,0.781296543,54.069426292,56.801217705,6.000000,39.508333333
59.500000,0.787884188,54.061537234,56.801562421,6.000000,39.504166667
60.000000,0.794471272,54.053648128,56.801907163,6.000000,39.500000000
60.500000,0.801057794,54.045758974,56.802251930,6.000000,39.495833333
61.000000,0.807643755,54.037869773,56.802596723,6.000000,39.491666667
61.500000,0.814229155,54.029980523,56.802941542,6.000000,39.487500000
62.000000,0.820813994,54.022091226,56.803286387,6.000000,39.483333333
62.500000,0.827398272,54.014201881,56.803631257,6.000000,39.479166667
63.000000,0.833981988,54.006312487,56.803976154,6.000000,39.475000000
63.500000,0.840565143,53.998423046,56.804321076,6.000000,39.470833333
64.000000,0.847147738,53.990533557,56.804666024,6.000000,39.466666667
64.500000,0.853729771,53.982644020,56.805010998,6.000000,39.462500000
65.000000,0.860311244,53.974754435,56.805355998,6.000000,39.458333333
65.500000,0.866892155,53.966864803,56.805701023,6.000000,39.454166667
66.000000,0.873472506,53.958975122,56.806046075,6.000000,39.450000000
66.500000,0.880052296,53.951085393,56.806391152,6.000000,39.445833333
67.000000,0.886631525,53.943195617,56.806736255,6.000000,39.441666667
67.500000,0.893210193,53.935305792,56.807081384,6.000000,39.437500000
68.000000,0.899788301,53.927415920,56.807426538,6.000000,39.433333333
68.500000,0.906365848,53.919525999,56.807771719,6.000000,39.429166667
69.000000,0.912942835,53.911636031,56.808116925,6.000000,39.425000000
69.500000,0.919519261,53.903746015,56.808462157,6.000000,39.420833333
70.000000,0.926095126,53.895855951,56.808807415,6.000000,39.416666667
70.500000,0.932670431,53.887965839,56.809152699,6.000000,39.412500000
71.000000,0.939245176,53.880075678,56.809498009,6.000000,39.408333333
71.500000,0.945819360,53.872185470,56.809843344,6.000000,39.404166667
72.000000,0.952392984,53.864295214,56.810188705,6.000000,39.400000000
72.500000,0.958966048,53.856404910,56.810534092,6.000000,39.395833333
73.000000,0.965538552,53.848514558,56.810879505,6.000000,39.391666667
73.500000,0.972110495,53.840624159,56.811224944,6.000000,39.387500000
74.000000,0.978681879,53.832733711,56.811570408,6.000000,39.383333333
74.500000,0.985252702,53.824843215,56.811915899,6.000000,39.379166667
75.000000,0.991822965,53.816952671,56.812261415,6.000000,39.375000000
75.500000,0.998392669,53.809062079,56.812606957,6.000000,39.370833333
76.000000,1.004961812,53.801171439,56.812952525,6.000000,39.366666667
76.500000,1.011530395,53.793280751,56.813298118,6.000000,39.362500000
77.000000,1.018098419,53.785390015,56.813643738,6.000000,39.358333333
77.500000,1.024665883,53.777499232,56.813989383,6.000000,39.354166667
78.000000,1.031232787,53.769608400,56.814335054,6.000000,39.350000000
78.500000,1.037799131,53.761717520,56.814680751,6.000000,39.345833333
79.000000,1.044364916,53.753826592,56.815026474,6.000000,39.341666667
79.500000,1.050930141,53.745935616,56.815372222,6.000000,39.337500000
80.000000,1.057494807,53.738044592,56.815717997,6.000000,39.333333333
80.500000,1.064058913,53.730153520,56.816063797,6.000000,39.329166667
81.000000,1.070622459,53.722262400,56.816409623,6.000000,39.325000000
81.500000,1.077185446,53.714371232,56.816755474,6.000000,39.320833333
82.000000,1.083747874,53.706480016,56.817101352,6.000000,39.316666667
82.500000,1.090309742,53.698588752,56.817447256,6.000000,39.312500000
83.000000,1.096871051,53.690697440,56.817793185,6.000000,39.308333333
83.500000,1.103431801,53.682806080,56.818139140,6.000000,39.304166667
84.000000,1.109991992,53.674914672,56.818485121,6.000000,39.300000000
84.500000,1.116551623,53.667023215,56.818831127,6.000000,39.295833333
85.000000,1.123110696,53.659131711,56.819177160,6.000000,39.291666667
85.500000,1.129669209,53.651240159,56.819523218,6.000000,39.287500000
86.000000,1.136227163,53.643348558,56.819869302,6.000000,39.283333333
86.500000,1.142784559,53.635456910,56.820215412,6.000000,39.279166667
87.000000,1.149341395,53.627565213,56.820561548,6.000000,39.275000000
87.500000,1.155897672,53.619673468,56.820907710,6.000000,39.270833333
88.000000,1.162453391,53.611781676,56.821253897,6.000000,39.266666667
88.500000,1.169008551,53.603889835,56.821600110,6.000000,39.262500000
89.000000,1.175563152,53.595997946,56.821946349,6.000000,39.258333333
89.500000,1.182117194,53.588106009,56.822292614,6.000000,39.254166667
90.000000,1.188670678,53.580214024,56.822638905,6.000000,39.250000000
90.500000,1.195223603,53.572321991,56.822985221,6.000000,39.245833333
91.000000,1.201775970,53.564429909,56.823331564,6.000000,39.241666667
91.500000,1.208327778,53.556537780,56.823677932,6.000000,39.237500000
92.000000,1.214879027,53.548645603,56.824024325,6.000000,39.233333333
92.500000,1.221429718,53.540753377,56.824370745,6.000000,39.229166667
93.000000,1.227979851,53.532861103,56.824717191,6.000000,39.225000000
93.500000,1.234529425,53.524968781,56.825063662,6.000000,39.220833333
94.000000,1.241078442,53.517076411,56.825410159,6.000000,39.216666667
94.500000,1.247626899,53.509183993,56.825756682,6.000000,39.212500000
95.000000,1.254174799,53.501291527,56.826103231,6.000000,39.208333333
95.500000,1.260722141,53.493399013,56.826449805,6.000000,39.204166667
96.000000,1.267268924,53.485506450,56.826796406,6.000000,39.200000000
96.500000,1.273815149,53.477613840,56.827143032,6.000000,39.195833333
97.000000,1.280360816,53.469721181,56.827489684,6.000000,39.191666667
97.500000,1.286905926,53.461828474,56.827836362,6.000000,39.187500000
98.000000,1.293450477,53.453935719,56.828183065,6.000000,39.183333333
98.500000,1.299994471,53.446042916,56.828529795,6.000000,39.179166667
99.000000,1.306537906,53.438150064,56.828876550,6.000000,39.175000000
99.500000,1.313080784,53.430257165,56.829223331,6.000000,39.170833333
100.000000,1.319623104,53.422364217,56.829570138,6.000000,39.166666667
100.500000,1.326164867,53.414471221,56.829916971,6.000000,39.162500000
101.000000,1.332706071,53.406578177,56.830263829,6.000000,39.158333333
101.500000,1.339246718,53.398685085,56.830610713,6.000000,39.154166667
102.000000,1.345786808,53.390791945,56.830957623,6.000000,39.150000000
102.500000,1.352326340,53.382898756,56.831304559,6.000000,39.145833333
103.000000,1.358865315,53.375005520,56.831651521,6.000000,39.141666667
103.500000,1.365403732,53.367112235,56.831998508,6.000000,39.137500000
104.000000,1.371941591,53.359218901,56.832345522,6.000000,39.133333333
104.500000,1.378478894,53.351325520,56.832692561,6.000000,39.129166667
105.000000,1.385015639,53.343432091,56.833039626,6.000000,39.125000000
105.500000,1.391551827,53.335538613,56.833386716,6.000000,39.120833333
106.000000,1.398087457,53.327645087,56.833733833,6.000000,39.116666667
106.500000,1.404622531,53.319751513,56.834080975,6.000000,39.112500000
107.000000,1.411157047,53.311857890,56.834428143,6.000000,39.108333333
107.500000,1.417691007,53.303964220,56.834775337,6.000000,39.104166667
108.000000,1.424224409,53.296070501,56.835122557,6.000000,39.100000000
108.500000,1.430757254,53.288176734,56.835469802,6.000000,39.095833333
109.000000,1.437289543,53.280282919,56.835817074,6.000000,39.091666667
109.500000,1.443821274,53.272389055,56.836164371,6.000000,39.087500000
110.000000,1.450352449,53.264495144,56.836511694,6.000000,39.083333333
110.500000,1.456883066,53.256601184,56.836859043,6.000000,39.079166667
111.000000,1.463413128,53.248707175,56.837206417,6.000000,39.075000000
111.500000,1.469942632,53.240813119,56.837553817,6.000000,39.070833333
112.000000,1.476471580,53.232919014,56.837901244,6.000000,39.066666667
112.500000,1.482999971,53.225024861,56.838248696,6.000000,39.062500000
113.000000,1.489527805,53.217130660,56.838596173,6.000000,39.058333333
113.500000,1.496055083,53.209236411,56.838943677,6.000000,39.054166667
114.000000,1.502581805,53.201342113,56.839291206,6.000000,39.050000000
114.500000,1.509107970,53.193447767,56.839638761,6.000000,39.045833333
115.000000,1.515633579,53.185553373,56.839986342,6.000000,39.041666667
115.500000,1.522158631,53.177658930,56.840333949,6.000000,39.037500000
116.000000,1.528683127,53.169764439,56.840681582,6.000000,39.033333333
116.500000,1.535207067,53.161869900,56.841029240,6.000000,39.029166667
117.000000,1.541730450,53.153975313,56.841376924,6.000000,39.025000000
117.500000,1.548253278,53.146080677,56.841724634,6.000000,39.020833333
118.000000,1.554775549,53.138185993,56.842072370,6.000000,39.016666667
118.500000,1.561297264,53.130291261,56.842420131,6.000000,39.012500000
119.000000,1.567818424,53.122396480,56.842767919,6.000000,39.008333333
119.500000,1.574339027,53.114501651,56.843115732,6.000000,39.004166667
120.000000,1.580859074,53.106606774,56.843463571,6.000000,39.000000000
120.500000,1.587378566,53.098711849,56.843811436,6.000000,38.995833333
121.000000,1.593897501,53.090816875,56.844159326,6.000000,38.991666667
121.500000,1.600415881,53.082921853,56.844507242,6.000000,38.987500000
122.000000,1.606933705,53.075026782,56.844855185,6.000000,38.983333333
122.500000,1.613450973,53.067131664,56.845203152,6.000000,38.979166667
123.000000,1.619967686,53.059236496,56.845551146,6.000000,38.975000000
123.500000,1.626483843,53.051341281,56.845899166,6.000000,38.970833333
124.000000,1.632999444,53.043446017,56.846247211,6.000000,38.966666667
124.500000,1.639514490,53.035550705,56.846595282,6.000000,38.962500000
125.000000,1.646028981,53.027655345,56.846943379,6.000000,38.958333333
125.500000,1.652542916,53.019759936,56.847291502,6.000000,38.954166667
126.000000,1.659056295,53.011864479,56.847639650,6.000000,38.950000000
126.500000,1.665569119,53.003968973,56.847987824,6.000000,38.945833333
127.000000,1.672081388,52.996073419,56.848336025,6.000000,38.941666667
127.500000,1.678593102,52.988177817,56.848684250,6.000000,38.937500000
128.000000,1.685104261,52.980282167,56.849032502,6.000000,38.933333333
128.500000,1.691614864,52.972386468,56.849380780,6.000000,38.929166667
129.000000,1.698124912,52.964490720,56.849729083,6.000000,38.925000000
129.500000,1.704634405,52.956594925,56.850077412,6.000000,38.920833333
130.000000,1.711143343,52.948699080,56.850425767,6.000000,38.916666667
130.500000,1.717651726,52.940803188,56.850774147,6.000000,38.912500000
131.000000,1.724159554,52.932907247,56.851122554,6.000000,38.908333333
131.500000,1.730666828,52.925011258,56.851470986,6.000000,38.904166667
132.000000,1.737173546,52.917115220,56.851819444,6.000000,38.900000000
132.500000,1.743679710,52.909219134,56.852167928,6.000000,38.895833333
133.000000,1.750185318,52.901323000,56.852516437,6.000000,38.891666667
133.500000,1.756690372,52.893426817,56.852864973,6.000000,38.887500000
134.000000,1.763194872,52.885530586,56.853213534,6.000000,38.883333333
134.500000,1.769698817,52.877634306,56.853562121,6.000000,38.879166667
135.000000,1.776202207,52.869737978,56.853910734,6.000000,38.875000000
135.500000,1.782705043,52.861841601,56.854259372,6.000000,38.870833333
136.000000,1.789207324,52.853945177,56.854608037,6.000000,38.866666667
136.500000,1.795709051,52.846048703,56.854956727,6.000000,38.862500000
137.000000,1.802210223,52.838152181,56.855305443,6.000000,38.858333333
137.500000,1.808710841,52.830255611,56.855654184,6.000000,38.854166667
138.000000,1.815210905,52.822358993,56.856002952,6.000000,38.850000000
138.500000,1.821710414,52.814462326,56.856351745,6.000000,38.845833333
139.000000,1.828209369,52.806565610,56.856700564,6.000000,38.841666667
139.500000,1.834707770,52.798668846,56.857049409,6.000000,38.837500000
140.000000,1.841205617,52.790772034,56.857398280,6.000000,38.833333333
140.500000,1.847702910,52.782875173,56.857747176,6.000000,38.829166667
141.000000,1.854199649,52.774978263,56.858096098,6.000000,38.825000000
141.500000,1.860695834,52.767081306,56.858445046,6.000000,38.820833333
142.000000,1.867191464,52.759184299,56.858794020,6.000000,38.816666667
142.500000,1.873686541,52.751287245,56.859143020,6.000000,38.812500000
143.000000,1.880181064,52.743390141,56.859492045,6.000000,38.808333333
143.500000,1.886675034,52.735492990,56.859841096,6.000000,38.804166667
144.000000,1.893168449,52.727595790,56.860190173,6.000000,38.800000000
144.500000,1.899661311,52.719698541,56.860539276,6.000000,38.795833333
145.000000,1.906153619,52.711801244,56.860888405,6.000000,38.791666667
145.500000,1.912645373,52.703903898,56.861237559,6.000000,38.787500000
146.000000,1.919136574,52.696006504,56.861586739,6.000000,38.783333333
146.500000,1.925627222,52.688109062,56.861935945,6.000000,38.779166667
147.000000,1.932117315,52.680211570,56.862285176,6.000000,38.775000000
147.500000,1.938606856,52.672314031,56.862634434,6.000000,38.770833333
148.000000,1.945095843,52.664416443,56.862983717,6.000000,38.766666667
148.500000,1.951584276,52.656518806,56.863333026,6.000000,38.762500000
149.000000,1.958072157,52.648621121,56.863682361,6.000000,38.758333333
149.500000,1.964559484,52.640723387,56.864031722,6.000000,38.754166667
150.000000,1.971046257,52.632825605,56.864381108,6.000000,38.750000000
150.500000,1.977532478,52.624927774,56.864730520,6.000000,38.745833333
151.000000,1.984018145,52.617029895,56.865079958,6.000000,38.741666667
151.500000,1.990503260,52.609131967,56.865429422,6.000000,38.737500000
152.000000,1.996987821,52.601233991,56.865778911,6.000000,38.733333333
152.500000,2.003471829,52.593335966,56.866128426,6.000000,38.729166667
153.000000,2.009955285,52.585437893,56.866477968,6.000000,38.725000000
153.500000,2.016438187,52.577539771,56.866827534,6.000000,38.720833333
154.000000,2.022920537,52.569641600,56.867177127,6.000000,38.716666667
154.500000,2.029402333,52.561743381,56.867526745,6.000000,38.712500000
155.000000,2.035883577,52.553845114,56.867876390,6.000000,38.708333333
155.500000,2.042364269,52.545946798,56.868226060,6.000000,38.704166667
156.000000,2.048844407,52.538048433,56.868575755,6.000000,38.700000000
156.500000,2.055323993,52.530150020,56.868925477,6.000000,38.695833333
157.000000,2.061803026,52.522251558,56.869275224,6.000000,38.691666667
157.500000,2.068281507,52.514353047,56.869624997,6.000000,38.687500000
158.000000,2.074759435,52.506454488,56.869974796,6.000000,38.683333333
158.500000,2.081236811,52.498555881,56.870324621,6.000000,38.679166667
159.000000,2.087713634,52.490657224,56.870674471,6.000000,38.675000000
159.500000,2.094189905,52.482758520,56.871024347,6.000000,38.670833333
160.000000,2.100665624,52.474859766,56.871374249,6.000000,38.666666667
160.500000,2.107140790,52.466960964,56.871724177,6.000000,38.662500000
161.000000,2.113615404,52.459062114,56.872074131,6.000000,38.658333333
161.500000,2.120089466,52.451163215,56.872424110,6.000000,38.654166667
162.000000,2.126562976,52.443264267,56.872774115,6.000000,38.650000000
162.500000,2.133035934,52.435365270,56.873124146,6.000000,38.645833333
163.000000,2.139508339,52.427466225,56.873474203,6.000000,38.641666667
163.500000,2.145980193,52.419567132,56.873824285,6.000000,38.637500000
164.000000,2.152451495,52.411667989,56.874174393,6.000000,38.633333333
164.500000,2.158922244,52.403768799,56.874524527,6.000000,38.629166667
165.000000,2.165392442,52.395869559,56.874874687,6.000000,38.625000000
165.500000,2.171862088,52.387970271,56.875224873,6.000000,38.620833333
166.000000,2.178331182,52.380070934,56.875575084,6.000000,38.616666667
166.500000,2.184799725,52.372171549,56.875925321,6.000000,38.612500000
167.000000,2.191267716,52.364272115,56.876275584,6.000000,38.608333333
167.500000,2.197735155,52.356372632,56.876625873,6.000000,38.604166667
168.000000,2.204202042,52.348473100,56.876976187,6.000000,38.600000000
168.500000,2.210668378,52.340573520,56.877326527,6.000000,38.595833333
169.000000,2.217134163,52.332673892,56.877676893,6.000000,38.591666667
169.500000,2.223599396,52.324774214,56.878027285,6.000000,38.587500000
170.000000,2.230064077,52.316874488,56.878377702,6.000000,38.583333333
170.500000,2.236528207,52.308974714,56.878728146,6.000000,38.579166667
171.000000,2.242991786,52.301074890,56.879078615,6.000000,38.575000000
171.500000,2.249454814,52.293175018,56.879429110,6.000000,38.570833333
172.000000,2.255917290,52.285275098,56.879779630,6.000000,38.566666667
172.500000,2.262379215,52.277375128,56.880130177,6.000000,38.562500000
173.000000,2.268840589,52.269475110,56.880480749,6.000000,38.558333333
173.500000,2.275301411,52.261575043,56.880831347,6.000000,38.554166667
174.000000,2.281761683,52.253674928,56.881181970,6.000000,38.550000000
174.500000,2.288221404,52.245774764,56.881532620,6.000000,38.545833333
175.000000,2.294680573,52.237874551,56.881883295,6.000000,38.541666667
175.500000,2.301139192,52.229974289,56.882233996,6.000000,38.537500000
176.000000,2.307597260,52.222073979,56.882584723,6.000000,38.533333333
176.500000,2.314054777,52.214173620,56.882935476,6.000000,38.529166667
177.000000,2.320511743,52.206273212,56.883286254,6.000000,38.525000000
177.500000,2.326968159,52.198372756,56.883637058,6.000000,38.520833333
178.000000,2.333424023,52.190472251,56.883987888,6.000000,38.516666667
178.500000,2.339879337,52.182571697,56.884338744,6.000000,38.512500000
179.000000,2.346334101,52.174671094,56.884689625,6.000000,38.508333333
179.500000,2.352788314,52.166770443,56.885040532,6.000000,38.504166667
180.000000,2.359241976,52.158869743,56.885391465,6.000000,38.500000000
180.500000,2.365695088,52.150968994,56.885742424,6.000000,38.495833333
181.000000,2.372147649,52.143068197,56.886093408,6.000000,38.491666667
181.500000,2.378599660,52.135167350,56.886444419,6.000000,38.487500000
182.000000,2.385051121,52.127266455,56.886795455,6.000000,38.483333333
182.500000,2.391502031,52.119365511,56.887146516,6.000000,38.479166667
183.000000,2.397952391,52.111464519,56.887497604,6.000000,38.475000000
183.500000,2.404402201,52.103563477,56.887848717,6.000000,38.470833333
184.000000,2.410851461,52.095662387,56.888199856,6.000000,38.466666667
184.500000,2.417300170,52.087761248,56.888551021,6.000000,38.462500000
185.000000,2.423748330,52.079860061,56.888902212,6.000000,38.458333333
185.500000,2.430195939,52.071958824,56.889253428,6.000000,38.454166667
186.000000,2.436642999,52.064057539,56.889604671,6.000000,38.450000000
186.500000,2.443089508,52.056156205,56.889955938,6.000000,38.445833333
187.000000,2.449535468,52.048254822,56.890307232,6.000000,38.441666667
187.500000,2.455980877,52.040353391,56.890658552,6.000000,38.437500000
188.000000,2.462425737,52.032451911,56.891009897,6.000000,38.433333333
188.500000,2.468870047,52.024550381,56.891361268,6.000000,38.429166667
189.000000,2.475313808,52.016648803,56.891712665,6.000000,38.425000000
189.500000,2.481757019,52.008747177,56.892064087,6.000000,38.420833333
190.000000,2.488199680,52.000845501,56.892415536,6.000000,38.416666667
190.500000,2.494641791,51.992943777,56.892767010,6.000000,38.412500000
191.000000,2.501083353,51.985042004,56.893118509,6.000000,38.408333333
191.500000,2.507524365,51.977140182,56.893470035,6.000000,38.404166667
192.000000,2.513964828,51.969238311,56.893821586,6.000000,38.400000000
192.500000,2.520404742,51.961336391,56.894173164,6.000000,38.395833333
193.000000,2.526844106,51.953434423,56.894524766,6.000000,38.391666667
193.500000,2.533282921,51.945532405,56.894876395,6.000000,38.387500000
194.000000,2.539721186,51.937630339,56.895228050,6.000000,38.383333333
194.500000,2.546158903,51.929728224,56.895579730,6.000000,38.379166667
195.000000,2.552596070,51.921826060,56.895931436,6.000000,38.375000000
195.500000,2.559032688,51.913923847,56.896283167,6.000000,38.370833333
196.000000,2.565468757,51.906021586,56.896634925,6.000000,38.366666667
196.500000,2.571904277,51.898119275,56.896986708,6.000000,38.362500000
197.000000,2.578339247,51.890216916,56.897338517,6.000000,38.358333333
197.500000,2.584773669,51.882314508,56.897690352,6.000000,38.354166667
198.000000,2.591207542,51.874412051,56.898042212,6.000000,38.350000000
198.500000,2.597640866,51.866509545,56.898394099,6.000000,38.345833333
199.000000,2.604073642,51.858606991,56.898746011,6.000000,38.341666667
199.500000,2.610505868,51.850704387,56.899097948,6.000000,38.337500000
200.000000,2.616937546,51.842801734,56.899449912,6.000000,38.333333333
200.500000,2.623368675,51.834899033,56.899801901,6.000000,38.329166667
201.000000,2.629799255,51.826996283,56.900153916,6.000000,38.325000000
201.500000,2.636229287,51.819093484,56.900505957,6.000000,38.320833333
202.000000,2.642658770,51.811190636,56.900858024,6.000000,38.316666667
202.500000,2.649087704,51.803287739,56.901210116,6.000000,38.312500000
203.000000,2.655516091,51.795384793,56.901562234,6.000000,38.308333333
203.500000,2.661943928,51.787481798,56.901914378,6.000000,38.304166667
204.000000,2.668371218,51.779578754,56.902266548,6.000000,38.300000000
204.500000,2.674797959,51.771675662,56.902618743,6.000000,38.295833333
205.000000,2.681224151,51.763772520,56.902970965,6.000000,38.291666667
205.500000,2.687649796,51.755869330,56.903323211,6.000000,38.287500000
206.000000,2.694074892,51.747966091,56.903675484,6.000000,38.283333333
206.500000,2.700499440,51.740062802,56.904027783,6.000000,38.279166667
207.000000,2.706923440,51.732159465,56.904380107,6.000000,38.275000000
207.500000,2.713346892,51.724256079,56.904732457,6.000000,38.270833333
208.000000,2.719769796,51.716352644,56.905084832,6.000000,38.266666667
208.500000,2.726192152,51.708449160,56.905437234,6.000000,38.262500000
209.000000,2.732613960,51.700545627,56.905789661,6.000000,38.258333333
209.500000,2.739035220,51.692642045,56.906142114,6.000000,38.254166667
210.000000,2.745455932,51.684738414,56.906494593,6.000000,38.250000000
210.500000,2.751876096,51.676834734,56.906847097,6.000000,38.245833333
211.000000,2.758295713,51.668931006,56.907199628,6.000000,38.241666667
211.500000,2.764714782,51.661027228,56.907552184,6.000000,38.237500000
212.000000,2.771133303,51.653123401,56.907904765,6.000000,38.233333333
212.500000,2.777551277,51.645219526,56.908257373,6.000000,38.229166667
213.000000,2.783968703,51.637315601,56.908610006,6.000000,38.225000000
213.500000,2.790385581,51.629411627,56.908962665,6.000000,38.220833333
214.000000,2.796801912,51.621507605,56.909315350,6.000000,38.216666667
214.500000,2.803217696,51.613603533,56.909668060,6.000000,38.212500000
215.000000,2.809632932,51.605699413,56.910020797,6.000000,38.208333333
215.500000,2.816047620,51.597795243,56.910373559,6.000000,38.204166667
216.000000,2.822461762,51.589891024,56.910726347,6.000000,38.200000000
216.500000,2.828875356,51.581986757,56.911079160,6.000000,38.195833333
217.000000,2.835288403,51.574082440,56.911431999,6.000000,38.191666667
217.500000,2.841700903,51.566178075,56.911784865,6.000000,38.187500000
218.000000,2.848112855,51.558273660,56.912137755,6.000000,38.183333333
218.500000,2.854524261,51.550369197,56.912490672,6.000000,38.179166667
219.000000,2.860935119,51.542464684,56.912843614,6.000000,38.175000000
219.500000,2.867345431,51.534560122,56.913196582,6.000000,38.170833333
220.000000,2.873755195,51.526655512,56.913549576,6.000000,38.166666667
220.500000,2.880164413,51.518750852,56.913902596,6.000000,38.162500000
221.000000,2.886573084,51.510846143,56.914255641,6.000000,38.158333333
221.500000,2.892981207,51.502941386,56.914608712,6.000000,38.154166667
222.000000,2.899388785,51.495036579,56.914961809,6.000000,38.150000000
222.500000,2.905795815,51.487131723,56.915314931,6.000000,38.145833333
223.000000,2.912202299,51.479226818,56.915668080,6.000000,38.141666667
223.500000,2.918608236,51.471321864,56.916021254,6.000000,38.137500000
224.000000,2.925013626,51.463416861,56.916374454,6.000000,38.133333333
224.500000,2.931418470,51.455511809,56.916727679,6.000000,38.129166667
225.000000,2.937822767,51.447606708,56.917080931,6.000000,38.125000000
225.500000,2.944226518,51.439701558,56.917434208,6.000000,38.120833333
226.000000,2.950629723,51.431796359,56.917787511,6.000000,38.116666667
226.500000,2.957032381,51.423891111,56.918140839,6.000000,38.112500000
227.000000,2.963434492,51.415985813,56.918494193,6.000000,38.108333333
227.500000,2.969836058,51.408080467,56.918847574,6.000000,38.104166667
228.000000,2.976237077,51.400175072,56.919200979,6.000000,38.100000000
228.500000,2.982637550,51.392269627,56.919554411,6.000000,38.095833333
229.000000,2.989037477,51.384364133,56.919907868,6.000000,38.091666667
229.500000,2.995436857,51.376458591,56.920261351,6.000000,38.087500000
230.000000,3.001835692,51.368552999,56.920614860,6.000000,38.083333333
230.500000,3.008233981,51.360647358,56.920968395,6.000000,38.079166667
231.000000,3.014631723,51.352741668,56.921321955,6.000000,38.075000000
231.500000,3.021028920,51.344835929,56.921675541,6.000000,38.070833333
232.000000,3.027425571,51.336930140,56.922029153,6.000000,38.066666667
232.500000,3.033821676,51.329024303,56.922382790,6.000000,38.062500000
233.000000,3.040217235,51.321118416,56.922736454,6.000000,38.058333333
233.500000,3.046612248,51.313212481,56.923090143,6.000000,38.054166667
234.000000,3.053006716,51.305306496,56.923443858,6.000000,38.050000000
234.500000,3.059400638,51.297400462,56.923797598,6.000000,38.045833333
235.000000,3.065794014,51.289494379,56.924151364,6.000000,38.041666667
235.500000,3.072186845,51.281588247,56.924505156,6.000000,38.037500000
236.000000,3.078579130,51.273682066,56.924858974,6.000000,38.033333333
236.500000,3.084970870,51.265775835,56.925212818,6.000000,38.029166667
237.000000,3.091362064,51.257869556,56.925566687,6.000000,38.025000000
237.500000,3.097752713,51.249963227,56.925920582,6.000000,38.020833333
238.000000,3.104142817,51.242056849,56.926274503,6.000000,38.016666667
238.500000,3.110532375,51.234150422,56.926628449,6.000000,38.012500000
239.000000,3.116921388,51.226243946,56.926982422,6.000000,38.008333333
239.500000,3.123309856,51.218337421,56.927336420,6.000000,38.004166667
240.000000,3.129697778,51.210430846,76.065949539,6.000000,38.000000000
240.500000,3.135907371,51.199866131,76.066688224,6.000000,37.991666667
241.000000,3.142116302,51.189301313,76.067426961,6.000000,37.983333333
241.500000,3.148324570,51.178736393,76.068165752,6.000000,37.975000000
242.000000,3.154532177,51.168171370,76.068904595,6.000000,37.966666667
242.500000,3.160739121,51.157606244,76.069643492,6.000000,37.958333333
243.000000,3.166945403,51.147041016,76.070382441,6.000000,37.950000000
243.500000,3.173151023,51.136475685,76.071121444,6.000000,37.941666667
244.000000,3.179355981,51.125910251,76.071860500,6.000000,37.933333333
244.500000,3.185560277,51.115344715,76.072599609,6.000000,37.925000000
245.000000,3.191763911,51.104779076,76.073338770,6.000000,37.916666667
245.500000,3.197966883,51.094213335,76.074077985,6.000000,37.908333333
246.000000,3.204169194,51.083647491,76.074817253,6.000000,37.900000000
246.500000,3.210370843,51.073081544,76.075556574,6.000000,37.891666667
247.000000,3.216571831,51.062515494,76.076295948,6.000000,37.883333333
247.500000,3.222772157,51.051949342,76.077035375,6.000000,37.875000000
248.000000,3.228971822,51.041383087,76.077774855,6.000000,37.866666667
248.500000,3.235170825,51.030816730,76.078514388,6.000000,37.858333333
249.000000,3.241369167,51.020250269,76.079253975,6.000000,37.850000000
249.500000,3.247566847,51.009683706,76.079993614,6.000000,37.841666667
250.000000,3.253763867,50.999117040,76.080733306,6.000000,37.833333333
250.500000,3.259960225,50.988550272,76.081473051,6.000000,37.825000000
251.000000,3.266155923,50.977983401,76.082212850,6.000000,37.816666667
251.500000,3.272350959,50.967416427,76.082952701,6.000000,37.808333333
252.000000,3.278545335,50.956849350,76.083692606,6.000000,37.800000000
252.500000,3.284739049,50.946282170,76.084432563,6.000000,37.791666667
253.000000,3.290932103,50.935714888,76.085172574,6.000000,37.783333333
253.500000,3.297124496,50.925147503,76.085912638,6.000000,37.775000000
254.000000,3.303316229,50.914580015,76.086652755,6.000000,37.766666667
254.500000,3.309507301,50.904012424,76.087392924,6.000000,37.758333333
255.000000,3.315697712,50.893444731,76.088133147,6.000000,37.750000000
255.500000,3.321887463,50.882876935,76.088873423,6.000000,37.741666667
256.000000,3.328076554,50.872309036,76.089613752,6.000000,37.733333333
256.500000,3.334264984,50.861741034,76.090354134,6.000000,37.725000000
257.000000,3.340452754,50.851172929,76.091094569,6.000000,37.716666667
257.500000,3.346639864,50.840604721,76.091835058,6.000000,37.708333333
258.000000,3.352826314,50.830036411,76.092575599,6.000000,37.700000000
258.500000,3.359012103,50.819467998,76.093316193,6.000000,37.691666667
259.000000,3.365197233,50.808899482,76.094056841,6.000000,37.683333333
259.500000,3.371381703,50.798330863,76.094797541,6.000000,37.675000000
260.000000,3.377565512,50.787762141,76.095538295,6.000000,37.666666667
260.500000,3.383748662,50.777193316,76.096279101,6.000000,37.658333333
261.000000,3.389931153,50.766624388,76.097019961,6.000000,37.650000000
261.500000,3.396112983,50.756055358,76.097760874,6.000000,37.641666667
262.000000,3.402294155,50.745486224,76.098501840,6.000000,37.633333333
262.500000,3.408474666,50.734916988,76.099242859,6.000000,37.625000000
263.000000,3.414654518,50.724347649,76.099983931,6.000000,37.616666667
263.500000,3.420833711,50.713778206,76.100725056,6.000000,37.608333333
264.000000,3.427012244,50.703208661,76.101466234,6.000000,37.600000000
264.500000,3.433190118,50.692639013,76.102207465,6.000000,37.591666667
265.000000,3.439367333,50.682069262,76.102948749,6.000000,37.583333333
265.500000,3.445543889,50.671499408,76.103690087,6.000000,37.575000000
266.000000,3.451719786,50.660929451,76.104431477,6.000000,37.566666667
266.500000,3.457895023,50.650359391,76.105172921,6.000000,37.558333333
267.000000,3.464069602,50.639789228,76.105914417,6.000000,37.550000000
267.500000,3.470243522,50.629218962,76.106655967,6.000000,37.541666667
268.000000,3.476416783,50.618648594,76.107397570,6.000000,37.533333333
268.500000,3.482589385,50.608078122,76.108139226,6.000000,37.525000000
269.000000,3.488761329,50.597507547,76.108880935,6.000000,37.516666667
269.500000,3.494932614,50.586936869,76.109622697,6.000000,37.508333333
270.000000,3.501103240,50.576366088,76.110364512,6.000000,37.500000000
270.500000,3.507273208,50.565795204,76.111106380,6.000000,37.491666667
271.000000,3.513442518,50.555224217,76.111848302,6.000000,37.483333333
271.500000,3.519611169,50.544653127,76.112590276,6.000000,37.475000000
272.000000,3.525779162,50.534081934,76.113332303,6.000000,37.466666667
272.500000,3.531946497,50.523510638,76.114074384,6.000000,37.458333333
273.000000,3.538113173,50.512939238,76.114816518,6.000000,37.450000000
273.500000,3.544279192,50.502367736,76.115558705,6.000000,37.441666667
274.000000,3.550444552,50.491796131,76.116300944,6.000000,37.433333333
274.500000,3.556609254,50.481224422,76.117043237,6.000000,37.425000000
275.000000,3.562773299,50.470652611,76.117785583,6.000000,37.416666667
275.500000,3.568936686,50.460080696,76.118527983,6.000000,37.408333333
276.000000,3.575099415,50.449508678,76.119270435,6.000000,37.400000000
276.500000,3.581261486,50.438936557,76.120012940,6.000000,37.391666667
277.000000,3.587422900,50.428364333,76.120755499,6.000000,37.383333333
277.500000,3.593583656,50.417792006,76.121498110,6.000000,37.375000000
278.000000,3.599743754,50.407219576,76.122240775,6.000000,37.366666667
278.500000,3.605903196,50.396647043,76.122983493,6.000000,37.358333333
279.000000,3.612061979,50.386074406,76.123726264,6.000000,37.350000000
279.500000,3.618220106,50.375501666,76.124469088,6.000000,37.341666667
280.000000,3.624377575,50.364928823,76.125211965,6.000000,37.333333333
280.500000,3.630534387,50.354355877,76.125954895,6.000000,37.325000000
281.000000,3.636690542,50.343782828,76.126697878,6.000000,37.316666667
281.500000,3.642846040,50.333209675,76.127440915,6.000000,37.308333333
282.000000,3.649000881,50.322636420,76.128184004,6.000000,37.300000000
282.500000,3.655155065,50.312063061,76.128927147,6.000000,37.291666667
283.000000,3.661308592,50.301489599,76.129670342,6.000000,37.283333333
283.500000,3.667461463,50.290916033,76.130413591,6.000000,37.275000000
284.000000,3.673613676,50.280342365,76.131156893,6.000000,37.266666667
284.500000,3.679765233,50.269768593,76.131900248,6.000000,37.258333333
285.000000,3.685916134,50.259194718,76.132643657,6.000000,37.250000000
285.500000,3.692066378,50.248620740,76.133387118,6.000000,37.241666667
286.000000,3.698215965,50.238046658,76.134130632,6.000000,37.233333333
286.500000,3.704364896,50.227472473,76.134874200,6.000000,37.225000000
287.000000,3.710513171,50.216898185,76.135617820,6.000000,37.216666667
287.500000,3.716660790,50.206323794,76.136361494,6.000000,37.208333333
288.000000,3.722807752,50.195749299,76.137105221,6.000000,37.200000000
288.500000,3.728954058,50.185174701,76.137849001,6.000000,37.191666667
289.000000,3.735099708,50.174600000,76.138592834,6.000000,37.183333333
289.500000,3.741244703,50.164025196,76.139336721,6.000000,37.175000000
290.000000,3.747389041,50.153450288,76.140080660,6.000000,37.166666667
290.500000,3.753532723,50.142875276,76.140824652,6.000000,37.158333333
291.000000,3.759675750,50.132300162,76.141568698,6.000000,37.150000000
291.500000,3.765818121,50.121724944,76.142312797,6.000000,37.141666667
292.000000,3.771959836,50.111149623,76.143056949,6.000000,37.133333333
292.500000,3.778100895,50.100574198,76.143801154,6.000000,37.125000000
293.000000,3.784241299,50.089998670,76.144545412,6.000000,37.116666667
293.500000,3.790381048,50.079423039,76.145289723,6.000000,37.108333333
294.000000,3.796520141,50.068847304,76.146034087,6.000000,37.100000000
294.500000,3.802658579,50.058271466,76.146778505,6.000000,37.091666667
295.000000,3.808796361,50.047695525,76.147522976,6.000000,37.083333333
295.500000,3.814933488,50.037119480,76.148267499,6.000000,37.075000000
296.000000,3.821069961,50.026543332,76.149012076,6.000000,37.066666667
296.500000,3.827205778,50.015967080,76.149756706,6.000000,37.058333333
297.000000,3.833340940,50.005390725,76.150501389,6.000000,37.050000000
297.500000,3.839475447,49.994814266,76.151412710,6.000000,37.041666667
298.000000,3.845609302,49.984237681,76.152497270,6.000000,37.033333333
298.500000,3.851742509,49.973660946,76.153581909,6.000000,37.025000000
299.000000,3.857875068,49.963084059,76.154666627,6.000000,37.016666667
299.500000,3.864006978,49.952507022,76.155751422,6.000000,37.008333333
300.000000,3.870138240,49.941929834,76.156836296,6.000000,37.000000000
300.500000,3.876268854,49.931352496,76.157921249,6.000000,36.991666667
301.000000,3.882398820,49.920775007,76.159006280,6.000000,36.983333333
301.500000,3.888528138,49.910197367,76.160091389,6.000000,36.975000000
302.000000,3.894656809,49.899619577,76.161176576,6.000000,36.966666667
302.500000,3.900784831,49.889041636,76.162261842,6.000000,36.958333333
303.000000,3.906912205,49.878463544,76.163347187,6.000000,36.950000000
303.500000,3.913038932,49.867885301,76.164432609,6.000000,36.941666667
304.000000,3.919165011,49.857306908,76.165518110,6.000000,36.933333333
304.500000,3.925290443,49.846728363,76.166603690,6.000000,36.925000000
305.000000,3.931415226,49.836149668,76.167689348,6.000000,36.916666667
305.500000,3.937539363,49.825570823,76.168775084,6.000000,36.908333333
306.000000,3.943662852,49.814991826,76.169860899,6.000000,36.900000000
306.500000,3.949785694,49.804412679,76.170946792,6.000000,36.891666667
307.000000,3.955907888,49.793833381,76.172032764,6.000000,36.883333333
307.500000,3.962029435,49.783253932,76.173118814,6.000000,36.875000000
308.000000,3.968150335,49.772674332,76.174204942,6.000000,36.866666667
308.500000,3.974270588,49.762094581,76.175291149,6.000000,36.858333333
309.000000,3.980390194,49.751514680,76.176377435,6.000000,36.850000000
309.500000,3.986509153,49.740934627,76.177463798,6.000000,36.841666667
310.000000,3.992627465,49.730354424,76.178550241,6.000000,36.833333333
310.500000,3.998745130,49.719774070,76.179636761,6.000000,36.825000000
311.000000,4.004862148,49.709193565,76.180723360,6.000000,36.816666667
311.500000,4.010978520,49.698612908,76.181810038,6.000000,36.808333333
312.000000,4.017094245,49.688032102,76.182896794,6.000000,36.800000000
312.500000,4.023209323,49.677451144,76.183983629,6.000000,36.791666667
313.000000,4.029323755,49.666870035,76.185070542,6.000000,36.783333333
313.500000,4.035437541,49.656288775,76.186157533,6.000000,36.775000000
314.000000,4.041550680,49.645707364,76.187244603,6.000000,36.766666667
314.500000,4.047663172,49.635125802,76.188331752,6.000000,36.758333333
315.000000,4.053775019,49.624544090,76.189418979,6.000000,36.750000000
315.500000,4.059886219,49.613962226,76.190506284,6.000000,36.741666667
316.000000,4.065996773,49.603380211,76.191593668,6.000000,36.733333333
316.500000,4.072106681,49.592798045,76.192681131,6.000000,36.725000000
317.000000,4.078215944,49.582215729,76.193768672,6.000000,36.716666667
317.500000,4.084324560,49.571633261,76.194856291,6.000000,36.708333333
318.000000,4.090432530,49.561050642,76.195943989,6.000000,36.700000000
318.500000,4.096539854,49.550467872,76.197031766,6.000000,36.691666667
319.000000,4.102646533,49.539884951,76.198119621,6.000000,36.683333333
319.500000,4.108752566,49.529301879,76.199207554,6.000000,36.675000000
320.000000,4.114857953,49.518718655,76.200295567,6.000000,36.666666667
320.500000,4.120962695,49.508135281,76.201383657,6.000000,36.658333333
321.000000,4.127066791,49.497551755,76.202471826,6.000000,36.650000000
321.500000,4.133170242,49.486968079,76.203560074,6.000000,36.641666667
322.000000,4.139273048,49.476384251,76.204648401,6.000000,36.633333333
322.500000,4.145375208,49.465800272,76.205736805,6.000000,36.625000000
323.000000,4.151476723,49.455216142,76.206825289,6.000000,36.616666667
323.500000,4.157577593,49.444631861,76.207913851,6.000000,36.608333333
324.000000,4.163677817,49.434047428,76.209002491,6.000000,36.600000000
324.500000,4.169777397,49.423462844,76.210091211,6.000000,36.591666667
325.000000,4.175876332,49.412878110,76.211180008,6.000000,36.583333333
325.500000,4.181974621,49.402293223,76.212268885,6.000000,36.575000000
326.000000,4.188072266,49.391708186,76.213357840,6.000000,36.566666667
326.500000,4.194169266,49.381122998,76.214446873,6.000000,36.558333333
327.000000,4.200265622,49.370537658,76.215535985,6.000000,36.550000000
327.500000,4.206361332,49.359952167,76.216625176,6.000000,36.541666667
328.000000,4.212456398,49.349366524,76.217714445,6.000000,36.533333333
328.500000,4.218550820,49.338780731,76.218803793,6.000000,36.525000000
329.000000,4.224644597,49.328194786,76.219893219,6.000000,36.516666667
329.500000,4.230737730,49.317608689,76.220982725,6.000000,36.508333333
330.000000,4.236830218,49.307022442,76.222072308,6.000000,36.500000000
330.500000,4.242922062,49.296436043,76.223161971,6.000000,36.491666667
331.000000,4.249013262,49.285849492,76.224251712,6.000000,36.483333333
331.500000,4.255103817,49.275262791,76.225341531,6.000000,36.475000000
332.000000,4.261193729,49.264675938,76.226431430,6.000000,36.466666667
332.500000,4.267282997,49.254088933,76.227521407,6.000000,36.458333333
333.000000,4.273371620,49.243501778,76.228611462,6.000000,36.450000000
333.500000,4.279459600,49.232914471,76.229701596,6.000000,36.441666667
334.000000,4.285546936,49.222327012,76.230791809,6.000000,36.433333333
334.500000,4.291633628,49.211739402,76.231882101,6.000000,36.425000000
335.000000,4.297719676,49.201151641,76.232972471,6.000000,36.416666667
335.500000,4.303805081,49.190563728,76.234062920,6.000000,36.408333333
336.000000,4.309889842,49.179975664,76.235153447,6.000000,36.400000000
336.500000,4.315973959,49.169387448,76.236244054,6.000000,36.391666667
337.000000,4.322057433,49.158799081,76.237334738,6.000000,36.383333333
337.500000,4.328140264,49.148210562,76.238425502,6.000000,36.375000000
338.000000,4.334222452,49.137621892,76.239516344,6.000000,36.366666667
338.500000,4.340303996,49.127033070,76.240607265,6.000000,36.358333333
339.000000,4.346384897,49.116444097,76.241698265,6.000000,36.350000000
339.500000,4.352465154,49.105854972,76.242789343,6.000000,36.341666667
340.000000,4.358544769,49.095265696,76.243880500,6.000000,36.333333333
340.500000,4.364623741,49.084676268,76.244971736,6.000000,36.325000000
341.000000,4.370702070,49.074086688,76.246063051,6.000000,36.316666667
341.500000,4.376779756,49.063496957,76.247154444,6.000000,36.308333333
342.000000,4.382856799,49.052907075,76.248245916,6.000000,36.300000000
342.500000,4.388933199,49.042317041,76.249337466,6.000000,36.291666667
343.000000,4.395008957,49.031726855,76.250429096,6.000000,36.283333333
343.500000,4.401084072,49.021136518,76.251520804,6.000000,36.275000000
344.000000,4.407158544,49.010546029,76.252612591,6.000000,36.266666667
344.500000,4.413232374,48.999955388,76.253704457,6.000000,36.258333333
345.000000,4.419305562,48.989364596,76.254796401,6.000000,36.250000000
345.500000,4.425378107,48.978773652,76.255888424,6.000000,36.241666667
346.000000,4.431450010,48.968182556,76.256980526,6.000000,36.233333333
346.500000,4.437521270,48.957591309,76.258072707,6.000000,36.225000000
347.000000,4.443591888,48.946999910,76.259164966,6.000000,36.216666667
347.500000,4.449661865,48.936408359,76.260257304,6.000000,36.208333333
348.000000,4.455731199,48.925816657,76.261349721,6.000000,36.200000000
348.500000,4.461799891,48.915224803,76.262442217,6.000000,36.191666667
349.000000,4.467867941,48.904632797,76.263534791,6.000000,36.183333333
349.500000,4.473935350,48.894040639,76.264627445,6.000000,36.175000000
350.000000,4.480002117,48.883448330,76.265720177,6.000000,36.166666667
350.500000,4.486068241,48.872855869,76.266812988,6.000000,36.158333333
351.000000,4.492133725,48.862263256,76.267905878,6.000000,36.150000000
351.500000,4.498198566,48.851670491,76.268998846,6.000000,36.141666667
352.000000,4.504262766,48.841077574,76.270091893,6.000000,36.133333333
352.500000,4.510326325,48.830484506,76.271185019,6.000000,36.125000000
353.000000,4.516389242,48.819891286,76.272278224,6.000000,36.116666667
353.500000,4.522451518,48.809297914,76.273371508,6.000000,36.108333333
354.000000,4.528513152,48.798704390,76.274464871,6.000000,36.100000000
354.500000,4.534574146,48.788110715,76.275558312,6.000000,36.091666667
355.000000,4.540634498,48.777516887,76.276651833,6.000000,36.083333333
355.500000,4.546694209,48.766922908,76.277745432,6.000000,36.075000000
356.000000,4.552753279,48.756328776,76.278839110,6.000000,36.066666667
356.500000,4.558811708,48.745734493,76.279932867,6.000000,36.058333333
357.000000,4.564869496,48.735140058,76.281026702,6.000000,36.050000000
357.500000,4.570926643,48.724545471,76.282120617,6.000000,36.041666667
358.000000,4.576983149,48.713950732,76.283214610,6.000000,36.033333333
358.500000,4.583039015,48.703355841,76.284308682,6.000000,36.025000000
359.000000,4.589094240,48.692760798,76.285402834,6.000000,36.016666667
359.500000,4.595148825,48.682165603,76.286497064,6.000000,36.008333333
360.000000,4.601202769,48.671570256,76.287591372,6.000000,36.000000000
360.500000,4.607256072,48.660974758,76.288685760,6.000000,35.991666667
361.000000,4.613308735,48.650379107,76.289780227,6.000000,35.983333333
361.500000,4.619360758,48.639783304,76.290874772,6.000000,35.975000000
362.000000,4.625412140,48.629187349,76.291969397,6.000000,35.966666667
362.500000,4.631462882,48.618591242,76.293064100,6.000000,35.958333333
363.000000,4.637512984,48.607994983,76.294158882,6.000000,35.950000000
363.500000,4.643562446,48.597398572,76.295253744,6.000000,35.941666667
364.000000,4.649611268,48.586802009,76.296348684,6.000000,35.933333333
364.500000,4.655659450,48.576205294,76.297443703,6.000000,35.925000000
365.000000,4.661706992,48.565608427,76.298538801,6.000000,35.916666667
365.500000,4.667753895,48.555011408,76.299633977,6.000000,35.908333333
366.000000,4.673800157,48.544414237,76.300729233,6.000000,35.900000000
366.500000,4.679845780,48.533816913,76.301824568,6.000000,35.891666667
367.000000,4.685890763,48.523219437,76.302919982,6.000000,35.883333333
367.500000,4.691935107,48.512621810,76.304015474,6.000000,35.875000000
368.000000,4.697978811,48.502024030,76.305111046,6.000000,35.866666667
368.500000,4.704021875,48.491426098,76.306206696,6.000000,35.858333333
369.000000,4.710064300,48.480828013,76.307302426,6.000000,35.850000000
369.500000,4.716106086,48.470229777,76.308398234,6.000000,35.841666667
370.000000,4.722147233,48.459631388,76.309494122,6.000000,35.833333333
370.500000,4.728187740,48.449032847,76.310590088,6.000000,35.825000000
371.000000,4.734227608,48.438434154,76.311686133,6.000000,35.816666667
371.500000,4.740266837,48.427835309,76.312782258,6.000000,35.808333333
372.000000,4.746305428,48.417236311,76.313878461,6.000000,35.800000000
372.500000,4.752343379,48.406637162,76.314974743,6.000000,35.791666667
373.000000,4.758380691,48.396037860,76.316071104,6.000000,35.783333333
373.500000,4.764417365,48.385438405,76.317167545,6.000000,35.775000000
374.000000,4.770453399,48.374838799,76.318264064,6.000000,35.766666667
374.500000,4.776488795,48.364239040,76.319360662,6.000000,35.758333333
375.000000,4.782523553,48.353639129,76.320457340,6.000000,35.750000000
375.500000,4.788557671,48.343039065,76.321554096,6.000000,35.741666667
376.000000,4.794591152,48.332438849,76.322650931,6.000000,35.733333333
376.500000,4.800623994,48.321838481,76.323747846,6.000000,35.725000000
377.000000,4.806656197,48.311237961,76.324844839,6.000000,35.716666667
377.500000,4.812687762,48.300637288,76.325941911,6.000000,35.708333333
378.000000,4.818718689,48.290036462,76.327039063,6.000000,35.700000000
378.500000,4.824748978,48.279435485,76.328136293,6.000000,35.691666667
379.000000,4.830778628,48.268834355,76.329233603,6.000000,35.683333333
379.500000,4.836807641,48.258233072,76.330330991,6.000000,35.675000000
380.000000,4.842836015,48.247631637,76.331428459,6.000000,35.666666667
380.500000,4.848863752,48.237030050,76.332526006,6.000000,35.658333333
381.000000,4.854890851,48.226428310,76.333623631,6.000000,35.650000000
381.500000,4.860917312,48.215826418,76.334721336,6.000000,35.641666667
382.000000,4.866943135,48.205224374,76.335819120,6.000000,35.633333333
382.500000,4.872968320,48.194622176,76.336916983,6.000000,35.625000000
383.000000,4.878992868,48.184019827,76.338014925,6.000000,35.616666667
383.500000,4.885016778,48.173417325,76.339112946,6.000000,35.608333333
384.000000,4.891040051,48.162814670,76.340211047,6.000000,35.600000000
384.500000,4.897062686,48.152211863,76.341309226,6.000000,35.591666667
385.000000,4.903084684,48.141608904,76.342407484,6.000000,35.583333333
385.500000,4.909106045,48.131005791,76.343505822,6.000000,35.575000000
386.000000,4.915126768,48.120402527,76.344604238,6.000000,35.566666667
386.500000,4.921146855,48.109799109,76.345702734,6.000000,35.558333333
387.000000,4.927166304,48.099195540,76.346801309,6.000000,35.550000000
387.500000,4.933185116,48.088591817,76.347899963,6.000000,35.541666667
388.000000,4.939203291,48.077987942,76.348998696,6.000000,35.533333333
388.500000,4.945220829,48.067383915,76.350097508,6.000000,35.525000000
389.000000,4.951237730,48.056779734,76.351196400,6.000000,35.516666667
389.500000,4.957253995,48.046175402,76.352295370,6.000000,35.508333333
390.000000,4.963269622,48.035570916,76.353394420,6.000000,35.500000000
390.500000,4.969284613,48.024966278,76.354493549,6.000000,35.491666667
391.000000,4.975298968,48.014361487,76.355592756,6.000000,35.483333333
391.500000,4.981312686,48.003756544,76.356692044,6.000000,35.475000000
392.000000,4.987325767,47.993151448,76.357791410,6.000000,35.466666667
392.500000,4.993338212,47.982546199,76.358890855,6.000000,35.458333333
393.000000,4.999350021,47.971940797,76.359990380,6.000000,35.450000000
393.500000,5.005361193,47.961335243,76.361089983,6.000000,35.441666667
394.000000,5.011371729,47.950729536,76.362189666,6.000000,35.433333333
394.500000,5.017381629,47.940123677,76.363289428,6.000000,35.425000000
395.000000,5.023390892,47.929517664,76.364389270,6.000000,35.416666667
395.500000,5.029399520,47.918911499,76.365489190,6.000000,35.408333333
396.000000,5.035407512,47.908305181,76.366589190,6.000000,35.400000000
396.500000,5.041414868,47.897698710,76.367689269,6.000000,35.391666667
397.000000,5.047421588,47.887092087,76.368789427,6.000000,35.383333333
397.500000,5.053427672,47.876485310,76.369889664,6.000000,35.375000000
398.000000,5.059433120,47.865878381,76.370989981,6.000000,35.366666667
398.500000,5.065437933,47.855271299,76.372090376,6.000000,35.358333333
399.000000,5.071442110,47.844664065,76.373190851,6.000000,35.350000000
399.500000,5.077445652,47.834056677,76.374291405,6.000000,35.341666667
400.000000,5.083448558,47.823449137,76.375392039,6.000000,35.333333333
400.500000,5.089450828,47.812841443,76.376492751,6.000000,35.325000000
401.000000,5.095452464,47.802233597,76.377593543,6.000000,35.316666667
401.500000,5.101453464,47.791625598,76.378694414,6.000000,35.308333333
402.000000,5.107453829,47.781017446,76.379795364,6.000000,35.300000000
402.500000,5.113453558,47.770409141,76.380896394,6.000000,35.291666667
403.000000,5.119452653,47.759800683,76.381997503,6.000000,35.283333333
403.500000,5.125451112,47.749192072,76.383098691,6.000000,35.275000000
404.000000,5.131448937,47.738583309,76.384199958,6.000000,35.266666667
404.500000,5.137446126,47.727974392,76.385301305,6.000000,35.258333333
405.000000,5.143442681,47.717365322,76.386402731,6.000000,35.250000000
405.500000,5.149438601,47.706756100,76.387504236,6.000000,35.241666667
406.000000,5.155433886,47.696146724,76.388605821,6.000000,35.233333333
406.500000,5.161428537,47.685537196,76.389707484,6.000000,35.225000000
407.000000,5.167422553,47.674927514,76.390809227,6.000000,35.216666667
407.500000,5.173415934,47.664317679,76.391911050,6.000000,35.208333333
408.000000,5.179408681,47.653707692,76.393012951,6.000000,35.200000000
408.500000,5.185400793,47.643097551,76.394114932,6.000000,35.191666667
409.000000,5.191392272,47.632487257,76.395216992,6.000000,35.183333333
409.500000,5.197383115,47.621876810,76.396319132,6.000000,35.175000000
410.000000,5.203373325,47.611266211,76.397421351,6.000000,35.166666667
410.500000,5.209362901,47.600655458,76.398523649,6.000000,35.158333333
411.000000,5.215351842,47.590044552,76.399626027,6.000000,35.150000000
411.500000,5.221340149,47.579433492,76.400728483,6.000000,35.141666667
412.000000,5.227327823,47.568822280,76.401831020,6.000000,35.133333333
412.500000,5.233314862,47.558210915,76.402933635,6.000000,35.125000000
413.000000,5.239301268,47.547599396,76.404036330,6.000000,35.116666667
413.500000,5.245287040,47.536987724,76.405139104,6.000000,35.108333333
414.000000,5.251272178,47.526375900,76.406241958,6.000000,35.100000000
414.500000,5.257256682,47.515763922,76.407344891,6.000000,35.091666667
415.000000,5.263240553,47.505151790,76.408447903,6.000000,35.083333333
415.500000,5.269223790,47.494539506,76.409550995,6.000000,35.075000000
416.000000,5.275206394,47.483927068,76.410654166,6.000000,35.066666667
416.500000,5.281188364,47.473314477,76.411757416,6.000000,35.058333333
417.000000,5.287169701,47.462701733,76.412860746,6.000000,35.050000000
417.500000,5.293150405,47.452088836,76.413964155,6.000000,35.041666667
418.000000,5.299130476,47.441475785,76.415067643,6.000000,35.033333333
418.500000,5.305109913,47.430862582,76.416171211,6.000000,35.025000000
419.000000,5.311088717,47.420249224,76.417274859,6.000000,35.016666667
419.500000,5.317066889,47.409635714,76.418378585,6.000000,35.008333333
420.000000,5.323044427,47.399022050,76.419482392,6.000000,35.000000000
420.500000,5.329021332,47.388408233,76.420586277,6.000000,34.991666667
421.000000,5.334997605,47.377794263,76.421690242,6.000000,34.983333333
421.500000,5.340973244,47.367180139,76.422794286,6.000000,34.975000000
422.000000,5.346948251,47.356565862,76.423898410,6.000000,34.966666667
422.500000,5.352922626,47.345951432,76.425002614,6.000000,34.958333333
423.000000,5.358896368,47.335336848,76.426106896,6.000000,34.950000000
423.500000,5.364869477,47.324722111,76.427211258,6.000000,34.941666667
424.000000,5.370841953,47.314107221,76.428315700,6.000000,34.933333333
424.500000,5.376813798,47.303492177,76.429420221,6.000000,34.925000000
425.000000,5.382785010,47.292876980,76.430524821,6.000000,34.916666667
425.500000,5.388755589,47.282261629,76.431629501,6.000000,34.908333333
426.000000,5.394725537,47.271646125,76.432734260,6.000000,34.900000000
426.500000,5.400694852,47.261030467,76.433839099,6.000000,34.891666667
427.000000,5.406663536,47.250414656,76.434944018,6.000000,34.883333333
427.500000,5.412631587,47.239798692,76.436049015,6.000000,34.875000000
428.000000,5.418599006,47.229182574,76.437154093,6.000000,34.866666667
428.500000,5.424565793,47.218566303,76.438259249,6.000000,34.858333333
429.000000,5.430531949,47.207949878,76.439364485,6.000000,34.850000000
429.500000,5.436497472,47.197333299,76.440469801,6.000000,34.841666667
430.000000,5.442462364,47.186716567,76.441575196,6.000000,34.833333333
430.500000,5.448426625,47.176099682,76.442680671,6.000000,34.825000000
431.000000,5.454390253,47.165482643,76.443786225,6.000000,34.816666667
431.500000,5.460353250,47.154865450,76.444891859,6.000000,34.808333333
432.000000,5.466315616,47.144248104,76.445997572,6.000000,34.800000000
432.500000,5.472277350,47.133630605,76.447103365,6.000000,34.791666667
433.000000,5.478238453,47.123012951,76.448209237,6.000000,34.783333333
433.500000,5.484198925,47.112395145,76.449315189,6.000000,34.775000000
434.000000,5.490158765,47.101777184,76.450421220,6.000000,34.766666667
434.500000,5.496117975,47.091159070,76.451527331,6.000000,34.758333333
435.000000,5.502076553,47.080540802,76.452633521,6.000000,34.750000000
435.500000,5.508034500,47.069922381,76.453739791,6.000000,34.741666667
436.000000,5.513991816,47.059303806,76.454846141,6.000000,34.733333333
436.500000,5.519948501,47.048685078,76.455952570,6.000000,34.725000000
437.000000,5.525904556,47.038066195,76.457059078,6.000000,34.716666667
437.500000,5.531859979,47.027447159,76.458165666,6.000000,34.708333333
438.000000,5.537814772,47.016827970,76.459272334,6.000000,34.700000000
438.500000,5.543768934,47.006208626,76.460379081,6.000000,34.691666667
439.000000,5.549722466,46.995589129,76.461485908,6.000000,34.683333333
439.500000,5.555675367,46.984969478,76.462592814,6.000000,34.675000000
440.000000,5.561627638,46.974349674,76.463699800,6.000000,34.666666667
440.500000,5.567579278,46.963729715,76.464806866,6.000000,34.658333333
441.000000,5.573530288,46.953109603,76.465914011,6.000000,34.650000000
441.500000,5.579480667,46.942489338,76.467021236,6.000000,34.641666667
442.000000,5.585430417,46.931868918,76.468128540,6.000000,34.633333333
442.500000,5.591379536,46.921248344,76.469235924,6.000000,34.625000000
443.000000,5.597328025,46.910627617,76.470343388,6.000000,34.616666667
443.500000,5.603275884,46.900006736,76.471450931,6.000000,34.608333333
444.000000,5.609223113,46.889385701,76.472558554,6.000000,34.600000000
444.500000,5.615169712,46.878764513,76.473666256,6.000000,34.591666667
445.000000,5.621115682,46.868143170,76.474774038,6.000000,34.583333333
445.500000,5.627061021,46.857521674,76.475881900,6.000000,34.575000000
446.000000,5.633005731,46.846900024,76.476989841,6.000000,34.566666667
446.500000,5.638949811,46.836278219,76.478097862,6.000000,34.558333333
447.000000,5.644893262,46.825656261,76.479205963,6.000000,34.550000000
447.500000,5.650836083,46.815034149,76.480314143,6.000000,34.541666667
448.000000,5.656778274,46.804411884,76.481422403,6.000000,34.533333333
448.500000,5.662719836,46.793789464,76.482530743,6.000000,34.525000000
449.000000,5.668660769,46.783166890,76.483639162,6.000000,34.516666667
449.500000,5.674601073,46.772544162,76.484747661,6.000000,34.508333333
450.000000,5.680540747,46.761921281,76.485856239,6.000000,34.500000000
450.500000,5.686479792,46.751298245,76.486964898,6.000000,34.491666667
451.000000,5.692418208,46.740675056,76.488073636,6.000000,34.483333333
451.500000,5.698355995,46.730051712,76.489182453,6.000000,34.475000000
452.000000,5.704293153,46.719428214,76.490291351,6.000000,34.466666667
452.500000,5.710229682,46.708804563,76.491400328,6.000000,34.458333333
453.000000,5.716165582,46.698180757,76.492509384,6.000000,34.450000000
453.500000,5.722100853,46.687556798,76.493618521,6.000000,34.441666667
454.000000,5.728035496,46.676932684,76.494727737,6.000000,34.433333333
454.500000,5.733969510,46.666308416,76.495837033,6.000000,34.425000000
455.000000,5.739902895,46.655683994,76.496946408,6.000000,34.416666667
455.500000,5.745835652,46.645059419,76.498055863,6.000000,34.408333333
456.000000,5.751767781,46.634434689,76.499165398,6.000000,34.400000000
456.500000,5.757699280,46.623809804,76.500275013,6.000000,34.391666667
457.000000,5.763630152,46.613184766,76.501384708,6.000000,34.383333333
457.500000,5.769560395,46.602559574,76.502494482,6.000000,34.375000000
458.000000,5.775490010,46.591934228,76.503604336,6.000000,34.366666667
458.500000,5.781418997,46.581308727,76.504714270,6.000000,34.358333333
459.000000,5.787347356,46.570683072,76.505824283,6.000000,34.350000000
459.500000,5.793275087,46.560057263,76.506934376,6.000000,34.341666667
460.000000,5.799202190,46.549431300,76.508044549,6.000000,34.333333333
460.500000,5.805128664,46.538805183,76.509154802,6.000000,34.325000000
461.000000,5.811054511,46.528178911,76.510265134,6.000000,34.316666667
461.500000,5.816979731,46.517552486,76.511375547,6.000000,34.308333333
462.000000,5.822904322,46.506925906,76.512486039,6.000000,34.300000000
462.500000,5.828828286,46.496299172,76.513596611,6.000000,34.291666667
463.000000,5.834751622,46.485672283,76.514707262,6.000000,34.283333333
463.500000,5.840674330,46.475045240,76.515817994,6.000000,34.275000000
464.000000,5.846596412,46.464418043,76.516928805,6.000000,34.266666667
464.500000,5.852517865,46.453790692,76.518039696,6.000000,34.258333333
465.000000,5.858438692,46.443163187,76.519150667,6.000000,34.250000000
465.500000,5.864358891,46.432535527,76.520261717,6.000000,34.241666667
466.000000,5.870278462,46.421907713,76.521372848,6.000000,34.233333333
466.500000,5.876197407,46.411279744,76.522484058,6.000000,34.225000000
467.000000,5.882115724,46.400651622,76.523595348,6.000000,34.216666667
467.500000,5.888033415,46.390023344,76.524706718,6.000000,34.208333333
468.000000,5.893950478,46.379394913,76.525818168,6.000000,34.200000000
468.500000,5.899866915,46.368766327,76.526929698,6.000000,34.191666667
469.000000,5.905782725,46.358137587,76.528041307,6.000000,34.183333333
469.500000,5.911697907,46.347508692,76.529152996,6.000000,34.175000000
470.000000,5.917612463,46.336879643,76.530264766,6.000000,34.166666667
470.500000,5.923526393,46.326250440,76.531376615,6.000000,34.158333333
471.000000,5.929439696,46.315621082,76.532488544,6.000000,34.150000000
471.500000,5.935352372,46.304991570,76.533600552,6.000000,34.141666667
472.000000,5.941264422,46.294361903,76.534712641,6.000000,34.133333333
472.500000,5.947175845,46.283732082,76.535824809,6.000000,34.125000000
473.000000,5.953086642,46.273102106,76.536937058,6.000000,34.116666667
473.500000,5.958996813,46.262471976,76.538049386,6.000000,34.108333333
474.000000,5.964906357,46.251841691,76.539161794,6.000000,34.100000000
474.500000,5.970815275,46.241211252,76.540274282,6.000000,34.091666667
475.000000,5.976723567,46.230580658,76.541386850,6.000000,34.083333333
475.500000,5.982631233,46.219949910,76.542499498,6.000000,34.075000000
476.000000,5.988538273,46.209319008,76.543612226,6.000000,34.066666667
476.500000,5.994444687,46.198687950,76.544725033,6.000000,34.058333333
477.000000,6.000350476,46.188056738,76.545837921,6.000000,34.050000000
477.500000,6.006255638,46.177425372,76.546950888,6.000000,34.041666667
478.000000,6.012160175,46.166793851,76.548063936,6.000000,34.033333333
478.500000,6.018064085,46.156162176,76.549177063,6.000000,34.025000000
479.000000,6.023967371,46.145530345,76.550290270,6.000000,34.016666667
479.500000,6.029870031,46.134898361,76.551403557,6.000000,34.008333333
480.000000,6.035772065,46.124266221,76.552516925,6.000000,34.000000000
480.500000,6.041673474,46.113633927,76.553630372,6.000000,33.991666667
481.000000,6.047574257,46.103001479,76.554743899,6.000000,33.983333333
481.500000,6.053474415,46.092368875,76.555857506,6.000000,33.975000000
482.000000,6.059373948,46.081736117,76.556971193,6.000000,33.966666667
482.500000,6.065272856,46.071103205,76.558084960,6.000000,33.958333333
483.000000,6.071171138,46.060470137,76.559198807,6.000000,33.950000000
483.500000,6.077068796,46.049836915,76.560312733,6.000000,33.941666667
484.000000,6.082965828,46.039203538,76.561426740,6.000000,33.933333333
484.500000,6.088862235,46.028570007,76.562540827,6.000000,33.925000000
485.000000,6.094758018,46.017936321,76.563654994,6.000000,33.916666667
485.500000,6.100653176,46.007302480,76.564769241,6.000000,33.908333333
486.000000,6.106547709,45.996668484,76.565883568,6.000000,33.900000000
486.500000,6.112441617,45.986034334,76.566997974,6.000000,33.891666667
487.000000,6.118334901,45.975400028,76.568112461,6.000000,33.883333333
487.500000,6.124227560,45.964765568,76.569227028,6.000000,33.875000000
488.000000,6.130119595,45.954130953,76.570341675,6.000000,33.866666667
488.500000,6.136011005,45.943496184,76.571456402,6.000000,33.858333333
489.000000,6.141901790,45.932861259,76.572571209,6.000000,33.850000000
489.500000,6.147791952,45.922226180,76.573686095,6.000000,33.841666667
490.000000,6.153681489,45.911590946,76.574801062,6.000000,33.833333333
490.500000,6.159570402,45.900955557,76.575916109,6.000000,33.825000000
491.000000,6.165458691,45.890320013,76.577031236,6.000000,33.816666667
491.500000,6.171346355,45.879684314,76.578146443,6.000000,33.808333333
492.000000,6.177233396,45.869048460,76.579261731,6.000000,33.800000000
492.500000,6.183119813,45.858412452,76.580377098,6.000000,33.791666667
493.000000,6.189005606,45.847776288,76.581492545,6.000000,33.783333333
493.500000,6.194890774,45.837139970,76.582608072,6.000000,33.775000000
494.000000,6.200775320,45.826503496,76.583723680,6.000000,33.766666667
494.500000,6.206659241,45.815866868,76.584839367,6.000000,33.758333333
495.000000,6.212542539,45.805230085,76.585955135,6.000000,33.750000000
495.500000,6.218425213,45.794593147,76.587070982,6.000000,33.741666667
496.000000,6.224307264,45.783956053,76.588186910,6.000000,33.733333333
496.500000,6.230188691,45.773318805,76.589302918,6.000000,33.725000000
497.000000,6.236069495,45.762681402,76.590419006,6.000000,33.716666667
497.500000,6.241949676,45.752043844,76.591535174,6.000000,33.708333333
498.000000,6.247829233,45.741406131,76.592651422,6.000000,33.700000000
498.500000,6.253708167,45.730768262,76.593767750,6.000000,33.691666667
499.000000,6.259586478,45.720130239,76.594884158,6.000000,33.683333333
499.500000,6.265464165,45.709492061,76.596000647,6.000000,33.675000000
500.000000,6.271341230,45.698853727,76.597117215,6.000000,33.666666667
500.500000,6.277217672,45.688215239,76.598233864,6.000000,33.658333333
501.000000,6.283093491,45.677576595,76.599350593,6.000000,33.650000000
501.500000,6.288968687,45.666937797,76.600467402,6.000000,33.641666667
502.000000,6.294843260,45.656298843,76.601584291,6.000000,33.633333333
502.500000,6.300717210,45.645659734,76.602701260,6.000000,33.625000000
503.000000,6.306590538,45.635020470,76.603818309,6.000000,33.616666667
503.500000,6.312463243,45.624381051,76.604935439,6.000000,33.608333333
504.000000,6.318335326,45.613741476,76.606052649,6.000000,33.600000000
504.500000,6.324206786,45.603101747,76.607169938,6.000000,33.591666667
505.000000,6.330077624,45.592461862,76.608287308,6.000000,33.583333333
505.500000,6.335947839,45.581821822,76.609404759,6.000000,33.575000000
506.000000,6.341817432,45.571181627,76.610522289,6.000000,33.566666667
506.500000,6.347686403,45.560541277,76.611639900,6.000000,33.558333333
507.000000,6.353554752,45.549900771,76.612757590,6.000000,33.550000000
507.500000,6.359422478,45.539260110,76.613875361,6.000000,33.541666667
508.000000,6.365289583,45.528619294,76.614993212,6.000000,33.533333333
508.500000,6.371156065,45.517978323,76.616111144,6.000000,33.525000000
509.000000,6.377021926,45.507337196,76.617229155,6.000000,33.516666667
509.500000,6.382887165,45.496695915,76.618347247,6.000000,33.508333333
510.000000,6.388751782,45.486054478,76.619465419,6.000000,33.500000000
510.500000,6.394615777,45.475412885,76.620583671,6.000000,33.491666667
511.000000,6.400479150,45.464771137,76.621702004,6.000000,33.483333333
511.500000,6.406341902,45.454129234,76.622820416,6.000000,33.475000000
512.000000,6.412204033,45.443487176,76.623938909,6.000000,33.466666667
512.500000,6.418065541,45.432844962,76.625057482,6.000000,33.458333333
513.000000,6.423926429,45.422202593,76.626176136,6.000000,33.450000000
513.500000,6.429786695,45.411560069,76.627294869,6.000000,33.441666667
514.000000,6.435646340,45.400917389,76.628413683,6.000000,33.433333333
514.500000,6.441505363,45.390274554,76.629532577,6.000000,33.425000000
515.000000,6.447363765,45.379631563,76.630651552,6.000000,33.416666667
515.500000,6.453221546,45.368988417,76.631770607,6.000000,33.408333333
516.000000,6.459078707,45.358345115,76.632889741,6.000000,33.400000000
516.500000,6.464935246,45.347701659,76.634008957,6.000000,33.391666667
517.000000,6.470791164,45.337058046,76.635128252,6.000000,33.383333333
517.500000,6.476646461,45.326414278,76.636247628,6.000000,33.375000000
518.000000,6.482501137,45.315770355,76.637367084,6.000000,33.366666667
518.500000,6.488355193,45.305126276,76.638486620,6.000000,33.358333333
519.000000,6.494208628,45.294482042,76.639606237,6.000000,33.350000000
519.500000,6.500061442,45.283837652,76.640725934,6.000000,33.341666667
520.000000,6.505913636,45.273193107,76.641845711,6.000000,33.333333333
520.500000,6.511765209,45.262548406,76.642965569,6.000000,33.325000000
521.000000,6.517616162,45.251903550,76.644085507,6.000000,33.316666667
521.500000,6.523466494,45.241258538,76.645205525,6.000000,33.308333333
522.000000,6.529316207,45.230613371,76.646325623,6.000000,33.300000000
522.500000,6.535165298,45.219968048,76.647445802,6.000000,33.291666667
523.000000,6.541013770,45.209322569,76.648566061,6.000000,33.283333333
523.500000,6.546861621,45.198676935,76.649686401,6.000000,33.275000000
524.000000,6.552708853,45.188031145,76.650806821,6.000000,33.266666667
524.500000,6.558555464,45.177385200,76.651927321,6.000000,33.258333333
525.000000,6.564401455,45.166739099,76.653047901,6.000000,33.250000000
525.500000,6.570246827,45.156092842,76.654168562,6.000000,33.241666667
526.000000,6.576091578,45.145446430,76.655289304,6.000000,33.233333333
526.500000,6.581935710,45.134799862,76.656410125,6.000000,33.225000000
527.000000,6.587779222,45.124153138,76.657531027,6.000000,33.216666667
527.500000,6.593622115,45.113506259,76.658652010,6.000000,33.208333333
528.000000,6.599464388,45.102859224,76.659773072,6.000000,33.200000000
528.500000,6.605306041,45.092212033,76.660894216,6.000000,33.191666667
529.000000,6.611147075,45.081564687,76.662015439,6.000000,33.183333333
529.500000,6.616987489,45.070917185,76.663136743,6.000000,33.175000000
530.000000,6.622827284,45.060269527,76.664258127,6.000000,33.166666667
530.500000,6.628666460,45.049621713,76.665379592,6.000000,33.158333333
531.000000,6.634505017,45.038973744,76.666501137,6.000000,33.150000000
531.500000,6.640342954,45.028325618,76.667622763,6.000000,33.141666667
532.000000,6.646180273,45.017677338,76.668744469,6.000000,33.133333333
532.500000,6.652016972,45.007028901,76.669866255,6.000000,33.125000000
533.000000,6.657853052,44.996380308,76.670988122,6.000000,33.116666667
533.500000,6.663688514,44.985731560,76.672110069,6.000000,33.108333333
534.000000,6.669523356,44.975082656,76.673232097,6.000000,33.100000000
534.500000,6.675357580,44.964433596,76.674354205,6.000000,33.091666667
535.000000,6.681191185,44.953784380,76.675476394,6.000000,33.083333333
535.500000,6.687024171,44.943135008,76.676598663,6.000000,33.075000000
536.000000,6.692856539,44.932485481,76.677721012,6.000000,33.066666667
536.500000,6.698688288,44.921835797,76.678843442,6.000000,33.058333333
537.000000,6.704519418,44.911185958,76.679965953,6.000000,33.050000000
537.500000,6.710349931,44.900535962,76.681088544,6.000000,33.041666667
538.000000,6.716179824,44.889885811,76.682211215,6.000000,33.033333333
538.500000,6.722009100,44.879235504,76.683333967,6.000000,33.025000000
539.000000,6.727837757,44.868585041,76.684456799,6.000000,33.016666667
539.500000,6.733665796,44.857934422,76.685579712,6.000000,33.008333333
540.000000,6.739493217,44.847283647,84.975498048,6.000000,33.000000000
540.500000,6.745073608,44.835481495,84.976929279,6.000000,32.988888889
541.000000,6.750653333,44.823679143,84.978360620,6.000000,32.977777778
541.500000,6.756232393,44.811876593,84.979792071,6.000000,32.966666667
542.000000,6.761810787,44.800073844,84.981223633,6.000000,32.955555556
542.500000,6.767388515,44.788270897,84.982655304,6.000000,32.944444444
543.000000,6.772965578,44.776467750,84.984087086,6.000000,32.933333333
543.500000,6.778541976,44.764664405,84.985518979,6.000000,32.922222222
544.000000,6.784117708,44.752860860,84.986950981,6.000000,32.911111111
544.500000,6.789692775,44.741057117,84.988383094,6.000000,32.900000000
545.000000,6.795267177,44.729253175,84.989815317,6.000000,32.888888889
545.500000,6.800840914,44.717449034,84.991247650,6.000000,32.877777778
546.000000,6.806413985,44.705644694,84.992680094,6.000000,32.866666667
546.500000,6.811986392,44.693840155,84.994112648,6.000000,32.855555556
547.000000,6.817558134,44.682035417,84.995545312,6.000000,32.844444444
547.500000,6.823129212,44.670230480,84.996978087,6.000000,32.833333333
548.000000,6.828699624,44.658425345,84.998410972,6.000000,32.822222222
548.500000,6.834269372,44.646620010,84.999843967,6.000000,32.811111111
549.000000,6.839838455,44.634814476,85.001277073,6.000000,32.800000000
549.500000,6.845406874,44.623008743,85.002710289,6.000000,32.788888889
550.000000,6.850974629,44.611202811,85.004143615,6.000000,32.777777778
550.500000,6.856541719,44.599396680,85.005577052,6.000000,32.766666667
551.000000,6.862108145,44.587590350,85.007010599,6.000000,32.755555556
551.500000,6.867673907,44.575783820,85.008444256,6.000000,32.744444444
552.000000,6.873239004,44.563977092,85.009878024,6.000000,32.733333333
552.500000,6.878803438,44.552170165,85.011311902,6.000000,32.722222222
553.000000,6.884367207,44.540363038,85.012745891,6.000000,32.711111111
553.500000,6.889930313,44.528555712,85.014179990,6.000000,32.700000000
554.000000,6.895492755,44.516748187,85.015614199,6.000000,32.688888889
554.500000,6.901054533,44.504940463,85.017048519,6.000000,32.677777778
555.000000,6.906615647,44.493132540,85.018482950,6.000000,32.666666667
555.500000,6.912176098,44.481324417,85.019917490,6.000000,32.655555556
556.000000,6.917735886,44.469516095,85.021352142,6.000000,32.644444444
556.500000,6.923295009,44.457707574,85.022786903,6.000000,32.633333333
557.000000,6.928853470,44.445898853,85.024221775,6.000000,32.622222222
557.500000,6.934411267,44.434089934,85.025656758,6.000000,32.611111111
558.000000,6.939968401,44.422280815,85.027091851,6.000000,32.600000000
558.500000,6.945524872,44.410471496,85.028527055,6.000000,32.588888889
559.000000,6.951080680,44.398661979,85.029962369,6.000000,32.577777778
559.500000,6.956635825,44.386852262,85.031397793,6.000000,32.566666667
560.000000,6.962190307,44.375042345,85.032833328,6.000000,32.555555556
560.500000,6.967744126,44.363232230,85.034268974,6.000000,32.544444444
561.000000,6.973297282,44.351421915,85.035704730,6.000000,32.533333333
561.500000,6.978849775,44.339611400,85.037140597,6.000000,32.522222222
562.000000,6.984401606,44.327800686,85.038576574,6.000000,32.511111111
562.500000,6.989952774,44.315989773,85.040012662,6.000000,32.500000000
563.000000,6.995503280,44.304178660,85.041448860,6.000000,32.488888889
563.500000,7.001053124,44.292367347,85.042885169,6.000000,32.477777778
564.000000,7.006602305,44.280555836,85.044321588,6.000000,32.466666667
564.500000,7.012150824,44.268744124,85.045758118,6.000000,32.455555556
565.000000,7.017698680,44.256932213,85.047194759,6.000000,32.444444444
565.500000,7.023245875,44.245120103,85.048631510,6.000000,32.433333333
566.000000,7.028792407,44.233307793,85.050068372,6.000000,32.422222222
566.500000,7.034338278,44.221495284,85.051505344,6.000000,32.411111111
567.000000,7.039883486,44.209682575,85.052942427,6.000000,32.400000000
567.500000,7.045428033,44.197869666,85.054379621,6.000000,32.388888889
568.000000,7.050971918,44.186056558,85.055816925,6.000000,32.377777778
568.500000,7.056515142,44.174243250,85.057254340,6.000000,32.366666667
569.000000,7.062057704,44.162429742,85.058691866,6.000000,32.355555556
569.500000,7.067599604,44.150616035,85.060129502,6.000000,32.344444444
570.000000,7.073140843,44.138802128,85.061567249,6.000000,32.333333333
570.500000,7.078681420,44.126988022,85.063005107,6.000000,32.322222222
571.000000,7.084221336,44.115173715,85.064443075,6.000000,32.311111111
571.500000,7.089760591,44.103359209,85.065881154,6.000000,32.300000000
572.000000,7.095299185,44.091544504,85.067319343,6.000000,32.288888889
572.500000,7.100837118,44.079729598,85.068757644,6.000000,32.277777778
573.000000,7.106374389,44.067914493,85.070196055,6.000000,32.266666667
573.500000,7.111911000,44.056099188,85.071634577,6.000000,32.255555556
574.000000,7.117446950,44.044283683,85.073073209,6.000000,32.244444444
574.500000,7.122982239,44.032467978,85.074511952,6.000000,32.233333333
575.000000,7.128516867,44.020652074,85.075950806,6.000000,32.222222222
575.500000,7.134050835,44.008835970,85.077389771,6.000000,32.211111111
576.000000,7.139584142,43.997019666,85.078828847,6.000000,32.200000000
576.500000,7.145116789,43.985203162,85.080268033,6.000000,32.188888889
577.000000,7.150648775,43.973386458,85.081707330,6.000000,32.177777778
577.500000,7.156180101,43.961569554,85.083146738,6.000000,32.166666667
578.000000,7.161710767,43.949752450,85.084586256,6.000000,32.155555556
578.500000,7.167240772,43.937935147,85.086025886,6.000000,32.144444444
579.000000,7.172770117,43.926117643,85.087465626,6.000000,32.133333333
579.500000,7.178298803,43.914299939,85.088905477,6.000000,32.122222222
580.000000,7.183826828,43.902482036,85.090345439,6.000000,32.111111111
580.500000,7.189354193,43.890663932,85.091785511,6.000000,32.100000000
581.000000,7.194880899,43.878845629,85.093225695,6.000000,32.088888889
581.500000,7.200406945,43.867027125,85.094665989,6.000000,32.077777778
582.000000,7.205932331,43.855208422,85.096106394,6.000000,32.066666667
582.500000,7.211457057,43.843389518,85.097546910,6.000000,32.055555556
583.000000,7.216981124,43.831570414,85.098987537,6.000000,32.044444444
583.500000,7.222504532,43.819751110,85.100428275,6.000000,32.033333333
584.000000,7.228027280,43.807931606,85.101869124,6.000000,32.022222222
584.500000,7.233549369,43.796111902,85.103310083,6.000000,32.011111111
585.000000,7.239070799,43.784291998,85.104751154,6.000000,32.000000000
585.500000,7.244591569,43.772471894,85.106192335,6.000000,31.988888889
586.000000,7.250111680,43.760651589,85.107633627,6.000000,31.977777778
586.500000,7.255631133,43.748831085,85.109075031,6.000000,31.966666667
587.000000,7.261149926,43.737010380,85.110516545,6.000000,31.955555556
587.500000,7.266668060,43.725189475,85.111958170,6.000000,31.944444444
588.000000,7.272185536,43.713368369,85.113399906,6.000000,31.933333333
588.500000,7.277702353,43.701547064,85.114841753,6.000000,31.922222222
589.000000,7.283218511,43.689725558,85.116283711,6.000000,31.911111111
589.500000,7.288734011,43.677903852,85.117725779,6.000000,31.900000000
590.000000,7.294248852,43.666081946,85.119167959,6.000000,31.888888889
590.500000,7.299763035,43.654259839,85.120610250,6.000000,31.877777778
591.000000,7.305276560,43.642437532,85.122052652,6.000000,31.866666667
591.500000,7.310789426,43.630615025,85.123495165,6.000000,31.855555556
592.000000,7.316301634,43.618792317,85.124937788,6.000000,31.844444444
592.500000,7.321813183,43.606969409,85.126380523,6.000000,31.833333333
593.000000,7.327324075,43.595146301,85.127823369,6.000000,31.822222222
593.500000,7.332834309,43.583322992,85.129266326,6.000000,31.811111111
594.000000,7.338343885,43.571499483,85.130709394,6.000000,31.800000000
594.500000,7.343852803,43.559675773,85.132152573,6.000000,31.788888889
595.000000,7.349361063,43.547851863,85.133595863,6.000000,31.777777778
595.500000,7.354868665,43.536027752,85.135039264,6.000000,31.766666667
596.000000,7.360375610,43.524203441,85.136482776,6.000000,31.755555556
596.500000,7.365881898,43.512378930,85.137926399,6.000000,31.744444444
597.000000,7.371387528,43.500554218,85.139370134,6.000000,31.733333333
597.500000,7.376892500,43.488729305,85.140813979,6.000000,31.722222222
598.000000,7.382396815,43.476904192,85.142257935,6.000000,31.711111111
598.500000,7.387900473,43.465078879,85.143702003,6.000000,31.700000000
599.000000,7.393403474,43.453253365,85.145146182,6.000000,31.688888889
599.500000,7.398905817,43.441427650,85.146590471,6.000000,31.677777778
600.000000,7.404407504,43.429601734,85.148034872,6.000000,31.666666667
600.500000,7.409908533,43.417775619,85.149479385,6.000000,31.655555556
601.000000,7.415408906,43.405949302,85.150924008,6.000000,31.644444444
601.500000,7.420908622,43.394122785,85.152368742,6.000000,31.633333333
602.000000,7.426407681,43.382296067,85.153813588,6.000000,31.622222222
602.500000,7.431906083,43.370469148,85.155258544,6.000000,31.611111111
603.000000,7.437403829,43.358642029,85.156703612,6.000000,31.600000000
603.500000,7.442900919,43.346814709,85.158148791,6.000000,31.588888889
604.000000,7.448397351,43.334987188,85.159594082,6.000000,31.577777778
604.500000,7.453893128,43.323159467,85.161039483,6.000000,31.566666667
605.000000,7.459388248,43.311331545,85.162484996,6.000000,31.555555556
605.500000,7.464882712,43.299503422,85.163930620,6.000000,31.544444444
606.000000,7.470376520,43.287675098,85.165376355,6.000000,31.533333333
606.500000,7.475869672,43.275846574,85.166822201,6.000000,31.522222222
607.000000,7.481362167,43.264017848,85.168268159,6.000000,31.511111111
607.500000,7.486854007,43.252188922,85.169714227,6.000000,31.500000000
608.000000,7.492345191,43.240359795,85.171160408,6.000000,31.488888889
608.500000,7.497835719,43.228530468,85.172606699,6.000000,31.477777778
609.000000,7.503325591,43.216700939,85.174053101,6.000000,31.466666667
609.500000,7.508814808,43.204871209,85.175499615,6.000000,31.455555556
610.000000,7.514303369,43.193041279,85.176946241,6.000000,31.444444444
610.500000,7.519791275,43.181211147,85.178392977,6.000000,31.433333333
611.000000,7.525278525,43.169380815,85.179839825,6.000000,31.422222222
611.500000,7.530765120,43.157550282,85.181286784,6.000000,31.411111111
612.000000,7.536251059,43.145719547,85.182733854,6.000000,31.400000000
612.500000,7.541736344,43.133888612,85.184181036,6.000000,31.388888889
613.000000,7.547220973,43.122057476,85.185628329,6.000000,31.377777778
613.500000,7.552704947,43.110226139,85.187075733,6.000000,31.366666667
614.000000,7.558188266,43.098394600,85.188523249,6.000000,31.355555556
614.500000,7.563670931,43.086562861,85.189970876,6.000000,31.344444444
615.000000,7.569152940,43.074730921,85.191418615,6.000000,31.333333333
615.500000,7.574634295,43.062898779,85.192866465,6.000000,31.322222222
616.000000,7.580114995,43.051066436,85.194314426,6.000000,31.311111111
616.500000,7.585595040,43.039233893,85.195762498,6.000000,31.300000000
617.000000,7.591074431,43.027401148,85.197210682,6.000000,31.288888889
617.500000,7.596553167,43.015568202,85.198658978,6.000000,31.277777778
618.000000,7.602031249,43.003735055,85.200107385,6.000000,31.266666667
618.500000,7.607508677,42.991901707,85.201555903,6.000000,31.255555556
619.000000,7.612985450,42.980068157,85.203004532,6.000000,31.244444444
619.500000,7.618461569,42.968234407,85.204453274,6.000000,31.233333333
620.000000,7.623937034,42.956400455,85.205902126,6.000000,31.222222222
620.500000,7.629411845,42.944566302,85.207351090,6.000000,31.211111111
621.000000,7.634886002,42.932731947,85.208800165,6.000000,31.200000000
621.500000,7.640359505,42.920897392,85.210249352,6.000000,31.188888889
622.000000,7.645832354,42.909062635,85.211698651,6.000000,31.177777778
622.500000,7.651304550,42.897227677,85.213148061,6.000000,31.166666667
623.000000,7.656776092,42.885392517,85.214597582,6.000000,31.155555556
623.500000,7.662246980,42.873557157,85.216047215,6.000000,31.144444444
624.000000,7.667717215,42.861721595,85.217496959,6.000000,31.133333333
624.500000,7.673186796,42.849885831,85.218946815,6.000000,31.122222222
625.000000,7.678655724,42.838049866,85.220396782,6.000000,31.111111111
625.500000,7.684123999,42.826213700,85.221846861,6.000000,31.100000000
626.000000,7.689591620,42.814377332,85.223297052,6.000000,31.088888889
626.500000,7.695058588,42.802540763,85.224747354,6.000000,31.077777778
627.000000,7.700524903,42.790703993,85.226197767,6.000000,31.066666667
627.500000,7.705990565,42.778867021,85.227648292,6.000000,31.055555556
628.000000,7.711455574,42.767029848,85.229098929,6.000000,31.044444444
628.500000,7.716919931,42.755192473,85.230549677,6.000000,31.033333333
629.000000,7.722383634,42.743354896,85.232000537,6.000000,31.022222222
629.500000,7.727846685,42.731517119,85.233451509,6.000000,31.011111111
630.000000,7.733309083,42.719679139,85.234902592,6.000000,31.000000000
630.500000,7.738770828,42.707840958,85.236353786,6.000000,30.988888889
631.000000,7.744231921,42.696002576,85.237805092,6.000000,30.977777778
631.500000,7.749692362,42.684163992,85.239256510,6.000000,30.966666667
632.000000,7.755152150,42.672325206,85.240708040,6.000000,30.955555556
632.500000,7.760611286,42.660486219,85.242159681,6.000000,30.944444444
633.000000,7.766069769,42.648647030,85.243611434,6.000000,30.933333333
633.500000,7.771527601,42.636807640,85.245063298,6.000000,30.922222222
634.000000,7.776984780,42.624968047,85.246515274,6.000000,30.911111111
634.500000,7.782441308,42.613128254,85.247967362,6.000000,30.900000000
635.000000,7.787897183,42.601288258,85.249419562,6.000000,30.888888889
635.500000,7.793352407,42.589448061,85.250871873,6.000000,30.877777778
636.000000,7.798806979,42.577607662,85.252324296,6.000000,30.866666667
636.500000,7.804260899,42.565767062,85.253776830,6.000000,30.855555556
637.000000,7.809714167,42.553926259,85.255229476,6.000000,30.844444444
637.500000,7.815166784,42.542085255,85.256682234,6.000000,30.833333333
638.000000,7.820618750,42.530244049,85.258135104,6.000000,30.822222222
638.500000,7.826070064,42.518402642,85.259588085,6.000000,30.811111111
639.000000,7.831520726,42.506561032,85.261041179,6.000000,30.800000000
639.500000,7.836970738,42.494719221,85.262494383,6.000000,30.788888889
640.000000,7.842420098,42.482877208,85.263947700,6.000000,30.777777778
640.500000,7.847868807,42.471034993,85.265401129,6.000000,30.766666667
641.000000,7.853316865,42.459192576,85.266854669,6.000000,30.755555556
641.500000,7.858764272,42.447349957,85.268308321,6.000000,30.744444444
642.000000,7.864211028,42.435507137,85.269762085,6.000000,30.733333333
642.500000,7.869657134,42.423664114,85.271215960,6.000000,30.722222222
643.000000,7.875102588,42.411820890,85.272669947,6.000000,30.711111111
643.500000,7.880547392,42.399977463,85.274124047,6.000000,30.700000000
644.000000,7.885991545,42.388133835,85.275578258,6.000000,30.688888889
644.500000,7.891435048,42.376290005,85.277032581,6.000000,30.677777778
645.000000,7.896877900,42.364445972,85.278487015,6.000000,30.666666667
645.500000,7.902320102,42.352601738,85.279941562,6.000000,30.655555556
646.000000,7.907761653,42.340757302,85.281396220,6.000000,30.644444444
646.500000,7.913202554,42.328912663,85.282850990,6.000000,30.633333333
647.000000,7.918642805,42.317067823,85.284305872,6.000000,30.622222222
647.500000,7.924082406,42.305222781,85.285760866,6.000000,30.611111111
648.000000,7.929521357,42.293377536,85.287215972,6.000000,30.600000000
648.500000,7.934959658,42.281532089,85.288671190,6.000000,30.588888889
649.000000,7.940397309,42.269686441,85.290126520,6.000000,30.577777778
649.500000,7.945834310,42.257840590,85.291581961,6.000000,30.566666667
650.000000,7.951270662,42.245994537,85.293037515,6.000000,30.555555556
650.500000,7.956706363,42.234148281,85.294493180,6.000000,30.544444444
651.000000,7.962141415,42.222301824,85.295948957,6.000000,30.533333333
651.500000,7.967575818,42.210455164,85.297404847,6.000000,30.522222222
652.000000,7.973009571,42.198608303,85.298860848,6.000000,30.511111111
652.500000,7.978442675,42.186761239,85.300316961,6.000000,30.500000000
653.000000,7.983875129,42.174913972,85.301773186,6.000000,30.488888889
653.500000,7.989306935,42.163066504,85.303229523,6.000000,30.477777778
654.000000,7.994738091,42.151218833,85.304685972,6.000000,30.466666667
654.500000,8.000168597,42.139370960,85.306142533,6.000000,30.455555556
655.000000,8.005598455,42.127522885,85.307599207,6.000000,30.444444444
655.500000,8.011027664,42.115674607,85.309055992,6.000000,30.433333333
656.000000,8.016456224,42.103826127,85.310512889,6.000000,30.422222222
656.500000,8.021884136,42.091977445,85.311969898,6.000000,30.411111111
657.000000,8.027311398,42.080128560,85.313427019,6.000000,30.400000000
657.500000,8.032738012,42.068279473,85.314884252,6.000000,30.388888889
658.000000,8.038163977,42.056430183,85.316341597,6.000000,30.377777778
658.500000,8.043589294,42.044580692,85.317799054,6.000000,30.366666667
659.000000,8.049013962,42.032730997,85.319256624,6.000000,30.355555556
659.500000,8.054437982,42.020881100,85.320714305,6.000000,30.344444444
660.000000,8.059861354,42.009031001,85.322172099,6.000000,30.333333333
660.500000,8.065284077,41.997180700,85.323630004,6.000000,30.322222222
661.000000,8.070706152,41.985330195,85.325088022,6.000000,30.311111111
661.500000,8.076127579,41.973479489,85.326546152,6.000000,30.300000000
662.000000,8.081548358,41.961628580,85.328004393,6.000000,30.288888889
662.500000,8.086968490,41.949777468,85.329462747,6.000000,30.277777778
663.000000,8.092387973,41.937926154,85.330921213,6.000000,30.266666667
663.500000,8.097806808,41.926074637,85.332379792,6.000000,30.255555556
664.000000,8.103224996,41.914222917,85.333838482,6.000000,30.244444444
664.500000,8.108642536,41.902370995,85.335297284,6.000000,30.233333333
665.000000,8.114059429,41.890518871,85.336756199,6.000000,30.222222222
665.500000,8.119475674,41.878666543,85.338215226,6.000000,30.211111111
666.000000,8.124891271,41.866814014,85.339674365,6.000000,30.200000000
666.500000,8.130306222,41.854961281,85.341133616,6.000000,30.188888889
667.000000,8.135720525,41.843108346,85.342592979,6.000000,30.177777778
667.500000,8.141134180,41.831255208,85.344052455,6.000000,30.166666667
668.000000,8.146547189,41.819401867,85.345512043,6.000000,30.155555556
668.500000,8.151959550,41.807548324,85.346971742,6.000000,30.144444444
669.000000,8.157371265,41.795694578,85.348431555,6.000000,30.133333333
669.500000,8.162782332,41.783840629,85.349891479,6.000000,30.122222222
670.000000,8.168192753,41.771986477,85.351351516,6.000000,30.111111111
670.500000,8.173602527,41.760132123,85.352811664,6.000000,30.100000000
671.000000,8.179011654,41.748277566,85.354271926,6.000000,30.088888889
671.500000,8.184420135,41.736422806,85.355732299,6.000000,30.077777778
672.000000,8.189827969,41.724567843,85.357192785,6.000000,30.066666667
672.500000,8.195235156,41.712712677,85.358653382,6.000000,30.055555556
673.000000,8.200641697,41.700857309,85.360114093,6.000000,30.044444444
673.500000,8.206047592,41.689001737,85.361574915,6.000000,30.033333333
674.000000,8.211452840,41.677145963,85.363035850,6.000000,30.022222222
674.500000,8.216857442,41.665289986,85.364496897,6.000000,30.011111111
675.000000,8.222261399,41.653433806,85.365958056,6.000000,30.000000000
675.500000,8.227664709,41.641577423,85.367419328,6.000000,29.988888889
676.000000,8.233067373,41.629720837,85.368880712,6.000000,29.977777778
676.500000,8.238469391,41.617864048,85.370342209,6.000000,29.966666667
677.000000,8.243870763,41.606007056,85.371803817,6.000000,29.955555556
677.500000,8.249271489,41.594149861,85.373265538,6.000000,29.944444444
678.000000,8.254671570,41.582292463,85.374727372,6.000000,29.933333333
678.500000,8.260071005,41.570434862,85.376189318,6.000000,29.922222222
679.000000,8.265469795,41.558577058,85.377651376,6.000000,29.911111111
679.500000,8.270867939,41.546719051,85.379113546,6.000000,29.900000000
680.000000,8.276265437,41.534860840,85.380575829,6.000000,29.888888889
680.500000,8.281662291,41.523002427,85.382038225,6.000000,29.877777778
681.000000,8.287058499,41.511143811,85.383500733,6.000000,29.866666667
681.500000,8.292454061,41.499284991,85.384963353,6.000000,29.855555556
682.000000,8.297848979,41.487425968,85.386426085,6.000000,29.844444444
682.500000,8.303243252,41.475566743,85.387888931,6.000000,29.833333333
683.000000,8.308636879,41.463707314,85.389351888,6.000000,29.822222222
683.500000,8.314029862,41.451847681,85.390814958,6.000000,29.811111111
684.000000,8.319422200,41.439987846,85.392278140,6.000000,29.800000000
684.500000,8.324813893,41.428127807,85.393741435,6.000000,29.788888889
685.000000,8.330204942,41.416267565,85.395204843,6.000000,29.777777778
685.500000,8.335595345,41.404407120,85.396668362,6.000000,29.766666667
686.000000,8.340985105,41.392546472,85.398131995,6.000000,29.755555556
686.500000,8.346374219,41.380685620,85.399595740,6.000000,29.744444444
687.000000,8.351762690,41.368824565,85.401059597,6.000000,29.733333333
687.500000,8.357150516,41.356963307,85.402523567,6.000000,29.722222222
688.000000,8.362537697,41.345101845,85.403987649,6.000000,29.711111111
688.500000,8.367924235,41.333240180,85.405451844,6.000000,29.700000000
689.000000,8.373310128,41.321378312,85.406916152,6.000000,29.688888889
689.500000,8.378695378,41.309516240,85.408380572,6.000000,29.677777778
690.000000,8.384079983,41.297653965,85.409845104,6.000000,29.666666667
690.500000,8.389463944,41.285791487,85.411309749,6.000000,29.655555556
691.000000,8.394847262,41.273928805,85.412774507,6.000000,29.644444444
691.500000,8.400229936,41.262065920,85.414239377,6.000000,29.633333333
692.000000,8.405611966,41.250202831,85.415704360,6.000000,29.622222222
692.500000,8.410993353,41.238339539,85.417169455,6.000000,29.611111111
693.000000,8.416374096,41.226476043,85.418634663,6.000000,29.600000000
693.500000,8.421754195,41.214612344,85.420099984,6.000000,29.588888889
694.000000,8.427133651,41.202748441,85.421565417,6.000000,29.577777778
694.500000,8.432512464,41.190884334,85.423030963,6.000000,29.566666667
695.000000,8.437890634,41.179020025,85.424496622,6.000000,29.555555556
695.500000,8.443268160,41.167155511,85.425962393,6.000000,29.544444444
696.000000,8.448645043,41.155290794,85.427428277,6.000000,29.533333333
696.500000,8.454021283,41.143425874,85.428894273,6.000000,29.522222222
697.000000,8.459396880,41.131560749,85.430360383,6.000000,29.511111111
697.500000,8.464771835,41.119695422,85.431826604,6.000000,29.500000000
698.000000,8.470146146,41.107829890,85.433292939,6.000000,29.488888889
698.500000,8.475519815,41.095964155,85.434759386,6.000000,29.477777778
699.000000,8.480892841,41.084098216,85.436225946,6.000000,29.466666667
699.500000,8.486265224,41.072232074,85.437692619,6.000000,29.455555556
700.000000,8.491636965,41.060365727,85.439159404,6.000000,29.444444444
700.500000,8.497008063,41.048499178,85.440626302,6.000000,29.433333333
701.000000,8.502378519,41.036632424,85.442093313,6.000000,29.422222222
701.500000,8.507748333,41.024765466,85.443560436,6.000000,29.411111111
702.000000,8.513117504,41.012898305,85.445027673,6.000000,29.400000000
702.500000,8.518486033,41.001030940,85.446495022,6.000000,29.388888889
703.000000,8.523853920,40.989163372,85.447962483,6.000000,29.377777778
703.500000,8.529221165,40.977295599,85.449430058,6.000000,29.366666667
704.000000,8.534587768,40.965427623,85.450897745,6.000000,29.355555556
704.500000,8.539953729,40.953559442,85.452365546,6.000000,29.344444444
705.000000,8.545319049,40.941691058,85.453833458,6.000000,29.333333333
705.500000,8.550683726,40.929822470,85.455301484,6.000000,29.322222222
706.000000,8.556047762,40.917953678,85.456769623,6.000000,29.311111111
706.500000,8.561411156,40.906084683,85.458237874,6.000000,29.300000000
707.000000,8.566773909,40.894215483,85.459706238,6.000000,29.288888889
707.500000,8.572136020,40.882346079,85.461174715,6.000000,29.277777778
708.000000,8.577497490,40.870476472,85.462643305,6.000000,29.266666667
708.500000,8.582858318,40.858606660,85.464112008,6.000000,29.255555556
709.000000,8.588218506,40.846736645,85.465580824,6.000000,29.244444444
709.500000,8.593578052,40.834866425,85.467049752,6.000000,29.233333333
710.000000,8.598936957,40.822996001,85.468518793,6.000000,29.222222222
710.500000,8.604295221,40.811125374,85.469987948,6.000000,29.211111111
711.000000,8.609652843,40.799254542,85.471457215,6.000000,29.200000000
711.500000,8.615009825,40.787383506,85.472926595,6.000000,29.188888889
712.000000,8.620366167,40.775512267,85.474396088,6.000000,29.177777778
712.500000,8.625721867,40.763640823,85.475865694,6.000000,29.166666667
713.000000,8.631076927,40.751769175,85.477335413,6.000000,29.155555556
713.500000,8.636431346,40.739897323,85.478805244,6.000000,29.144444444
714.000000,8.641785124,40.728025266,85.480275189,6.000000,29.133333333
714.500000,8.647138263,40.716153006,85.481745247,6.000000,29.122222222
715.000000,8.652490760,40.704280541,85.483215417,6.000000,29.111111111
715.500000,8.657842618,40.692407872,85.484685701,6.000000,29.100000000
716.000000,8.663193835,40.680534999,85.486156097,6.000000,29.088888889
716.500000,8.668544412,40.668661922,85.487626607,6.000000,29.077777778
717.000000,8.673894348,40.656788641,85.489097229,6.000000,29.066666667
717.500000,8.679243645,40.644915155,85.490567965,6.000000,29.055555556
718.000000,8.684592302,40.633041465,85.492038813,6.000000,29.044444444
718.500000,8.689940319,40.621167571,85.493509775,6.000000,29.033333333
719.000000,8.695287696,40.609293472,85.494980849,6.000000,29.022222222
719.500000,8.700634433,40.597419169,85.496452037,6.000000,29.011111111
720.000000,8.705980531,40.585544662,85.497923337,6.000000,29.000000000
720.500000,8.711325989,40.573669950,85.499394751,6.000000,28.988888889
721.000000,8.716670807,40.561795034,85.500866278,6.000000,28.977777778
721.500000,8.722014986,40.549919914,85.502337918,6.000000,28.966666667
722.000000,8.727358526,40.538044589,85.503809670,6.000000,28.955555556
722.500000,8.732701426,40.526169060,85.505281536,6.000000,28.944444444
723.000000,8.738043687,40.514293327,85.506753515,6.000000,28.933333333
723.500000,8.743385309,40.502417389,85.508225608,6.000000,28.922222222
724.000000,8.748726291,40.490541246,85.509697813,6.000000,28.911111111
724.500000,8.754066635,40.478664899,85.511170131,6.000000,28.900000000
725.000000,8.759406340,40.466788348,85.512642563,6.000000,28.888888889
725.500000,8.764745405,40.454911592,85.514115107,6.000000,28.877777778
726.000000,8.770083832,40.443034632,85.515587765,6.000000,28.866666667
726.500000,8.775421620,40.431157467,85.517060536,6.000000,28.855555556
727.000000,8.780758770,40.419280097,85.518533420,6.000000,28.844444444
727.500000,8.786095281,40.407402523,85.520006417,6.000000,28.833333333
728.000000,8.791431153,40.395524744,85.521479527,6.000000,28.822222222
728.500000,8.796766387,40.383646761,85.522952751,6.000000,28.811111111
729.000000,8.802100982,40.371768573,85.524426088,6.000000,28.800000000
729.500000,8.807434939,40.359890181,85.525899538,6.000000,28.788888889
730.000000,8.812768258,40.348011584,85.527373101,6.000000,28.777777778
730.500000,8.818100939,40.336132782,85.528846777,6.000000,28.766666667
731.000000,8.823432981,40.324253775,85.530320567,6.000000,28.755555556
731.500000,8.828764386,40.312374564,85.531794470,6.000000,28.744444444
732.000000,8.834095152,40.300495148,85.533268486,6.000000,28.733333333
732.500000,8.839425281,40.288615528,85.534742615,6.000000,28.722222222
733.000000,8.844754772,40.276735702,85.536216857,6.000000,28.711111111
733.500000,8.850083625,40.264855672,85.537691213,6.000000,28.700000000
734.000000,8.855411840,40.252975437,85.539165682,6.000000,28.688888889
734.500000,8.860739417,40.241094998,85.540640265,6.000000,28.677777778
735.000000,8.866066358,40.229214353,85.542114960,6.000000,28.666666667
735.500000,8.871392660,40.217333504,85.543589769,6.000000,28.655555556
736.000000,8.876718325,40.205452450,85.545064691,6.000000,28.644444444
736.500000,8.882043353,40.193571191,85.546539727,6.000000,28.633333333
737.000000,8.887367744,40.181689727,85.548014876,6.000000,28.622222222
737.500000,8.892691497,40.169808058,85.549490138,6.000000,28.611111111
738.000000,8.898014613,40.157926184,85.550965513,6.000000,28.600000000
738.500000,8.903337093,40.146044106,85.552441002,6.000000,28.588888889
739.000000,8.908658935,40.134161822,85.553916604,6.000000,28.577777778
739.500000,8.913980140,40.122279334,85.555392320,6.000000,28.566666667
740.000000,8.919300709,40.110396641,85.556868149,6.000000,28.555555556
740.500000,8.924620640,40.098513742,85.558344091,6.000000,28.544444444
741.000000,8.929939935,40.086630639,85.559820147,6.000000,28.533333333
741.500000,8.935258594,40.074747331,85.561296316,6.000000,28.522222222
742.000000,8.940576616,40.062863817,85.562772598,6.000000,28.511111111
742.500000,8.945894001,40.050980099,85.564248994,6.000000,28.500000000
743.000000,8.951210750,40.039096175,85.565725504,6.000000,28.488888889
743.500000,8.956526863,40.027212047,85.567202126,6.000000,28.477777778
744.000000,8.961842339,40.015327713,85.568678862,6.000000,28.466666667
744.500000,8.967157179,40.003443174,85.570155712,6.000000,28.455555556
745.000000,8.972471383,39.991558431,85.571632675,6.000000,28.444444444
745.500000,8.977784951,39.979673482,85.573109752,6.000000,28.433333333
746.000000,8.983097883,39.967788327,85.574586941,6.000000,28.422222222
746.500000,8.988410179,39.955902968,85.576064245,6.000000,28.411111111
747.000000,8.993721839,39.944017404,85.577541662,6.000000,28.400000000
747.500000,8.999032863,39.932131634,85.579019192,6.000000,28.388888889
748.000000,9.004343252,39.920245659,85.580496836,6.000000,28.377777778
748.500000,9.009653005,39.908359479,85.581974594,6.000000,28.366666667
749.000000,9.014962122,39.896473094,85.583452465,6.000000,28.355555556
749.500000,9.020270604,39.884586503,85.584930449,6.000000,28.344444444
750.000000,9.025578451,39.872699707,85.586408547,6.000000,28.333333333
750.500000,9.030885662,39.860812706,85.587886758,6.000000,28.322222222
751.000000,9.036192238,39.848925499,85.589365084,6.000000,28.311111111
751.500000,9.041498179,39.837038088,85.590843522,6.000000,28.300000000
752.000000,9.046803484,39.825150470,85.592322074,6.000000,28.288888889
752.500000,9.052108155,39.813262648,85.593800740,6.000000,28.277777778
753.000000,9.057412190,39.801374620,85.595279519,6.000000,28.266666667
753.500000,9.062715591,39.789486387,85.596758412,6.000000,28.255555556
754.000000,9.068018356,39.777597948,85.598237419,6.000000,28.244444444
754.500000,9.073320487,39.765709304,85.599716539,6.000000,28.233333333
755.000000,9.078621984,39.753820455,85.601195773,6.000000,28.222222222
755.500000,9.083922845,39.741931400,85.602675120,6.000000,28.211111111
756.000000,9.089223072,39.730042139,85.604154581,6.000000,28.200000000
756.500000,9.094522665,39.718152673,85.605634156,6.000000,28.188888889
757.000000,9.099821623,39.706263002,85.607113844,6.000000,28.177777778
757.500000,9.105119946,39.694373125,85.608593646,6.000000,28.166666667
758.000000,9.110417636,39.682483042,85.610073562,6.000000,28.155555556
758.500000,9.115714691,39.670592754,85.611553591,6.000000,28.144444444
759.000000,9.121011112,39.658702261,85.613033734,6.000000,28.133333333
759.500000,9.126306899,39.646811562,85.614513991,6.000000,28.122222222
760.000000,9.131602052,39.634920657,85.615994361,6.000000,28.111111111
760.500000,9.136896571,39.623029547,85.617474845,6.000000,28.100000000
761.000000,9.142190456,39.611138231,85.618955443,6.000000,28.088888889
761.500000,9.147483707,39.599246709,85.620436154,6.000000,28.077777778
762.000000,9.152776325,39.587354982,85.621916979,6.000000,28.066666667
762.500000,9.158068309,39.575463049,85.623397918,6.000000,28.055555556
763.000000,9.163359659,39.563570910,85.624878971,6.000000,28.044444444
763.500000,9.168650376,39.551678566,85.626360137,6.000000,28.033333333
764.000000,9.173940459,39.539786016,85.627841418,6.000000,28.022222222
764.500000,9.179229909,39.527893260,85.629322812,6.000000,28.011111111
765.000000,9.184518726,39.516000299,85.630804319,6.000000,28.000000000
765.500000,9.189806910,39.504107132,85.632285941,6.000000,27.988888889
766.000000,9.195094460,39.492213759,85.633767676,6.000000,27.977777778
766.500000,9.200381377,39.480320180,85.635249525,6.000000,27.966666667
767.000000,9.205667661,39.468426395,85.636731488,6.000000,27.955555556
767.500000,9.210953313,39.456532405,85.638213565,6.000000,27.944444444
768.000000,9.216238331,39.444638208,85.639695756,6.000000,27.933333333
768.500000,9.221522717,39.432743806,85.641178060,6.000000,27.922222222
769.000000,9.226806469,39.420849198,85.642660478,6.000000,27.911111111
769.500000,9.232089590,39.408954384,85.644143011,6.000000,27.900000000
770.000000,9.237372077,39.397059364,85.645625657,6.000000,27.888888889
770.500000,9.242653932,39.385164138,85.647108416,6.000000,27.877777778
771.000000,9.247935155,39.373268707,85.648591290,6.000000,27.866666667
771.500000,9.253215745,39.361373069,85.650074278,6.000000,27.855555556
772.000000,9.258495703,39.349477225,85.651557379,6.000000,27.844444444
772.500000,9.263775029,39.337581176,85.653040595,6.000000,27.833333333
773.000000,9.269053722,39.325684920,85.654523924,6.000000,27.822222222
773.500000,9.274331784,39.313788458,85.656007367,6.000000,27.811111111
774.000000,9.279609213,39.301891791,85.657490924,6.000000,27.800000000
774.500000,9.284886010,39.289994917,85.658974596,6.000000,27.788888889
775.000000,9.290162176,39.278097837,85.660458381,6.000000,27.777777778
775.500000,9.295437709,39.266200551,85.661942280,6.000000,27.766666667
776.000000,9.300712611,39.254303059,85.663426293,6.000000,27.755555556
776.500000,9.305986882,39.242405361,85.664910420,6.000000,27.744444444
777.000000,9.311260520,39.230507457,85.666394661,6.000000,27.733333333
777.500000,9.316533527,39.218609347,85.667879015,6.000000,27.722222222
778.000000,9.321805903,39.206711030,85.669363484,6.000000,27.711111111
778.500000,9.327077647,39.194812507,85.670848067,6.000000,27.700000000
779.000000,9.332348760,39.182913778,85.672332764,6.000000,27.688888889
779.500000,9.337619242,39.171014843,85.673817575,6.000000,27.677777778
780.000000,9.342889092,39.159115702,85.675302500,6.000000,27.666666667
780.500000,9.348158311,39.147216354,85.676787539,6.000000,27.655555556
781.000000,9.353426900,39.135316801,85.678272692,6.000000,27.644444444
781.500000,9.358694857,39.123417041,85.679757959,6.000000,27.633333333
782.000000,9.363962183,39.111517074,85.681243340,6.000000,27.622222222
782.500000,9.369228879,39.099616901,85.682728836,6.000000,27.611111111
783.000000,9.374494944,39.087716522,85.684214445,6.000000,27.600000000
783.500000,9.379760378,39.075815937,85.685700168,6.000000,27.588888889
784.000000,9.385025181,39.063915145,85.687186006,6.000000,27.577777778
784.500000,9.390289354,39.052014147,85.688671957,6.000000,27.566666667
785.000000,9.395552896,39.040112943,85.690158023,6.000000,27.555555556
785.500000,9.400815808,39.028211532,85.691644203,6.000000,27.544444444
786.000000,9.406078090,39.016309915,85.693130497,6.000000,27.533333333
786.500000,9.411339741,39.004408091,85.694616905,6.000000,27.522222222
787.000000,9.416600763,38.992506061,85.696103427,6.000000,27.511111111
787.500000,9.421861154,38.980603824,85.697590063,6.000000,27.500000000
788.000000,9.427120915,38.968701381,85.699076814,6.000000,27.488888889
788.500000,9.432380046,38.956798732,85.700563679,6.000000,27.477777778
789.000000,9.437638547,38.944895876,85.702050658,6.000000,27.466666667
789.500000,9.442896418,38.932992813,85.703537751,6.000000,27.455555556
790.000000,9.448153659,38.921089544,85.705024958,6.000000,27.444444444
790.500000,9.453410271,38.909186068,85.706512279,6.000000,27.433333333
791.000000,9.458666253,38.897282386,85.707999715,6.000000,27.422222222
791.500000,9.463921605,38.885378497,85.709487265,6.000000,27.411111111
792.000000,9.469176328,38.873474402,85.710974929,6.000000,27.400000000
792.500000,9.474430422,38.861570100,85.712462707,6.000000,27.388888889
793.000000,9.479683886,38.849665591,85.713950600,6.000000,27.377777778
793.500000,9.484936721,38.837760876,85.715438607,6.000000,27.366666667
794.000000,9.490188927,38.825855954,85.716926728,6.000000,27.355555556
794.500000,9.495440503,38.813950825,85.718414963,6.000000,27.344444444
795.000000,9.500691451,38.802045489,85.719903313,6.000000,27.333333333
795.500000,9.505941769,38.790139947,85.721391777,6.000000,27.322222222
796.000000,9.511191459,38.778234198,85.722880355,6.000000,27.311111111
796.500000,9.516440519,38.766328243,85.724369048,6.000000,27.300000000
797.000000,9.521688951,38.754422081,85.725857855,6.000000,27.288888889
797.500000,9.526936754,38.742515711,85.727346776,6.000000,27.277777778
798.000000,9.532183928,38.730609135,85.728835811,6.000000,27.266666667
798.500000,9.537430474,38.718702353,85.730324961,6.000000,27.255555556
799.000000,9.542676392,38.706795363,85.731814225,6.000000,27.244444444
799.500000,9.547921680,38.694888167,85.733303604,6.000000,27.233333333
800.000000,9.553166341,38.682980763,85.734793097,6.000000,27.222222222
800.500000,9.558410373,38.671073153,85.736282704,6.000000,27.211111111
801.000000,9.563653777,38.659165336,85.737772426,6.000000,27.200000000
801.500000,9.568896553,38.647257312,85.739262262,6.000000,27.188888889
802.000000,9.574138700,38.635349081,85.740752212,6.000000,27.177777778
802.500000,9.579380220,38.623440644,85.742242277,6.000000,27.166666667
803.000000,9.584621112,38.611531999,85.743732456,6.000000,27.155555556
803.500000,9.589861375,38.599623147,85.745222750,6.000000,27.144444444
804.000000,9.595101011,38.587714088,85.746713158,6.000000,27.133333333
804.500000,9.600340020,38.575804823,85.748203680,6.000000,27.122222222
805.000000,9.605578400,38.563895350,85.749694317,6.000000,27.111111111
805.500000,9.610816153,38.551985670,85.751185069,6.000000,27.100000000
806.000000,9.616053278,38.540075783,85.752675935,6.000000,27.088888889
806.500000,9.621289776,38.528165689,85.754166915,6.000000,27.077777778
807.000000,9.626525647,38.516255388,85.755658010,6.000000,27.066666667
807.500000,9.631760890,38.504344880,85.757149219,6.000000,27.055555556
808.000000,9.636995506,38.492434165,85.758640543,6.000000,27.044444444
808.500000,9.642229494,38.480523243,85.760131981,6.000000,27.033333333
809.000000,9.647462856,38.468612114,85.761623534,6.000000,27.022222222
809.500000,9.652695590,38.456700777,85.763115202,6.000000,27.011111111
810.000000,9.657927698,38.444789233,85.764606983,6.000000,27.000000000
810.500000,9.663159179,38.432877482,85.766098880,6.000000,26.988888889
811.000000,9.668390032,38.420965524,85.767590891,6.000000,26.977777778
811.500000,9.673620259,38.409053359,85.769083016,6.000000,26.966666667
812.000000,9.678849860,38.397140986,85.770575256,6.000000,26.955555556
812.500000,9.684078833,38.385228406,85.772067611,6.000000,26.944444444
813.000000,9.689307180,38.373315619,85.773560080,6.000000,26.933333333
813.500000,9.694534901,38.361402624,85.775052664,6.000000,26.922222222
814.000000,9.699761995,38.349489423,85.776545363,6.000000,26.911111111
814.500000,9.704988463,38.337576014,85.778038176,6.000000,26.900000000
815.000000,9.710214305,38.325662397,85.779531103,6.000000,26.888888889
815.500000,9.715439520,38.313748573,85.781024146,6.000000,26.877777778
816.000000,9.720664109,38.301834542,85.782517302,6.000000,26.866666667
816.500000,9.725888072,38.289920304,85.784010574,6.000000,26.855555556
817.000000,9.731111409,38.278005858,85.785503960,6.000000,26.844444444
817.500000,9.736334120,38.266091205,85.786997461,6.000000,26.833333333
818.000000,9.741556206,38.254176344,85.788491076,6.000000,26.822222222
818.500000,9.746777665,38.242261276,85.789984807,6.000000,26.811111111
819.000000,9.751998499,38.230346000,85.791478651,6.000000,26.800000000
819.500000,9.757218707,38.218430517,85.792972611,6.000000,26.788888889
820.000000,9.762438290,38.206514826,85.794466685,6.000000,26.777777778
820.500000,9.767657247,38.194598928,85.795960874,6.000000,26.766666667
821.000000,9.772875578,38.182682822,85.797455178,6.000000,26.755555556
821.500000,9.778093284,38.170766509,85.798949596,6.000000,26.744444444
822.000000,9.783310365,38.158849988,85.800444129,6.000000,26.733333333
822.500000,9.788526821,38.146933260,85.801938777,6.000000,26.722222222
823.000000,9.793742651,38.135016324,85.803433540,6.000000,26.711111111
823.500000,9.798957857,38.123099180,85.804928417,6.000000,26.700000000
824.000000,9.804172437,38.111181829,85.806423409,6.000000,26.688888889
824.500000,9.809386393,38.099264270,85.807918516,6.000000,26.677777778
825.000000,9.814599723,38.087346504,85.809413738,6.000000,26.666666667
825.500000,9.819812429,38.075428530,85.810909074,6.000000,26.655555556
826.000000,9.825024510,38.063510348,85.812404525,6.000000,26.644444444
826.500000,9.830235966,38.051591959,85.813900091,6.000000,26.633333333
827.000000,9.835446798,38.039673361,85.815395772,6.000000,26.622222222
827.500000,9.840657005,38.027754556,85.816891568,6.000000,26.611111111
828.000000,9.845866587,38.015835544,85.818387479,6.000000,26.600000000
828.500000,9.851075545,38.003916323,85.819883504,6.000000,26.588888889
829.000000,9.856283879,37.991996895,85.821379644,6.000000,26.577777778
829.500000,9.861491589,37.980077259,85.822875899,6.000000,26.566666667
830.000000,9.866698674,37.968157415,85.824372269,6.000000,26.555555556
830.500000,9.871905136,37.956237363,85.825868754,6.000000,26.544444444
831.000000,9.877110973,37.944317104,85.827365354,6.000000,26.533333333
831.500000,9.882316186,37.932396636,85.828862068,6.000000,26.522222222
832.000000,9.887520775,37.920475961,85.830358898,6.000000,26.511111111
832.500000,9.892724741,37.908555078,85.831855842,6.000000,26.500000000
833.000000,9.897928083,37.896633987,85.833352902,6.000000,26.488888889
833.500000,9.903130801,37.884712688,85.834850076,6.000000,26.477777778
834.000000,9.908332895,37.872791181,85.836347365,6.000000,26.466666667
834.500000,9.913534366,37.860869466,85.837844769,6.000000,26.455555556
835.000000,9.918735213,37.848947543,85.839342288,6.000000,26.444444444
835.500000,9.923935437,37.837025412,85.840839922,6.000000,26.433333333
836.000000,9.929135037,37.825103073,85.842337671,6.000000,26.422222222
836.500000,9.934334015,37.813180526,85.843835535,6.000000,26.411111111
837.000000,9.939532369,37.801257771,85.845333514,6.000000,26.400000000
837.500000,9.944730100,37.789334808,85.846831608,6.000000,26.388888889
838.000000,9.949927207,37.777411637,85.848329817,6.000000,26.377777778
838.500000,9.955123692,37.765488258,85.849828141,6.000000,26.366666667
839.000000,9.960319554,37.753564671,85.851326580,6.000000,26.355555556
839.500000,9.965514793,37.741640876,85.852825134,6.000000,26.344444444
840.000000,9.970709409,37.729716872,85.854323803,6.000000,26.333333333
840.500000,9.975903402,37.717792660,85.855822587,6.000000,26.322222222
841.000000,9.981096773,37.705868241,85.857321487,6.000000,26.311111111
841.500000,9.986289521,37.693943613,85.858820501,6.000000,26.300000000
842.000000,9.991481647,37.682018776,85.860319630,6.000000,26.288888889
842.500000,9.996673150,37.670093732,85.861818875,6.000000,26.277777778
843.000000,10.001864031,37.658168479,85.863380648,6.000000,26.266666667
843.500000,10.007054297,37.646243010,85.865053928,6.000000,26.255555556
844.000000,10.012243965,37.634317308,85.866727332,6.000000,26.244444444
844.500000,10.017433034,37.622391374,85.868400861,6.000000,26.233333333
845.000000,10.022621505,37.610465207,85.870074514,6.000000,26.222222222
845.500000,10.027809376,37.598538808,85.871748291,6.000000,26.211111111
846.000000,10.032996650,37.586612176,85.873422193,6.000000,26.200000000
846.500000,10.038183324,37.574685312,85.875096219,6.000000,26.188888889
847.000000,10.043369400,37.562758215,85.876770370,6.000000,26.177777778
847.500000,10.048554878,37.550830886,85.878444645,6.000000,26.166666667
848.000000,10.053739757,37.538903324,85.880119044,6.000000,26.155555556
848.500000,10.058924038,37.526975530,85.881793568,6.000000,26.144444444
849.000000,10.064107721,37.515047503,85.883468216,6.000000,26.133333333
849.500000,10.069290806,37.503119243,85.885142989,6.000000,26.122222222
850.000000,10.074473293,37.491190751,85.886817886,6.000000,26.111111111
850.500000,10.079655182,37.479262027,85.888492907,6.000000,26.100000000
851.000000,10.084836473,37.467333069,85.890168053,6.000000,26.088888889
851.500000,10.090017166,37.455403879,85.891843323,6.000000,26.077777778
852.000000,10.095197262,37.443474457,85.893518718,6.000000,26.066666667
852.500000,10.100376759,37.431544801,85.895194237,6.000000,26.055555556
853.000000,10.105555659,37.419614913,85.896869881,6.000000,26.044444444
853.500000,10.110733962,37.407684792,85.898545650,6.000000,26.033333333
854.000000,10.115911667,37.395754439,85.900221543,6.000000,26.022222222
854.500000,10.121088775,37.383823852,85.901897560,6.000000,26.011111111
855.000000,10.126265285,37.371893033,85.903573702,6.000000,26.000000000
855.500000,10.131441198,37.359961981,85.905249968,6.000000,25.988888889
856.000000,10.136616514,37.348030697,85.906926360,6.000000,25.977777778
856.500000,10.141791233,37.336099179,85.908602875,6.000000,25.966666667
857.000000,10.146965355,37.324167429,85.910279516,6.000000,25.955555556
857.500000,10.152138880,37.312235445,85.911956280,6.000000,25.944444444
858.000000,10.157311808,37.300303229,85.913633170,6.000000,25.933333333
858.500000,10.162484139,37.288370780,85.915310184,6.000000,25.922222222
859.000000,10.167655873,37.276438098,85.916987323,6.000000,25.911111111
859.500000,10.172827011,37.264505183,85.918664586,6.000000,25.900000000
860.000000,10.177997552,37.252572036,85.920341974,6.000000,25.888888889
860.500000,10.183167497,37.240638655,85.922019487,6.000000,25.877777778
861.000000,10.188336845,37.228705041,85.923697124,6.000000,25.866666667
861.500000,10.193505596,37.216771194,85.925374887,6.000000,25.855555556
862.000000,10.198673751,37.204837114,85.927052773,6.000000,25.844444444
862.500000,10.203841311,37.192902801,85.928730785,6.000000,25.833333333
863.000000,10.209008273,37.180968255,85.930408921,6.000000,25.822222222
863.500000,10.214174640,37.169033476,85.932087182,6.000000,25.811111111
864.000000,10.219340411,37.157098464,85.933765568,6.000000,25.800000000
864.500000,10.224505585,37.145163219,85.935444078,6.000000,25.788888889
865.000000,10.229670164,37.133227741,85.937122714,6.000000,25.777777778
865.500000,10.234834147,37.121292029,85.938801474,6.000000,25.766666667
866.000000,10.239997534,37.109356085,85.940480358,6.000000,25.755555556
866.500000,10.245160326,37.097419907,85.942159368,6.000000,25.744444444
867.000000,10.250322522,37.085483496,85.943838503,6.000000,25.733333333
867.500000,10.255484122,37.073546851,85.945517762,6.000000,25.722222222
868.000000,10.260645127,37.061609974,85.947197146,6.000000,25.711111111
868.500000,10.265805536,37.049672863,85.948876655,6.000000,25.700000000
869.000000,10.270965350,37.037735519,85.950556289,6.000000,25.688888889
869.500000,10.276124569,37.025797942,85.952236047,6.000000,25.677777778
870.000000,10.281283193,37.013860131,85.953915931,6.000000,25.666666667
870.500000,10.286441221,37.001922088,85.955595940,6.000000,25.655555556
871.000000,10.291598654,36.989983810,85.957276073,6.000000,25.644444444
871.500000,10.296755493,36.978045300,85.958956331,6.000000,25.633333333
872.000000,10.301911736,36.966106556,85.960636714,6.000000,25.622222222
872.500000,10.307067385,36.954167579,85.962317223,6.000000,25.611111111
873.000000,10.312222439,36.942228368,85.963997856,6.000000,25.600000000
873.500000,10.317376898,36.930288924,85.965678614,6.000000,25.588888889
874.000000,10.322530762,36.918349246,85.967359497,6.000000,25.577777778
874.500000,10.327684032,36.906409335,85.969040505,6.000000,25.566666667
875.000000,10.332836708,36.894469191,85.970721638,6.000000,25.555555556
875.500000,10.337988789,36.882528813,85.972402896,6.000000,25.544444444
876.000000,10.343140275,36.870588201,85.974084279,6.000000,25.533333333
876.500000,10.348291168,36.858647356,85.975765787,6.000000,25.522222222
877.000000,10.353441466,36.846706277,85.977447420,6.000000,25.511111111
877.500000,10.358591170,36.834764965,85.979129178,6.000000,25.500000000
878.000000,10.363740280,36.822823420,85.980811061,6.000000,25.488888889
878.500000,10.368888796,36.810881640,85.982493069,6.000000,25.477777778
879.000000,10.374036718,36.798939627,85.984175203,6.000000,25.466666667
879.500000,10.379184046,36.786997381,85.985857461,6.000000,25.455555556
880.000000,10.384330780,36.775054901,85.987539845,6.000000,25.444444444
880.500000,10.389476921,36.763112187,85.989222353,6.000000,25.433333333
881.000000,10.394622468,36.751169239,85.990904987,6.000000,25.422222222
881.500000,10.399767421,36.739226058,85.992587746,6.000000,25.411111111
882.000000,10.404911781,36.727282643,85.994270630,6.000000,25.400000000
882.500000,10.410055548,36.715338994,85.995953639,6.000000,25.388888889
883.000000,10.415198721,36.703395112,85.997636773,6.000000,25.377777778
883.500000,10.420341300,36.691450996,85.999320033,6.000000,25.366666667
884.000000,10.425483287,36.679506646,86.001003418,6.000000,25.355555556
884.500000,10.430624680,36.667562062,86.002686928,6.000000,25.344444444
885.000000,10.435765481,36.655617244,86.004370563,6.000000,25.333333333
885.500000,10.440905688,36.643672193,86.006054323,6.000000,25.322222222
886.000000,10.446045302,36.631726907,86.007738209,6.000000,25.311111111
886.500000,10.451184324,36.619781388,86.009422220,6.000000,25.300000000
887.000000,10.456322752,36.607835635,86.011106356,6.000000,25.288888889
887.500000,10.461460588,36.595889648,86.012790617,6.000000,25.277777778
888.000000,10.466597831,36.583943427,86.014475004,6.000000,25.266666667
888.500000,10.471734482,36.571996972,86.016159516,6.000000,25.255555556
889.000000,10.476870540,36.560050283,86.017844153,6.000000,25.244444444
889.500000,10.482006006,36.548103361,86.019528916,6.000000,25.233333333
890.000000,10.487140879,36.536156204,86.021213804,6.000000,25.222222222
890.500000,10.492275160,36.524208813,86.022898817,6.000000,25.211111111
891.000000,10.497408849,36.512261188,86.024583956,6.000000,25.200000000
891.500000,10.502541945,36.500313329,86.026269220,6.000000,25.188888889
892.000000,10.507674450,36.488365236,86.027954609,6.000000,25.177777778
892.500000,10.512806362,36.476416909,86.029640124,6.000000,25.166666667
893.000000,10.517937683,36.464468348,86.031325764,6.000000,25.155555556
893.500000,10.523068411,36.452519553,86.033011529,6.000000,25.144444444
894.000000,10.528198548,36.440570524,86.034697420,6.000000,25.133333333
894.500000,10.533328093,36.428621260,86.036383437,6.000000,25.122222222
895.000000,10.538457046,36.416671762,86.038069579,6.000000,25.111111111
895.500000,10.543585408,36.404722030,86.039755846,6.000000,25.100000000
896.000000,10.548713178,36.392772064,86.041442239,6.000000,25.088888889
896.500000,10.553840357,36.380821864,86.043128757,6.000000,25.077777778
897.000000,10.558966944,36.368871430,86.044815400,6.000000,25.066666667
897.500000,10.564092940,36.356920761,86.046502170,6.000000,25.055555556
898.000000,10.569218345,36.344969858,86.048189064,6.000000,25.044444444
898.500000,10.574343158,36.333018720,86.049876084,6.000000,25.033333333
899.000000,10.579467381,36.321067349,86.051563230,6.000000,25.022222222
899.500000,10.584591012,36.309115743,86.053250501,6.000000,25.011111111
900.000000,10.589714052,36.297163902,72.080321644,6.000000,25.000000000
900.500000,10.595316419,36.287152746,72.081467678,6.000000,24.993055556
901.000000,10.600918246,36.277141432,72.082613786,6.000000,24.986111111
901.500000,10.606519531,36.267129957,72.083759967,6.000000,24.979166667
902.000000,10.612120276,36.257118324,72.084906222,6.000000,24.972222222
902.500000,10.617720480,36.247106532,72.086052549,6.000000,24.965277778
903.000000,10.623320143,36.237094580,72.087198950,6.000000,24.958333333
903.500000,10.628919266,36.227082469,72.088345424,6.000000,24.951388889
904.000000,10.634517849,36.217070199,72.089491972,6.000000,24.944444444
904.500000,10.640115890,36.207057769,72.090638593,6.000000,24.937500000
905.000000,10.645713392,36.197045180,72.091785287,6.000000,24.930555556
905.500000,10.651310353,36.187032433,72.092932055,6.000000,24.923611111
906.000000,10.656906774,36.177019525,72.094078896,6.000000,24.916666667
906.500000,10.662502655,36.167006459,72.095225810,6.000000,24.909722222
907.000000,10.668097995,36.156993233,72.096372798,6.000000,24.902777778
907.500000,10.673692795,36.146979848,72.097519859,6.000000,24.895833333
908.000000,10.679287055,36.136966303,72.098666993,6.000000,24.888888889
908.500000,10.684880775,36.126952600,72.099814201,6.000000,24.881944444
909.000000,10.690473956,36.116938737,72.100961482,6.000000,24.875000000
909.500000,10.696066596,36.106924714,72.102108836,6.000000,24.868055556
910.000000,10.701658696,36.096910532,72.103256264,6.000000,24.861111111
910.500000,10.707250257,36.086896191,72.104403765,6.000000,24.854166667
911.000000,10.712841277,36.076881691,72.105551340,6.000000,24.847222222
911.500000,10.718431758,36.066867031,72.106698988,6.000000,24.840277778
912.000000,10.724021700,36.056852212,72.107846709,6.000000,24.833333333
912.500000,10.729611101,36.046837233,72.108994504,6.000000,24.826388889
913.000000,10.735199964,36.036822095,72.110142373,6.000000,24.819444444
913.500000,10.740788286,36.026806797,72.111290314,6.000000,24.812500000
914.000000,10.746376069,36.016791340,72.112438329,6.000000,24.805555556
914.500000,10.751963313,36.006775724,72.113586418,6.000000,24.798611111
915.000000,10.757550018,35.996759948,72.114734580,6.000000,24.791666667
915.500000,10.763136183,35.986744012,72.115882815,6.000000,24.784722222
916.000000,10.768721809,35.976727918,72.117031124,6.000000,24.777777778
916.500000,10.774306895,35.966711663,72.118179506,6.000000,24.770833333
917.000000,10.779891443,35.956695249,72.119327962,6.000000,24.763888889
917.500000,10.785475451,35.946678676,72.120476491,6.000000,24.756944444
918.000000,10.791058921,35.936661943,72.121625094,6.000000,24.750000000
918.500000,10.796641851,35.926645051,72.122773770,6.000000,24.743055556
919.000000,10.802224243,35.916627999,72.123922520,6.000000,24.736111111
919.500000,10.807806095,35.906610788,72.125071343,6.000000,24.729166667
920.000000,10.813387409,35.896593417,72.126220240,6.000000,24.722222222
920.500000,10.818968184,35.886575886,72.127369210,6.000000,24.715277778
921.000000,10.824548420,35.876558196,72.128518253,6.000000,24.708333333
921.500000,10.830128118,35.866540346,72.129667370,6.000000,24.701388889
922.000000,10.835707277,35.856522337,72.130816561,6.000000,24.694444444
922.500000,10.841285897,35.846504168,72.131965825,6.000000,24.687500000
923.000000,10.846863979,35.836485839,72.133115163,6.000000,24.680555556
923.500000,10.852441523,35.826467351,72.134264574,6.000000,24.673611111
924.000000,10.858018528,35.816448703,72.135414058,6.000000,24.666666667
924.500000,10.863594995,35.806429896,72.136563617,6.000000,24.659722222
925.000000,10.869170923,35.796410928,72.137713248,6.000000,24.652777778
925.500000,10.874746313,35.786391802,72.138862954,6.000000,24.645833333
926.000000,10.880321165,35.776372515,72.140012733,6.000000,24.638888889
926.500000,10.885895479,35.766353069,72.141162585,6.000000,24.631944444
927.000000,10.891469255,35.756333463,72.142312511,6.000000,24.625000000
927.500000,10.897042492,35.746313697,72.143462510,6.000000,24.618055556
928.000000,10.902615192,35.736293772,72.144612583,6.000000,24.611111111
928.500000,10.908187354,35.726273687,72.145762730,6.000000,24.604166667
929.000000,10.913758978,35.716253442,72.146912950,6.000000,24.597222222
929.500000,10.919330064,35.706233037,72.148063244,6.000000,24.590277778
930.000000,10.924900612,35.696212473,72.149213612,6.000000,24.583333333
930.500000,10.930470623,35.686191749,72.150364053,6.000000,24.576388889
931.000000,10.936040095,35.676170865,72.151514567,6.000000,24.569444444
931.500000,10.941609031,35.666149821,72.152665155,6.000000,24.562500000
932.000000,10.947177428,35.656128618,72.153815817,6.000000,24.555555556
932.500000,10.952745289,35.646107255,72.154966553,6.000000,24.548611111
933.000000,10.958312611,35.636085731,72.156117362,6.000000,24.541666667
933.500000,10.963879397,35.626064048,72.157268244,6.000000,24.534722222
934.000000,10.969445645,35.616042206,72.158419201,6.000000,24.527777778
934.500000,10.975011355,35.606020203,72.159570230,6.000000,24.520833333
935.000000,10.980576529,35.595998040,72.160721334,6.000000,24.513888889
935.500000,10.986141165,35.585975718,72.161872511,6.000000,24.506944444
936.000000,10.991705264,35.575953236,72.163023762,6.000000,24.500000000
936.500000,10.997268826,35.565930594,72.164175087,6.000000,24.493055556
937.000000,11.002831851,35.555907791,72.165326485,6.000000,24.486111111
937.500000,11.008394339,35.545884829,72.166477957,6.000000,24.479166667
938.000000,11.013956289,35.535861708,72.167629502,6.000000,24.472222222
938.500000,11.019517704,35.525838426,72.168781121,6.000000,24.465277778
939.000000,11.025078581,35.515814984,72.169932814,6.000000,24.458333333
939.500000,11.030638921,35.505791382,72.171084581,6.000000,24.451388889
940.000000,11.036198725,35.495767620,72.172236421,6.000000,24.444444444
940.500000,11.041757992,35.485743699,72.173388335,6.000000,24.437500000
941.000000,11.047316722,35.475719617,72.174540323,6.000000,24.430555556
941.500000,11.052874916,35.465695375,72.175692384,6.000000,24.423611111
942.000000,11.058432574,35.455670973,72.176844519,6.000000,24.416666667
942.500000,11.063989695,35.445646412,72.177996728,6.000000,24.409722222
943.000000,11.069546279,35.435621690,72.179149011,6.000000,24.402777778
943.500000,11.075102327,35.425596808,72.180301367,6.000000,24.395833333
944.000000,11.080657839,35.415571766,72.181453797,6.000000,24.388888889
944.500000,11.086212814,35.405546564,72.182606301,6.000000,24.381944444
945.000000,11.091767254,35.395521202,72.183758878,6.000000,24.375000000
945.500000,11.097321157,35.385495680,72.184911529,6.000000,24.368055556
946.000000,11.102874524,35.375469998,72.186064254,6.000000,24.361111111
946.500000,11.108427355,35.365444156,72.187217053,6.000000,24.354166667
947.000000,11.113979650,35.355418153,72.188369926,6.000000,24.347222222
947.500000,11.119531409,35.345391991,72.189522872,6.000000,24.340277778
948.000000,11.125082632,35.335365668,72.190675892,6.000000,24.333333333
948.500000,11.130633320,35.325339186,72.191828986,6.000000,24.326388889
949.000000,11.136183471,35.315312543,72.192982153,6.000000,24.319444444
949.500000,11.141733087,35.305285740,72.194135395,6.000000,24.312500000
950.000000,11.147282167,35.295258776,72.195288710,6.000000,24.305555556
950.500000,11.152830712,35.285231653,72.196442099,6.000000,24.298611111
951.000000,11.158378720,35.275204369,72.197595562,6.000000,24.291666667
951.500000,11.163926194,35.265176925,72.198749099,6.000000,24.284722222
952.000000,11.169473132,35.255149321,72.199902709,6.000000,24.277777778
952.500000,11.175019534,35.245121557,72.201056393,6.000000,24.270833333
953.000000,11.180565401,35.235093633,72.202210151,6.000000,24.263888889
953.500000,11.186110733,35.225065548,72.203363983,6.000000,24.256944444
954.000000,11.191655530,35.215037303,72.204517889,6.000000,24.250000000
954.500000,11.197199791,35.205008898,72.205671869,6.000000,24.243055556
955.000000,11.202743517,35.194980332,72.206825922,6.000000,24.236111111
955.500000,11.208286708,35.184951606,72.207980050,6.000000,24.229166667
956.000000,11.213829364,35.174922720,72.209134251,6.000000,24.222222222
956.500000,11.219371485,35.164893674,72.210288526,6.000000,24.215277778
957.000000,11.224913071,35.154864467,72.211442875,6.000000,24.208333333
957.500000,11.230454123,35.144835100,72.212597297,6.000000,24.201388889
958.000000,11.235994639,35.134805573,72.213751794,6.000000,24.194444444
958.500000,11.241534620,35.124775885,72.214906365,6.000000,24.187500000
959.000000,11.247074067,35.114746037,72.216061009,6.000000,24.180555556
959.500000,11.252612979,35.104716028,72.217215727,6.000000,24.173611111
960.000000,11.258151357,35.094685859,72.218370520,6.000000,24.166666667
960.500000,11.263689199,35.084655530,72.219525386,6.000000,24.159722222
961.000000,11.269226508,35.074625041,72.220680326,6.000000,24.152777778
961.500000,11.274763282,35.064594390,72.221835340,6.000000,24.145833333
962.000000,11.280299521,35.054563580,72.222990428,6.000000,24.138888889
962.500000,11.285835226,35.044532609,72.224145590,6.000000,24.131944444
963.000000,11.291370397,35.034501478,72.225300825,6.000000,24.125000000
963.500000,11.296905033,35.024470186,72.226456135,6.000000,24.118055556
964.000000,11.302439135,35.014438734,72.227611519,6.000000,24.111111111
964.500000,11.307972703,35.004407121,72.228766976,6.000000,24.104166667
965.000000,11.313505737,34.994375348,72.229922508,6.000000,24.097222222
965.500000,11.319038237,34.984343414,72.231078113,6.000000,24.090277778
966.000000,11.324570203,34.974311320,72.232233793,6.000000,24.083333333
966.500000,11.330101635,34.964279065,72.233389546,6.000000,24.076388889
967.000000,11.335632533,34.954246650,72.234545373,6.000000,24.069444444
967.500000,11.341162897,34.944214074,72.235701275,6.000000,24.062500000
968.000000,11.346692727,34.934181338,72.236857250,6.000000,24.055555556
968.500000,11.352222023,34.924148441,72.238013299,6.000000,24.048611111
969.000000,11.357750786,34.914115384,72.239169423,6.000000,24.041666667
969.500000,11.363279015,34.904082166,72.240325620,6.000000,24.034722222
970.000000,11.368806711,34.894048787,72.241481891,6.000000,24.027777778
970.500000,11.374333873,34.884015248,72.242638237,6.000000,24.020833333
971.000000,11.379860502,34.873981548,72.243794656,6.000000,24.013888889
971.500000,11.385386597,34.863947688,72.244951150,6.000000,24.006944444
972.000000,11.390912158,34.853913667,72.246107717,6.000000,24.000000000
972.500000,11.396437187,34.843879485,72.247264358,6.000000,23.993055556
973.000000,11.401961682,34.833845143,72.248421074,6.000000,23.986111111
973.500000,11.407485644,34.823810640,72.249577863,6.000000,23.979166667
974.000000,11.413009072,34.813775977,72.250734727,6.000000,23.972222222
974.500000,11.418531968,34.803741152,72.251891665,6.000000,23.965277778
975.000000,11.424054330,34.793706167,72.253048676,6.000000,23.958333333
975.500000,11.429576160,34.783671022,72.254205762,6.000000,23.951388889
976.000000,11.435097456,34.773635715,72.255362922,6.000000,23.944444444
976.500000,11.440618220,34.763600248,72.256520156,6.000000,23.937500000
977.000000,11.446138451,34.753564620,72.257677464,6.000000,23.930555556
977.500000,11.451658148,34.743528832,72.258834846,6.000000,23.923611111
978.000000,11.457177314,34.733492883,72.259992302,6.000000,23.916666667
978.500000,11.462695946,34.723456773,72.261149832,6.000000,23.909722222
979.000000,11.468214046,34.713420502,72.262307436,6.000000,23.902777778
979.500000,11.473731613,34.703384070,72.263465115,6.000000,23.895833333
980.000000,11.479248647,34.693347478,72.264622867,6.000000,23.888888889
980.500000,11.484765149,34.683310725,72.265780694,6.000000,23.881944444
981.000000,11.490281119,34.673273811,72.266938595,6.000000,23.875000000
981.500000,11.495796556,34.663236736,72.268096570,6.000000,23.868055556
982.000000,11.501311461,34.653199500,72.269254619,6.000000,23.861111111
982.500000,11.506825833,34.643162104,72.270412742,6.000000,23.854166667
983.000000,11.512339674,34.633124546,72.271570939,6.000000,23.847222222
983.500000,11.517852982,34.623086828,72.272729211,6.000000,23.840277778
984.000000,11.523365758,34.613048949,72.273887556,6.000000,23.833333333
984.500000,11.528878002,34.603010909,72.275045976,6.000000,23.826388889
985.000000,11.534389714,34.592972708,72.276204470,6.000000,23.819444444
985.500000,11.539900893,34.582934347,72.277363038,6.000000,23.812500000
986.000000,11.545411541,34.572895824,72.278521680,6.000000,23.805555556
986.500000,11.550921657,34.562857141,72.279680397,6.000000,23.798611111
987.000000,11.556431242,34.552818296,72.280839187,6.000000,23.791666667
987.500000,11.561940294,34.542779291,72.281998052,6.000000,23.784722222
988.000000,11.567448815,34.532740124,72.283156991,6.000000,23.777777778
988.500000,11.572956804,34.522700797,72.284316004,6.000000,23.770833333
989.000000,11.578464261,34.512661308,72.285475092,6.000000,23.763888889
989.500000,11.583971187,34.502621659,72.286634253,6.000000,23.756944444
990.000000,11.589477581,34.492581849,72.287793489,6.000000,23.750000000
990.500000,11.594983444,34.482541878,72.288952799,6.000000,23.743055556
991.000000,11.600488775,34.472501745,72.290112184,6.000000,23.736111111
991.500000,11.605993575,34.462461452,72.291271642,6.000000,23.729166667
992.000000,11.611497844,34.452420997,72.292431175,6.000000,23.722222222
992.500000,11.617001582,34.442380382,72.293590782,6.000000,23.715277778
993.000000,11.622504788,34.432339605,72.294750463,6.000000,23.708333333
993.500000,11.628007463,34.422298668,72.295910219,6.000000,23.701388889
994.000000,11.633509607,34.412257569,72.297070048,6.000000,23.694444444
994.500000,11.639011220,34.402216310,72.298229952,6.000000,23.687500000
995.000000,11.644512302,34.392174889,72.299389931,6.000000,23.680555556
995.500000,11.650012853,34.382133307,72.300549983,6.000000,23.673611111
996.000000,11.655512873,34.372091564,72.301710110,6.000000,23.666666667
996.500000,11.661012362,34.362049660,72.302870311,6.000000,23.659722222
997.000000,11.666511321,34.352007594,72.304030586,6.000000,23.652777778
997.500000,11.672009749,34.341965368,72.305190936,6.000000,23.645833333
998.000000,11.677507646,34.331922980,72.306351360,6.000000,23.638888889
998.500000,11.683005012,34.321880431,72.307511858,6.000000,23.631944444
999.000000,11.688501848,34.311837721,72.308672431,6.000000,23.625000000
999.500000,11.693998153,34.301794850,72.309833078,6.000000,23.618055556
1000.000000,11.699493928,34.291751818,72.310993799,6.000000,23.611111111
1000.500000,11.704989172,34.281708624,72.312154595,6.000000,23.604166667
1001.000000,11.710483886,34.271665269,72.313315465,6.000000,23.597222222
1001.500000,11.715978070,34.261621753,72.314476409,6.000000,23.590277778
1002.000000,11.721471723,34.251578076,72.315637427,6.000000,23.583333333
1002.500000,11.726964846,34.241534238,72.316798520,6.000000,23.576388889
1003.000000,11.732457439,34.231490238,72.317959688,6.000000,23.569444444
1003.500000,11.737949502,34.221446077,72.319120929,6.000000,23.562500000
1004.000000,11.743441035,34.211401754,72.320282245,6.000000,23.555555556
1004.500000,11.748932038,34.201357271,72.321443636,6.000000,23.548611111
1005.000000,11.754422510,34.191312626,72.322605100,6.000000,23.541666667
1005.500000,11.759912453,34.181267820,72.323766639,6.000000,23.534722222
1006.000000,11.765401866,34.171222852,72.324928253,6.000000,23.527777778
1006.500000,11.770890750,34.161177723,72.326089941,6.000000,23.520833333
1007.000000,11.776379103,34.151132433,72.327251703,6.000000,23.513888889
1007.500000,11.781866927,34.141086981,72.328413540,6.000000,23.506944444
1008.000000,11.787354221,34.131041368,72.329575451,6.000000,23.500000000
1008.500000,11.792840985,34.120995594,72.330737436,6.000000,23.493055556
1009.000000,11.798327220,34.110949658,72.331899496,6.000000,23.486111111
1009.500000,11.803812926,34.100903561,72.333061630,6.000000,23.479166667
1010.000000,11.809298102,34.090857302,72.334223839,6.000000,23.472222222
1010.500000,11.814782748,34.080810882,72.335386122,6.000000,23.465277778
1011.000000,11.820266865,34.070764301,72.336548480,6.000000,23.458333333
1011.500000,11.825750453,34.060717558,72.337710912,6.000000,23.451388889
1012.000000,11.831233512,34.050670654,72.338873419,6.000000,23.444444444
1012.500000,11.836716042,34.040623588,72.340035999,6.000000,23.437500000
1013.000000,11.842198042,34.030576361,72.341198655,6.000000,23.430555556
1013.500000,11.847679513,34.020528972,72.342361385,6.000000,23.423611111
1014.000000,11.853160455,34.010481422,72.343524189,6.000000,23.416666667
1014.500000,11.858640869,34.000433710,72.344687068,6.000000,23.409722222
1015.000000,11.864120753,33.990385837,72.345850021,6.000000,23.402777778
1015.500000,11.869600108,33.980337802,72.347013049,6.000000,23.395833333
1016.000000,11.875078935,33.970289606,72.348176151,6.000000,23.388888889
1016.500000,11.880557233,33.960241248,72.349339328,6.000000,23.381944444
1017.000000,11.886035002,33.950192729,72.350502579,6.000000,23.375000000
1017.500000,11.891512242,33.940144048,72.351665905,6.000000,23.368055556
1018.000000,11.896988954,33.930095205,72.352829305,6.000000,23.361111111
1018.500000,11.902465137,33.920046201,72.353992780,6.000000,23.354166667
1019.000000,11.907940792,33.909997036,72.355156329,6.000000,23.347222222
1019.500000,11.913415918,33.899947708,72.356319953,6.000000,23.340277778
1020.000000,11.918890516,33.889898220,72.357483652,6.000000,23.333333333
1020.500000,11.924364586,33.879848569,72.358647425,6.000000,23.326388889
1021.000000,11.929838127,33.869798757,72.359811272,6.000000,23.319444444
1021.500000,11.935311140,33.859748783,72.360975194,6.000000,23.312500000
1022.000000,11.940783624,33.849698648,72.362139191,6.000000,23.305555556
1022.500000,11.946255581,33.839648351,72.363303262,6.000000,23.298611111
1023.000000,11.951727009,33.829597892,72.364467407,6.000000,23.291666667
1023.500000,11.957197910,33.819547271,72.365631628,6.000000,23.284722222
1024.000000,11.962668282,33.809496489,72.366795922,6.000000,23.277777778
1024.500000,11.968138126,33.799445545,72.367960292,6.000000,23.270833333
1025.000000,11.973607443,33.789394440,72.369124736,6.000000,23.263888889
1025.500000,11.979076231,33.779343172,72.370289254,6.000000,23.256944444
1026.000000,11.984544492,33.769291743,72.371453847,6.000000,23.250000000
1026.500000,11.990012225,33.759240152,72.372618515,6.000000,23.243055556
1027.000000,11.995479431,33.749188400,72.373783258,6.000000,23.236111111
1027.500000,12.000946108,33.739136486,72.374948075,6.000000,23.229166667
1028.000000,12.006412258,33.729084409,72.376112966,6.000000,23.222222222
1028.500000,12.011877881,33.719032172,72.377277932,6.000000,23.215277778
1029.000000,12.017342976,33.708979772,72.378442973,6.000000,23.208333333
1029.500000,12.022807544,33.698927210,72.379608089,6.000000,23.201388889
1030.000000,12.028271584,33.688874487,72.380773279,6.000000,23.194444444
1030.500000,12.033735097,33.678821602,72.381938544,6.000000,23.187500000
1031.000000,12.039198083,33.668768555,72.383103883,6.000000,23.180555556
1031.500000,12.044660541,33.658715346,72.384269297,6.000000,23.173611111
1032.000000,12.050122472,33.648661975,72.385434786,6.000000,23.166666667
1032.500000,12.055583877,33.638608443,72.386600349,6.000000,23.159722222
1033.000000,12.061044754,33.628554748,72.387765987,6.000000,23.152777778
1033.500000,12.066505104,33.618500892,72.388931700,6.000000,23.145833333
1034.000000,12.071964927,33.608446873,72.390097488,6.000000,23.138888889
1034.500000,12.077424223,33.598392693,72.391263350,6.000000,23.131944444
1035.000000,12.082882992,33.588338351,72.392429286,6.000000,23.125000000
1035.500000,12.088341234,33.578283847,72.393595298,6.000000,23.118055556
1036.000000,12.093798950,33.568229181,72.394761384,6.000000,23.111111111
1036.500000,12.099256139,33.558174353,72.395927545,6.000000,23.104166667
1037.000000,12.104712801,33.548119363,72.397093781,6.000000,23.097222222
1037.500000,12.110168937,33.538064211,72.398260091,6.000000,23.090277778
1038.000000,12.115624546,33.528008897,72.399426476,6.000000,23.083333333
1038.500000,12.121079628,33.517953421,72.400592936,6.000000,23.076388889
1039.000000,12.126534185,33.507897783,72.401759470,6.000000,23.069444444
1039.500000,12.131988214,33.497841983,72.402926080,6.000000,23.062500000
1040.000000,12.137441718,33.487786022,72.404092764,6.000000,23.055555556
1040.500000,12.142894695,33.477729898,72.405259522,6.000000,23.048611111
1041.000000,12.148347145,33.467673611,72.406426356,6.000000,23.041666667
1041.500000,12.153799070,33.457617163,72.407593264,6.000000,23.034722222
1042.000000,12.159250468,33.447560553,72.408760247,6.000000,23.027777778
1042.500000,12.164701341,33.437503781,72.409927305,6.000000,23.020833333
1043.000000,12.170151687,33.427446847,72.411094438,6.000000,23.013888889
1043.500000,12.175601507,33.417389750,72.412261645,6.000000,23.006944444
1044.000000,12.181050801,33.407332492,72.413428927,6.000000,23.000000000
1044.500000,12.186499570,33.397275071,72.414596284,6.000000,22.993055556
1045.000000,12.191947812,33.387217488,72.415763716,6.000000,22.986111111
1045.500000,12.197395529,33.377159743,72.416931222,6.000000,22.979166667
1046.000000,12.202842720,33.367101836,72.418098804,6.000000,22.972222222
1046.500000,12.208289385,33.357043767,72.419266460,6.000000,22.965277778
1047.000000,12.213735525,33.346985535,72.420434191,6.000000,22.958333333
1047.500000,12.219181139,33.336927142,72.421601997,6.000000,22.951388889
1048.000000,12.224626228,33.326868586,72.422769877,6.000000,22.944444444
1048.500000,12.230070791,33.316809868,72.423937833,6.000000,22.937500000
1049.000000,12.235514828,33.306750988,72.425105863,6.000000,22.930555556
1049.500000,12.240958341,33.296691945,72.426273968,6.000000,22.923611111
1050.000000,12.246401328,33.286632740,72.427442148,6.000000,22.916666667
1050.500000,12.251843789,33.276573373,72.428610403,6.000000,22.909722222
1051.000000,12.257285726,33.266513844,72.429778733,6.000000,22.902777778
1051.500000,12.262727137,33.256454153,72.430947138,6.000000,22.895833333
1052.000000,12.268168023,33.246394299,72.432115617,6.000000,22.888888889
1052.500000,12.273608384,33.236334283,72.433284171,6.000000,22.881944444
1053.000000,12.279048220,33.226274104,72.434452801,6.000000,22.875000000
1053.500000,12.284487531,33.216213764,72.435621505,6.000000,22.868055556
1054.000000,12.289926317,33.206153261,72.436790284,6.000000,22.861111111
1054.500000,12.295364578,33.196092595,72.437959138,6.000000,22.854166667
1055.000000,12.300802315,33.186031768,72.439128067,6.000000,22.847222222
1055.500000,12.306239526,33.175970778,72.440297070,6.000000,22.840277778
1056.000000,12.311676213,33.165909625,72.441466149,6.000000,22.833333333
1056.500000,12.317112375,33.155848311,72.442635303,6.000000,22.826388889
1057.000000,12.322548013,33.145786834,72.443804531,6.000000,22.819444444
1057.500000,12.327983126,33.135725194,72.444973835,6.000000,22.812500000
1058.000000,12.333417715,33.125663392,72.446143213,6.000000,22.805555556
1058.500000,12.338851779,33.115601428,72.447312666,6.000000,22.798611111
1059.000000,12.344285318,33.105539301,72.448482195,6.000000,22.791666667
1059.500000,12.349718334,33.095477012,72.449651798,6.000000,22.784722222
1060.000000,12.355150825,33.085414560,72.450821476,6.000000,22.777777778
1060.500000,12.360582791,33.075351946,72.451991229,6.000000,22.770833333
1061.000000,12.366014234,33.065289170,72.453161057,6.000000,22.763888889
1061.500000,12.371445152,33.055226231,72.454330960,6.000000,22.756944444
1062.000000,12.376875547,33.045163129,72.455500938,6.000000,22.750000000
1062.500000,12.382305417,33.035099865,72.456670991,6.000000,22.743055556
1063.000000,12.387734763,33.025036438,72.457841119,6.000000,22.736111111
1063.500000,12.393163585,33.014972849,72.459011323,6.000000,22.729166667
1064.000000,12.398591884,33.004909098,72.460181601,6.000000,22.722222222
1064.500000,12.404019658,32.994845184,72.461351954,6.000000,22.715277778
1065.000000,12.409446909,32.984781107,72.462522382,6.000000,22.708333333
1065.500000,12.414873636,32.974716868,72.463692885,6.000000,22.701388889
1066.000000,12.420299839,32.964652466,72.464863463,6.000000,22.694444444
1066.500000,12.425725519,32.954587902,72.466034116,6.000000,22.687500000
1067.000000,12.431150675,32.944523175,72.467204844,6.000000,22.680555556
1067.500000,12.436575307,32.934458285,72.468375647,6.000000,22.673611111
1068.000000,12.441999416,32.924393233,72.469546526,6.000000,22.666666667
1068.500000,12.447423002,32.914328018,72.470717479,6.000000,22.659722222
1069.000000,12.452846064,32.904262641,72.471888507,6.000000,22.652777778
1069.500000,12.458268603,32.894197101,72.473059611,6.000000,22.645833333
1070.000000,12.463690618,32.884131398,72.474230789,6.000000,22.638888889
1070.500000,12.469112111,32.874065533,72.475402043,6.000000,22.631944444
1071.000000,12.474533080,32.863999505,72.476573372,6.000000,22.625000000
1071.500000,12.479953526,32.853933314,72.477744775,6.000000,22.618055556
1072.000000,12.485373449,32.843866960,72.478916254,6.000000,22.611111111
1072.500000,12.490792849,32.833800444,72.480087808,6.000000,22.604166667
1073.000000,12.496211726,32.823733765,72.481259437,6.000000,22.597222222
1073.500000,12.501630080,32.813666924,72.482431141,6.000000,22.590277778
1074.000000,12.507047911,32.803599919,72.483602920,6.000000,22.583333333
1074.500000,12.512465219,32.793532752,72.484774775,6.000000,22.576388889
1075.000000,12.517882004,32.783465423,72.485946704,6.000000,22.569444444
1075.500000,12.523298267,32.773397930,72.487118709,6.000000,22.562500000
1076.000000,12.528714007,32.763330275,72.488290788,6.000000,22.555555556
1076.500000,12.534129225,32.753262456,72.489462943,6.000000,22.548611111
1077.000000,12.539543920,32.743194475,72.490635173,6.000000,22.541666667
1077.500000,12.544958092,32.733126332,72.491807478,6.000000,22.534722222
1078.000000,12.550371742,32.723058025,72.492979859,6.000000,22.527777778
1078.500000,12.555784869,32.712989556,72.494152314,6.000000,22.520833333
1079.000000,12.561197474,32.702920923,72.495324845,6.000000,22.513888889
1079.500000,12.566609557,32.692852128,72.496497451,6.000000,22.506944444
1080.000000,12.572021118,32.682783170,72.497670132,6.000000,22.500000000
1080.500000,12.577432156,32.672714049,72.498842888,6.000000,22.493055556
1081.000000,12.582842672,32.662644766,72.500015719,6.000000,22.486111111
1081.500000,12.588252666,32.652575319,72.501188626,6.000000,22.479166667
1082.000000,12.593662138,32.642505710,72.502361607,6.000000,22.472222222
1082.500000,12.599071088,32.632435937,72.503534664,6.000000,22.465277778
1083.000000,12.604479516,32.622366002,72.504707796,6.000000,22.458333333
1083.500000,12.609887422,32.612295903,72.505881004,6.000000,22.451388889
1084.000000,12.615294806,32.602225642,72.507054286,6.000000,22.444444444
1084.500000,12.620701669,32.592155218,72.508227644,6.000000,22.437500000
1085.000000,12.626108009,32.582084631,72.509401077,6.000000,22.430555556
1085.500000,12.631513828,32.572013881,72.510574585,6.000000,22.423611111
1086.000000,12.636919126,32.561942967,72.511748169,6.000000,22.416666667
1086.500000,12.642323901,32.551871891,72.512921828,6.000000,22.409722222
1087.000000,12.647728155,32.541800652,72.514095561,6.000000,22.402777778
1087.500000,12.653131888,32.531729250,72.515269371,6.000000,22.395833333
1088.000000,12.658535099,32.521657685,72.516443255,6.000000,22.388888889
1088.500000,12.663937789,32.511585957,72.517617215,6.000000,22.381944444
1089.000000,12.669339957,32.501514065,72.518791250,6.000000,22.375000000
1089.500000,12.674741605,32.491442011,72.519965360,6.000000,22.368055556
1090.000000,12.680142730,32.481369794,72.521139546,6.000000,22.361111111
1090.500000,12.685543335,32.471297413,72.522313807,6.000000,22.354166667
1091.000000,12.690943419,32.461224870,72.523488143,6.000000,22.347222222
1091.500000,12.696342981,32.451152163,72.524662554,6.000000,22.340277778
1092.000000,12.701742022,32.441079293,72.525837041,6.000000,22.333333333
1092.500000,12.707140543,32.431006260,72.527011603,6.000000,22.326388889
1093.000000,12.712538542,32.420933064,72.528186241,6.000000,22.319444444
1093.500000,12.717936021,32.410859705,72.529360953,6.000000,22.312500000
1094.000000,12.723332979,32.400786182,72.530535742,6.000000,22.305555556
1094.500000,12.728729415,32.390712497,72.531710605,6.000000,22.298611111
1095.000000,12.734125332,32.380638648,72.532885544,6.000000,22.291666667
1095.500000,12.739520727,32.370564636,72.534060558,6.000000,22.284722222
1096.000000,12.744915602,32.360490461,72.535235647,6.000000,22.277777778
1096.500000,12.750309956,32.350416123,72.536410812,6.000000,22.270833333
1097.000000,12.755703790,32.340341622,72.537586052,6.000000,22.263888889
1097.500000,12.761097103,32.330266957,72.538761368,6.000000,22.256944444
1098.000000,12.766489896,32.320192129,72.539936758,6.000000,22.250000000
1098.500000,12.771882168,32.310117138,72.541112225,6.000000,22.243055556
1099.000000,12.777273921,32.300041983,72.542287766,6.000000,22.236111111
1099.500000,12.782665152,32.289966665,72.543463383,6.000000,22.229166667
1100.000000,12.788055864,32.279891184,72.544639076,6.000000,22.222222222
1100.500000,12.793446055,32.269815540,72.545814843,6.000000,22.215277778
1101.000000,12.798835727,32.259739732,72.546990687,6.000000,22.208333333
1101.500000,12.804224878,32.249663762,72.548166605,6.000000,22.201388889
1102.000000,12.809613509,32.239587627,72.549342599,6.000000,22.194444444
1102.500000,12.815001620,32.229511330,72.550518669,6.000000,22.187500000
1103.000000,12.820389211,32.219434869,72.551694814,6.000000,22.180555556
1103.500000,12.825776283,32.209358244,72.552871034,6.000000,22.173611111
1104.000000,12.831162834,32.199281457,72.554047330,6.000000,22.166666667
1104.500000,12.836548866,32.189204506,72.555223701,6.000000,22.159722222
1105.000000,12.841934378,32.179127391,72.556400147,6.000000,22.152777778
1105.500000,12.847319370,32.169050114,72.557576669,6.000000,22.145833333
1106.000000,12.852703843,32.158972672,72.558753267,6.000000,22.138888889
1106.500000,12.858087796,32.148895068,72.559929940,6.000000,22.131944444
1107.000000,12.863471230,32.138817300,72.561106688,6.000000,22.125000000
1107.500000,12.868854144,32.128739368,72.562283512,6.000000,22.118055556
1108.000000,12.874236539,32.118661273,72.563460412,6.000000,22.111111111
1108.500000,12.879618414,32.108583015,72.564637387,6.000000,22.104166667
1109.000000,12.884999770,32.098504593,72.565814437,6.000000,22.097222222
1109.500000,12.890380607,32.088426008,72.566991563,6.000000,22.090277778
1110.000000,12.895760925,32.078347259,72.568168764,6.000000,22.083333333
1110.500000,12.901140723,32.068268347,72.569346041,6.000000,22.076388889
1111.000000,12.906520002,32.058189271,72.570523394,6.000000,22.069444444
1111.500000,12.911898763,32.048110031,72.571700821,6.000000,22.062500000
1112.000000,12.917277004,32.038030628,72.572878325,6.000000,22.055555556
1112.500000,12.922654726,32.027951062,72.574055904,6.000000,22.048611111
1113.000000,12.928031929,32.017871332,72.575233558,6.000000,22.041666667
1113.500000,12.933408614,32.007791439,72.576411288,6.000000,22.034722222
1114.000000,12.938784780,31.997711381,72.577589094,6.000000,22.027777778
1114.500000,12.944160426,31.987631161,72.578766975,6.000000,22.020833333
1115.000000,12.949535555,31.977550776,72.579944932,6.000000,22.013888889
1115.500000,12.954910164,31.967470228,72.581122964,6.000000,22.006944444
1116.000000,12.960284255,31.957389517,72.582301072,6.000000,22.000000000
1116.500000,12.965657827,31.947308642,72.583479255,6.000000,21.993055556
1117.000000,12.971030881,31.937227603,72.584657514,6.000000,21.986111111
1117.500000,12.976403417,31.927146401,72.585835849,6.000000,21.979166667
1118.000000,12.981775434,31.917065035,72.587014259,6.000000,21.972222222
1118.500000,12.987146932,31.906983505,72.588192745,6.000000,21.965277778
1119.000000,12.992517913,31.896901811,72.589371306,6.000000,21.958333333
1119.500000,12.997888375,31.886819954,72.590549943,6.000000,21.951388889
1120.000000,13.003258318,31.876737933,72.591728655,6.000000,21.944444444
1120.500000,13.008627744,31.866655749,72.592907444,6.000000,21.937500000
1121.000000,13.013996652,31.856573401,72.594086307,6.000000,21.930555556
1121.500000,13.019365041,31.846490889,72.595265247,6.000000,21.923611111
1122.000000,13.024732913,31.836408213,72.596444262,6.000000,21.916666667
1122.500000,13.030100266,31.826325373,72.597623352,6.000000,21.909722222
1123.000000,13.035467102,31.816242370,72.598802519,6.000000,21.902777778
1123.500000,13.040833420,31.806159203,72.599981761,6.000000,21.895833333
1124.000000,13.046199220,31.796075872,72.601161078,6.000000,21.888888889
1124.500000,13.051564502,31.785992378,72.602340472,6.000000,21.881944444
1125.000000,13.056929267,31.775908719,72.603519940,6.000000,21.875000000
1125.500000,13.062293514,31.765824897,72.604699485,6.000000,21.868055556
1126.000000,13.067657243,31.755740911,72.605879105,6.000000,21.861111111
1126.500000,13.073020455,31.745656761,72.607058801,6.000000,21.854166667
1127.000000,13.078383149,31.735572447,72.608238573,6.000000,21.847222222
1127.500000,13.083745326,31.725487970,72.609418420,6.000000,21.840277778
1128.000000,13.089106985,31.715403328,72.610598343,6.000000,21.833333333
1128.500000,13.094468128,31.705318523,72.611778342,6.000000,21.826388889
1129.000000,13.099828752,31.695233554,72.612958417,6.000000,21.819444444
1129.500000,13.105188860,31.685148421,72.614138567,6.000000,21.812500000
1130.000000,13.110548450,31.675063124,72.615318793,6.000000,21.805555556
1130.500000,13.115907523,31.664977663,72.616499094,6.000000,21.798611111
1131.000000,13.121266080,31.654892038,72.617679472,6.000000,21.791666667
1131.500000,13.126624119,31.644806249,72.618859925,6.000000,21.784722222
1132.000000,13.131981641,31.634720296,72.620040453,6.000000,21.777777778
1132.500000,13.137338646,31.624634180,72.621221058,6.000000,21.770833333
1133.000000,13.142695134,31.614547899,72.622401738,6.000000,21.763888889
1133.500000,13.148051105,31.604461454,72.623582494,6.000000,21.756944444
1134.000000,13.153406560,31.594374846,72.624763326,6.000000,21.750000000
1134.500000,13.158761498,31.584288073,72.625944234,6.000000,21.743055556
1135.000000,13.164115919,31.574201136,72.627125217,6.000000,21.736111111
1135.500000,13.169469824,31.564114035,72.628306276,6.000000,21.729166667
1136.000000,13.174823212,31.554026771,72.629487411,6.000000,21.722222222
1136.500000,13.180176083,31.543939342,72.630668622,6.000000,21.715277778
1137.000000,13.185528438,31.533851749,72.631849909,6.000000,21.708333333
1137.500000,13.190880276,31.523763992,72.633031271,6.000000,21.701388889
1138.000000,13.196231599,31.513676071,72.634212709,6.000000,21.694444444
1138.500000,13.201582404,31.503587986,72.635394223,6.000000,21.687500000
1139.000000,13.206932694,31.493499737,72.636575813,6.000000,21.680555556
1139.500000,13.212282467,31.483411323,72.637757479,6.000000,21.673611111
1140.000000,13.217631724,31.473322746,72.638939220,6.000000,21.666666667
1140.500000,13.222980465,31.463234004,72.640121037,6.000000,21.659722222
1141.000000,13.228328690,31.453145099,72.641302930,6.000000,21.652777778
1141.500000,13.233676399,31.443056029,72.642484899,6.000000,21.645833333
1142.000000,13.239023591,31.432966795,72.643666944,6.000000,21.638888889
1142.500000,13.244370268,31.422877397,72.644849065,6.000000,21.631944444
1143.000000,13.249716429,31.412787834,72.646031261,6.000000,21.625000000
1143.500000,13.255062074,31.402698108,72.647213534,6.000000,21.618055556
1144.000000,13.260407204,31.392608217,72.648395882,6.000000,21.611111111
1144.500000,13.265751817,31.382518162,72.649578306,6.000000,21.604166667
1145.000000,13.271095915,31.372427943,72.650760806,6.000000,21.597222222
1145.500000,13.276439498,31.362337559,72.651943382,6.000000,21.590277778
1146.000000,13.281782564,31.352247012,72.653126034,6.000000,21.583333333
1146.500000,13.287125116,31.342156300,72.654308762,6.000000,21.576388889
1147.000000,13.292467151,31.332065424,72.655491565,6.000000,21.569444444
1147.500000,13.297808672,31.321974383,72.656674445,6.000000,21.562500000
1148.000000,13.303149676,31.311883178,72.657857400,6.000000,21.555555556
1148.500000,13.308490166,31.301791809,72.659040432,6.000000,21.548611111
1149.000000,13.313830140,31.291700276,72.660223539,6.000000,21.541666667
1149.500000,13.319169599,31.281608578,72.661406722,6.000000,21.534722222
1150.000000,13.324508543,31.271516716,72.662589981,6.000000,21.527777778
1150.500000,13.329846972,31.261424690,72.663773316,6.000000,21.520833333
1151.000000,13.335184886,31.251332499,72.664956728,6.000000,21.513888889
1151.500000,13.340522284,31.241240144,72.666140215,6.000000,21.506944444
1152.000000,13.345859168,31.231147624,72.667323778,6.000000,21.500000000
1152.500000,13.351195537,31.221054940,72.668507417,6.000000,21.493055556
1153.000000,13.356531391,31.210962092,72.669691131,6.000000,21.486111111
1153.500000,13.361866730,31.200869080,72.670874922,6.000000,21.479166667
1154.000000,13.367201554,31.190775902,72.672058789,6.000000,21.472222222
1154.500000,13.372535863,31.180682561,72.673242732,6.000000,21.465277778
1155.000000,13.377869658,31.170589055,72.674426751,6.000000,21.458333333
1155.500000,13.383202939,31.160495385,72.675610846,6.000000,21.451388889
1156.000000,13.388535704,31.150401550,72.676795017,6.000000,21.444444444
1156.500000,13.393867955,31.140307551,72.677979264,6.000000,21.437500000
1157.000000,13.399199692,31.130213387,72.679163587,6.000000,21.430555556
1157.500000,13.404530914,31.120119058,72.680347986,6.000000,21.423611111
1158.000000,13.409861622,31.110024566,72.681532461,6.000000,21.416666667
1158.500000,13.415191816,31.099929908,72.682717012,6.000000,21.409722222
1159.000000,13.420521495,31.089835087,72.683901639,6.000000,21.402777778
1159.500000,13.425850660,31.079740100,72.685086342,6.000000,21.395833333
1160.000000,13.431179311,31.069644949,72.686271121,6.000000,21.388888889
1160.500000,13.436507447,31.059549634,72.687455976,6.000000,21.381944444
1161.000000,13.441835070,31.049454154,72.688640907,6.000000,21.375000000
1161.500000,13.447162179,31.039358509,72.689825915,6.000000,21.368055556
1162.000000,13.452488773,31.029262700,72.691010998,6.000000,21.361111111
1162.500000,13.457814854,31.019166726,72.692196158,6.000000,21.354166667
1163.000000,13.463140421,31.009070588,72.693381393,6.000000,21.347222222
1163.500000,13.468465474,30.998974285,72.694566705,6.000000,21.340277778
1164.000000,13.473790013,30.988877818,72.695752093,6.000000,21.333333333
1164.500000,13.479114039,30.978781185,72.696937556,6.000000,21.326388889
1165.000000,13.484437550,30.968684388,72.698123096,6.000000,21.319444444
1165.500000,13.489760549,30.958587427,72.699308712,6.000000,21.312500000
1166.000000,13.495083033,30.948490301,72.700494405,6.000000,21.305555556
1166.500000,13.500405004,30.938393010,72.701680173,6.000000,21.298611111
1167.000000,13.505726462,30.928295554,72.702866017,6.000000,21.291666667
1167.500000,13.511047406,30.918197934,72.704051938,6.000000,21.284722222
1168.000000,13.516367837,30.908100149,72.705237935,6.000000,21.277777778
1168.500000,13.521687755,30.898002199,72.706424007,6.000000,21.270833333
1169.000000,13.527007159,30.887904085,72.707610156,6.000000,21.263888889
1169.500000,13.532326050,30.877805806,72.708796382,6.000000,21.256944444
1170.000000,13.537644428,30.867707362,72.709982683,6.000000,21.250000000
1170.500000,13.542962293,30.857608753,72.711169060,6.000000,21.243055556
1171.000000,13.548279644,30.847509979,72.712355514,6.000000,21.236111111
1171.500000,13.553596483,30.837411041,72.713542044,6.000000,21.229166667
1172.000000,13.558912809,30.827311938,72.714728650,6.000000,21.222222222
1172.500000,13.564228621,30.817212670,72.715915332,6.000000,21.215277778
1173.000000,13.569543921,30.807113238,72.717102091,6.000000,21.208333333
1173.500000,13.574858708,30.797013640,72.718288925,6.000000,21.201388889
1174.000000,13.580172983,30.786913878,72.719475836,6.000000,21.194444444
1174.500000,13.585486744,30.776813951,72.720662823,6.000000,21.187500000
1175.000000,13.590799993,30.766713858,72.721849886,6.000000,21.180555556
1175.500000,13.596112729,30.756613602,72.723037026,6.000000,21.173611111
1176.000000,13.601424953,30.746513180,72.724224241,6.000000,21.166666667
1176.500000,13.606736664,30.736412593,72.725411533,6.000000,21.159722222
1177.000000,13.612047863,30.726311841,72.726598901,6.000000,21.152777778
1177.500000,13.617358549,30.716210925,72.727786346,6.000000,21.145833333
1178.000000,13.622668723,30.706109843,72.728973867,6.000000,21.138888889
1178.500000,13.627978385,30.696008597,72.730161463,6.000000,21.131944444
1179.000000,13.633287534,30.685907186,72.731349137,6.000000,21.125000000
1179.500000,13.638596171,30.675805610,72.732536886,6.000000,21.118055556
1180.000000,13.643904296,30.665703868,72.733724712,6.000000,21.111111111
1180.500000,13.649211909,30.655601962,72.734912614,6.000000,21.104166667
1181.000000,13.654519010,30.645499891,72.736100592,6.000000,21.097222222
1181.500000,13.659825599,30.635397655,72.737288647,6.000000,21.090277778
1182.000000,13.665131675,30.625295253,72.738476778,6.000000,21.083333333
1182.500000,13.670437240,30.615192687,72.739664985,6.000000,21.076388889
1183.000000,13.675742293,30.605089956,72.740853268,6.000000,21.069444444
1183.500000,13.681046834,30.594987060,72.742041628,6.000000,21.062500000
1184.000000,13.686350864,30.584883998,72.743230064,6.000000,21.055555556
1184.500000,13.691654381,30.574780772,72.744418576,6.000000,21.048611111
1185.000000,13.696957387,30.564677381,72.745607165,6.000000,21.041666667
1185.500000,13.702259882,30.554573824,72.746795830,6.000000,21.034722222
1186.000000,13.707561864,30.544470102,72.747984572,6.000000,21.027777778
1186.500000,13.712863336,30.534366216,72.749173390,6.000000,21.020833333
1187.000000,13.718164295,30.524262164,72.750362284,6.000000,21.013888889
1187.500000,13.723464744,30.514157947,72.751551254,6.000000,21.006944444
1188.000000,13.728764681,30.504053565,72.752740301,6.000000,21.000000000
1188.500000,13.734064106,30.493949017,72.753929424,6.000000,20.993055556
1189.000000,13.739363021,30.483844305,72.755118624,6.000000,20.986111111
1189.500000,13.744661424,30.473739427,72.756307900,6.000000,20.979166667
1190.000000,13.749959316,30.463634385,72.757497252,6.000000,20.972222222
1190.500000,13.755256697,30.453529177,72.758686681,6.000000,20.965277778
1191.000000,13.760553567,30.443423803,72.759876186,6.000000,20.958333333
1191.500000,13.765849925,30.433318265,72.761065768,6.000000,20.951388889
1192.000000,13.771145773,30.423212562,72.762255425,6.000000,20.944444444
1192.500000,13.776441110,30.413106693,72.763445160,6.000000,20.937500000
1193.000000,13.781735936,30.403000659,72.764634971,6.000000,20.930555556
1193.500000,13.787030251,30.392894459,72.765824858,6.000000,20.923611111
1194.000000,13.792324056,30.382788095,72.767014821,6.000000,20.916666667
1194.500000,13.797617349,30.372681565,72.768204862,6.000000,20.909722222
1195.000000,13.802910132,30.362574870,72.769394978,6.000000,20.902777778
1195.500000,13.808202405,30.352468009,72.770585171,6.000000,20.895833333
1196.000000,13.813494167,30.342360984,72.771775440,6.000000,20.888888889
1196.500000,13.818785418,30.332253793,72.772965786,6.000000,20.881944444
1197.000000,13.824076159,30.322146436,72.774156209,6.000000,20.875000000
1197.500000,13.829366389,30.312038915,72.775346707,6.000000,20.868055556
1198.000000,13.834656109,30.301931228,72.776537283,6.000000,20.861111111
1198.500000,13.839945319,30.291823375,72.777727934,6.000000,20.854166667
1199.000000,13.845234018,30.281715357,72.778918663,6.000000,20.847222222
1199.500000,13.850522207,30.271607174,72.780109467,6.000000,20.840277778
1200.000000,13.855809886,30.261498826,72.781300349,6.000000,20.833333333
1200.500000,13.861097055,30.251390312,72.782491306,6.000000,20.826388889
1201.000000,13.866383714,30.241281632,72.783682340,6.000000,20.819444444
1201.500000,13.871669863,30.231172788,72.784873451,6.000000,20.812500000
1202.000000,13.876955502,30.221063777,72.786064638,6.000000,20.805555556
1202.500000,13.882240631,30.210954602,72.787255902,6.000000,20.798611111
1203.000000,13.887525250,30.200845261,72.788447243,6.000000,20.791666667
1203.500000,13.892809359,30.190735754,72.789638659,6.000000,20.784722222
1204.000000,13.898092958,30.180626082,72.790830153,6.000000,20.777777778
1204.500000,13.903376048,30.170516245,72.792021723,6.000000,20.770833333
1205.000000,13.908658628,30.160406242,72.793213369,6.000000,20.763888889
1205.500000,13.913940698,30.150296073,72.794405092,6.000000,20.756944444
1206.000000,13.919222259,30.140185739,72.795596892,6.000000,20.750000000
1206.500000,13.924503310,30.130075239,72.796788768,6.000000,20.743055556
1207.000000,13.929783852,30.119964574,72.797980721,6.000000,20.736111111
1207.500000,13.935063885,30.109853744,72.799172750,6.000000,20.729166667
1208.000000,13.940343408,30.099742747,72.800364856,6.000000,20.722222222
1208.500000,13.945622421,30.089631586,72.801557039,6.000000,20.715277778
1209.000000,13.950900926,30.079520258,72.802749298,6.000000,20.708333333
1209.500000,13.956178921,30.069408765,72.803941633,6.000000,20.701388889
1210.000000,13.961456407,30.059297107,72.805134046,6.000000,20.694444444
1210.500000,13.966733384,30.049185283,72.806326535,6.000000,20.687500000
1211.000000,13.972009851,30.039073293,72.807519100,6.000000,20.680555556
1211.500000,13.977285810,30.028961137,72.808711742,6.000000,20.673611111
1212.000000,13.982561260,30.018848816,72.809904461,6.000000,20.666666667
1212.500000,13.987836201,30.008736330,72.811097257,6.000000,20.659722222
1213.000000,13.993110632,29.998623677,72.812448783,6.000000,20.652777778
1213.500000,13.998384558,29.988510837,72.814807541,6.000000,20.645833333
1214.000000,14.003657992,29.978397669,72.817166534,6.000000,20.638888889
1214.500000,14.008930935,29.968284174,72.819525760,6.000000,20.631944444
1215.000000,14.014203387,29.958170351,72.821885221,6.000000,20.625000000
1215.500000,14.019475347,29.948056200,72.824244916,6.000000,20.618055556
1216.000000,14.024746817,29.937941722,72.826604846,6.000000,20.611111111
1216.500000,14.030017795,29.927826916,72.828965010,6.000000,20.604166667
1217.000000,14.035288282,29.917711782,72.831325409,6.000000,20.597222222
1217.500000,14.040558278,29.907596320,72.833686042,6.000000,20.590277778
1218.000000,14.045827783,29.897480530,72.836046910,6.000000,20.583333333
1218.500000,14.051096798,29.887364412,72.838408012,6.000000,20.576388889
1219.000000,14.056365321,29.877247967,72.840769349,6.000000,20.569444444
1219.500000,14.061633354,29.867131193,72.843130921,6.000000,20.562500000
1220.000000,14.066900895,29.857014092,72.845492727,6.000000,20.555555556
1220.500000,14.072167946,29.846896662,72.847854768,6.000000,20.548611111
1221.000000,14.077434507,29.836778905,72.850217044,6.000000,20.541666667
1221.500000,14.082700576,29.826660819,72.852579555,6.000000,20.534722222
1222.000000,14.087966155,29.816542405,72.854942301,6.000000,20.527777778
1222.500000,14.093231244,29.806423663,72.857305282,6.000000,20.520833333
1223.000000,14.098495842,29.796304593,72.859668497,6.000000,20.513888889
1223.500000,14.103759949,29.786185195,72.862031948,6.000000,20.506944444
1224.000000,14.109023566,29.776065468,72.864395634,6.000000,20.500000000
1224.500000,14.114286692,29.765945413,72.866759554,6.000000,20.493055556
1225.000000,14.119549328,29.755825030,72.869123710,6.000000,20.486111111
1225.500000,14.124811474,29.745704318,72.871488101,6.000000,20.479166667
1226.000000,14.130073130,29.735583278,72.873852727,6.000000,20.472222222
1226.500000,14.135334295,29.725461910,72.876217589,6.000000,20.465277778
1227.000000,14.140594970,29.715340213,72.878582685,6.000000,20.458333333
1227.500000,14.145855155,29.705218187,72.880948017,6.000000,20.451388889
1228.000000,14.151114850,29.695095833,72.883313585,6.000000,20.444444444
1228.500000,14.156374054,29.684973151,72.885679387,6.000000,20.437500000
1229.000000,14.161632769,29.674850140,72.888045426,6.000000,20.430555556
1229.500000,14.166890994,29.664726800,72.890411699,6.000000,20.423611111
1230.000000,14.172148728,29.654603132,72.892778208,6.000000,20.416666667
1230.500000,14.177405973,29.644479135,72.895144953,6.000000,20.409722222
1231.000000,14.182662728,29.634354809,72.897511933,6.000000,20.402777778
1231.500000,14.187918993,29.624230155,72.899879149,6.000000,20.395833333
1232.000000,14.193174769,29.614105172,72.902246600,6.000000,20.388888889
1232.500000,14.198430054,29.603979860,72.904614287,6.000000,20.381944444
1233.000000,14.203684850,29.593854219,72.906982210,6.000000,20.375000000
1233.500000,14.208939156,29.583728249,72.909350369,6.000000,20.368055556
1234.000000,14.214192973,29.573601950,72.911718763,6.000000,20.361111111
1234.500000,14.219446300,29.563475323,72.914087394,6.000000,20.354166667
1235.000000,14.224699138,29.553348366,72.916456260,6.000000,20.347222222
1235.500000,14.229951486,29.543221081,72.918825362,6.000000,20.340277778
1236.000000,14.235203344,29.533093466,72.921194700,6.000000,20.333333333
1236.500000,14.240454714,29.522965522,72.923564274,6.000000,20.326388889
1237.000000,14.245705594,29.512837249,72.925934084,6.000000,20.319444444
1237.500000,14.250955984,29.502708647,72.928304130,6.000000,20.312500000
1238.000000,14.256205885,29.492579716,72.930674412,6.000000,20.305555556
1238.500000,14.261455298,29.482450456,72.933044930,6.000000,20.298611111
1239.000000,14.266704220,29.472320866,72.935415685,6.000000,20.291666667
1239.500000,14.271952654,29.462190948,72.937786676,6.000000,20.284722222
1240.000000,14.277200599,29.452060699,72.940157903,6.000000,20.277777778
1240.500000,14.282448054,29.441930122,72.942529366,6.000000,20.270833333
1241.000000,14.287695021,29.431799215,72.944901066,6.000000,20.263888889
1241.500000,14.292941499,29.421667979,72.947273002,6.000000,20.256944444
1242.000000,14.298187487,29.411536413,72.949645174,6.000000,20.250000000
1242.500000,14.303432987,29.401404518,72.952017583,6.000000,20.243055556
1243.000000,14.308677998,29.391272293,72.954390228,6.000000,20.236111111
1243.500000,14.313922520,29.381139739,72.956763110,6.000000,20.229166667
1244.000000,14.319166554,29.371006855,72.959136229,6.000000,20.222222222
1244.500000,14.324410098,29.360873642,72.961509584,6.000000,20.215277778
1245.000000,14.329653154,29.350740099,72.963883176,6.000000,20.208333333
1245.500000,14.334895722,29.340606226,72.966257004,6.000000,20.201388889
1246.000000,14.340137800,29.330472024,72.968631069,6.000000,20.194444444
1246.500000,14.345379390,29.320337492,72.971005371,6.000000,20.187500000
1247.000000,14.350620492,29.310202630,72.973379910,6.000000,20.180555556
1247.500000,14.355861105,29.300067438,72.975754686,6.000000,20.173611111
1248.000000,14.361101230,29.289931917,72.978129698,6.000000,20.166666667
1248.500000,14.366340867,29.279796066,72.980504947,6.000000,20.159722222
1249.000000,14.371580015,29.269659884,72.982880434,6.000000,20.152777778
1249.500000,14.376818675,29.259523373,72.985256157,6.000000,20.145833333
1250.000000,14.382056846,29.249386532,72.987632117,6.000000,20.138888889
1250.500000,14.387294529,29.239249361,72.990008315,6.000000,20.131944444
1251.000000,14.392531725,29.229111860,72.992384749,6.000000,20.125000000
1251.500000,14.397768432,29.218974029,72.994761421,6.000000,20.118055556
1252.000000,14.403004651,29.208835867,72.997138330,6.000000,20.111111111
1252.500000,14.408240381,29.198697376,72.999515476,6.000000,20.104166667
1253.000000,14.413475624,29.188558554,73.001892859,6.000000,20.097222222
1253.500000,14.418710379,29.178419402,73.004270480,6.000000,20.090277778
1254.000000,14.423944646,29.168279920,73.006648338,6.000000,20.083333333
1254.500000,14.429178425,29.158140108,73.009026433,6.000000,20.076388889
1255.000000,14.434411717,29.147999966,73.011404766,6.000000,20.069444444
1255.500000,14.439644520,29.137859493,73.013783336,6.000000,20.062500000
1256.000000,14.444876836,29.127718689,73.016162144,6.000000,20.055555556
1256.500000,14.450108664,29.117577556,73.018541189,6.000000,20.048611111
1257.000000,14.455340005,29.107436092,73.020920472,6.000000,20.041666667
1257.500000,14.460570857,29.097294297,73.023299993,6.000000,20.034722222
1258.000000,14.465801223,29.087152172,73.025679751,6.000000,20.027777778
1258.500000,14.471031100,29.077009717,73.028059747,6.000000,20.020833333
1259.000000,14.476260491,29.066866931,73.030439980,6.000000,20.013888889
1259.500000,14.481489393,29.056723814,73.032820452,6.000000,20.006944444
1260.000000,14.486717809,29.046580367,73.035201161,6.000000,20.000000000
1260.500000,14.491945737,29.036436589,73.037582108,6.000000,19.993055556
1261.000000,14.497173177,29.026292480,73.039963293,6.000000,19.986111111
1261.500000,14.502400131,29.016148041,73.042344715,6.000000,19.979166667
1262.000000,14.507626597,29.006003271,73.044726376,6.000000,19.972222222
1262.500000,14.512852576,28.995858170,73.047108275,6.000000,19.965277778
1263.000000,14.518078068,28.985712738,73.049490412,6.000000,19.958333333
1263.500000,14.523303072,28.975566976,73.051872787,6.000000,19.951388889
1264.000000,14.528527590,28.965420882,73.054255400,6.000000,19.944444444
1264.500000,14.533751620,28.955274458,73.056638251,6.000000,19.937500000
1265.000000,14.538975164,28.945127702,73.059021340,6.000000,19.930555556
1265.500000,14.544198221,28.934980616,73.061404668,6.000000,19.923611111
1266.000000,14.549420790,28.924833199,73.063788233,6.000000,19.916666667
1266.500000,14.554642873,28.914685450,73.066172038,6.000000,19.909722222
1267.000000,14.559864469,28.904537371,73.068556080,6.000000,19.902777778
1267.500000,14.565085579,28.894388960,73.070940361,6.000000,19.895833333
1268.000000,14.570306201,28.884240219,73.073324880,6.000000,19.888888889
1268.500000,14.575526337,28.874091146,73.075709638,6.000000,19.881944444
1269.000000,14.580745986,28.863941742,73.078094635,6.000000,19.875000000
1269.500000,14.585965149,28.853792006,73.080479869,6.000000,19.868055556
1270.000000,14.591183825,28.843641940,73.082865343,6.000000,19.861111111
1270.500000,14.596402014,28.833491542,73.085251055,6.000000,19.854166667
1271.000000,14.601619717,28.823340812,73.087637006,6.000000,19.847222222
1271.500000,14.606836934,28.813189752,73.090023195,6.000000,19.840277778
1272.000000,14.612053664,28.803038360,73.092409623,6.000000,19.833333333
1272.500000,14.617269908,28.792886636,73.094796290,6.000000,19.826388889
1273.000000,14.622485665,28.782734581,73.097183196,6.000000,19.819444444
1273.500000,14.627700937,28.772582194,73.099570341,6.000000,19.812500000
1274.000000,14.632915722,28.762429476,73.101957724,6.000000,19.805555556
1274.500000,14.638130021,28.752276427,73.104345347,6.000000,19.798611111
1275.000000,14.643343833,28.742123045,73.106733208,6.000000,19.791666667
1275.500000,14.648557160,28.731969332,73.109121309,6.000000,19.784722222
1276.000000,14.653770000,28.721815288,73.111509648,6.000000,19.777777778
1276.500000,14.658982355,28.711660911,73.113898227,6.000000,19.770833333
1277.000000,14.664194223,28.701506203,73.116287044,6.000000,19.763888889
1277.500000,14.669405606,28.691351163,73.118676101,6.000000,19.756944444
1278.000000,14.674616503,28.681195792,73.121065398,6.000000,19.750000000
1278.500000,14.679826914,28.671040088,73.123454933,6.000000,19.743055556
1279.000000,14.685036839,28.660884053,73.125844708,6.000000,19.736111111
1279.500000,14.690246278,28.650727686,73.128234722,6.000000,19.729166667
1280.000000,14.695455231,28.640570986,73.130624975,6.000000,19.722222222
1280.500000,14.700663699,28.630413955,73.133015468,6.000000,19.715277778
1281.000000,14.705871682,28.620256592,73.135406200,6.000000,19.708333333
1281.500000,14.711079178,28.610098896,73.137797172,6.000000,19.701388889
1282.000000,14.716286189,28.599940869,73.140188383,6.000000,19.694444444
1282.500000,14.721492715,28.589782510,73.142579834,6.000000,19.687500000
1283.000000,14.726698755,28.579623818,73.144971524,6.000000,19.680555556
1283.500000,14.731904310,28.569464794,73.147363454,6.000000,19.673611111
1284.000000,14.737109379,28.559305438,73.149755624,6.000000,19.666666667
1284.500000,14.742313963,28.549145750,73.152148033,6.000000,19.659722222
1285.000000,14.747518062,28.538985729,73.154540682,6.000000,19.652777778
1285.500000,14.752721675,28.528825376,73.156933571,6.000000,19.645833333
1286.000000,14.757924803,28.518664691,73.159326700,6.000000,19.638888889
1286.500000,14.763127446,28.508503674,73.161720069,6.000000,19.631944444
1287.000000,14.768329604,28.498342324,73.164113678,6.000000,19.625000000
1287.500000,14.773531277,28.488180641,73.166507526,6.000000,19.618055556
1288.000000,14.778732464,28.478018626,73.168901615,6.000000,19.611111111
1288.500000,14.783933167,28.467856279,73.171295943,6.000000,19.604166667
1289.000000,14.789133385,28.457693599,73.173690512,6.000000,19.597222222
1289.500000,14.794333118,28.447530586,73.176085321,6.000000,19.590277778
1290.000000,14.799532366,28.437367241,73.178480370,6.000000,19.583333333
1290.500000,14.804731129,28.427203563,73.180875659,6.000000,19.576388889
1291.000000,14.809929407,28.417039553,73.183271188,6.000000,19.569444444
1291.500000,14.815127201,28.406875209,73.185666958,6.000000,19.562500000
1292.000000,14.820324509,28.396710533,73.188062968,6.000000,19.555555556
1292.500000,14.825521333,28.386545525,73.190459218,6.000000,19.548611111
1293.000000,14.830717673,28.376380183,73.192855709,6.000000,19.541666667
1293.500000,14.835913528,28.366214509,73.195252440,6.000000,19.534722222
1294.000000,14.841108898,28.356048501,73.197649412,6.000000,19.527777778
1294.500000,14.846303784,28.345882161,73.200046624,6.000000,19.520833333
1295.000000,14.851498186,28.335715488,73.202444076,6.000000,19.513888889
1295.500000,14.856692102,28.325548482,73.204841770,6.000000,19.506944444
1296.000000,14.861885535,28.315381143,73.207239703,6.000000,19.500000000
1296.500000,14.867078483,28.305213471,73.209637878,6.000000,19.493055556
1297.000000,14.872270947,28.295045465,73.212036293,6.000000,19.486111111
1297.500000,14.877462927,28.284877127,73.214434949,6.000000,19.479166667
1298.000000,14.882654422,28.274708456,73.216833846,6.000000,19.472222222
1298.500000,14.887845434,28.264539451,73.219232983,6.000000,19.465277778
1299.000000,14.893035961,28.254370113,73.221632362,6.000000,19.458333333
1299.500000,14.898226004,28.244200442,73.224031981,6.000000,19.451388889
1300.000000,14.903415563,28.234030437,73.226431841,6.000000,19.444444444
1300.500000,14.908604638,28.223860100,73.228831943,6.000000,19.437500000
1301.000000,14.913793229,28.213689428,73.231232285,6.000000,19.430555556
1301.500000,14.918981337,28.203518424,73.233632868,6.000000,19.423611111
1302.000000,14.924168960,28.193347086,73.236033693,6.000000,19.416666667
1302.500000,14.929356099,28.183175415,73.238434758,6.000000,19.409722222
1303.000000,14.934542755,28.173003410,73.240836065,6.000000,19.402777778
1303.500000,14.939728927,28.162831072,73.243237613,6.000000,19.395833333
1304.000000,14.944914615,28.152658400,73.245639402,6.000000,19.388888889
1304.500000,14.950099820,28.142485394,73.248041433,6.000000,19.381944444
1305.000000,14.955284541,28.132312055,73.250443705,6.000000,19.375000000
1305.500000,14.960468778,28.122138382,73.252846218,6.000000,19.368055556
1306.000000,14.965652532,28.111964376,73.255248973,6.000000,19.361111111
1306.500000,14.970835802,28.101790036,73.257651969,6.000000,19.354166667
1307.000000,14.976018589,28.091615362,73.260055206,6.000000,19.347222222
1307.500000,14.981200892,28.081440354,73.262458686,6.000000,19.340277778
1308.000000,14.986382712,28.071265013,73.264862406,6.000000,19.333333333
1308.500000,14.991564049,28.061089337,73.267266369,6.000000,19.326388889
1309.000000,14.996744902,28.050913328,73.269670573,6.000000,19.319444444
1309.500000,15.001925272,28.040736985,73.272075018,6.000000,19.312500000
1310.000000,15.007105159,28.030560308,73.274479706,6.000000,19.305555556
1310.500000,15.012284563,28.020383297,73.276884635,6.000000,19.298611111
1311.000000,15.017463484,28.010205952,73.279289806,6.000000,19.291666667
1311.500000,15.022641921,28.000028273,73.281695219,6.000000,19.284722222
1312.000000,15.027819876,27.989850259,73.284100874,6.000000,19.277777778
1312.500000,15.032997348,27.979671912,73.286506770,6.000000,19.270833333
1313.000000,15.038174336,27.969493231,73.288912909,6.000000,19.263888889
1313.500000,15.043350842,27.959314215,73.291319290,6.000000,19.256944444
1314.000000,15.048526865,27.949134865,73.293725912,6.000000,19.250000000
1314.500000,15.053702405,27.938955181,73.296132777,6.000000,19.243055556
1315.000000,15.058877462,27.928775162,73.298539884,6.000000,19.236111111
1315.500000,15.064052036,27.918594810,73.300947233,6.000000,19.229166667
1316.000000,15.069226128,27.908414123,73.303354825,6.000000,19.222222222
1316.500000,15.074399737,27.898233101,73.305762658,6.000000,19.215277778
1317.000000,15.079572863,27.888051745,73.308170734,6.000000,19.208333333
1317.500000,15.084745507,27.877870055,73.310579052,6.000000,19.201388889
1318.000000,15.089917668,27.867688030,73.312987613,6.000000,19.194444444
1318.500000,15.095089347,27.857505670,73.315396416,6.000000,19.187500000
1319.000000,15.100260544,27.847322977,73.317805461,6.000000,19.180555556
1319.500000,15.105431257,27.837139948,73.320214749,6.000000,19.173611111
1320.000000,15.110601489,27.826956585,73.322624280,6.000000,19.166666667
1320.500000,15.115771238,27.816772887,73.325034053,6.000000,19.159722222
1321.000000,15.120940505,27.806588855,73.327444068,6.000000,19.152777778
1321.500000,15.126109290,27.796404487,73.329854327,6.000000,19.145833333
1322.000000,15.131277592,27.786219785,73.332264828,6.000000,19.138888889
1322.500000,15.136445413,27.776034749,73.334675571,6.000000,19.131944444
1323.000000,15.141612751,27.765849377,73.337086558,6.000000,19.125000000
1323.500000,15.146779607,27.755663670,73.339497787,6.000000,19.118055556
1324.000000,15.151945981,27.745477629,73.341909259,6.000000,19.111111111
1324.500000,15.157111873,27.735291253,73.344320974,6.000000,19.104166667
1325.000000,15.162277283,27.725104542,73.346732932,6.000000,19.097222222
1325.500000,15.167442211,27.714917495,73.349145133,6.000000,19.090277778
1326.000000,15.172606658,27.704730114,73.351557577,6.000000,19.083333333
1326.500000,15.177770622,27.694542398,73.353970264,6.000000,19.076388889
1327.000000,15.182934105,27.684354346,73.356383194,6.000000,19.069444444
1327.500000,15.188097106,27.674165960,73.358796367,6.000000,19.062500000
1328.000000,15.193259625,27.663977238,73.361209784,6.000000,19.055555556
1328.500000,15.198421663,27.653788181,73.363623443,6.000000,19.048611111
1329.000000,15.203583219,27.643598789,73.366037346,6.000000,19.041666667
1329.500000,15.208744293,27.633409062,73.368451492,6.000000,19.034722222
1330.000000,15.213904886,27.623218999,73.370865882,6.000000,19.027777778
1330.500000,15.219064997,27.613028601,73.373280514,6.000000,19.020833333
1331.000000,15.224224627,27.602837867,73.375695391,6.000000,19.013888889
1331.500000,15.229383776,27.592646799,73.378110510,6.000000,19.006944444
1332.000000,15.234542443,27.582455394,73.380525874,6.000000,19.000000000
1332.500000,15.239700629,27.572263655,73.382941480,6.000000,18.993055556
1333.000000,15.244858333,27.562071579,73.385357331,6.000000,18.986111111
1333.500000,15.250015556,27.551879169,73.387773424,6.000000,18.979166667
1334.000000,15.255172298,27.541686422,73.390189762,6.000000,18.972222222
1334.500000,15.260328559,27.531493340,73.392606343,6.000000,18.965277778
1335.000000,15.265484339,27.521299923,73.395023168,6.000000,18.958333333
1335.500000,15.270639638,27.511106170,73.397440237,6.000000,18.951388889
1336.000000,15.275794455,27.500912081,73.399857549,6.000000,18.944444444
1336.500000,15.280948792,27.490717656,73.402275106,6.000000,18.937500000
1337.000000,15.286102648,27.480522896,73.404692906,6.000000,18.930555556
1337.500000,15.291256022,27.470327799,73.407110950,6.000000,18.923611111
1338.000000,15.296408916,27.460132367,73.409529239,6.000000,18.916666667
1338.500000,15.301561329,27.449936599,73.411947771,6.000000,18.909722222
1339.000000,15.306713261,27.439740496,73.414366547,6.000000,18.902777778
1339.500000,15.311864713,27.429544056,73.416785567,6.000000,18.895833333
1340.000000,15.317015684,27.419347280,73.419204832,6.000000,18.888888889
1340.500000,15.322166174,27.409150168,73.421624341,6.000000,18.881944444
1341.000000,15.327316183,27.398952720,73.424044093,6.000000,18.875000000
1341.500000,15.332465712,27.388754937,73.426464091,6.000000,18.868055556
1342.000000,15.337614761,27.378556817,73.428884332,6.000000,18.861111111
1342.500000,15.342763329,27.368358360,73.431304818,6.000000,18.854166667
1343.000000,15.347911416,27.358159568,73.433725548,6.000000,18.847222222
1343.500000,15.353059023,27.347960439,73.436146523,6.000000,18.840277778
1344.000000,15.358206150,27.337760975,73.438567742,6.000000,18.833333333
1344.500000,15.363352796,27.327561174,73.440989205,6.000000,18.826388889
1345.000000,15.368498962,27.317361036,73.443410913,6.000000,18.819444444
1345.500000,15.373644648,27.307160562,73.445832866,6.000000,18.812500000
1346.000000,15.378789853,27.296959752,73.448255063,6.000000,18.805555556
1346.500000,15.383934579,27.286758606,73.450677505,6.000000,18.798611111
1347.000000,15.389078824,27.276557123,73.453100191,6.000000,18.791666667
1347.500000,15.394222589,27.266355303,73.455523123,6.000000,18.784722222
1348.000000,15.399365874,27.256153147,73.457946299,6.000000,18.777777778
1348.500000,15.404508679,27.245950655,73.460369720,6.000000,18.770833333
1349.000000,15.409651004,27.235747826,73.462793386,6.000000,18.763888889
1349.500000,15.414792850,27.225544660,73.465217296,6.000000,18.756944444
1350.000000,15.419934215,27.215341158,73.467641452,6.000000,18.750000000
1350.500000,15.425075100,27.205137318,73.470065853,6.000000,18.743055556
1351.000000,15.430215506,27.194933143,73.472490498,6.000000,18.736111111
1351.500000,15.435355432,27.184728630,73.474915389,6.000000,18.729166667
1352.000000,15.440494878,27.174523781,73.477340525,6.000000,18.722222222
1352.500000,15.445633845,27.164318595,73.479765906,6.000000,18.715277778
1353.000000,15.450772332,27.154113071,73.482191532,6.000000,18.708333333
1353.500000,15.455910339,27.143907212,73.484617403,6.000000,18.701388889
1354.000000,15.461047867,27.133701015,73.487043520,6.000000,18.694444444
1354.500000,15.466184915,27.123494481,73.489469882,6.000000,18.687500000
1355.000000,15.471321484,27.113287610,73.491896489,6.000000,18.680555556
1355.500000,15.476457574,27.103080402,73.494323342,6.000000,18.673611111
1356.000000,15.481593184,27.092872857,73.496750440,6.000000,18.666666667
1356.500000,15.486728314,27.082664975,73.499177783,6.000000,18.659722222
1357.000000,15.491862966,27.072456756,73.501605372,6.000000,18.652777778
1357.500000,15.496997138,27.062248200,73.504033207,6.000000,18.645833333
1358.000000,15.502130831,27.052039306,73.506461287,6.000000,18.638888889
1358.500000,15.507264045,27.041830076,73.508889613,6.000000,18.631944444
1359.000000,15.512396779,27.031620508,73.511318185,6.000000,18.625000000
1359.500000,15.517529035,27.021410602,73.513747002,6.000000,18.618055556
1360.000000,15.522660811,27.011200360,73.516176065,6.000000,18.611111111
1360.500000,15.527792109,27.000989780,73.518605374,6.000000,18.604166667
1361.000000,15.532922927,26.990778862,73.521034928,6.000000,18.597222222
1361.500000,15.538053267,26.980567607,73.523464729,6.000000,18.590277778
1362.000000,15.543183128,26.970356015,73.525894775,6.000000,18.583333333
1362.500000,15.548312510,26.960144085,73.528325067,6.000000,18.576388889
1363.000000,15.553441413,26.949931818,73.530755606,6.000000,18.569444444
1363.500000,15.558569837,26.939719213,73.533186390,6.000000,18.562500000
1364.000000,15.563697783,26.929506270,73.535617420,6.000000,18.555555556
1364.500000,15.568825249,26.919292990,73.538048697,6.000000,18.548611111
1365.000000,15.573952238,26.909079372,73.540480220,6.000000,18.541666667
1365.500000,15.579078747,26.898865417,73.542911989,6.000000,18.534722222
1366.000000,15.584204779,26.888651123,73.545344004,6.000000,18.527777778
1366.500000,15.589330331,26.878436492,73.547776265,6.000000,18.520833333
1367.000000,15.594455405,26.868221523,73.550208773,6.000000,18.513888889
1367.500000,15.599580001,26.858006217,73.552641527,6.000000,18.506944444
1368.000000,15.604704118,26.847790572,73.555074528,6.000000,18.500000000
1368.500000,15.609827757,26.837574589,73.557507775,6.000000,18.493055556
1369.000000,15.614950918,26.827358269,73.559941268,6.000000,18.486111111
1369.500000,15.620073601,26.817141610,73.562375008,6.000000,18.479166667
1370.000000,15.625195805,26.806924614,73.564808995,6.000000,18.472222222
1370.500000,15.630317531,26.796707279,73.567243228,6.000000,18.465277778
1371.000000,15.635438779,26.786489607,73.569677708,6.000000,18.458333333
1371.500000,15.640559548,26.776271596,73.572112434,6.000000,18.451388889
1372.000000,15.645679840,26.766053247,73.574547408,6.000000,18.444444444
1372.500000,15.650799654,26.755834560,73.576982628,6.000000,18.437500000
1373.000000,15.655918990,26.745615534,73.579418094,6.000000,18.430555556
1373.500000,15.661037847,26.735396171,73.581853808,6.000000,18.423611111
1374.000000,15.666156227,26.725176469,73.584289769,6.000000,18.416666667
1374.500000,15.671274129,26.714956428,73.586725976,6.000000,18.409722222
1375.000000,15.676391554,26.704736050,73.589162431,6.000000,18.402777778
1375.500000,15.681508500,26.694515333,73.591599132,6.000000,18.395833333
1376.000000,15.686624969,26.684294277,73.594036081,6.000000,18.388888889
1376.500000,15.691740960,26.674072884,73.596473276,6.000000,18.381944444
1377.000000,15.696856473,26.663851151,73.598910719,6.000000,18.375000000
1377.500000,15.701971509,26.653629080,73.601348409,6.000000,18.368055556
1378.000000,15.707086067,26.643406671,73.603786346,6.000000,18.361111111
1378.500000,15.712200148,26.633183923,73.606224531,6.000000,18.354166667
1379.000000,15.717313751,26.622960836,73.608662962,6.000000,18.347222222
1379.500000,15.722426877,26.612737410,73.611101642,6.000000,18.340277778
1380.000000,15.727539525,26.602513646,73.613540568,6.000000,18.333333333
1380.500000,15.732651697,26.592289543,73.615979742,6.000000,18.326388889
1381.000000,15.737763390,26.582065102,73.618419163,6.000000,18.319444444
1381.500000,15.742874607,26.571840321,73.620858832,6.000000,18.312500000
1382.000000,15.747985346,26.561615202,73.623298749,6.000000,18.305555556
1382.500000,15.753095608,26.551389744,73.625738913,6.000000,18.298611111
1383.000000,15.758205393,26.541163947,73.628179324,6.000000,18.291666667
1383.500000,15.763314701,26.530937811,73.630619984,6.000000,18.284722222
1384.000000,15.768423531,26.520711336,73.633060891,6.000000,18.277777778
1384.500000,15.773531885,26.510484522,73.635502046,6.000000,18.270833333
1385.000000,15.778639762,26.500257369,73.637943448,6.000000,18.263888889
1385.500000,15.783747162,26.490029877,73.640385099,6.000000,18.256944444
1386.000000,15.788854084,26.479802045,73.642826997,6.000000,18.250000000
1386.500000,15.793960530,26.469573875,73.645269143,6.000000,18.243055556
1387.000000,15.799066500,26.459345365,73.647711537,6.000000,18.236111111
1387.500000,15.804171992,26.449116517,73.650154180,6.000000,18.229166667
1388.000000,15.809277008,26.438887328,73.652597070,6.000000,18.222222222
1388.500000,15.814381547,26.428657801,73.655040208,6.000000,18.215277778
1389.000000,15.819485609,26.418427934,73.657483595,6.000000,18.208333333
1389.500000,15.824589195,26.408197728,73.659927229,6.000000,18.201388889
1390.000000,15.829692304,26.397967183,73.662371112,6.000000,18.194444444
1390.500000,15.834794936,26.387736298,73.664815243,6.000000,18.187500000
1391.000000,15.839897092,26.377505074,73.667259623,6.000000,18.180555556
1391.500000,15.844998772,26.367273510,73.669704250,6.000000,18.173611111
1392.000000,15.850099975,26.357041606,73.672149126,6.000000,18.166666667
1392.500000,15.855200702,26.346809364,73.674594251,6.000000,18.159722222
1393.000000,15.860300953,26.336576781,73.677039624,6.000000,18.152777778
1393.500000,15.865400727,26.326343859,73.679485245,6.000000,18.145833333
1394.000000,15.870500025,26.316110597,73.681931115,6.000000,18.138888889
1394.500000,15.875598847,26.305876995,73.684377234,6.000000,18.131944444
1395.000000,15.880697192,26.295643054,73.686823601,6.000000,18.125000000
1395.500000,15.885795062,26.285408773,73.689270217,6.000000,18.118055556
1396.000000,15.890892455,26.275174152,73.691717081,6.000000,18.111111111
1396.500000,15.895989373,26.264939192,73.694164195,6.000000,18.104166667
1397.000000,15.901085814,26.254703891,73.696611557,6.000000,18.097222222
1397.500000,15.906181780,26.244468250,73.699059168,6.000000,18.090277778
1398.000000,15.911277269,26.234232270,73.701507028,6.000000,18.083333333
1398.500000,15.916372283,26.223995950,73.703955136,6.000000,18.076388889
1399.000000,15.921466821,26.213759289,73.706403494,6.000000,18.069444444
1399.500000,15.926560883,26.203522289,73.708852100,6.000000,18.062500000
1400.000000,15.931654469,26.193284948,73.711300956,6.000000,18.055555556
1400.500000,15.936747580,26.183047267,73.713750061,6.000000,18.048611111
1401.000000,15.941840214,26.172809247,73.716199415,6.000000,18.041666667
1401.500000,15.946932374,26.162570886,73.718649018,6.000000,18.034722222
1402.000000,15.952024057,26.152332184,73.721098870,6.000000,18.027777778
1402.500000,15.957115266,26.142093143,73.723548971,6.000000,18.020833333
1403.000000,15.962205998,26.131853761,73.725999322,6.000000,18.013888889
1403.500000,15.967296255,26.121614039,73.728449922,6.000000,18.006944444
1404.000000,15.972386037,26.111373976,73.730900772,6.000000,18.000000000
1404.500000,15.977475343,26.101133574,73.733351871,6.000000,17.993055556
1405.000000,15.982564174,26.090892830,73.735803219,6.000000,17.986111111
1405.500000,15.987652530,26.080651746,73.738254817,6.000000,17.979166667
1406.000000,15.992740411,26.070410322,73.740706664,6.000000,17.972222222
1406.500000,15.997827816,26.060168557,73.743158761,6.000000,17.965277778
1407.000000,16.002914746,26.049926452,73.745611107,6.000000,17.958333333
1407.500000,16.008001201,26.039684006,73.748063703,6.000000,17.951388889
1408.000000,16.013087181,26.029441219,73.750516549,6.000000,17.944444444
1408.500000,16.018172685,26.019198092,73.752969645,6.000000,17.937500000
1409.000000,16.023257715,26.008954624,73.755422990,6.000000,17.930555556
1409.500000,16.028342270,25.998710815,73.757876586,6.000000,17.923611111
1410.000000,16.033426350,25.988466666,73.760330431,6.000000,17.916666667
1410.500000,16.038509955,25.978222175,73.762784526,6.000000,17.909722222
1411.000000,16.043593085,25.967977344,73.765238870,6.000000,17.902777778
1411.500000,16.048675740,25.957732172,73.767693465,6.000000,17.895833333
1412.000000,16.053757921,25.947486659,73.770148310,6.000000,17.888888889
1412.500000,16.058839627,25.937240805,73.772603405,6.000000,17.881944444
1413.000000,16.063920858,25.926994610,73.775058750,6.000000,17.875000000
1413.500000,16.069001614,25.916748074,73.777514346,6.000000,17.868055556
1414.000000,16.074081896,25.906501197,73.779970191,6.000000,17.861111111
1414.500000,16.079161703,25.896253979,73.782426287,6.000000,17.854166667
1415.000000,16.084241036,25.886006420,73.784882633,6.000000,17.847222222
1415.500000,16.089319894,25.875758520,73.787339229,6.000000,17.840277778
1416.000000,16.094398278,25.865510278,73.789796076,6.000000,17.833333333
1416.500000,16.099476188,25.855261695,73.792253173,6.000000,17.826388889
1417.000000,16.104553623,25.845012771,73.794710521,6.000000,17.819444444
1417.500000,16.109630584,25.834763506,73.797168119,6.000000,17.812500000
1418.000000,16.114707070,25.824513899,73.799625967,6.000000,17.805555556
1418.500000,16.119783082,25.814263951,73.802084066,6.000000,17.798611111
1419.000000,16.124858621,25.804013662,73.804542416,6.000000,17.791666667
1419.500000,16.129933685,25.793763031,73.807001017,6.000000,17.784722222
1420.000000,16.135008274,25.783512059,73.809459868,6.000000,17.777777778
1420.500000,16.140082390,25.773260745,73.811918970,6.000000,17.770833333
1421.000000,16.145156032,25.763009089,73.814378322,6.000000,17.763888889
1421.500000,16.150229200,25.752757092,73.816837926,6.000000,17.756944444
1422.000000,16.155301893,25.742504754,73.819297780,6.000000,17.750000000
1422.500000,16.160374113,25.732252073,73.821757885,6.000000,17.743055556
1423.000000,16.165445859,25.721999051,73.824218241,6.000000,17.736111111
1423.500000,16.170517131,25.711745688,73.826678849,6.000000,17.729166667
1424.000000,16.175587930,25.701491982,73.829139707,6.000000,17.722222222
1424.500000,16.180658254,25.691237935,73.831600816,6.000000,17.715277778
1425.000000,16.185728105,25.680983546,73.834062176,6.000000,17.708333333
1425.500000,16.190797483,25.670728815,73.836523788,6.000000,17.701388889
1426.000000,16.195866386,25.660473743,73.838985651,6.000000,17.694444444
1426.500000,16.200934816,25.650218328,73.841447765,6.000000,17.687500000
1427.000000,16.206002773,25.639962571,73.843910130,6.000000,17.680555556
1427.500000,16.211070256,25.629706473,73.846372747,6.000000,17.673611111
1428.000000,16.216137265,25.619450032,73.848835615,6.000000,17.666666667
1428.500000,16.221203802,25.609193249,73.851298734,6.000000,17.659722222
1429.000000,16.226269864,25.598936125,73.853762105,6.000000,17.652777778
1429.500000,16.231335454,25.588678658,73.856225727,6.000000,17.645833333
1430.000000,16.236400570,25.578420848,73.858689601,6.000000,17.638888889
1430.500000,16.241465213,25.568162697,73.861153727,6.000000,17.631944444
1431.000000,16.246529383,25.557904204,73.863618104,6.000000,17.625000000
1431.500000,16.251593079,25.547645368,73.866082732,6.000000,17.618055556
1432.000000,16.256656302,25.537386190,73.868547613,6.000000,17.611111111
1432.500000,16.261719053,25.527126669,73.871012745,6.000000,17.604166667
1433.000000,16.266781330,25.516866806,73.873478129,6.000000,17.597222222
1433.500000,16.271843134,25.506606601,73.875943765,6.000000,17.590277778
1434.000000,16.276904465,25.496346053,73.878409652,6.000000,17.583333333
1434.500000,16.281965324,25.486085163,73.880875792,6.000000,17.576388889
1435.000000,16.287025709,25.475823930,73.883342184,6.000000,17.569444444
1435.500000,16.292085622,25.465562355,73.885808827,6.000000,17.562500000
1436.000000,16.297145061,25.455300437,73.888275723,6.000000,17.555555556
1436.500000,16.302204028,25.445038176,73.890742870,6.000000,17.548611111
1437.000000,16.307262523,25.434775573,73.893210270,6.000000,17.541666667
1437.500000,16.312320544,25.424512627,73.895677922,6.000000,17.534722222
1438.000000,16.317378093,25.414249339,73.898145826,6.000000,17.527777778
1438.500000,16.322435170,25.403985707,73.900613983,6.000000,17.520833333
1439.000000,16.327491773,25.393721733,73.903082392,6.000000,17.513888889
1439.500000,16.332547905,25.383457416,73.905551053,6.000000,17.506944444
1440.000000,16.337603564,25.373192756,73.908019966,6.000000,17.500000000
1440.500000,16.342658750,25.362927754,73.910489132,6.000000,17.493055556
1441.000000,16.347713464,25.352662408,73.912958550,6.000000,17.486111111
1441.500000,16.352767705,25.342396719,73.915428221,6.000000,17.479166667
1442.000000,16.357821475,25.332130687,73.917898144,6.000000,17.472222222
1442.500000,16.362874772,25.321864313,73.920368320,6.000000,17.465277778
1443.000000,16.367927596,25.311597595,73.922838749,6.000000,17.458333333
1443.500000,16.372979949,25.301330534,73.925309430,6.000000,17.451388889
1444.000000,16.378031829,25.291063130,73.927780364,6.000000,17.444444444
1444.500000,16.383083238,25.280795383,73.930251551,6.000000,17.437500000
1445.000000,16.388134174,25.270527292,73.932722991,6.000000,17.430555556
1445.500000,16.393184638,25.260258858,73.935194683,6.000000,17.423611111
1446.000000,16.398234630,25.249990081,73.937666628,6.000000,17.416666667
1446.500000,16.403284151,25.239720961,73.940138826,6.000000,17.409722222
1447.000000,16.408333199,25.229451497,73.942611278,6.000000,17.402777778
1447.500000,16.413381775,25.219181690,73.945083982,6.000000,17.395833333
1448.000000,16.418429880,25.208911540,73.947556939,6.000000,17.388888889
1448.500000,16.423477513,25.198641046,73.950030149,6.000000,17.381944444
1449.000000,16.428524674,25.188370208,73.952503613,6.000000,17.375000000
1449.500000,16.433571363,25.178099027,73.954977330,6.000000,17.368055556
1450.000000,16.438617581,25.167827502,73.957451299,6.000000,17.361111111
1450.500000,16.443663327,25.157555634,73.959925523,6.000000,17.354166667
1451.000000,16.448708602,25.147283422,73.962399999,6.000000,17.347222222
1451.500000,16.453753405,25.137010867,73.964874729,6.000000,17.340277778
1452.000000,16.458797736,25.126737967,73.967349712,6.000000,17.333333333
1452.500000,16.463841596,25.116464724,73.969824949,6.000000,17.326388889
1453.000000,16.468884985,25.106191138,73.972300439,6.000000,17.319444444
1453.500000,16.473927902,25.095917207,73.974776183,6.000000,17.312500000
1454.000000,16.478970348,25.085642933,73.977252180,6.000000,17.305555556
1454.500000,16.484012322,25.075368314,73.979728431,6.000000,17.298611111
1455.000000,16.489053826,25.065093352,73.982204935,6.000000,17.291666667
1455.500000,16.494094858,25.054818046,73.984681693,6.000000,17.284722222
1456.000000,16.499135419,25.044542395,73.987158705,6.000000,17.277777778
1456.500000,16.504175508,25.034266401,73.989635971,6.000000,17.270833333
1457.000000,16.509215127,25.023990063,73.992113490,6.000000,17.263888889
1457.500000,16.514254275,25.013713380,73.994591264,6.000000,17.256944444
1458.000000,16.519292951,25.003436354,73.997069291,6.000000,17.250000000
1458.500000,16.524331157,24.993158983,73.999547572,6.000000,17.243055556
1459.000000,16.529368891,24.982881268,74.002026107,6.000000,17.236111111
1459.500000,16.534406155,24.972603209,74.004504896,6.000000,17.229166667
1460.000000,16.539442948,24.962324805,74.006983940,6.000000,17.222222222
1460.500000,16.544479270,24.952046058,74.009463237,6.000000,17.215277778
1461.000000,16.549515121,24.941766966,74.011942789,6.000000,17.208333333
1461.500000,16.554550502,24.931487529,74.014422595,6.000000,17.201388889
1462.000000,16.559585412,24.921207748,74.016902655,6.000000,17.194444444
1462.500000,16.564619851,24.910927623,74.019382969,6.000000,17.187500000
1463.000000,16.569653820,24.900647153,74.021863538,6.000000,17.180555556
1463.500000,16.574687318,24.890366339,74.024344361,6.000000,17.173611111
1464.000000,16.579720345,24.880085180,74.026825438,6.000000,17.166666667
1464.500000,16.584752903,24.869803676,74.029306770,6.000000,17.159722222
1465.000000,16.589784989,24.859521828,74.031788356,6.000000,17.152777778
1465.500000,16.594816605,24.849239635,74.034270197,6.000000,17.145833333
1466.000000,16.599847751,24.838957098,74.036752293,6.000000,17.138888889
1466.500000,16.604878427,24.828674215,74.039234643,6.000000,17.131944444
1467.000000,16.609908632,24.818390988,74.041717248,6.000000,17.125000000
1467.500000,16.614938367,24.808107416,74.044200107,6.000000,17.118055556
1468.000000,16.619967632,24.797823500,74.046683221,6.000000,17.111111111
1468.500000,16.624996426,24.787539238,74.049166590,6.000000,17.104166667
1469.000000,16.630024751,24.777254632,74.051650214,6.000000,17.097222222
1469.500000,16.635052605,24.766969680,74.054134093,6.000000,17.090277778
1470.000000,16.640079989,24.756684384,74.056618227,6.000000,17.083333333
1470.500000,16.645106904,24.746398743,74.059102616,6.000000,17.076388889
1471.000000,16.650133348,24.736112756,74.061587259,6.000000,17.069444444
1471.500000,16.655159322,24.725826424,74.064072158,6.000000,17.062500000
1472.000000,16.660184827,24.715539748,74.066557312,6.000000,17.055555556
1472.500000,16.665209862,24.705252726,74.069042721,6.000000,17.048611111
1473.000000,16.670234427,24.694965359,74.071528385,6.000000,17.041666667
1473.500000,16.675258522,24.684677647,74.074014305,6.000000,17.034722222
1474.000000,16.680282147,24.674389589,74.076500479,6.000000,17.027777778
1474.500000,16.685305303,24.664101186,74.078986909,6.000000,17.020833333
1475.000000,16.690327989,24.653812438,74.081473595,6.000000,17.013888889
1475.500000,16.695350206,24.643523344,74.083960536,6.000000,17.006944444
1476.000000,16.700371953,24.633233906,59.763709902,6.000000,17.000000000
1476.500000,16.704672319,24.624933390,59.765321723,6.000000,16.986111111
1477.000000,16.708972148,24.616632651,59.766933684,6.000000,16.972222222
1477.500000,16.713271438,24.608331688,59.768545785,6.000000,16.958333333
1478.000000,16.717570191,24.600030501,59.770158025,6.000000,16.944444444
1478.500000,16.721868407,24.591729090,59.771770404,6.000000,16.930555556
1479.000000,16.726166085,24.583427456,59.773382924,6.000000,16.916666667
1479.500000,16.730463225,24.575125597,59.774995582,6.000000,16.902777778
1480.000000,16.734759828,24.566823514,59.776608381,6.000000,16.888888889
1480.500000,16.739055893,24.558521207,59.778221319,6.000000,16.875000000
1481.000000,16.743351421,24.550218677,59.779834397,6.000000,16.861111111
1481.500000,16.747646412,24.541915922,59.781447614,6.000000,16.847222222
1482.000000,16.751940865,24.533612943,59.783060971,6.000000,16.833333333
1482.500000,16.756234782,24.525309740,59.784674468,6.000000,16.819444444
1483.000000,16.760528161,24.517006313,59.786288105,6.000000,16.805555556
1483.500000,16.764821004,24.508702662,59.787901881,6.000000,16.791666667
1484.000000,16.769113309,24.500398787,59.789515797,6.000000,16.777777778
1484.500000,16.773405077,24.492094687,59.791129853,6.000000,16.763888889
1485.000000,16.777696309,24.483790364,59.792744048,6.000000,16.750000000
1485.500000,16.781987004,24.475485816,59.794358384,6.000000,16.736111111
1486.000000,16.786277163,24.467181044,59.795972859,6.000000,16.722222222
1486.500000,16.790566784,24.458876048,59.797587474,6.000000,16.708333333
1487.000000,16.794855870,24.450570827,59.799202230,6.000000,16.694444444
1487.500000,16.799144418,24.442265383,59.800817125,6.000000,16.680555556
1488.000000,16.803432431,24.433959713,59.802432159,6.000000,16.666666667
1488.500000,16.807719907,24.425653820,59.804047334,6.000000,16.652777778
1489.000000,16.812006846,24.417347702,59.805662649,6.000000,16.638888889
1489.500000,16.816293250,24.409041360,59.807278104,6.000000,16.625000000
1490.000000,16.820579117,24.400734794,59.808893699,6.000000,16.611111111
1490.500000,16.824864448,24.392428003,59.810509434,6.000000,16.597222222
1491.000000,16.829149244,24.384120988,59.812125308,6.000000,16.583333333
1491.500000,16.833433503,24.375813748,59.813741323,6.000000,16.569444444
1492.000000,16.837717227,24.367506284,59.815357478,6.000000,16.555555556
1492.500000,16.842000414,24.359198596,59.816973773,6.000000,16.541666667
1493.000000,16.846283066,24.350890683,59.818590208,6.000000,16.527777778
1493.500000,16.850565182,24.342582545,59.820206784,6.000000,16.513888889
1494.000000,16.854846763,24.334274183,59.821823499,6.000000,16.500000000
1494.500000,16.859127808,24.325965597,59.823440355,6.000000,16.486111111
1495.000000,16.863408317,24.317656785,59.825057351,6.000000,16.472222222
1495.500000,16.867688292,24.309347750,59.826674487,6.000000,16.458333333
1496.000000,16.871967730,24.301038489,59.828291763,6.000000,16.444444444
1496.500000,16.876246634,24.292729004,59.829909179,6.000000,16.430555556
1497.000000,16.880525002,24.284419295,59.831526736,6.000000,16.416666667
1497.500000,16.884802835,24.276109360,59.833144433,6.000000,16.402777778
1498.000000,16.889080134,24.267799202,59.834762270,6.000000,16.388888889
1498.500000,16.893356897,24.259488818,59.836380248,6.000000,16.375000000
1499.000000,16.897633125,24.251178209,59.837998366,6.000000,16.361111111
1499.500000,16.901908818,24.242867376,59.839616624,6.000000,16.347222222
1500.000000,16.906183976,24.234556319,59.841235023,6.000000,16.333333333
1500.500000,16.910458600,24.226245036,59.842853562,6.000000,16.319444444
1501.000000,16.914732689,24.217933528,59.844472242,6.000000,16.305555556
1501.500000,16.919006243,24.209621796,59.846091061,6.000000,16.291666667
1502.000000,16.923279263,24.201309839,59.847710022,6.000000,16.277777778
1502.500000,16.927551748,24.192997657,59.849329123,6.000000,16.263888889
1503.000000,16.931823699,24.184685250,59.850948364,6.000000,16.250000000
1503.500000,16.936095116,24.176372619,59.852567746,6.000000,16.236111111
1504.000000,16.940365998,24.168059762,59.854187268,6.000000,16.222222222
1504.500000,16.944636346,24.159746680,59.855806931,6.000000,16.208333333
1505.000000,16.948906160,24.151433374,59.857426735,6.000000,16.194444444
1505.500000,16.953175439,24.143119842,59.859046679,6.000000,16.180555556
1506.000000,16.957444185,24.134806086,59.860666763,6.000000,16.166666667
1506.500000,16.961712397,24.126492104,59.862286988,6.000000,16.152777778
1507.000000,16.965980074,24.118177898,59.863907354,6.000000,16.138888889
1507.500000,16.970247218,24.109863466,59.865527861,6.000000,16.125000000
1508.000000,16.974513829,24.101548810,59.867148508,6.000000,16.111111111
1508.500000,16.978779905,24.093233928,59.868769296,6.000000,16.097222222
1509.000000,16.983045448,24.084918821,59.870390225,6.000000,16.083333333
1509.500000,16.987310457,24.076603489,59.872011294,6.000000,16.069444444
1510.000000,16.991574933,24.068287932,59.873632504,6.000000,16.055555556
1510.500000,16.995838876,24.059972150,59.875253855,6.000000,16.041666667
1511.000000,17.000102285,24.051656142,59.876875347,6.000000,16.027777778
1511.500000,17.004365160,24.043339910,59.878496979,6.000000,16.013888889
1512.000000,17.008627503,24.035023452,59.880118753,6.000000,16.000000000
1512.500000,17.012889312,24.026706768,59.881740667,6.000000,15.986111111
1513.000000,17.017150588,24.018389860,59.883362722,6.000000,15.972222222
1513.500000,17.021411331,24.010072726,59.884984918,6.000000,15.958333333
1514.000000,17.025671541,24.001755367,59.886607255,6.000000,15.944444444
1514.500000,17.029931219,23.993437783,59.888229732,6.000000,15.930555556
1515.000000,17.034190363,23.985119973,59.889852351,6.000000,15.916666667
1515.500000,17.038448975,23.976801938,59.891475111,6.000000,15.902777778
1516.000000,17.042707054,23.968483678,59.893098011,6.000000,15.888888889
1516.500000,17.046964600,23.960165192,59.894721053,6.000000,15.875000000
1517.000000,17.051221613,23.951846481,59.896344236,6.000000,15.861111111
1517.500000,17.055478095,23.943527544,59.897967559,6.000000,15.847222222
1518.000000,17.059734043,23.935208382,59.899591024,6.000000,15.833333333
1518.500000,17.063989460,23.926888994,59.901214630,6.000000,15.819444444
1519.000000,17.068244344,23.918569381,59.902838377,6.000000,15.805555556
1519.500000,17.072498695,23.910249542,59.904462265,6.000000,15.791666667
1520.000000,17.076752515,23.901929478,59.906086294,6.000000,15.777777778
1520.500000,17.081005802,23.893609188,59.907710464,6.000000,15.763888889
1521.000000,17.085258558,23.885288673,59.909334776,6.000000,15.750000000
1521.500000,17.089510781,23.876967932,59.910959229,6.000000,15.736111111
1522.000000,17.093762472,23.868646966,59.912583822,6.000000,15.722222222
1522.500000,17.098013632,23.860325773,59.914208558,6.000000,15.708333333
1523.000000,17.102264260,23.852004356,59.915833434,6.000000,15.694444444
1523.500000,17.106514356,23.843682712,59.917458452,6.000000,15.680555556
1524.000000,17.110763920,23.835360843,59.919083610,6.000000,15.666666667
1524.500000,17.115012953,23.827038748,59.920708911,6.000000,15.652777778
1525.000000,17.119261454,23.818716427,59.922334352,6.000000,15.638888889
1525.500000,17.123509424,23.810393881,59.923959935,6.000000,15.625000000
1526.000000,17.127756863,23.802071108,59.925585659,6.000000,15.611111111
1526.500000,17.132003770,23.793748110,59.927211525,6.000000,15.597222222
1527.000000,17.136250145,23.785424887,59.928837532,6.000000,15.583333333
1527.500000,17.140495990,23.777101437,59.930463680,6.000000,15.569444444
1528.000000,17.144741303,23.768777761,59.932089970,6.000000,15.555555556
1528.500000,17.148986086,23.760453860,59.933716402,6.000000,15.541666667
1529.000000,17.153230337,23.752129733,59.935342974,6.000000,15.527777778
1529.500000,17.157474057,23.743805380,59.936969689,6.000000,15.513888889
1530.000000,17.161717247,23.735480801,59.938596544,6.000000,15.500000000
1530.500000,17.165959906,23.727155995,59.940223542,6.000000,15.486111111
1531.000000,17.170202034,23.718830964,59.941850681,6.000000,15.472222222
1531.500000,17.174443631,23.710505707,59.943477961,6.000000,15.458333333
1532.000000,17.178684698,23.702180224,59.945105383,6.000000,15.444444444
1532.500000,17.182925234,23.693854515,59.946732947,6.000000,15.430555556
1533.000000,17.187165239,23.685528580,59.948360652,6.000000,15.416666667
1533.500000,17.191404715,23.677202419,59.949988499,6.000000,15.402777778
1534.000000,17.195643660,23.668876032,59.951616488,6.000000,15.388888889
1534.500000,17.199882074,23.660549418,59.953244618,6.000000,15.375000000
1535.000000,17.204119958,23.652222579,59.954872890,6.000000,15.361111111
1535.500000,17.208357313,23.643895513,59.956501304,6.000000,15.347222222
1536.000000,17.212594137,23.635568221,59.958129859,6.000000,15.333333333
1536.500000,17.216830431,23.627240703,59.959758556,6.000000,15.319444444
1537.000000,17.221066195,23.618912959,59.961387395,6.000000,15.305555556
1537.500000,17.225301429,23.610584988,59.963016376,6.000000,15.291666667
1538.000000,17.229536134,23.602256792,59.964645499,6.000000,15.277777778
1538.500000,17.233770308,23.593928369,59.966274763,6.000000,15.263888889
1539.000000,17.238003953,23.585599719,59.967904170,6.000000,15.250000000
1539.500000,17.242237068,23.577270844,59.969533718,6.000000,15.236111111
1540.000000,17.246469654,23.568941742,59.971163408,6.000000,15.222222222
1540.500000,17.250701710,23.560612414,59.972793240,6.000000,15.208333333
1541.000000,17.254933237,23.552282859,59.974423214,6.000000,15.194444444
1541.500000,17.259164234,23.543953078,59.976053330,6.000000,15.180555556
1542.000000,17.263394703,23.535623071,59.977683588,6.000000,15.166666667
1542.500000,17.267624641,23.527292837,59.979313987,6.000000,15.152777778
1543.000000,17.271854051,23.518962377,59.980944529,6.000000,15.138888889
1543.500000,17.276082932,23.510631690,59.982575213,6.000000,15.125000000
1544.000000,17.280311283,23.502300777,59.984206039,6.000000,15.111111111
1544.500000,17.284539106,23.493969637,59.985837007,6.000000,15.097222222
1545.000000,17.288766399,23.485638271,59.987468117,6.000000,15.083333333
1545.500000,17.292993164,23.477306678,59.989099370,6.000000,15.069444444
1546.000000,17.297219400,23.468974858,59.990730764,6.000000,15.055555556
1546.500000,17.301445107,23.460642813,59.992362300,6.000000,15.041666667
1547.000000,17.305670286,23.452310540,59.993993979,6.000000,15.027777778
1547.500000,17.309894936,23.443978041,59.995625800,6.000000,15.013888889
1548.000000,17.314119057,23.435645315,59.997257763,6.000000,15.000000000
1548.500000,17.318342650,23.427312363,59.998889868,6.000000,14.986111111
1549.000000,17.322565715,23.418979183,60.000522116,6.000000,14.972222222
1549.500000,17.326788251,23.410645778,60.002154506,6.000000,14.958333333
1550.000000,17.331010259,23.402312145,60.003787038,6.000000,14.944444444
1550.500000,17.335231739,23.393978286,60.005419712,6.000000,14.930555556
1551.000000,17.339452691,23.385644200,60.007052529,6.000000,14.916666667
1551.500000,17.343673114,23.377309887,60.008685488,6.000000,14.902777778
1552.000000,17.347893010,23.368975347,60.010318589,6.000000,14.888888889
1552.500000,17.352112377,23.360640581,60.011951833,6.000000,14.875000000
1553.000000,17.356331217,23.352305587,60.013585219,6.000000,14.861111111
1553.500000,17.360549529,23.343970367,60.015218748,6.000000,14.847222222
1554.000000,17.364767313,23.335634920,60.016852419,6.000000,14.833333333
1554.500000,17.368984570,23.327299246,60.018486232,6.000000,14.819444444
1555.000000,17.373201299,23.318963345,60.020120188,6.000000,14.805555556
1555.500000,17.377417500,23.310627217,60.021754286,6.000000,14.791666667
1556.000000,17.381633174,23.302290863,60.023388527,6.000000,14.777777778
1556.500000,17.385848321,23.293954281,60.025022911,6.000000,14.763888889
1557.000000,17.390062940,23.285617472,60.026657437,6.000000,14.750000000
1557.500000,17.394277032,23.277280436,60.028292105,6.000000,14.736111111
1558.000000,17.398490596,23.268943174,60.029926917,6.000000,14.722222222
1558.500000,17.402703634,23.260605684,60.031561870,6.000000,14.708333333
1559.000000,17.406916144,23.252267967,60.033196967,6.000000,14.694444444
1559.500000,17.411128127,23.243930023,60.034832206,6.000000,14.680555556
1560.000000,17.415339584,23.235591852,60.036467588,6.000000,14.666666667
1560.500000,17.419550513,23.227253453,60.038103112,6.000000,14.652777778
1561.000000,17.423760916,23.218914828,60.039738779,6.000000,14.638888889
1561.500000,17.427970792,23.210575975,60.041374589,6.000000,14.625000000
1562.000000,17.432180141,23.202236896,60.043010542,6.000000,14.611111111
1562.500000,17.436388964,23.193897589,60.044646637,6.000000,14.597222222
1563.000000,17.440597259,23.185558054,60.046282875,6.000000,14.583333333
1563.500000,17.444805029,23.177218293,60.047919256,6.000000,14.569444444
1564.000000,17.449012272,23.168878304,60.049555780,6.000000,14.555555556
1564.500000,17.453218989,23.160538088,60.051192446,6.000000,14.541666667
1565.000000,17.457425179,23.152197645,60.052829256,6.000000,14.527777778
1565.500000,17.461630843,23.143856974,60.054466208,6.000000,14.513888889
1566.000000,17.465835981,23.135516076,60.056103303,6.000000,14.500000000
1566.500000,17.470040593,23.127174950,60.057740542,6.000000,14.486111111
1567.000000,17.474244678,23.118833597,60.059377923,6.000000,14.472222222
1567.500000,17.478448238,23.110492017,60.061015447,6.000000,14.458333333
1568.000000,17.482651272,23.102150209,60.062653114,6.000000,14.444444444
1568.500000,17.486853780,23.093808174,60.064290924,6.000000,14.430555556
1569.000000,17.491055762,23.085465912,60.065928877,6.000000,14.416666667
1569.500000,17.495257218,23.077123422,60.067566973,6.000000,14.402777778
1570.000000,17.499458149,23.068780704,60.069205212,6.000000,14.388888889
1570.500000,17.503658554,23.060437759,60.070843594,6.000000,14.375000000
1571.000000,17.507858434,23.052094586,60.072482120,6.000000,14.361111111
1571.500000,17.512057788,23.043751186,60.074120788,6.000000,14.347222222
1572.000000,17.516256616,23.035407558,60.075759599,6.000000,14.333333333
1572.500000,17.520454920,23.027063702,60.077398554,6.000000,14.319444444
1573.000000,17.524652698,23.018719619,60.079037652,6.000000,14.305555556
1573.500000,17.528849951,23.010375308,60.080676893,6.000000,14.291666667
1574.000000,17.533046679,23.002030770,60.082316277,6.000000,14.277777778
1574.500000,17.537242881,22.993686004,60.083955805,6.000000,14.263888889
1575.000000,17.541438559,22.985341010,60.085595476,6.000000,14.250000000
1575.500000,17.545633712,22.976995788,60.087235290,6.000000,14.236111111
1576.000000,17.549828339,22.968650339,60.088875247,6.000000,14.222222222
1576.500000,17.554022442,22.960304662,60.090515348,6.000000,14.208333333
1577.000000,17.558216021,22.951958757,60.092155591,6.000000,14.194444444
1577.500000,17.562409074,22.943612624,60.093795979,6.000000,14.180555556
1578.000000,17.566601603,22.935266264,60.095436509,6.000000,14.166666667
1578.500000,17.570793607,22.926919675,60.097077183,6.000000,14.152777778
1579.000000,17.574985087,22.918572859,60.098718001,6.000000,14.138888889
1579.500000,17.579176042,22.910225815,60.100358962,6.000000,14.125000000
1580.000000,17.583366474,22.901878543,60.102000066,6.000000,14.111111111
1580.500000,17.587556380,22.893531043,60.103641314,6.000000,14.097222222
1581.000000,17.591745763,22.885183315,60.105282705,6.000000,14.083333333
1581.500000,17.595934621,22.876835359,60.106924240,6.000000,14.069444444
1582.000000,17.600122955,22.868487175,60.108565918,6.000000,14.055555556
1582.500000,17.604310765,22.860138763,60.110207740,6.000000,14.041666667
1583.000000,17.608498051,22.851790123,60.111849705,6.000000,14.027777778
1583.500000,17.612684814,22.843441255,60.113491814,6.000000,14.013888889
1584.000000,17.616871052,22.835092159,60.115134067,6.000000,14.000000000
1584.500000,17.621056767,22.826742835,60.116776463,6.000000,13.986111111
1585.000000,17.625241958,22.818393283,60.118419003,6.000000,13.972222222
1585.500000,17.629426625,22.810043502,60.120061686,6.000000,13.958333333
1586.000000,17.633610768,22.801693494,60.121704513,6.000000,13.944444444
1586.500000,17.637794388,22.793343257,60.123347484,6.000000,13.930555556
1587.000000,17.641977485,22.784992792,60.124990599,6.000000,13.916666667
1587.500000,17.646160058,22.776642099,60.126633857,6.000000,13.902777778
1588.000000,17.650342108,22.768291177,60.128277259,6.000000,13.888888889
1588.500000,17.654523635,22.759940028,60.129920805,6.000000,13.875000000
1589.000000,17.658704638,22.751588650,60.131564495,6.000000,13.861111111
1589.500000,17.662885118,22.743237044,60.133208328,6.000000,13.847222222
1590.000000,17.667065076,22.734885209,60.134852305,6.000000,13.833333333
1590.500000,17.671244510,22.726533146,60.136496426,6.000000,13.819444444
1591.000000,17.675423421,22.718180855,60.138140691,6.000000,13.805555556
1591.500000,17.679601809,22.709828336,60.139785100,6.000000,13.791666667
1592.000000,17.683779675,22.701475588,60.141429653,6.000000,13.777777778
1592.500000,17.687957017,22.693122611,60.143074350,6.000000,13.763888889
1593.000000,17.692133838,22.684769407,60.144719191,6.000000,13.750000000
1593.500000,17.696310135,22.676415973,60.146364175,6.000000,13.736111111
1594.000000,17.700485910,22.668062312,60.148009304,6.000000,13.722222222
1594.500000,17.704661162,22.659708422,60.149654577,6.000000,13.708333333
1595.000000,17.708835892,22.651354303,60.151299993,6.000000,13.694444444
1595.500000,17.713010100,22.642999956,60.152945554,6.000000,13.680555556
1596.000000,17.717183785,22.634645380,60.154591259,6.000000,13.666666667
1596.500000,17.721356948,22.626290575,60.156237108,6.000000,13.652777778
1597.000000,17.725529589,22.617935543,60.157883101,6.000000,13.638888889
1597.500000,17.729701708,22.609580281,60.159529238,6.000000,13.625000000
1598.000000,17.733873304,22.601224791,60.161175519,6.000000,13.611111111
1598.500000,17.738044379,22.592869072,60.162821945,6.000000,13.597222222
1599.000000,17.742214932,22.584513125,60.164468514,6.000000,13.583333333
1599.500000,17.746384963,22.576156948,60.166115228,6.000000,13.569444444
1600.000000,17.750554472,22.567800543,60.167762086,6.000000,13.555555556
1600.500000,17.754723459,22.559443910,60.169409089,6.000000,13.541666667
1601.000000,17.758891925,22.551087047,60.171056235,6.000000,13.527777778
1601.500000,17.763059869,22.542729956,60.172703526,6.000000,13.513888889
1602.000000,17.767227292,22.534372636,60.174350961,6.000000,13.500000000
1602.500000,17.771394193,22.526015088,60.175998541,6.000000,13.486111111
1603.000000,17.775560572,22.517657310,60.177646265,6.000000,13.472222222
1603.500000,17.779726431,22.509299304,60.179294133,6.000000,13.458333333
1604.000000,17.783891768,22.500941068,60.180942145,6.000000,13.444444444
1604.500000,17.788056584,22.492582604,60.182590302,6.000000,13.430555556
1605.000000,17.792220879,22.484223911,60.184238604,6.000000,13.416666667
1605.500000,17.796384652,22.475864989,60.185887050,6.000000,13.402777778
1606.000000,17.800547905,22.467505838,60.187535640,6.000000,13.388888889
1606.500000,17.804710637,22.459146458,60.189184375,6.000000,13.375000000
1607.000000,17.808872848,22.450786849,60.190833254,6.000000,13.361111111
1607.500000,17.813034538,22.442427011,60.192482278,6.000000,13.347222222
1608.000000,17.817195707,22.434066944,60.194131446,6.000000,13.333333333
1608.500000,17.821356355,22.425706648,60.195780759,6.000000,13.319444444
1609.000000,17.825516483,22.417346123,60.197430217,6.000000,13.305555556
1609.500000,17.829676091,22.408985369,60.199079819,6.000000,13.291666667
1610.000000,17.833835177,22.400624386,60.200729565,6.000000,13.277777778
1610.500000,17.837993744,22.392263173,60.202379457,6.000000,13.263888889
1611.000000,17.842151790,22.383901732,60.204029493,6.000000,13.250000000
1611.500000,17.846309315,22.375540061,60.205679674,6.000000,13.236111111
1612.000000,17.850466321,22.367178161,60.207329999,6.000000,13.222222222
1612.500000,17.854622806,22.358816032,60.208980469,6.000000,13.208333333
1613.000000,17.858778771,22.350453673,60.210631084,6.000000,13.194444444
1613.500000,17.862934216,22.342091086,60.212281844,6.000000,13.180555556
1614.000000,17.867089142,22.333728269,60.213932748,6.000000,13.166666667
1614.500000,17.871243547,22.325365222,60.215583797,6.000000,13.152777778
1615.000000,17.875397432,22.317001947,60.217234991,6.000000,13.138888889
1615.500000,17.879550797,22.308638442,60.218886330,6.000000,13.125000000
1616.000000,17.883703643,22.300274708,60.220537814,6.000000,13.111111111
1616.500000,17.887855969,22.291910744,60.222189442,6.000000,13.097222222
1617.000000,17.892007776,22.283546551,60.223841216,6.000000,13.083333333
1617.500000,17.896159063,22.275182129,60.225493134,6.000000,13.069444444
1618.000000,17.900309830,22.266817477,60.227145198,6.000000,13.055555556
1618.500000,17.904460078,22.258452596,60.228797406,6.000000,13.041666667
1619.000000,17.908609807,22.250087485,60.230449759,6.000000,13.027777778
1619.500000,17.912759016,22.241722145,60.232102257,6.000000,13.013888889
1620.000000,17.916907707,22.233356575,60.233754901,6.000000,13.000000000
1620.500000,17.921055878,22.224990776,60.235407689,6.000000,12.986111111
1621.000000,17.925203530,22.216624747,60.237060622,6.000000,12.972222222
1621.500000,17.929350663,22.208258489,60.238713701,6.000000,12.958333333
1622.000000,17.933497277,22.199892000,60.240366924,6.000000,12.944444444
1622.500000,17.937643372,22.191525283,60.242020293,6.000000,12.930555556
1623.000000,17.941788948,22.183158336,60.243673807,6.000000,12.916666667
1623.500000,17.945934005,22.174791159,60.245327466,6.000000,12.902777778
1624.000000,17.950078544,22.166423752,60.246981270,6.000000,12.888888889
1624.500000,17.954222564,22.158056116,60.248635219,6.000000,12.875000000
1625.000000,17.958366065,22.149688250,60.250289314,6.000000,12.861111111
1625.500000,17.962509048,22.141320154,60.251943554,6.000000,12.847222222
1626.000000,17.966651513,22.132951829,60.253597939,6.000000,12.833333333
1626.500000,17.970793459,22.124583273,60.255252469,6.000000,12.819444444
1627.000000,17.974934887,22.116214488,60.256907144,6.000000,12.805555556
1627.500000,17.979075796,22.107845473,60.258561965,6.000000,12.791666667
1628.000000,17.983216188,22.099476229,60.260216932,6.000000,12.777777778
1628.500000,17.987356061,22.091106754,60.261872043,6.000000,12.763888889
1629.000000,17.991495416,22.082737050,60.263527300,6.000000,12.750000000
1629.500000,17.995634253,22.074367115,60.265182702,6.000000,12.736111111
1630.000000,17.999772572,22.065996951,60.266838250,6.000000,12.722222222
1630.500000,18.003910374,22.057626557,60.268493943,6.000000,12.708333333
1631.000000,18.008047657,22.049255933,60.270149782,6.000000,12.694444444
1631.500000,18.012184423,22.040885079,60.271805766,6.000000,12.680555556
1632.000000,18.016320671,22.032513994,60.273461896,6.000000,12.666666667
1632.500000,18.020456401,22.024142680,60.275118171,6.000000,12.652777778
1633.000000,18.024591614,22.015771136,60.276774591,6.000000,12.638888889
1633.500000,18.028726310,22.007399362,60.278431158,6.000000,12.625000000
1634.000000,18.032860488,21.999027357,60.280087869,6.000000,12.611111111
1634.500000,18.036994148,21.990655123,60.281744727,6.000000,12.597222222
1635.000000,18.041127291,21.982282658,60.283401730,6.000000,12.583333333
1635.500000,18.045259917,21.973909964,60.285058878,6.000000,12.569444444
1636.000000,18.049392026,21.965537039,60.286716173,6.000000,12.555555556
1636.500000,18.053523618,21.957163884,60.288373613,6.000000,12.541666667
1637.000000,18.057654693,21.948790499,60.290031198,6.000000,12.527777778
1637.500000,18.061785250,21.940416883,60.291688929,6.000000,12.513888889
1638.000000,18.065915291,21.932043038,60.293346807,6.000000,12.500000000
1638.500000,18.070044815,21.923668962,60.295004829,6.000000,12.486111111
1639.000000,18.074173822,21.915294655,60.296662998,6.000000,12.472222222
1639.500000,18.078302312,21.906920119,60.298321312,6.000000,12.458333333
1640.000000,18.082430286,21.898545352,60.299979772,6.000000,12.444444444
1640.500000,18.086557743,21.890170355,60.301638379,6.000000,12.430555556
1641.000000,18.090684684,21.881795127,60.303297130,6.000000,12.416666667
1641.500000,18.094811108,21.873419669,60.304956028,6.000000,12.402777778
1642.000000,18.098937016,21.865043981,60.306615072,6.000000,12.388888889
1642.500000,18.103062407,21.856668062,60.308274261,6.000000,12.375000000
1643.000000,18.107187282,21.848291913,60.309933597,6.000000,12.361111111
1643.500000,18.111311641,21.839915533,60.311593078,6.000000,12.347222222
1644.000000,18.115435483,21.831538923,60.313252706,6.000000,12.333333333
1644.500000,18.119558810,21.823162083,60.314912479,6.000000,12.319444444
1645.000000,18.123681621,21.814785011,60.316572398,6.000000,12.305555556
1645.500000,18.127803915,21.806407710,60.318232464,6.000000,12.291666667
1646.000000,18.131925694,21.798030177,60.319892675,6.000000,12.277777778
1646.500000,18.136046957,21.789652415,60.321553033,6.000000,12.263888889
1647.000000,18.140167704,21.781274421,60.323213536,6.000000,12.250000000
1647.500000,18.144287935,21.772896197,60.324874186,6.000000,12.236111111
1648.000000,18.148407651,21.764517742,60.326534982,6.000000,12.222222222
1648.500000,18.152526851,21.756139057,60.328195924,6.000000,12.208333333
1649.000000,18.156645535,21.747760141,60.329857012,6.000000,12.194444444
1649.500000,18.160763705,21.739380994,60.331518247,6.000000,12.180555556
1650.000000,18.164881358,21.731001616,60.333179627,6.000000,12.166666667
1650.500000,18.168998497,21.722622008,60.334841154,6.000000,12.152777778
1651.000000,18.173115120,21.714242169,60.336502827,6.000000,12.138888889
1651.500000,18.177231228,21.705862099,60.338164646,6.000000,12.125000000
1652.000000,18.181346820,21.697481799,60.339826612,6.000000,12.111111111
1652.500000,18.185461898,21.689101267,60.341488724,6.000000,12.097222222
1653.000000,18.189576461,21.680720505,60.343150982,6.000000,12.083333333
1653.500000,18.193690509,21.672339512,60.344813387,6.000000,12.069444444
1654.000000,18.197804041,21.663958287,60.346475938,6.000000,12.055555556
1654.500000,18.201917060,21.655576832,60.348138635,6.000000,12.041666667
1655.000000,18.206029563,21.647195147,60.349801479,6.000000,12.027777778
1655.500000,18.210141551,21.638813230,60.351464469,6.000000,12.013888889
1656.000000,18.214253025,21.630431082,60.353127606,6.000000,12.000000000
1656.500000,18.218363985,21.622048703,60.354790889,6.000000,11.986111111
1657.000000,18.222474430,21.613666093,60.356454319,6.000000,11.972222222
1657.500000,18.226584360,21.605283252,60.358117895,6.000000,11.958333333
1658.000000,18.230693776,21.596900180,60.359781618,6.000000,11.944444444
1658.500000,18.234802678,21.588516877,60.361445487,6.000000,11.930555556
1659.000000,18.238911065,21.580133343,60.363109503,6.000000,11.916666667
1659.500000,18.243018939,21.571749578,60.364773665,6.000000,11.902777778
1660.000000,18.247126298,21.563365582,60.366437974,6.000000,11.888888889
1660.500000,18.251233143,21.554981354,60.368102430,6.000000,11.875000000
1661.000000,18.255339474,21.546596896,60.369767032,6.000000,11.861111111
1661.500000,18.259445291,21.538212206,60.371431781,6.000000,11.847222222
1662.000000,18.263550594,21.529827285,60.373096677,6.000000,11.833333333
1662.500000,18.267655384,21.521442132,60.374761719,6.000000,11.819444444
1663.000000,18.271759660,21.513056749,60.376426909,6.000000,11.805555556
1663.500000,18.275863422,21.504671134,60.378092244,6.000000,11.791666667
1664.000000,18.279966670,21.496285288,60.379757727,6.000000,11.777777778
1664.500000,18.284069405,21.487899210,60.381423357,6.000000,11.763888889
1665.000000,18.288171626,21.479512901,60.383089133,6.000000,11.750000000
1665.500000,18.292273334,21.471126361,60.384755056,6.000000,11.736111111
1666.000000,18.296374529,21.462739590,60.386421126,6.000000,11.722222222
1666.500000,18.300475210,21.454352587,60.388087343,6.000000,11.708333333
1667.000000,18.304575378,21.445965352,60.389753706,6.000000,11.694444444
1667.500000,18.308675033,21.437577887,60.391420217,6.000000,11.680555556
1668.000000,18.312774175,21.429190189,60.393086875,6.000000,11.666666667
1668.500000,18.316872804,21.420802261,60.394753679,6.000000,11.652777778
1669.000000,18.320970920,21.412414100,60.396420631,6.000000,11.638888889
1669.500000,18.325068522,21.404025709,60.398087729,6.000000,11.625000000
1670.000000,18.329165612,21.395637085,60.399754975,6.000000,11.611111111
1670.500000,18.333262190,21.387248231,60.401422367,6.000000,11.597222222
1671.000000,18.337358254,21.378859144,60.403089907,6.000000,11.583333333
1671.500000,18.341453806,21.370469826,60.404757593,6.000000,11.569444444
1672.000000,18.345548845,21.362080276,60.406425427,6.000000,11.555555556
1672.500000,18.349643372,21.353690495,60.408093408,6.000000,11.541666667
1673.000000,18.353737386,21.345300482,60.409761536,6.000000,11.527777778
1673.500000,18.357830887,21.336910237,60.411429811,6.000000,11.513888889
1674.000000,18.361923877,21.328519761,60.413098234,6.000000,11.500000000
1674.500000,18.366016354,21.320129053,60.414766803,6.000000,11.486111111
1675.000000,18.370108319,21.311738113,60.416435520,6.000000,11.472222222
1675.500000,18.374199771,21.303346942,60.418104384,6.000000,11.458333333
1676.000000,18.378290712,21.294955538,60.419773395,6.000000,11.444444444
1676.500000,18.382381141,21.286563903,60.421442554,6.000000,11.430555556
1677.000000,18.386471057,21.278172036,60.423111860,6.000000,11.416666667
1677.500000,18.390560462,21.269779937,60.424781313,6.000000,11.402777778
1678.000000,18.394649355,21.261387606,60.426450914,6.000000,11.388888889
1678.500000,18.398737736,21.252995044,60.428120661,6.000000,11.375000000
1679.000000,18.402825605,21.244602249,60.429790557,6.000000,11.361111111
1679.500000,18.406912963,21.236209223,60.431460599,6.000000,11.347222222
1680.000000,18.410999809,21.227815964,60.433130789,6.000000,11.333333333
1680.500000,18.415086143,21.219422474,60.434801127,6.000000,11.319444444
1681.000000,18.419171966,21.211028752,60.436471612,6.000000,11.305555556
1681.500000,18.423257278,21.202634797,60.438142244,6.000000,11.291666667
1682.000000,18.427342078,21.194240611,60.439813024,6.000000,11.277777778
1682.500000,18.431426367,21.185846192,60.441483952,6.000000,11.263888889
1683.000000,18.435510145,21.177451542,60.443155027,6.000000,11.250000000
1683.500000,18.439593412,21.169056659,60.444826250,6.000000,11.236111111
1684.000000,18.443676167,21.160661544,60.446497620,6.000000,11.222222222
1684.500000,18.447758412,21.152266197,60.448169137,6.000000,11.208333333
1685.000000,18.451840145,21.143870618,60.449840803,6.000000,11.194444444
1685.500000,18.455921368,21.135474807,60.451512616,6.000000,11.180555556
1686.000000,18.460002080,21.127078764,60.453184577,6.000000,11.166666667
1686.500000,18.464082281,21.118682488,60.454856685,6.000000,11.152777778
1687.000000,18.468161971,21.110285980,60.456528941,6.000000,11.138888889
1687.500000,18.472241151,21.101889240,60.458201345,6.000000,11.125000000
1688.000000,18.476319820,21.093492268,60.459873897,6.000000,11.111111111
1688.500000,18.480397979,21.085095063,60.461546596,6.000000,11.097222222
1689.000000,18.484475627,21.076697626,60.463219443,6.000000,11.083333333
1689.500000,18.488552765,21.068299957,60.464892438,6.000000,11.069444444
1690.000000,18.492629392,21.059902055,60.466565581,6.000000,11.055555556
1690.500000,18.496705509,21.051503921,60.468238871,6.000000,11.041666667
1691.000000,18.500781116,21.043105554,60.469912310,6.000000,11.027777778
1691.500000,18.504856213,21.034706955,60.471585896,6.000000,11.013888889
1692.000000,18.508930799,21.026308124,60.473259631,6.000000,11.000000000
1692.500000,18.513004876,21.017909060,60.474933513,6.000000,10.986111111
1693.000000,18.517078443,21.009509764,60.476607543,6.000000,10.972222222
1693.500000,18.521151500,21.001110235,60.478281721,6.000000,10.958333333
1694.000000,18.525224047,20.992710474,60.479956047,6.000000,10.944444444
1694.500000,18.529296084,20.984310480,60.481630521,6.000000,10.930555556
1695.000000,18.533367611,20.975910253,60.483305143,6.000000,10.916666667
1695.500000,18.537438629,20.967509794,60.484979914,6.000000,10.902777778
1696.000000,18.541509137,20.959109103,60.486654832,6.000000,10.888888889
1696.500000,18.545579136,20.950708178,60.488329898,6.000000,10.875000000
1697.000000,18.549648625,20.942307021,60.490005113,6.000000,10.861111111
1697.500000,18.553717605,20.933905632,60.491680475,6.000000,10.847222222
1698.000000,18.557786076,20.925504009,60.493355986,6.000000,10.833333333
1698.500000,18.561854037,20.917102154,60.495031645,6.000000,10.819444444
1699.000000,18.565921489,20.908700067,60.496707452,6.000000,10.805555556
1699.500000,18.569988432,20.900297746,60.498383408,6.000000,10.791666667
1700.000000,18.574054866,20.891895193,60.500059511,6.000000,10.777777778
1700.500000,18.578120791,20.883492407,60.501735763,6.000000,10.763888889
1701.000000,18.582186207,20.875089388,60.503412163,6.000000,10.750000000
1701.500000,18.586251114,20.866686136,60.505088712,6.000000,10.736111111
1702.000000,18.590315512,20.858282652,60.506765408,6.000000,10.722222222
1702.500000,18.594379402,20.849878934,60.508442254,6.000000,10.708333333
1703.000000,18.598442783,20.841474984,60.510119247,6.000000,10.694444444
1703.500000,18.602505655,20.833070801,60.511796389,6.000000,10.680555556
1704.000000,18.606568018,20.824666385,60.513473679,6.000000,10.666666667
1704.500000,18.610629873,20.816261736,60.515151118,6.000000,10.652777778
1705.000000,18.614691220,20.807856853,60.516828705,6.000000,10.638888889
1705.500000,18.618752058,20.799451738,60.518506440,6.000000,10.625000000
1706.000000,18.622812388,20.791046390,60.520184324,6.000000,10.611111111
1706.500000,18.626872209,20.782640809,60.521862357,6.000000,10.597222222
1707.000000,18.630931523,20.774234995,60.523540538,6.000000,10.583333333
1707.500000,18.634990328,20.765828948,60.525218868,6.000000,10.569444444
1708.000000,18.639048625,20.757422667,60.526897346,6.000000,10.555555556
1708.500000,18.643106414,20.749016154,60.528575972,6.000000,10.541666667
1709.000000,18.647163696,20.740609407,60.530254748,6.000000,10.527777778
1709.500000,18.651220469,20.732202427,60.531933672,6.000000,10.513888889
1710.000000,18.655276734,20.723795214,60.533612744,6.000000,10.500000000
1710.500000,18.659332492,20.715387768,60.535291966,6.000000,10.486111111
1711.000000,18.663387742,20.706980089,60.536971336,6.000000,10.472222222
1711.500000,18.667442485,20.698572176,60.538650854,6.000000,10.458333333
1712.000000,18.671496719,20.690164030,60.540330522,6.000000,10.444444444
1712.500000,18.675550447,20.681755651,60.542010338,6.000000,10.430555556
1713.000000,18.679603667,20.673347038,60.543690303,6.000000,10.416666667
1713.500000,18.683656379,20.664938192,60.545370416,6.000000,10.402777778
1714.000000,18.687708584,20.656529113,60.547050679,6.000000,10.388888889
1714.500000,18.691760282,20.648119800,60.548731090,6.000000,10.375000000
1715.000000,18.695811473,20.639710254,60.550411651,6.000000,10.361111111
1715.500000,18.699862156,20.631300475,60.552092360,6.000000,10.347222222
1716.000000,18.703912333,20.622890462,60.553773218,6.000000,10.333333333
1716.500000,18.707962002,20.614480216,60.555454224,6.000000,10.319444444
1717.000000,18.712011165,20.606069736,60.557135380,6.000000,10.305555556
1717.500000,18.716059821,20.597659023,60.558816685,6.000000,10.291666667
1718.000000,18.720107969,20.589248076,60.560498139,6.000000,10.277777778
1718.500000,18.724155611,20.580836896,60.562179742,6.000000,10.263888889
1719.000000,18.728202747,20.572425482,60.563861493,6.000000,10.250000000
1719.500000,18.732249376,20.564013835,60.565543394,6.000000,10.236111111
1720.000000,18.736295498,20.555601954,60.567225444,6.000000,10.222222222
1720.500000,18.740341113,20.547189839,60.568907643,6.000000,10.208333333
1721.000000,18.744386223,20.538777491,60.570589991,6.000000,10.194444444
1721.500000,18.748430825,20.530364909,60.572272488,6.000000,10.180555556
1722.000000,18.752474922,20.521952093,60.573955134,6.000000,10.166666667
1722.500000,18.756518512,20.513539044,60.575637930,6.000000,10.152777778
1723.000000,18.760561596,20.505125761,60.577320874,6.000000,10.138888889
1723.500000,18.764604174,20.496712244,60.579003968,6.000000,10.125000000
1724.000000,18.768646246,20.488298493,60.580687211,6.000000,10.111111111
1724.500000,18.772687812,20.479884509,60.582370604,6.000000,10.097222222
1725.000000,18.776728872,20.471470291,60.584054145,6.000000,10.083333333
1725.500000,18.780769425,20.463055839,60.585737836,6.000000,10.069444444
1726.000000,18.784809474,20.454641153,60.587421676,6.000000,10.055555556
1726.500000,18.788849016,20.446226233,60.589105666,6.000000,10.041666667
1727.000000,18.792888053,20.437811080,60.590789804,6.000000,10.027777778
1727.500000,18.796926584,20.429395692,60.592474092,6.000000,10.013888889
1728.000000,18.800964609,20.420980071,60.594158530,6.000000,10.000000000
1728.500000,18.805002129,20.412564216,60.595843117,6.000000,9.986111111
1729.000000,18.809039144,20.404148126,60.597527853,6.000000,9.972222222
1729.500000,18.813075653,20.395731803,60.599212739,6.000000,9.958333333
1730.000000,18.817111657,20.387315246,60.600897775,6.000000,9.944444444
1730.500000,18.821147155,20.378898454,60.602582959,6.000000,9.930555556
1731.000000,18.825182149,20.370481429,60.604268294,6.000000,9.916666667
1731.500000,18.829216637,20.362064169,60.605953778,6.000000,9.902777778
1732.000000,18.833250620,20.353646676,60.607639411,6.000000,9.888888889
1732.500000,18.837284098,20.345228948,60.609325194,6.000000,9.875000000
1733.000000,18.841317071,20.336810986,60.611011127,6.000000,9.861111111
1733.500000,18.845349539,20.328392790,60.612697209,6.000000,9.847222222
1734.000000,18.849381503,20.319974360,60.614383441,6.000000,9.833333333
1734.500000,18.853412962,20.311555696,60.616069822,6.000000,9.819444444
1735.000000,18.857443916,20.303136797,60.617756353,6.000000,9.805555556
1735.500000,18.861474365,20.294717664,60.619443034,6.000000,9.791666667
1736.000000,18.865504310,20.286298297,60.621129865,6.000000,9.777777778
1736.500000,18.869533750,20.277878696,60.622816845,6.000000,9.763888889
1737.000000,18.873562686,20.269458860,60.624503975,6.000000,9.750000000
1737.500000,18.877591117,20.261038790,60.626191255,6.000000,9.736111111
1738.000000,18.881619044,20.252618486,60.627878685,6.000000,9.722222222
1738.500000,18.885646467,20.244197947,60.629566264,6.000000,9.708333333
1739.000000,18.889673385,20.235777174,60.631253993,6.000000,9.694444444
1739.500000,18.893699800,20.227356167,60.632941873,6.000000,9.680555556
1740.000000,18.897725710,20.218934925,60.634629902,6.000000,9.666666667
1740.500000,18.901751117,20.210513448,60.636318081,6.000000,9.652777778
1741.000000,18.905776019,20.202091737,60.638006410,6.000000,9.638888889
1741.500000,18.909800418,20.193669792,60.639694889,6.000000,9.625000000
1742.000000,18.913824312,20.185247612,60.641383517,6.000000,9.611111111
1742.500000,18.917847703,20.176825198,60.643072296,6.000000,9.597222222
1743.000000,18.921870590,20.168402549,60.644761225,6.000000,9.583333333
1743.500000,18.925892974,20.159979665,60.646450304,6.000000,9.569444444
1744.000000,18.929914854,20.151556547,60.648139533,6.000000,9.555555556
1744.500000,18.933936230,20.143133195,60.649828912,6.000000,9.541666667
1745.000000,18.937957103,20.134709607,60.651518441,6.000000,9.527777778
1745.500000,18.941977473,20.126285785,60.653208120,6.000000,9.513888889
1746.000000,18.945997339,20.117861729,60.654897949,6.000000,9.500000000
1746.500000,18.950016702,20.109437437,60.656587929,6.000000,9.486111111
1747.000000,18.954035562,20.101012911,60.658278059,6.000000,9.472222222
1747.500000,18.958053918,20.092588150,60.659968338,6.000000,9.458333333
1748.000000,18.962071772,20.084163155,60.661658768,6.000000,9.444444444
1748.500000,18.966089122,20.075737924,60.663349349,6.000000,9.430555556
1749.000000,18.970105970,20.067312459,60.665040079,6.000000,9.416666667
1749.500000,18.974122315,20.058886759,60.666730960,6.000000,9.402777778
1750.000000,18.978138156,20.050460824,60.668421991,6.000000,9.388888889
1750.500000,18.982153495,20.042034655,60.670113173,6.000000,9.375000000
1751.000000,18.986168332,20.033608250,60.671804505,6.000000,9.361111111
1751.500000,18.990182665,20.025181610,60.673495987,6.000000,9.347222222
1752.000000,18.994196496,20.016754736,60.675187619,6.000000,9.333333333
1752.500000,18.998209825,20.008327627,60.676879402,6.000000,9.319444444
1753.000000,19.002222651,19.999900282,60.678585503,6.000000,9.305555556
1753.500000,19.006234975,19.991472701,60.681474995,6.000000,9.291666667
1754.000000,19.010246806,19.983044718,60.684364911,6.000000,9.277777778
1754.500000,19.014258143,19.974616334,60.687255252,6.000000,9.263888889
1755.000000,19.018268988,19.966187549,60.690146018,6.000000,9.250000000
1755.500000,19.022279340,19.957758362,60.693037209,6.000000,9.236111111
1756.000000,19.026289199,19.949328773,60.695928825,6.000000,9.222222222
1756.500000,19.030298566,19.940898783,60.698820867,6.000000,9.208333333
1757.000000,19.034307440,19.932468391,60.701713333,6.000000,9.194444444
1757.500000,19.038315821,19.924037598,60.704606225,6.000000,9.180555556
1758.000000,19.042323710,19.915606403,60.707499543,6.000000,9.166666667
1758.500000,19.046331106,19.907174805,60.710393286,6.000000,9.152777778
1759.000000,19.050338010,19.898742806,60.713287454,6.000000,9.138888889
1759.500000,19.054344421,19.890310405,60.716182049,6.000000,9.125000000
1760.000000,19.058350341,19.881877602,60.719077069,6.000000,9.111111111
1760.500000,19.062355768,19.873444397,60.721972516,6.000000,9.097222222
1761.000000,19.066360703,19.865010790,60.724868388,6.000000,9.083333333
1761.500000,19.070365145,19.856576780,60.727764687,6.000000,9.069444444
1762.000000,19.074369096,19.848142369,60.730661412,6.000000,9.055555556
1762.500000,19.078372555,19.839707555,60.733558563,6.000000,9.041666667
1763.000000,19.082375522,19.831272338,60.736456141,6.000000,9.027777778
1763.500000,19.086377997,19.822836719,60.739354146,6.000000,9.013888889
1764.000000,19.090379980,19.814400698,60.742252577,6.000000,9.000000000
1764.500000,19.094381471,19.805964274,60.745151435,6.000000,8.986111111
1765.000000,19.098382471,19.797527447,60.748050720,6.000000,8.972222222
1765.500000,19.102382980,19.789090218,60.750950432,6.000000,8.958333333
1766.000000,19.106382996,19.780652586,60.753850571,6.000000,8.944444444
1766.500000,19.110382522,19.772214551,60.756751138,6.000000,8.930555556
1767.000000,19.114381556,19.763776113,60.759652132,6.000000,8.916666667
1767.500000,19.118380098,19.755337273,60.762553553,6.000000,8.902777778
1768.000000,19.122378149,19.746898029,60.765455401,6.000000,8.888888889
1768.500000,19.126375709,19.738458383,60.768357678,6.000000,8.875000000
1769.000000,19.130372778,19.730018333,60.771260382,6.000000,8.861111111
1769.500000,19.134369356,19.721577880,60.774163514,6.000000,8.847222222
1770.000000,19.138365443,19.713137024,60.777067074,6.000000,8.833333333
1770.500000,19.142361039,19.704695765,60.779971062,6.000000,8.819444444
1771.000000,19.146356144,19.696254102,60.782875478,6.000000,8.805555556
1771.500000,19.150350758,19.687812036,60.785780322,6.000000,8.791666667
1772.000000,19.154344881,19.679369567,60.788685595,6.000000,8.777777778
1772.500000,19.158338514,19.670926694,60.791591296,6.000000,8.763888889
1773.000000,19.162331656,19.662483417,60.794497426,6.000000,8.750000000
1773.500000,19.166324307,19.654039737,60.797403985,6.000000,8.736111111
1774.000000,19.170316468,19.645595653,60.800310972,6.000000,8.722222222
1774.500000,19.174308138,19.637151165,60.803218388,6.000000,8.708333333
1775.000000,19.178299318,19.628706274,60.806126233,6.000000,8.694444444
1775.500000,19.182290008,19.620260979,60.809034507,6.000000,8.680555556
1776.000000,19.186280207,19.611815279,60.811943211,6.000000,8.666666667
1776.500000,19.190269916,19.603369176,60.814852343,6.000000,8.652777778
1777.000000,19.194259135,19.594922669,60.817761906,6.000000,8.638888889
1777.500000,19.198247864,19.586475758,60.820671897,6.000000,8.625000000
1778.000000,19.202236103,19.578028442,60.823582318,6.000000,8.611111111
1778.500000,19.206223852,19.569580722,60.826493169,6.000000,8.597222222
1779.000000,19.210211111,19.561132598,60.829404450,6.000000,8.583333333
1779.500000,19.214197880,19.552684070,60.832316161,6.000000,8.569444444
1780.000000,19.218184159,19.544235137,60.835228302,6.000000,8.555555556
1780.500000,19.222169949,19.535785800,60.838140872,6.000000,8.541666667
1781.000000,19.226155249,19.527336058,60.841053874,6.000000,8.527777778
1781.500000,19.230140059,19.518885912,60.843967305,6.000000,8.513888889
1782.000000,19.234124380,19.510435361,60.846881167,6.000000,8.500000000
1782.500000,19.238108211,19.501984405,60.849795459,6.000000,8.486111111
1783.000000,19.242091553,19.493533044,60.852710182,6.000000,8.472222222
1783.500000,19.246074406,19.485081279,60.855625336,6.000000,8.458333333
1784.000000,19.250056770,19.476629109,60.858540921,6.000000,8.444444444
1784.500000,19.254038644,19.468176534,60.861456936,6.000000,8.430555556
1785.000000,19.258020029,19.459723554,60.864373383,6.000000,8.416666667
1785.500000,19.262000925,19.451270168,60.867290261,6.000000,8.402777778
1786.000000,19.265981332,19.442816378,60.870207570,6.000000,8.388888889
1786.500000,19.269961249,19.434362183,60.873125311,6.000000,8.375000000
1787.000000,19.273940679,19.425907582,60.876043483,6.000000,8.361111111
1787.500000,19.277919619,19.417452576,60.878962086,6.000000,8.347222222
1788.000000,19.281898070,19.408997164,60.881881122,6.000000,8.333333333
1788.500000,19.285876033,19.400541348,60.884800589,6.000000,8.319444444
1789.000000,19.289853507,19.392085125,60.887720488,6.000000,8.305555556
1789.500000,19.293830492,19.383628497,60.890640819,6.000000,8.291666667
1790.000000,19.297806989,19.375171464,60.893561582,6.000000,8.277777778
1790.500000,19.301782998,19.366714025,60.896482777,6.000000,8.263888889
1791.000000,19.305758518,19.358256180,60.899404405,6.000000,8.250000000
1791.500000,19.309733549,19.349797929,60.902326465,6.000000,8.236111111
1792.000000,19.313708093,19.341339273,60.905248958,6.000000,8.222222222
1792.500000,19.317682148,19.332880211,60.908171883,6.000000,8.208333333
1793.000000,19.321655715,19.324420742,60.911095241,6.000000,8.194444444
1793.500000,19.325628794,19.315960868,60.914019032,6.000000,8.180555556
1794.000000,19.329601385,19.307500588,60.916943256,6.000000,8.166666667
1794.500000,19.333573488,19.299039901,60.919867913,6.000000,8.152777778
1795.000000,19.337545103,19.290578808,60.922793003,6.000000,8.138888889
1795.500000,19.341516230,19.282117309,60.925718526,6.000000,8.125000000
1796.000000,19.345486870,19.273655404,60.928644483,6.000000,8.111111111
1796.500000,19.349457021,19.265193092,60.931570873,6.000000,8.097222222
1797.000000,19.353426685,19.256730374,60.934497697,6.000000,8.083333333
1797.500000,19.357395862,19.248267249,60.937424954,6.000000,8.069444444
1798.000000,19.361364551,19.239803718,60.940352645,6.000000,8.055555556
1798.500000,19.365332752,19.231339780,60.943280770,6.000000,8.041666667
1799.000000,19.369300466,19.222875436,60.946209329,6.000000,8.027777778
1799.500000,19.373267693,19.214410684,60.949138323,6.000000,8.013888889
1800.000000,19.377234432,19.205945526,60.952067750,6.000000,8.000000000
1800.500000,19.381200684,19.197479961,60.954997612,6.000000,7.986111111
1801.000000,19.385166449,19.189013989,60.957927908,6.000000,7.972222222
1801.500000,19.389131727,19.180547610,60.960858639,6.000000,7.958333333
1802.000000,19.393096518,19.172080825,60.963789804,6.000000,7.944444444
1802.500000,19.397060822,19.163613632,60.966721404,6.000000,7.930555556
1803.000000,19.401024639,19.155146031,60.969653439,6.000000,7.916666667
1803.500000,19.404987969,19.146678024,60.972585909,6.000000,7.902777778
1804.000000,19.408950812,19.138209609,60.975518814,6.000000,7.888888889
1804.500000,19.412913169,19.129740787,60.978452154,6.000000,7.875000000
1805.000000,19.416875039,19.121271558,60.981385930,6.000000,7.861111111
1805.500000,19.420836422,19.112801921,60.984320140,6.000000,7.847222222
1806.000000,19.424797319,19.104331876,60.987254787,6.000000,7.833333333
1806.500000,19.428757729,19.095861424,60.990189868,6.000000,7.819444444
1807.000000,19.432717653,19.087390565,60.993125386,6.000000,7.805555556
1807.500000,19.436677091,19.078919297,60.996061339,6.000000,7.791666667
1808.000000,19.440636042,19.070447622,60.998997728,6.000000,7.777777778
1808.500000,19.444594507,19.061975539,61.001934554,6.000000,7.763888889
1809.000000,19.448552486,19.053503048,61.004871815,6.000000,7.750000000
1809.500000,19.452509979,19.045030149,61.007809513,6.000000,7.736111111
1810.000000,19.456466985,19.036556842,61.010747647,6.000000,7.722222222
1810.500000,19.460423506,19.028083127,61.013686217,6.000000,7.708333333
1811.000000,19.464379541,19.019609004,61.016625224,6.000000,7.694444444
1811.500000,19.468335090,19.011134473,61.019564667,6.000000,7.680555556
1812.000000,19.472290153,19.002659533,61.022504548,6.000000,7.666666667
1812.500000,19.476244730,18.994184186,61.025444865,6.000000,7.652777778
1813.000000,19.480198822,18.985708429,61.028385619,6.000000,7.638888889
1813.500000,19.484152428,18.977232265,61.031326810,6.000000,7.625000000
1814.000000,19.488105549,18.968755691,61.034268438,6.000000,7.611111111
1814.500000,19.492058184,18.960278710,61.037210504,6.000000,7.597222222
1815.000000,19.496010333,18.951801319,61.040153007,6.000000,7.583333333
1815.500000,19.499961998,18.943323520,61.043095948,6.000000,7.569444444
1816.000000,19.503913177,18.934845313,61.046039326,6.000000,7.555555556
1816.500000,19.507863870,18.926366696,61.048983142,6.000000,7.541666667
1817.000000,19.511814079,18.917887671,61.051927395,6.000000,7.527777778
1817.500000,19.515763802,18.909408236,61.054872087,6.000000,7.513888889
1818.000000,19.519713041,18.900928393,61.057817217,6.000000,7.500000000
1818.500000,19.523661794,18.892448140,61.060762785,6.000000,7.486111111
1819.000000,19.527610063,18.883967479,61.063708791,6.000000,7.472222222
1819.500000,19.531557846,18.875486408,61.066655235,6.000000,7.458333333
1820.000000,19.535505145,18.867004928,61.069602118,6.000000,7.444444444
1820.500000,19.539451959,18.858523039,61.072549439,6.000000,7.430555556
1821.000000,19.543398289,18.850040741,61.075497199,6.000000,7.416666667
1821.500000,19.547344133,18.841558033,61.078445398,6.000000,7.402777778
1822.000000,19.551289494,18.833074915,61.081394036,6.000000,7.388888889
1822.500000,19.555234369,18.824591388,61.084343113,6.000000,7.375000000
1823.000000,19.559178761,18.816107452,61.087292629,6.000000,7.361111111
1823.500000,19.563122668,18.807623106,61.090242584,6.000000,7.347222222
1824.000000,19.567066090,18.799138350,61.093192978,6.000000,7.333333333
1824.500000,19.571009028,18.790653184,61.096143812,6.000000,7.319444444
1825.000000,19.574951483,18.782167609,61.099095085,6.000000,7.305555556
1825.500000,19.578893453,18.773681623,61.102046798,6.000000,7.291666667
1826.000000,19.582834939,18.765195228,61.104998951,6.000000,7.277777778
1826.500000,19.586775941,18.756708422,61.107951543,6.000000,7.263888889
1827.000000,19.590716459,18.748221207,61.110904576,6.000000,7.250000000
1827.500000,19.594656493,18.739733581,61.113858048,6.000000,7.236111111
1828.000000,19.598596043,18.731245545,61.116811961,6.000000,7.222222222
1828.500000,19.602535110,18.722757099,61.119766314,6.000000,7.208333333
1829.000000,19.606473692,18.714268243,61.122721108,6.000000,7.194444444
1829.500000,19.610411792,18.705778976,61.125676342,6.000000,7.180555556
1830.000000,19.614349407,18.697289299,61.128632016,6.000000,7.166666667
1830.500000,19.618286539,18.688799211,61.131588131,6.000000,7.152777778
1831.000000,19.622223188,18.680308713,61.134544688,6.000000,7.138888889
1831.500000,19.626159354,18.671817804,61.137501685,6.000000,7.125000000
1832.000000,19.630095036,18.663326484,61.140459123,6.000000,7.111111111
1832.500000,19.634030234,18.654834753,61.143417002,6.000000,7.097222222
1833.000000,19.637964950,18.646342612,61.146375322,6.000000,7.083333333
1833.500000,19.641899182,18.637850060,61.149334084,6.000000,7.069444444
1834.000000,19.645832932,18.629357097,61.152293287,6.000000,7.055555556
1834.500000,19.649766198,18.620863723,61.155252932,6.000000,7.041666667
1835.000000,19.653698981,18.612369938,61.158213019,6.000000,7.027777778
1835.500000,19.657631282,18.603875742,61.161173547,6.000000,7.013888889
1836.000000,19.661563099,18.595381134,46.542315877,6.000000,7.000000000
1836.500000,19.665723311,18.588916924,46.544005144,6.000000,6.990277778
1837.000000,19.669883082,18.582452478,46.545694604,6.000000,6.980555556
1837.500000,19.674042411,18.575987799,46.547384255,6.000000,6.970833333
1838.000000,19.678201300,18.569522884,46.549074097,6.000000,6.961111111
1838.500000,19.682359747,18.563057735,46.550764132,6.000000,6.951388889
1839.000000,19.686517754,18.556592351,46.552454358,6.000000,6.941666667
1839.500000,19.690675319,18.550126732,46.554144777,6.000000,6.931944444
1840.000000,19.694832444,18.543660879,46.555835387,6.000000,6.922222222
1840.500000,19.698989128,18.537194791,46.557526189,6.000000,6.912500000
1841.000000,19.703145371,18.530728468,46.559217183,6.000000,6.902777778
1841.500000,19.707301173,18.524261910,46.560908369,6.000000,6.893055556
1842.000000,19.711456535,18.517795117,46.562599747,6.000000,6.883333333
1842.500000,19.715611456,18.511328089,46.564291317,6.000000,6.873611111
1843.000000,19.719765936,18.504860826,46.565983079,6.000000,6.863888889
1843.500000,19.723919976,18.498393329,46.567675033,6.000000,6.854166667
1844.000000,19.728073575,18.491925596,46.569367179,6.000000,6.844444444
1844.500000,19.732226734,18.485457628,46.571059518,6.000000,6.834722222
1845.000000,19.736379452,18.478989426,46.572752049,6.000000,6.825000000
1845.500000,19.740531730,18.472520988,46.574444772,6.000000,6.815277778
1846.000000,19.744683568,18.466052315,46.576137687,6.000000,6.805555556
1846.500000,19.748834965,18.459583407,46.577830795,6.000000,6.795833333
1847.000000,19.752985922,18.453114264,46.579524095,6.000000,6.786111111
1847.500000,19.757136439,18.446644886,46.581217588,6.000000,6.776388889
1848.000000,19.761286516,18.440175272,46.582911273,6.000000,6.766666667
1848.500000,19.765436153,18.433705423,46.584605150,6.000000,6.756944444
1849.000000,19.769585350,18.427235339,46.586299220,6.000000,6.747222222
1849.500000,19.773734107,18.420765020,46.587993483,6.000000,6.737500000
1850.000000,19.777882423,18.414294465,46.589687938,6.000000,6.727777778
1850.500000,19.782030300,18.407823675,46.591382585,6.000000,6.718055556
1851.000000,19.786177737,18.401352650,46.593077426,6.000000,6.708333333
1851.500000,19.790324734,18.394881389,46.594772459,6.000000,6.698611111
1852.000000,19.794471292,18.388409893,46.596467685,6.000000,6.688888889
1852.500000,19.798617410,18.381938161,46.598163103,6.000000,6.679166667
1853.000000,19.802763088,18.375466194,46.599858715,6.000000,6.669444444
1853.500000,19.806908326,18.368993992,46.601554519,6.000000,6.659722222
1854.000000,19.811053125,18.362521553,46.603250516,6.000000,6.650000000
1854.500000,19.815197484,18.356048880,46.604946706,6.000000,6.640277778
1855.000000,19.819341404,18.349575971,46.606643089,6.000000,6.630555556
1855.500000,19.823484885,18.343102826,46.608339665,6.000000,6.620833333
1856.000000,19.827627926,18.336629445,46.610036433,6.000000,6.611111111
1856.500000,19.831770527,18.330155829,46.611733395,6.000000,6.601388889
1857.000000,19.835912690,18.323681977,46.613430550,6.000000,6.591666667
1857.500000,19.840054413,18.317207890,46.615127899,6.000000,6.581944444
1858.000000,19.844195697,18.310733566,46.616825440,6.000000,6.572222222
1858.500000,19.848336542,18.304259007,46.618523174,6.000000,6.562500000
1859.000000,19.852476947,18.297784212,46.620221102,6.000000,6.552777778
1859.500000,19.856616914,18.291309182,46.621919223,6.000000,6.543055556
1860.000000,19.860756442,18.284833915,46.623617537,6.000000,6.533333333
1860.500000,19.864895530,18.278358413,46.625316045,6.000000,6.523611111
1861.000000,19.869034180,18.271882674,46.627014746,6.000000,6.513888889
1861.500000,19.873172391,18.265406700,46.628713640,6.000000,6.504166667
1862.000000,19.877310163,18.258930490,46.630412728,6.000000,6.494444444
1862.500000,19.881447496,18.252454044,46.632112009,6.000000,6.484722222
1863.000000,19.885584390,18.245977361,46.633811484,6.000000,6.475000000
1863.500000,19.889720846,18.239500443,46.635511152,6.000000,6.465277778
1864.000000,19.893856863,18.233023289,46.637211014,6.000000,6.455555556
1864.500000,19.897992442,18.226545898,46.638911069,6.000000,6.445833333
1865.000000,19.902127582,18.220068272,46.640611318,6.000000,6.436111111
1865.500000,19.906262283,18.213590409,46.642311761,6.000000,6.426388889
1866.000000,19.910396546,18.207112310,46.644012398,6.000000,6.416666667
1866.500000,19.914530371,18.200633975,46.645713228,6.000000,6.406944444
1867.000000,19.918663757,18.194155404,46.647414252,6.000000,6.397222222
1867.500000,19.922796705,18.187676596,46.649115470,6.000000,6.387500000
1868.000000,19.926929215,18.181197553,46.650816882,6.000000,6.377777778
1868.500000,19.931061287,18.174718272,46.652518487,6.000000,6.368055556
1869.000000,19.935192920,18.168238756,46.654220287,6.000000,6.358333333
1869.500000,19.939324115,18.161759003,46.655922280,6.000000,6.348611111
1870.000000,19.943454872,18.155279014,46.657624468,6.000000,6.338888889
1870.500000,19.947585191,18.148798788,46.659326850,6.000000,6.329166667
1871.000000,19.951715072,18.142318326,46.661029425,6.000000,6.319444444
1871.500000,19.955844515,18.135837628,46.662732195,6.000000,6.309722222
1872.000000,19.959973520,18.129356693,46.664435159,6.000000,6.300000000
1872.500000,19.964102088,18.122875521,46.666138317,6.000000,6.290277778
1873.000000,19.968230217,18.116394113,46.667841669,6.000000,6.280555556
1873.500000,19.972357909,18.109912468,46.669545216,6.000000,6.270833333
1874.000000,19.976485163,18.103430587,46.671248957,6.000000,6.261111111
1874.500000,19.980611980,18.096948469,46.672952892,6.000000,6.251388889
1875.000000,19.984738358,18.090466115,46.674657022,6.000000,6.241666667
1875.500000,19.988864300,18.083983523,46.676361346,6.000000,6.231944444
1876.000000,19.992989803,18.077500695,46.678065864,6.000000,6.222222222
1876.500000,19.997114869,18.071017631,46.679770577,6.000000,6.212500000
1877.000000,20.001239498,18.064534329,46.681479594,6.000000,6.202777778
1877.500000,20.005363691,18.058050790,46.683198373,6.000000,6.193055556
1878.000000,20.009487453,18.051567013,46.684917352,6.000000,6.183333333
1878.500000,20.013610783,18.045082997,46.686636532,6.000000,6.173611111
1879.000000,20.017733682,18.038598741,46.688355911,6.000000,6.163888889
1879.500000,20.021856150,18.032114248,46.690075491,6.000000,6.154166667
1880.000000,20.025978186,18.025629515,46.691795270,6.000000,6.144444444
1880.500000,20.030099791,18.019144543,46.693515250,6.000000,6.134722222
1881.000000,20.034220965,18.012659333,46.695235430,6.000000,6.125000000
1881.500000,20.038341708,18.006173883,46.696955811,6.000000,6.115277778
1882.000000,20.042462020,17.999688195,46.698676391,6.000000,6.105555556
1882.500000,20.046581901,17.993202268,46.700397172,6.000000,6.095833333
1883.000000,20.050701350,17.986716102,46.702118153,6.000000,6.086111111
1883.500000,20.054820369,17.980229696,46.703839335,6.000000,6.076388889
1884.000000,20.058938957,17.973743052,46.705560717,6.000000,6.066666667
1884.500000,20.063057114,17.967256169,46.707282300,6.000000,6.056944444
1885.000000,20.067174840,17.960769046,46.709004083,6.000000,6.047222222
1885.500000,20.071292136,17.954281684,46.710726066,6.000000,6.037500000
1886.000000,20.075409001,17.947794083,46.712448251,6.000000,6.027777778
1886.500000,20.079525435,17.941306243,46.714170635,6.000000,6.018055556
1887.000000,20.083641439,17.934818164,46.715893221,6.000000,6.008333333
1887.500000,20.087757012,17.928329846,46.717616007,6.000000,5.998611111
1888.000000,20.091872154,17.921841288,46.719338994,6.000000,5.988888889
1888.500000,20.095986866,17.915352491,46.721062182,6.000000,5.979166667
1889.000000,20.100101148,17.908863454,46.722785570,6.000000,5.969444444
1889.500000,20.104214999,17.902374179,46.724509160,6.000000,5.959722222
1890.000000,20.108328420,17.895884663,46.726232950,6.000000,5.950000000
1890.500000,20.112441411,17.889394909,46.727956941,6.000000,5.940277778
1891.000000,20.116553971,17.882904915,46.729681133,6.000000,5.930555556
1891.500000,20.120666102,17.876414681,46.731405526,6.000000,5.920833333
1892.000000,20.124777802,17.869924208,46.733130120,6.000000,5.911111111
1892.500000,20.128889072,17.863433496,46.734854915,6.000000,5.901388889
1893.000000,20.132999912,17.856942544,46.736579912,6.000000,5.891666667
1893.500000,20.137110322,17.850451352,46.738305109,6.000000,5.881944444
1894.000000,20.141220302,17.843959921,46.740030508,6.000000,5.872222222
1894.500000,20.145329852,17.837468250,46.741756108,6.000000,5.862500000
1895.000000,20.149438973,17.830976339,46.743481909,6.000000,5.852777778
1895.500000,20.153547663,17.824484189,46.745207911,6.000000,5.843055556
1896.000000,20.157655924,17.817991799,46.746934115,6.000000,5.833333333
1896.500000,20.161763755,17.811499169,46.748660520,6.000000,5.823611111
1897.000000,20.165871157,17.805006300,46.750387127,6.000000,5.813888889
1897.500000,20.169978129,17.798513191,46.752113935,6.000000,5.804166667
1898.000000,20.174084671,17.792019841,46.753840944,6.000000,5.794444444
1898.500000,20.178190784,17.785526252,46.755568155,6.000000,5.784722222
1899.000000,20.182296467,17.779032423,46.757295568,6.000000,5.775000000
1899.500000,20.186401721,17.772538355,46.759023182,6.000000,5.765277778
1900.000000,20.190506546,17.766044046,46.760750998,6.000000,5.755555556
1900.500000,20.194610941,17.759549497,46.762479015,6.000000,5.745833333
1901.000000,20.198714907,17.753054708,46.764207234,6.000000,5.736111111
1901.500000,20.202818444,17.746559680,46.765935655,6.000000,5.726388889
1902.000000,20.206921551,17.740064411,46.767664278,6.000000,5.716666667
1902.500000,20.211024230,17.733568902,46.769393102,6.000000,5.706944444
1903.000000,20.215126479,17.727073153,46.771122129,6.000000,5.697222222
1903.500000,20.219228299,17.720577164,46.772851357,6.000000,5.687500000
1904.000000,20.223329691,17.714080934,46.774580788,6.000000,5.677777778
1904.500000,20.227430653,17.707584465,46.776310420,6.000000,5.668055556
1905.000000,20.231531187,17.701087755,46.778040254,6.000000,5.658333333
1905.500000,20.235631291,17.694590805,46.779770290,6.000000,5.648611111
1906.000000,20.239730967,17.688093615,46.781500529,6.000000,5.638888889
1906.500000,20.243830214,17.681596184,46.783230969,6.000000,5.629166667
1907.000000,20.247929032,17.675098513,46.784961612,6.000000,5.619444444
1907.500000,20.252027422,17.668600602,46.786692457,6.000000,5.609722222
1908.000000,20.256125383,17.662102450,46.788423504,6.000000,5.600000000
1908.500000,20.260222916,17.655604058,46.790154754,6.000000,5.590277778
1909.000000,20.264320020,17.649105425,46.791886205,6.000000,5.580555556
1909.500000,20.268416695,17.642606552,46.793617859,6.000000,5.570833333
1910.000000,20.272512942,17.636107438,46.795349716,6.000000,5.561111111
1910.500000,20.276608761,17.629608084,46.797081775,6.000000,5.551388889
1911.000000,20.280704151,17.623108490,46.798814036,6.000000,5.541666667
1911.500000,20.284799114,17.616608654,46.800546500,6.000000,5.531944444
1912.000000,20.288893647,17.610108578,46.802279167,6.000000,5.522222222
1912.500000,20.292987753,17.603608262,46.804012036,6.000000,5.512500000
1913.000000,20.297081431,17.597107705,46.805745108,6.000000,5.502777778
1913.500000,20.301174680,17.590606907,46.807478382,6.000000,5.493055556
1914.000000,20.305267502,17.584105868,46.809211859,6.000000,5.483333333
1914.500000,20.309359895,17.577604589,46.810945539,6.000000,5.473611111
1915.000000,20.313451860,17.571103068,46.812679421,6.000000,5.463888889
1915.500000,20.317543398,17.564601307,46.814413507,6.000000,5.454166667
1916.000000,20.321634508,17.558099306,46.816147795,6.000000,5.444444444
1916.500000,20.325725190,17.551597063,46.817882286,6.000000,5.434722222
1917.000000,20.329815444,17.545094579,46.819616980,6.000000,5.425000000
1917.500000,20.333905270,17.538591855,46.821351877,6.000000,5.415277778
1918.000000,20.337994669,17.532088889,46.823086977,6.000000,5.405555556
1918.500000,20.342083640,17.525585682,46.824822281,6.000000,5.395833333
1919.000000,20.346172183,17.519082235,46.826557787,6.000000,5.386111111
1919.500000,20.350260299,17.512578546,46.828293496,6.000000,5.376388889
1920.000000,20.354347988,17.506074617,46.830029409,6.000000,5.366666667
1920.500000,20.358435249,17.499570446,46.831765524,6.000000,5.356944444
1921.000000,20.362522083,17.493066034,46.833501843,6.000000,5.347222222
1921.500000,20.366608489,17.486561381,46.835238365,6.000000,5.337500000
1922.000000,20.370694468,17.480056487,46.836975091,6.000000,5.327777778
1922.500000,20.374780020,17.473551351,46.838712020,6.000000,5.318055556
1923.000000,20.378865145,17.467045975,46.840449152,6.000000,5.308333333
1923.500000,20.382949842,17.460540357,46.842186488,6.000000,5.298611111
1924.000000,20.387034112,17.454034498,46.843924027,6.000000,5.288888889
1924.500000,20.391117956,17.447528397,46.845661769,6.000000,5.279166667
1925.000000,20.395201372,17.441022055,46.847399715,6.000000,5.269444444
1925.500000,20.399284361,17.434515472,46.849137865,6.000000,5.259722222
1926.000000,20.403366924,17.428008647,46.850876219,6.000000,5.250000000
1926.500000,20.407449059,17.421501581,46.852614776,6.000000,5.240277778
1927.000000,20.411530768,17.414994273,46.854353536,6.000000,5.230555556
1927.500000,20.415612050,17.408486724,46.856092501,6.000000,5.220833333
1928.000000,20.419692905,17.401978934,46.857831669,6.000000,5.211111111
1928.500000,20.423773334,17.395470901,46.859571041,6.000000,5.201388889
1929.000000,20.427853336,17.388962628,46.861310617,6.000000,5.191666667
1929.500000,20.431932911,17.382454112,46.863050397,6.000000,5.181944444
1930.000000,20.436012060,17.375945355,46.864790380,6.000000,5.172222222
1930.500000,20.440090782,17.369436357,46.866530568,6.000000,5.162500000
1931.000000,20.444169078,17.362927116,46.868270960,6.000000,5.152777778
1931.500000,20.448246948,17.356417634,46.870011556,6.000000,5.143055556
1932.000000,20.452324391,17.349907910,46.871752355,6.000000,5.133333333
1932.500000,20.456401408,17.343397945,46.873493359,6.000000,5.123611111
1933.000000,20.460477998,17.336887737,46.875234567,6.000000,5.113888889
1933.500000,20.464554162,17.330377288,46.876975980,6.000000,5.104166667
1934.000000,20.468629901,17.323866597,46.878717596,6.000000,5.094444444
1934.500000,20.472705213,17.317355664,46.880459417,6.000000,5.084722222
1935.000000,20.476780099,17.310844489,46.882201442,6.000000,5.075000000
1935.500000,20.480854559,17.304333072,46.883943672,6.000000,5.065277778
1936.000000,20.484928593,17.297821413,46.885686105,6.000000,5.055555556
1936.500000,20.489002201,17.291309513,46.887428744,6.000000,5.045833333
1937.000000,20.493075383,17.284797370,46.889171586,6.000000,5.036111111
1937.500000,20.497148139,17.278284985,46.890914634,6.000000,5.026388889
1938.000000,20.501220470,17.271772358,46.892657885,6.000000,5.016666667
1938.500000,20.505292375,17.265259489,46.894401342,6.000000,5.006944444
1939.000000,20.509363854,17.258746377,46.896145003,6.000000,4.997222222
1939.500000,20.513434907,17.252233024,46.897888868,6.000000,4.987500000
1940.000000,20.517505535,17.245719428,46.899632939,6.000000,4.977777778
1940.500000,20.521575738,17.239205590,46.901377214,6.000000,4.968055556
1941.000000,20.525645514,17.232691510,46.903121694,6.000000,4.958333333
1941.500000,20.529714866,17.226177188,46.904866378,6.000000,4.948611111
1942.000000,20.533783792,17.219662623,46.906611268,6.000000,4.938888889
1942.500000,20.537852292,17.213147816,46.908356362,6.000000,4.929166667
1943.000000,20.541920368,17.206632766,46.910101662,6.000000,4.919444444
1943.500000,20.545988018,17.200117474,46.911847166,6.000000,4.909722222
1944.000000,20.550055243,17.193601940,46.913592875,6.000000,4.900000000
1944.500000,20.554122042,17.187086163,46.915338790,6.000000,4.890277778
1945.000000,20.558188417,17.180570144,46.917084909,6.000000,4.880555556
1945.500000,20.562254366,17.174053882,46.918831234,6.000000,4.870833333
1946.000000,20.566319890,17.167537378,46.920577763,6.000000,4.861111111
1946.500000,20.570384990,17.161020631,46.922324498,6.000000,4.851388889
1947.000000,20.574449664,17.154503641,46.924071439,6.000000,4.841666667
1947.500000,20.578513914,17.147986409,46.925818584,6.000000,4.831944444
1948.000000,20.582577739,17.141468934,46.927565935,6.000000,4.822222222
1948.500000,20.586641138,17.134951217,46.929313491,6.000000,4.812500000
1949.000000,20.590704114,17.128433257,46.931061253,6.000000,4.802777778
1949.500000,20.594766664,17.121915054,46.932809219,6.000000,4.793055556
1950.000000,20.598828790,17.115396608,46.934557392,6.000000,4.783333333
1950.500000,20.602890491,17.108877919,46.936305770,6.000000,4.773611111
1951.000000,20.606951768,17.102358988,46.938054353,6.000000,4.763888889
1951.500000,20.611012620,17.095839814,46.939803142,6.000000,4.754166667
1952.000000,20.615073047,17.089320397,46.941552137,6.000000,4.744444444
1952.500000,20.619133050,17.082800737,46.943301338,6.000000,4.734722222
1953.000000,20.623192629,17.076280834,46.945050744,6.000000,4.725000000
1953.500000,20.627251784,17.069760688,46.946800356,6.000000,4.715277778
1954.000000,20.631310514,17.063240299,46.948550173,6.000000,4.705555556
1954.500000,20.635368820,17.056719667,46.950300197,6.000000,4.695833333
1955.000000,20.639426702,17.050198792,46.952050426,6.000000,4.686111111
1955.500000,20.643484159,17.043677674,46.953800861,6.000000,4.676388889
1956.000000,20.647541193,17.037156313,46.955551502,6.000000,4.666666667
1956.500000,20.651597802,17.030634708,46.957302350,6.000000,4.656944444
1957.000000,20.655653988,17.024112861,46.959053403,6.000000,4.647222222
1957.500000,20.659709749,17.017590770,46.960804662,6.000000,4.637500000
1958.000000,20.663765087,17.011068436,46.962556127,6.000000,4.627777778
1958.500000,20.667820000,17.004545859,46.964307799,6.000000,4.618055556
1959.000000,20.671874490,16.998023038,46.966059676,6.000000,4.608333333
1959.500000,20.675928556,16.991499974,46.967811760,6.000000,4.598611111
1960.000000,20.679982199,16.984976667,46.969564050,6.000000,4.588888889
1960.500000,20.684035418,16.978453117,46.971316547,6.000000,4.579166667
1961.000000,20.688088213,16.971929323,46.973069249,6.000000,4.569444444
1961.500000,20.692140584,16.965405285,46.974822158,6.000000,4.559722222
1962.000000,20.696192532,16.958881004,46.976575274,6.000000,4.550000000
1962.500000,20.700244057,16.952356480,46.978328596,6.000000,4.540277778
1963.000000,20.704295158,16.945831712,46.980082124,6.000000,4.530555556
1963.500000,20.708345835,16.939306701,46.981835859,6.000000,4.520833333
1964.000000,20.712396090,16.932781446,46.983589801,6.000000,4.511111111
1964.500000,20.716445921,16.926255947,46.985343949,6.000000,4.501388889
1965.000000,20.720495328,16.919730205,46.987098304,6.000000,4.491666667
1965.500000,20.724544313,16.913204219,46.988852865,6.000000,4.481944444
1966.000000,20.728592874,16.906677990,46.990607633,6.000000,4.472222222
1966.500000,20.732641013,16.900151516,46.992362608,6.000000,4.462500000
1967.000000,20.736688728,16.893624799,46.994117790,6.000000,4.452777778
1967.500000,20.740736020,16.887097838,46.995873179,6.000000,4.443055556
1968.000000,20.744782889,16.880570634,46.997628774,6.000000,4.433333333
1968.500000,20.748829335,16.874043185,46.999384577,6.000000,4.423611111
1969.000000,20.752875359,16.867515493,47.001140586,6.000000,4.413888889
1969.500000,20.756920959,16.860987557,47.002896802,6.000000,4.404166667
1970.000000,20.760966137,16.854459377,47.004653226,6.000000,4.394444444
1970.500000,20.765010892,16.847930953,47.006409856,6.000000,4.384722222
1971.000000,20.769055224,16.841402285,47.008166694,6.000000,4.375000000
1971.500000,20.773099134,16.834873373,47.009923738,6.000000,4.365277778
1972.000000,20.777142621,16.828344217,47.011680990,6.000000,4.355555556
1972.500000,20.781185686,16.821814816,47.013438449,6.000000,4.345833333
1973.000000,20.785228328,16.815285172,47.015196116,6.000000,4.336111111
1973.500000,20.789270547,16.808755284,47.016953990,6.000000,4.326388889
1974.000000,20.793312344,16.802225151,47.018712071,6.000000,4.316666667
1974.500000,20.797353719,16.795694775,47.020470359,6.000000,4.306944444
1975.000000,20.801394671,16.789164154,47.022228855,6.000000,4.297222222
1975.500000,20.805435202,16.782633289,47.023987559,6.000000,4.287500000
1976.000000,20.809475309,16.776102179,47.025746469,6.000000,4.277777778
1976.500000,20.813514995,16.769570826,47.027505588,6.000000,4.268055556
1977.000000,20.817554259,16.763039228,47.029264914,6.000000,4.258333333
1977.500000,20.821593100,16.756507385,47.031024448,6.000000,4.248611111
1978.000000,20.825631520,16.749975299,47.032784189,6.000000,4.238888889
1978.500000,20.829669517,16.743442967,47.034544138,6.000000,4.229166667
1979.000000,20.833707093,16.736910392,47.036304295,6.000000,4.219444444
1979.500000,20.837744246,16.730377572,47.038064659,6.000000,4.209722222
1980.000000,20.841780978,16.723844507,47.039825232,6.000000,4.200000000
1980.500000,20.845817288,16.717311198,47.041586012,6.000000,4.190277778
1981.000000,20.849853176,16.710777645,47.043347000,6.000000,4.180555556
1981.500000,20.853888643,16.704243846,47.045108196,6.000000,4.170833333
1982.000000,20.857923687,16.697709804,47.046869600,6.000000,4.161111111
1982.500000,20.861958311,16.691175516,47.048631212,6.000000,4.151388889
1983.000000,20.865992512,16.684640984,47.050393033,6.000000,4.141666667
1983.500000,20.870026292,16.678106207,47.052155061,6.000000,4.131944444
1984.000000,20.874059651,16.671571186,47.053917297,6.000000,4.122222222
1984.500000,20.878092588,16.665035919,47.055679742,6.000000,4.112500000
1985.000000,20.882125104,16.658500408,47.057442395,6.000000,4.102777778
1985.500000,20.886157198,16.651964652,47.059205256,6.000000,4.093055556
1986.000000,20.890188871,16.645428652,47.060968325,6.000000,4.083333333
1986.500000,20.894220123,16.638892406,47.062731603,6.000000,4.073611111
1987.000000,20.898250954,16.632355916,47.064495089,6.000000,4.063888889
1987.500000,20.902281363,16.625819180,47.066258784,6.000000,4.054166667
1988.000000,20.906311352,16.619282200,47.068022687,6.000000,4.044444444
1988.500000,20.910340919,16.612744974,47.069786798,6.000000,4.034722222
1989.000000,20.914370065,16.606207504,47.071551118,6.000000,4.025000000
1989.500000,20.918398791,16.599669789,47.073315647,6.000000,4.015277778
1990.000000,20.922427095,16.593131828,47.075080384,6.000000,4.005555556
1990.500000,20.926454979,16.586593622,47.076845330,6.000000,3.995833333
1991.000000,20.930482441,16.580055172,47.078610484,6.000000,3.986111111
1991.500000,20.934509483,16.573516476,47.080375848,6.000000,3.976388889
1992.000000,20.938536104,16.566977535,47.082141420,6.000000,3.966666667
1992.500000,20.942562305,16.560438348,47.083907201,6.000000,3.956944444
1993.000000,20.946588085,16.553898917,47.085673190,6.000000,3.947222222
1993.500000,20.950613444,16.547359240,47.087439389,6.000000,3.937500000
1994.000000,20.954638382,16.540819318,47.089205797,6.000000,3.927777778
1994.500000,20.958662901,16.534279150,47.090972413,6.000000,3.918055556
1995.000000,20.962686998,16.527738738,47.092739239,6.000000,3.908333333
1995.500000,20.966710676,16.521198079,47.094506273,6.000000,3.898611111
1996.000000,20.970733933,16.514657176,47.096273517,6.000000,3.888888889
1996.500000,20.974756769,16.508116027,47.098040970,6.000000,3.879166667
1997.000000,20.978779185,16.501574632,47.099808632,6.000000,3.869444444
1997.500000,20.982801182,16.495032992,47.101576503,6.000000,3.859722222
1998.000000,20.986822757,16.488491106,47.103344584,6.000000,3.850000000
1998.500000,20.990843913,16.481948975,47.105112874,6.000000,3.840277778
1999.000000,20.994864649,16.475406598,47.106881373,6.000000,3.830555556
1999.500000,20.998884965,16.468863976,47.108650081,6.000000,3.820833333
2000.000000,21.002904860,16.462321108,47.110418999,6.000000,3.811111111
2000.500000,21.006924336,16.455777994,47.112188127,6.000000,3.801388889
2001.000000,21.010943392,16.449234635,47.113957463,6.000000,3.791666667
2001.500000,21.014962028,16.442691029,47.115727010,6.000000,3.781944444
2002.000000,21.018980244,16.436147178,47.117496766,6.000000,3.772222222
2002.500000,21.022998040,16.429603082,47.119266731,6.000000,3.762500000
2003.000000,21.027015417,16.423058739,47.121036907,6.000000,3.752777778
2003.500000,21.031032374,16.416514151,47.122807292,6.000000,3.743055556
2004.000000,21.035048911,16.409969316,47.124577886,6.000000,3.733333333
2004.500000,21.039065029,16.403424236,47.126348691,6.000000,3.723611111
2005.000000,21.043080727,16.396878910,47.128119705,6.000000,3.713888889
2005.500000,21.047096006,16.390333338,47.129890929,6.000000,3.704166667
2006.000000,21.051110865,16.383787519,47.131662363,6.000000,3.694444444
2006.500000,21.055125305,16.377241455,47.133434007,6.000000,3.684722222
2007.000000,21.059139326,16.370695145,47.135205861,6.000000,3.675000000
2007.500000,21.063152927,16.364148589,47.136977925,6.000000,3.665277778
2008.000000,21.067166109,16.357601786,47.138750199,6.000000,3.655555556
2008.500000,21.071178872,16.351054737,47.140522683,6.000000,3.645833333
2009.000000,21.075191215,16.344507443,47.142295377,6.000000,3.636111111
2009.500000,21.079203140,16.337959902,47.144068282,6.000000,3.626388889
2010.000000,21.083214645,16.331412114,47.145841396,6.000000,3.616666667
2010.500000,21.087225732,16.324864081,47.147614721,6.000000,3.606944444
2011.000000,21.091236399,16.318315801,47.149388257,6.000000,3.597222222
2011.500000,21.095246648,16.311767275,47.151162002,6.000000,3.587500000
2012.000000,21.099256477,16.305218502,47.152935958,6.000000,3.577777778
2012.500000,21.103265888,16.298669483,47.154710124,6.000000,3.568055556
2013.000000,21.107274880,16.292120218,47.156484501,6.000000,3.558333333
2013.500000,21.111283453,16.285570706,47.158259088,6.000000,3.548611111
2014.000000,21.115291608,16.279020948,47.160033886,6.000000,3.538888889
2014.500000,21.119299344,16.272470944,47.161808894,6.000000,3.529166667
2015.000000,21.123306661,16.265920692,47.163584113,6.000000,3.519444444
2015.500000,21.127313560,16.259370195,47.165359543,6.000000,3.509722222
2016.000000,21.131320040,16.252819450,47.167135183,6.000000,3.500000000
2016.500000,21.135326102,16.246268459,47.168911034,6.000000,3.490277778
2017.000000,21.139331745,16.239717221,47.170687096,6.000000,3.480555556
2017.500000,21.143336970,16.233165737,47.172463369,6.000000,3.470833333
2018.000000,21.147341777,16.226614006,47.174239853,6.000000,3.461111111
2018.500000,21.151346165,16.220062028,47.176016547,6.000000,3.451388889
2019.000000,21.155350135,16.213509804,47.177793452,6.000000,3.441666667
2019.500000,21.159353687,16.206957333,47.179570569,6.000000,3.431944444
2020.000000,21.163356821,16.200404614,47.181347896,6.000000,3.422222222
2020.500000,21.167359537,16.193851649,47.183125435,6.000000,3.412500000
2021.000000,21.171361834,16.187298438,47.184903184,6.000000,3.402777778
2021.500000,21.175363714,16.180744979,47.186681145,6.000000,3.393055556
2022.000000,21.179365176,16.174191273,47.188459317,6.000000,3.383333333
2022.500000,21.183366219,16.167637320,47.190237700,6.000000,3.373611111
2023.000000,21.187366845,16.161083121,47.192016294,6.000000,3.363888889
2023.500000,21.191367053,16.154528674,47.193795100,6.000000,3.354166667
2024.000000,21.195366844,16.147973980,47.195574117,6.000000,3.344444444
2024.500000,21.199366216,16.141419039,47.197353345,6.000000,3.334722222
2025.000000,21.203365171,16.134863851,47.199132785,6.000000,3.325000000
2025.500000,21.207363708,16.128308416,47.200912436,6.000000,3.315277778
2026.000000,21.211361828,16.121752734,47.202692299,6.000000,3.305555556
2026.500000,21.215359530,16.115196805,47.204472374,6.000000,3.295833333
2027.000000,21.219356815,16.108640628,47.206252660,6.000000,3.286111111
2027.500000,21.223353682,16.102084204,47.208033157,6.000000,3.276388889
2028.000000,21.227350132,16.095527533,47.209813866,6.000000,3.266666667
2028.500000,21.231346164,16.088970614,47.211594787,6.000000,3.256944444
2029.000000,21.235341779,16.082413448,47.213375920,6.000000,3.247222222
2029.500000,21.239336977,16.075856035,47.215157264,6.000000,3.237500000
2030.000000,21.243331758,16.069298374,47.216938821,6.000000,3.227777778
2030.500000,21.247326121,16.062740466,47.218720589,6.000000,3.218055556
2031.000000,21.251320067,16.056182310,47.220502569,6.000000,3.208333333
2031.500000,21.255313597,16.049623907,47.222284761,6.000000,3.198611111
2032.000000,21.259306709,16.043065256,47.224067165,6.000000,3.188888889
2032.500000,21.263299404,16.036506358,47.225849781,6.000000,3.179166667
2033.000000,21.267291682,16.029947212,47.227632609,6.000000,3.169444444
2033.500000,21.271283544,16.023387819,47.229415650,6.000000,3.159722222
2034.000000,21.275274988,16.016828178,47.231198902,6.000000,3.150000000
2034.500000,21.279266016,16.010268289,47.232982367,6.000000,3.140277778
2035.000000,21.283256627,16.003708153,47.234766044,6.000000,3.130555556
2035.500000,21.287246821,15.997147769,47.236549933,6.000000,3.120833333
2036.000000,21.291236598,15.990587137,47.238334034,6.000000,3.111111111
2036.500000,21.295225959,15.984026257,47.240118348,6.000000,3.101388889
2037.000000,21.299214904,15.977465129,47.241902874,6.000000,3.091666667
2037.500000,21.303203432,15.970903754,47.243687613,6.000000,3.081944444
2038.000000,21.307191543,15.964342131,47.245472564,6.000000,3.072222222
2038.500000,21.311179238,15.957780259,47.247257728,6.000000,3.062500000
2039.000000,21.315166516,15.951218140,47.249043104,6.000000,3.052777778
2039.500000,21.319153379,15.944655773,47.250828693,6.000000,3.043055556
2040.000000,21.323139824,15.938093158,47.252614494,6.000000,3.033333333
2040.500000,21.327125854,15.931530295,47.254400508,6.000000,3.023611111
2041.000000,21.331111468,15.924967184,47.256186735,6.000000,3.013888889
2041.500000,21.335096665,15.918403825,47.257973175,6.000000,3.004166667
2042.000000,21.339081446,15.911840217,47.259759827,6.000000,2.994444444
2042.500000,21.343065811,15.905276362,47.261546693,6.000000,2.984722222
2043.000000,21.347049760,15.898712258,47.263333771,6.000000,2.975000000
2043.500000,21.351033293,15.892147906,47.265121062,6.000000,2.965277778
2044.000000,21.355016410,15.885583306,47.266908566,6.000000,2.955555556
2044.500000,21.358999112,15.879018457,47.268696283,6.000000,2.945833333
2045.000000,21.362981397,15.872453361,47.270484213,6.000000,2.936111111
2045.500000,21.366963267,15.865888016,47.272272357,6.000000,2.926388889
2046.000000,21.370944721,15.859322422,47.274060713,6.000000,2.916666667
2046.500000,21.374925759,15.852756581,47.275849283,6.000000,2.906944444
2047.000000,21.378906381,15.846190490,47.277638066,6.000000,2.897222222
2047.500000,21.382886588,15.839624152,47.279427062,6.000000,2.887500000
2048.000000,21.386866380,15.833057565,47.281216271,6.000000,2.877777778
2048.500000,21.390845755,15.826490729,47.283005694,6.000000,2.868055556
2049.000000,21.394824716,15.819923645,47.284795330,6.000000,2.858333333
2049.500000,21.398803261,15.813356312,47.286585179,6.000000,2.848611111
2050.000000,21.402781390,15.806788731,47.288375242,6.000000,2.838888889
2050.500000,21.406759105,15.800220901,47.290165519,6.000000,2.829166667
2051.000000,21.410736404,15.793652823,47.291956009,6.000000,2.819444444
2051.500000,21.414713287,15.787084495,47.293746713,6.000000,2.809722222
2052.000000,21.418689756,15.780515919,47.295537630,6.000000,2.800000000
2052.500000,21.422665809,15.773947095,47.297328761,6.000000,2.790277778
2053.000000,21.426641447,15.767378021,47.299120105,6.000000,2.780555556
2053.500000,21.430616671,15.760808699,47.300911664,6.000000,2.770833333
2054.000000,21.434591479,15.754239128,47.302703436,6.000000,2.761111111
2054.500000,21.438565872,15.747669308,47.304495422,6.000000,2.751388889
2055.000000,21.442539850,15.741099239,47.306287622,6.000000,2.741666667
2055.500000,21.446513414,15.734528922,47.308080036,6.000000,2.731944444
2056.000000,21.450486562,15.727958355,47.309872663,6.000000,2.722222222
2056.500000,21.454459296,15.721387539,47.311665505,6.000000,2.712500000
2057.000000,21.458431615,15.714816475,47.313458561,6.000000,2.702777778
2057.500000,21.462403520,15.708245161,47.315251831,6.000000,2.693055556
2058.000000,21.466375010,15.701673598,47.317045315,6.000000,2.683333333
2058.500000,21.470346085,15.695101786,47.318839013,6.000000,2.673611111
2059.000000,21.474316745,15.688529725,47.320632925,6.000000,2.663888889
2059.500000,21.478286991,15.681957415,47.322427052,6.000000,2.654166667
2060.000000,21.482256823,15.675384856,47.324221393,6.000000,2.644444444
2060.500000,21.486226240,15.668812047,47.326015948,6.000000,2.634722222
2061.000000,21.490195243,15.662238990,47.327810718,6.000000,2.625000000
2061.500000,21.494163832,15.655665683,47.329605702,6.000000,2.615277778
2062.000000,21.498132006,15.649092126,47.331400900,6.000000,2.605555556
2062.500000,21.502099766,15.642518321,47.333196313,6.000000,2.595833333
2063.000000,21.506067112,15.635944265,47.334991941,6.000000,2.586111111
2063.500000,21.510034044,15.629369961,47.336787783,6.000000,2.576388889
2064.000000,21.514000561,15.622795407,47.338583840,6.000000,2.566666667
2064.500000,21.517966665,15.616220604,47.340380111,6.000000,2.556944444
2065.000000,21.521932354,15.609645551,47.342176597,6.000000,2.547222222
2065.500000,21.525897630,15.603070249,47.343973298,6.000000,2.537500000
2066.000000,21.529862492,15.596494697,47.345770213,6.000000,2.527777778
2066.500000,21.533826940,15.589918895,47.347567344,6.000000,2.518055556
2067.000000,21.537790974,15.583342844,47.349364689,6.000000,2.508333333
2067.500000,21.541754594,15.576766544,47.351162249,6.000000,2.498611111
2068.000000,21.545717800,15.570189994,47.352960025,6.000000,2.488888889
2068.500000,21.549680593,15.563613194,47.354758015,6.000000,2.479166667
2069.000000,21.553642972,15.557036144,47.356556220,6.000000,2.469444444
2069.500000,21.557604938,15.550458844,47.358354640,6.000000,2.459722222
2070.000000,21.561566490,15.543881295,47.360153275,6.000000,2.450000000
2070.500000,21.565527629,15.537303496,47.361952126,6.000000,2.440277778
2071.000000,21.569488354,15.530725447,47.363751192,6.000000,2.430555556
2071.500000,21.573448666,15.524147148,47.365550473,6.000000,2.420833333
2072.000000,21.577408564,15.517568600,47.367349969,6.000000,2.411111111
2072.500000,21.581368049,15.510989801,47.369149681,6.000000,2.401388889
2073.000000,21.585327121,15.504410752,47.370949607,6.000000,2.391666667
2073.500000,21.589285779,15.497831454,47.372749750,6.000000,2.381944444
2074.000000,21.593244025,15.491251905,47.374550108,6.000000,2.372222222
2074.500000,21.597201857,15.484672107,47.376350681,6.000000,2.362500000
2075.000000,21.601159276,15.478092058,47.378151470,6.000000,2.352777778
2075.500000,21.605116282,15.471511759,47.379952474,6.000000,2.343055556
2076.000000,21.609072875,15.464931210,47.381753694,6.000000,2.333333333
2076.500000,21.613029055,15.458350411,47.383555130,6.000000,2.323611111
2077.000000,21.616984823,15.451769362,47.385356781,6.000000,2.313888889
2077.500000,21.620940177,15.445188062,47.387158648,6.000000,2.304166667
2078.000000,21.624895119,15.438606512,47.388960731,6.000000,2.294444444
2078.500000,21.628849648,15.432024712,47.390763030,6.000000,2.284722222
2079.000000,21.632803764,15.425442662,47.392565544,6.000000,2.275000000
2079.500000,21.636757467,15.418860361,47.394368275,6.000000,2.265277778
2080.000000,21.640710758,15.412277810,47.396171221,6.000000,2.255555556
2080.500000,21.644663636,15.405695008,47.397974384,6.000000,2.245833333
2081.000000,21.648616102,15.399111956,47.399777762,6.000000,2.236111111
2081.500000,21.652568155,15.392528654,47.401581357,6.000000,2.226388889
2082.000000,21.656519796,15.385945101,47.403385167,6.000000,2.216666667
2082.500000,21.660471024,15.379361297,47.405189194,6.000000,2.206944444
2083.000000,21.664421840,15.372777243,47.406993437,6.000000,2.197222222
2083.500000,21.668372244,15.366192939,47.408797896,6.000000,2.187500000
2084.000000,21.672322235,15.359608384,47.410602572,6.000000,2.177777778
2084.500000,21.676271814,15.353023578,47.412407464,6.000000,2.168055556
2085.000000,21.680220981,15.346438521,47.414212572,6.000000,2.158333333
2085.500000,21.684169736,15.339853214,47.416017896,6.000000,2.148611111
2086.000000,21.688118079,15.333267656,47.417823437,6.000000,2.138888889
2086.500000,21.692066010,15.326681847,47.419629195,6.000000,2.129166667
2087.000000,21.696013529,15.320095787,47.421435169,6.000000,2.119444444
2087.500000,21.699960636,15.313509477,47.423241360,6.000000,2.109722222
2088.000000,21.703907331,15.306922916,47.425047767,6.000000,2.100000000
2088.500000,21.707853614,15.300336103,47.426854391,6.000000,2.090277778
2089.000000,21.711799485,15.293749040,47.428661232,6.000000,2.080555556
2089.500000,21.715744944,15.287161726,47.430468289,6.000000,2.070833333
2090.000000,21.719689992,15.280574161,47.432275563,6.000000,2.061111111
2090.500000,21.723634628,15.273986345,47.434083054,6.000000,2.051388889
2091.000000,21.727578853,15.267398278,47.435890762,6.000000,2.041666667
2091.500000,21.731522666,15.260809960,47.437698687,6.000000,2.031944444
2092.000000,21.735466067,15.254221391,47.439506829,6.000000,2.022222222
2092.500000,21.739409057,15.247632570,47.441315187,6.000000,2.012500000
2093.000000,21.743351636,15.241043499,47.443123763,6.000000,2.002777778
2093.500000,21.747293803,15.234454176,47.444932556,6.000000,1.993055556
2094.000000,21.751235558,15.227864602,47.446741566,6.000000,1.983333333
2094.500000,21.755176903,15.221274777,47.448550793,6.000000,1.973611111
2095.000000,21.759117836,15.214684700,47.450360237,6.000000,1.963888889
2095.500000,21.763058358,15.208094372,47.452169899,6.000000,1.954166667
2096.000000,21.766998469,15.201503793,47.453979778,6.000000,1.944444444
2096.500000,21.770938168,15.194912963,47.455789874,6.000000,1.934722222
2097.000000,21.774877457,15.188321881,47.457600188,6.000000,1.925000000
2097.500000,21.778816335,15.181730547,47.459410719,6.000000,1.915277778
2098.000000,21.782754801,15.175138963,47.461221467,6.000000,1.905555556
2098.500000,21.786692857,15.168547126,47.463032433,6.000000,1.895833333
2099.000000,21.790630501,15.161955038,47.464843617,6.000000,1.886111111
2099.500000,21.794567735,15.155362699,47.466655018,6.000000,1.876388889
2100.000000,21.798504558,15.148770108,47.468466636,6.000000,1.866666667
2100.500000,21.802440971,15.142177265,47.470278473,6.000000,1.856944444
2101.000000,21.806376972,15.135584171,47.472090527,6.000000,1.847222222
2101.500000,21.810312563,15.128990825,47.473902799,6.000000,1.837500000
2102.000000,21.814247743,15.122397228,47.475715288,6.000000,1.827777778
2102.500000,21.818182513,15.115803378,47.477527996,6.000000,1.818055556
2103.000000,21.822116872,15.109209277,47.479340921,6.000000,1.808333333
2103.500000,21.826050821,15.102614924,47.481154065,6.000000,1.798611111
2104.000000,21.829984359,15.096020320,47.482967426,6.000000,1.788888889
2104.500000,21.833917487,15.089425463,47.484781005,6.000000,1.779166667
2105.000000,21.837850205,15.082830355,47.486594803,6.000000,1.769444444
2105.500000,21.841782512,15.076234994,47.488408818,6.000000,1.759722222
2106.000000,21.845714409,15.069639382,47.490223051,6.000000,1.750000000
2106.500000,21.849645895,15.063043518,47.492037503,6.000000,1.740277778
2107.000000,21.853576972,15.056447401,47.493852173,6.000000,1.730555556
2107.500000,21.857507638,15.049851033,47.495667061,6.000000,1.720833333
2108.000000,21.861437895,15.043254412,47.497482168,6.000000,1.711111111
2108.500000,21.865367741,15.036657540,47.499297493,6.000000,1.701388889
2109.000000,21.869297178,15.030060415,47.501113036,6.000000,1.691666667
2109.500000,21.873226204,15.023463038,47.502928798,6.000000,1.681944444
2110.000000,21.877154820,15.016865409,47.504744778,6.000000,1.672222222
2110.500000,21.881083027,15.010267528,47.506560977,6.000000,1.662500000
2111.000000,21.885010824,15.003669395,47.508377394,6.000000,1.652777778
2111.500000,21.888938211,14.997071009,47.510194030,6.000000,1.643055556
2112.000000,21.892865188,14.990472371,47.512010884,6.000000,1.633333333
2112.500000,21.896791756,14.983873481,47.513827957,6.000000,1.623611111
2113.000000,21.900717914,14.977274338,47.515645249,6.000000,1.613888889
2113.500000,21.904643663,14.970674943,47.517462760,6.000000,1.604166667
2114.000000,21.908569002,14.964075295,47.519280489,6.000000,1.594444444
2114.500000,21.912493931,14.957475395,47.521098438,6.000000,1.584722222
2115.000000,21.916418451,14.950875242,47.522916605,6.000000,1.575000000
2115.500000,21.920342562,14.944274837,47.524734991,6.000000,1.565277778
2116.000000,21.924266263,14.937674180,47.526553596,6.000000,1.555555556
2116.500000,21.928189555,14.931073269,47.528372420,6.000000,1.545833333
2117.000000,21.932112438,14.924472107,47.530191464,6.000000,1.536111111
2117.500000,21.936034911,14.917870691,47.532010726,6.000000,1.526388889
2118.000000,21.939956976,14.911269023,47.533830208,6.000000,1.516666667
2118.500000,21.943878631,14.904667102,47.535649908,6.000000,1.506944444
2119.000000,21.947799877,14.898064928,47.537469828,6.000000,1.497222222
2119.500000,21.951720714,14.891462502,47.539289968,6.000000,1.487500000
2120.000000,21.955641142,14.884859823,47.541110326,6.000000,1.477777778
2120.500000,21.959561162,14.878256891,47.542930904,6.000000,1.468055556
2121.000000,21.963480772,14.871653706,47.544751701,6.000000,1.458333333
2121.500000,21.967399973,14.865050268,47.546572718,6.000000,1.448611111
2122.000000,21.971318766,14.858446578,47.548393955,6.000000,1.438888889
2122.500000,21.975237150,14.851842634,47.550215410,6.000000,1.429166667
2123.000000,21.979155125,14.845238438,47.552037086,6.000000,1.419444444
2123.500000,21.983072691,14.838633988,47.553858981,6.000000,1.409722222
2124.000000,21.986989849,14.832029285,47.555681096,6.000000,1.400000000
2124.500000,21.990906598,14.825424330,47.557503430,6.000000,1.390277778
2125.000000,21.994822939,14.818819121,47.559325984,6.000000,1.380555556
2125.500000,21.998738871,14.812213659,47.561148758,6.000000,1.370833333
2126.000000,22.002654395,14.805607944,47.562971752,6.000000,1.361111111
2126.500000,22.006569511,14.799001975,47.564794966,6.000000,1.351388889
2127.000000,22.010484218,14.792395754,47.566618399,6.000000,1.341666667
2127.500000,22.014398516,14.785789279,47.568442053,6.000000,1.331944444
2128.000000,22.018312407,14.779182551,47.570265926,6.000000,1.322222222
2128.500000,22.022225889,14.772575570,47.572090020,6.000000,1.312500000
2129.000000,22.026138963,14.765968335,47.573914334,6.000000,1.302777778
2129.500000,22.030051629,14.759360847,47.575738868,6.000000,1.293055556
2130.000000,22.033963887,14.752753105,47.577563622,6.000000,1.283333333
2130.500000,22.037875737,14.746145110,47.579388596,6.000000,1.273611111
2131.000000,22.041787179,14.739536862,47.581213791,6.000000,1.263888889
2131.500000,22.045698213,14.732928360,47.583039206,6.000000,1.254166667
2132.000000,22.049608839,14.726319605,47.584864841,6.000000,1.244444444
2132.500000,22.053519057,14.719710596,47.586690696,6.000000,1.234722222
2133.000000,22.057428867,14.713101333,47.588516772,6.000000,1.225000000
2133.500000,22.061338270,14.706491817,47.590343069,6.000000,1.215277778
2134.000000,22.065247265,14.699882047,47.592169586,6.000000,1.205555556
2134.500000,22.069155852,14.693272023,47.593996324,6.000000,1.195833333
2135.000000,22.073064031,14.686661746,47.595823282,6.000000,1.186111111
2135.500000,22.076971803,14.680051215,47.597650461,6.000000,1.176388889
2136.000000,22.080879168,14.673440430,47.599477860,6.000000,1.166666667
2136.500000,22.084786125,14.666829392,47.601305481,6.000000,1.156944444
2137.000000,22.088692674,14.660218099,47.603133322,6.000000,1.147222222
2137.500000,22.092598816,14.653606553,47.604961384,6.000000,1.137500000
2138.000000,22.096504551,14.646994753,47.606789667,6.000000,1.127777778
2138.500000,22.100409878,14.640382699,47.608618170,6.000000,1.118055556
2139.000000,22.104314798,14.633770391,47.610446895,6.000000,1.108333333
2139.500000,22.108219311,14.627157829,47.612275841,6.000000,1.098611111
2140.000000,22.112123417,14.620545012,47.614105007,6.000000,1.088888889
2140.500000,22.116027115,14.613931942,47.615934395,6.000000,1.079166667
2141.000000,22.119930407,14.607318618,47.617764004,6.000000,1.069444444
2141.500000,22.123833291,14.600705040,47.619593834,6.000000,1.059722222
2142.000000,22.127735769,14.594091207,47.621423886,6.000000,1.050000000
2142.500000,22.131637839,14.587477121,47.623254158,6.000000,1.040277778
2143.000000,22.135539503,14.580862780,47.625084652,6.000000,1.030555556
2143.500000,22.139440760,14.574248185,47.626915367,6.000000,1.020833333
2144.000000,22.143341610,14.567633335,47.628746304,6.000000,1.011111111
2144.500000,22.147242053,14.561018232,47.630577462,6.000000,1.001388889
2145.000000,22.151142089,14.554402874,47.632408842,6.000000,0.991666667
2145.500000,22.155041719,14.547787261,47.634240443,6.000000,0.981944444
2146.000000,22.158940942,14.541171395,47.636072265,6.000000,0.972222222
2146.500000,22.162839759,14.534555273,47.637904309,6.000000,0.962500000
2147.000000,22.166738169,14.527938898,47.639736575,6.000000,0.952777778
2147.500000,22.170636172,14.521322268,47.641569063,6.000000,0.943055556
2148.000000,22.174533769,14.514705383,47.643401772,6.000000,0.933333333
2148.500000,22.178430960,14.508088244,47.645234703,6.000000,0.923611111
2149.000000,22.182327744,14.501470850,47.647067856,6.000000,0.913888889
2149.500000,22.186224122,14.494853202,47.648901231,6.000000,0.904166667
2150.000000,22.190120093,14.488235299,47.650734827,6.000000,0.894444444
2150.500000,22.194015659,14.481617141,47.652568646,6.000000,0.884722222
2151.000000,22.197910818,14.474998729,47.654402687,6.000000,0.875000000
2151.500000,22.201805571,14.468380062,47.656236949,6.000000,0.865277778
2152.000000,22.205699918,14.461761140,47.658071434,6.000000,0.855555556
2152.500000,22.209593859,14.455141964,47.659906141,6.000000,0.845833333
2153.000000,22.213487394,14.448522532,47.661741070,6.000000,0.836111111
2153.500000,22.217380523,14.441902846,47.663576221,6.000000,0.826388889
2154.000000,22.221273246,14.435282905,47.665411595,6.000000,0.816666667
2154.500000,22.225165563,14.428662709,47.667247190,6.000000,0.806944444
2155.000000,22.229057474,14.422042258,47.669083009,6.000000,0.797222222
2155.500000,22.232948980,14.415421552,47.670919049,6.000000,0.787500000
2156.000000,22.236840080,14.408800591,47.672755312,6.000000,0.777777778
2156.500000,22.240730774,14.402179375,47.674591797,6.000000,0.768055556
2157.000000,22.244621062,14.395557904,47.676428505,6.000000,0.758333333
2157.500000,22.248510945,14.388936178,47.678265436,6.000000,0.748611111
2158.000000,22.252400423,14.382314196,47.680102589,6.000000,0.738888889
2158.500000,22.256289494,14.375691960,47.681939965,6.000000,0.729166667
2159.000000,22.260178161,14.369069468,47.683777563,6.000000,0.719444444
2159.500000,22.264066422,14.362446721,47.685615384,6.000000,0.709722222
2160.000000,22.267954277,14.355823719,47.687453428,6.000000,0.700000000
2160.500000,22.271841728,14.349200462,47.689291695,6.000000,0.690277778
2161.000000,22.275728773,14.342576949,47.691130185,6.000000,0.680555556
2161.500000,22.279615412,14.335953181,47.692968897,6.000000,0.670833333
2162.000000,22.283501647,14.329329158,47.694807833,6.000000,0.661111111
2162.500000,22.287387476,14.322704879,47.696646991,6.000000,0.651388889
2163.000000,22.291272900,14.316080344,47.698486373,6.000000,0.641666667
2163.500000,22.295157920,14.309455555,47.700325977,6.000000,0.631944444
2164.000000,22.299042534,14.302830509,47.702165805,6.000000,0.622222222
2164.500000,22.302926743,14.296205208,47.704005856,6.000000,0.612500000
2165.000000,22.306810547,14.289579652,47.705846130,6.000000,0.602777778
2165.500000,22.310693947,14.282953840,47.707686627,6.000000,0.593055556
2166.000000,22.314576941,14.276327773,47.709527348,6.000000,0.583333333
2166.500000,22.318459531,14.269701449,47.711368292,6.000000,0.573611111
2167.000000,22.322341716,14.263074870,47.713209460,6.000000,0.563888889
2167.500000,22.326223496,14.256448036,47.715050850,6.000000,0.554166667
2168.000000,22.330104872,14.249820945,47.716892465,6.000000,0.544444444
2168.500000,22.333985843,14.243193599,47.718734303,6.000000,0.534722222
2169.000000,22.337866410,14.236565997,47.720576364,6.000000,0.525000000
2169.500000,22.341746572,14.229938139,47.722418649,6.000000,0.515277778
2170.000000,22.345626329,14.223310026,47.724261158,6.000000,0.505555556
2170.500000,22.349505682,14.216681656,47.726103890,6.000000,0.495833333
2171.000000,22.353384631,14.210053031,47.727946846,6.000000,0.486111111
2171.500000,22.357263175,14.203424149,47.729790026,6.000000,0.476388889
2172.000000,22.361141315,14.196795011,47.731633430,6.000000,0.466666667
2172.500000,22.365019051,14.190165618,47.733477058,6.000000,0.456944444
2173.000000,22.368896383,14.183535968,47.735320909,6.000000,0.447222222
2173.500000,22.372773310,14.176906063,47.737164985,6.000000,0.437500000
2174.000000,22.376649833,14.170275901,47.739009284,6.000000,0.427777778
2174.500000,22.380525952,14.163645483,47.740853808,6.000000,0.418055556
2175.000000,22.384401668,14.157014809,47.742698555,6.000000,0.408333333
2175.500000,22.388276979,14.150383878,47.744543527,6.000000,0.398611111
2176.000000,22.392151886,14.143752692,47.746388723,6.000000,0.388888889
2176.500000,22.396026390,14.137121249,47.748234143,6.000000,0.379166667
2177.000000,22.399900489,14.130489550,47.750079788,6.000000,0.369444444
2177.500000,22.403774185,14.123857594,47.751925657,6.000000,0.359722222
2178.000000,22.407647477,14.117225382,47.753771750,6.000000,0.350000000
2178.500000,22.411520365,14.110592914,47.755618067,6.000000,0.340277778
2179.000000,22.415392850,14.103960189,47.757464609,6.000000,0.330555556
2179.500000,22.419264931,14.097327208,47.759311376,6.000000,0.320833333
2180.000000,22.423136608,14.090693970,47.761158367,6.000000,0.311111111
2180.500000,22.427007882,14.084060476,47.763005582,6.000000,0.301388889
2181.000000,22.430878752,14.077426725,47.764853023,6.000000,0.291666667
2181.500000,22.434749219,14.070792718,47.766700687,6.000000,0.281944444
2182.000000,22.438619283,14.064158454,47.768548577,6.000000,0.272222222
2182.500000,22.442488943,14.057523933,47.770396691,6.000000,0.262500000
2183.000000,22.446358200,14.050889156,47.772245031,6.000000,0.252777778
2183.500000,22.450227053,14.044254122,47.774093594,6.000000,0.243055556
2184.000000,22.454095504,14.037618831,47.775942383,6.000000,0.233333333
2184.500000,22.457963551,14.030983284,47.777791397,6.000000,0.223611111
2185.000000,22.461831195,14.024347479,47.779640636,6.000000,0.213888889
2185.500000,22.465698436,14.017711418,47.781490100,6.000000,0.204166667
2186.000000,22.469565274,14.011075100,47.783339789,6.000000,0.194444444
2186.500000,22.473431709,14.004438525,47.785189703,6.000000,0.184722222
2187.000000,22.477297741,13.997801693,47.787039842,6.000000,0.175000000
2187.500000,22.481163370,13.991164604,47.788890206,6.000000,0.165277778
2188.000000,22.485028596,13.984527259,47.790740796,6.000000,0.155555556
2188.500000,22.488893419,13.977889656,47.792591610,6.000000,0.145833333
2189.000000,22.492757840,13.971251796,47.794442651,6.000000,0.136111111
2189.500000,22.496621858,13.964613679,47.796293916,6.000000,0.126388889
2190.000000,22.500485473,13.957975305,47.798145407,6.000000,0.116666667
2190.500000,22.504348685,13.951336673,47.799997124,6.000000,0.106944444
2191.000000,22.508211495,13.944697785,47.801849066,6.000000,0.097222222
2191.500000,22.512073903,13.938058639,47.803701233,6.000000,0.087500000
2192.000000,22.515935908,13.931419236,47.805553626,6.000000,0.077777778
2192.500000,22.519797510,13.924779576,47.807406245,6.000000,0.068055556
2193.000000,22.523658710,13.918139658,47.809259089,6.000000,0.058333333
2193.500000,22.527519508,13.911499483,47.811112159,6.000000,0.048611111
2194.000000,22.531379903,13.904859051,47.812965455,6.000000,0.038888889
2194.500000,22.535239896,13.898218362,47.814818977,6.000000,0.029166667
2195.000000,22.539099487,13.891577414,47.816672725,6.000000,0.019444444
2195.500000,22.542958676,13.884936210,47.818526698,6.000000,0.009722222
2196.000000,22.546817462,13.878294748,47.818526698,6.000000,0.000000000
