case_id,t_best_dt1,T_dt1,soc_dt1,score_dt1,t_best_dt0.5,T_dt0.5,soc_dt0.5,score_dt0.5,t_best_dt0.25,T_dt0.25,soc_dt0.25,score_dt0.25,t_best_dt0.125,T_dt0.125,soc_dt0.125,score_dt0.125,dT_1.0,dT_0.5,dT_0.25,dSoc_1.0,dSoc_0.5,dSoc_0.25,dt_1.0,dt_0.5,dt_0.25,dscore_1.0,dscore_0.5,dscore_0.25
51850,193.6000,22.999387,10.171859,31.979052,193.5000,22.999364,10.170475,31.969112,193.4000,22.999799,10.169544,31.959161,193.4000,22.999570,10.169317,31.954182,0.000183206,0.000206025,0.000229079,0.00254155,0.00115767,0.000226903,0.2,0.1,0,0.0248702,0.0149304,0.00497953
49802,0.0000,0.000000,0.000000,0.000000,0.0000,0.000000,0.000000,0.000000,0.0000,0.000000,0.000000,0.000000,0.0000,0.000000,0.000000,0.000000,,,,,,,,,,,,
48038,0.0000,0.000000,0.000000,0.000000,0.0000,0.000000,0.000000,0.000000,0.0000,0.000000,0.000000,0.000000,0.0000,0.000000,0.000000,0.000000,,,,,,,,,,,,
58230,741.8000,20.000681,14.308765,47.901192,741.7000,20.000761,14.307611,47.902378,741.7000,20.000331,14.307267,47.903249,741.7000,20.000116,14.307095,47.903200,0.000565288,0.000645256,0.00021509,0.00167028,0.00051619,0.000172081,0.1,0,0,0.00200798,0.000821889,4.90016e-05
46625,0.0000,0.000000,0.000000,0.000000,0.0000,0.000000,0.000000,0.000000,0.0000,0.000000,0.000000,0.000000,0.0000,0.000000,0.000000,0.000000,,,,,,,,,,,,
33862,0.0000,0.000000,0.000000,0.000000,0.0000,0.000000,0.000000,0.000000,0.0000,0.000000,0.000000,0.000000,0.0000,0.000000,0.000000,0.000000,,,,,,,,,,,,
46446,0.0000,0.000000,0.000000,0.000000,0.0000,0.000000,0.000000,0.000000,0.0000,0.000000,0.000000,0.000000,0.0000,0.000000,0.000000,0.000000,,,,,,,,,,,,
59269,1077.1000,20.000968,14.042102,46.928388,1077.1000,20.000180,14.041492,46.929467,1077.0000,20.000765,14.040710,46.930008,1077.0000,20.000568,14.040558,46.931377,0.000400557,0.000387709,0.00019707,0.00154398,0.000934061,0.000152554,0.1,0.1,0,0.00298938,0.00191053,0.00136897
20066,0.0000,0.000000,0.000000,0.000000,0.0000,0.000000,0.000000,0.000000,0.0000,0.000000,0.000000,0.000000,0.0000,0.000000,0.000000,0.000000,,,,,,,,,,,,
23426,0.0000,0.000000,0.000000,0.000000,0.0000,0.000000,0.000000,0.000000,0.0000,0.000000,0.000000,0.000000,0.0000,0.000000,0.000000,0.000000,,,,,,,,,,,,
38741,0.0000,0.000000,0.000000,0.000000,0.0000,0.000000,0.000000,0.000000,0.0000,0.000000,0.000000,0.000000,0.0000,0.000000,0.000000,0.000000,,,,,,,,,,,,
16915,0.0000,0.000000,0.000000,0.000000,0.0000,0.000000,0.000000,0.000000,0.0000,0.000000,0.000000,0.000000,0.0000,0.000000,0.000000,0.000000,,,,,,,,,,,,
51183,0.0000,0.000000,0.000000,0.000000,0.0000,0.000000,0.000000,0.000000,0.0000,0.000000,0.000000,0.000000,0.0000,0.000000,0.000000,0.000000,,,,,,,,,,,,
40917,152.6000,20.000882,19.798886,50.000000,152.6000,20.000006,19.798371,50.000000,152.5000,20.000494,19.797659,50.000000,152.5000,20.000275,19.797530,50.000000,0.000607637,0.000269052,0.000219295,0.00135574,0.000840547,0.000128933,0.1,0.1,0,0,0,0
30134,94.1000,20.000056,16.527061,50.000000,94.0000,20.000110,16.525881,50.000000,93.9000,20.000598,16.525062,50.000000,93.9000,20.000381,16.524881,50.000000,0.000325098,0.000270875,0.000217049,0.00218051,0.00100023,0.000180655,0.2,0.1,0,0,0,0
3633,1023.1000,20.000320,14.376505,47.553154,1023.0000,20.000505,14.375396,47.554737,1023.0000,20.000111,14.375078,47.553883,1022.9000,20.000886,14.374445,47.551422,0.00056623,0.00038155,0.000775452,0.00206039,0.000951041,0.000633575,0.2,0.1,0.1,0.00173224,0.00331469,0.00246067
54342,0.0000,0.000000,0.000000,0.000000,0.0000,0.000000,0.000000,0.000000,0.0000,0.000000,0.000000,0.000000,0.0000,0.000000,0.000000,0.000000,,,,,,,,,,,,
43532,1701.0000,20.000245,12.304790,42.619410,1700.9000,20.000478,12.303760,42.613881,1700.9000,20.000090,12.303489,42.607746,1700.8000,20.000905,12.302867,42.609127,0.000660149,0.000427227,0.000815884,0.00192261,0.000893448,0.000621668,0.2,0.1,0.1,0.0102838,0.0047542,0.00138048
6072,0.0000,0.000000,0.000000,0.000000,0.0000,0.000000,0.000000,0.000000,0.0000,0.000000,0.000000,0.000000,0.0000,0.000000,0.000000,0.000000,,,,,,,,,,,,
21988,392.1000,20.000256,16.602142,50.000000,392.0000,20.000316,16.601096,50.000000,391.9000,20.000816,16.600342,50.000000,391.9000,20.000596,16.600196,50.000000,0.000340404,0.000280241,0.000220154,0.00194624,0.000900302,0.000146158,0.2,0.1,0,0,6.96332e-13,0
62874,0.0000,0.000000,0.000000,0.000000,0.0000,0.000000,0.000000,0.000000,0.0000,0.000000,0.000000,0.000000,0.0000,0.000000,0.000000,0.000000,,,,,,,,,,,,
37077,256.8000,20.564682,10.000027,30.000000,257.1000,20.561074,10.000377,30.000000,257.2000,20.559728,10.000316,30.000000,257.2000,20.559513,10.000049,30.000000,0.00516913,0.00156101,0.000214896,2.14572e-05,0.000328565,0.000267009,0.4,0.1,0,0,0,0
46223,498.9000,22.999912,10.173407,32.008929,498.8000,22.999917,10.172067,31.993856,498.8000,22.999466,10.171637,31.988827,498.8000,22.999240,10.171422,31.989383,0.000671722,0.000677173,0.000225743,0.00198525,0.00064522,0.00021514,0.1,0,0,0.0195461,0.00447396,0.000555693
60593,0.0000,0.000000,0.000000,0.000000,0.0000,0.000000,0.000000,0.000000,0.0000,0.000000,0.000000,0.000000,0.0000,0.000000,0.000000,0.000000,,,,,,,,,,,,
13423,0.0000,21.270563,12.624516,30.000000,0.0000,21.269719,12.623509,30.000000,0.0000,21.269296,12.623005,30.000000,0.0000,21.269085,12.622753,30.000000,0.00147871,0.000633935,0.000211334,0.00176318,0.000756092,0.000252113,0,0,0,0,0,0
1072,0.0000,0.000000,0.000000,0.000000,0.0000,0.000000,0.000000,0.000000,0.0000,0.000000,0.000000,0.000000,0.0000,0.000000,0.000000,0.000000,,,,,,,,,,,,
18552,0.0000,0.000000,0.000000,0.000000,0.0000,0.000000,0.000000,0.000000,0.0000,0.000000,0.000000,0.000000,0.0000,0.000000,0.000000,0.000000,,,,,,,,,,,,
26346,0.0000,0.000000,0.000000,0.000000,0.0000,0.000000,0.000000,0.000000,0.0000,0.000000,0.000000,0.000000,0.0000,0.000000,0.000000,0.000000,,,,,,,,,,,,
37624,0.0000,0.000000,0.000000,0.000000,0.0000,0.000000,0.000000,0.000000,0.0000,0.000000,0.000000,0.000000,0.0000,0.000000,0.000000,0.000000,,,,,,,,,,,,
29590,119.3000,20.000812,17.587530,50.000000,119.2000,20.000878,17.586412,50.000000,119.2000,20.000449,17.586083,50.000000,119.2000,20.000235,17.585918,50.000000,0.000576915,0.000643638,0.000214583,0.00161146,0.000494189,0.000164769,0.1,0,0,0,0,0
15730,697.5000,20.000326,16.273663,50.000000,697.4000,20.000448,16.272652,50.000000,697.4000,20.000028,16.272381,50.000000,697.3000,20.000781,16.271777,50.000000,0.000454546,0.000332268,0.000752958,0.00188649,0.000875498,0.000603692,0.2,0.1,0.1,0,0,0
14779,187.3000,20.000257,17.977455,50.000000,187.2000,20.000319,17.976409,50.000000,187.1000,20.000812,17.975658,50.000000,187.1000,20.000596,17.975511,50.000000,0.000339445,0.00027741,0.000215686,0.00194442,0.000898926,0.000147026,0.2,0.1,0,0,0,0
23088,4.7000,20.000588,18.489183,50.000000,4.6000,20.000641,18.488129,50.000000,4.6000,20.000208,18.487830,50.000000,4.5000,20.000911,18.487225,50.000000,0.000322388,0.000269394,0.000702763,0.00195795,0.000904428,0.000605132,0.2,0.1,0.1,0,0,0
27366,201.7000,20.000682,17.056789,50.000000,201.6000,20.000747,17.055664,50.000000,201.6000,20.000315,17.055331,50.000000,201.6000,20.000098,17.055165,50.000000,0.000583827,0.000648508,0.000216193,0.00162397,0.000498877,0.000166342,0.1,0,0,0,0,0
58301,309.5000,20.000753,17.960212,50.000000,309.4000,20.000844,17.959166,50.000000,309.4000,20.000420,17.958874,50.000000,309.4000,20.000209,17.958728,50.000000,0.000544427,0.000635056,0.000211694,0.0014844,0.000438277,0.000146109,0.1,0,0,0,0,0
53236,0.0000,0.000000,0.000000,0.000000,0.0000,0.000000,0.000000,0.000000,0.0000,0.000000,0.000000,0.000000,0.0000,0.000000,0.000000,0.000000,,,,,,,,,,,,
7354,0.0000,0.000000,0.000000,0.000000,0.0000,0.000000,0.000000,0.000000,0.0000,0.000000,0.000000,0.000000,0.0000,0.000000,0.000000,0.000000,,,,,,,,,,,,
53779,0.0000,0.000000,0.000000,0.000000,0.0000,0.000000,0.000000,0.000000,0.0000,0.000000,0.000000,0.000000,0.0000,0.000000,0.000000,0.000000,,,,,,,,,,,,
62996,0.0000,0.000000,0.000000,0.000000,0.0000,0.000000,0.000000,0.000000,0.0000,0.000000,0.000000,0.000000,0.0000,0.000000,0.000000,0.000000,,,,,,,,,,,,
8084,853.6000,20.000526,14.568449,47.934175,853.5000,20.000618,14.567380,47.930640,853.5000,20.000185,14.567079,47.928547,853.4000,20.000927,14.566460,47.928983,0.000400241,0.000308392,0.000741559,0.00198878,0.000919331,0.000618742,0.2,0.1,0.1,0.00519149,0.00165672,0.000436555
2937,0.0000,0.000000,0.000000,0.000000,0.0000,0.000000,0.000000,0.000000,0.0000,0.000000,0.000000,0.000000,0.0000,0.000000,0.000000,0.000000,,,,,,,,,,,,
31631,0.0000,0.000000,0.000000,0.000000,0.0000,0.000000,0.000000,0.000000,0.0000,0.000000,0.000000,0.000000,0.0000,0.000000,0.000000,0.000000,,,,,,,,,,,,
9642,276.2000,21.430455,10.000037,30.000000,276.4000,21.427728,10.000036,30.000000,276.5000,21.426365,10.000036,30.000000,276.6000,21.425224,10.000274,30.000000,0.00523066,0.00250413,0.00114079,0.000237425,0.000237687,0.000237995,0.4,0.2,0.1,0,0,0
3097,8.8000,22.999157,11.480988,30.513438,8.7000,22.999156,11.479587,30.507585,8.6000,22.999598,11.478649,30.506777,8.6000,22.999377,11.478417,30.506926,0.000219602,0.000220418,0.000221577,0.00257072,0.00116983,0.000231809,0.2,0.1,0,0.00651196,0.00065882,0.000149359
63471,0.0000,0.000000,0.000000,0.000000,0.0000,0.000000,0.000000,0.000000,0.0000,0.000000,0.000000,0.000000,0.0000,0.000000,0.000000,0.000000,,,,,,,,,,,,
11638,0.0000,0.000000,0.000000,0.000000,0.0000,0.000000,0.000000,0.000000,0.0000,0.000000,0.000000,0.000000,0.0000,0.000000,0.000000,0.000000,,,,,,,,,,,,
27109,0.0000,22.441571,11.629306,30.000000,0.0000,22.440696,11.628355,30.000000,0.0000,22.440258,11.627879,30.000000,0.0000,22.440040,11.627641,30.000000,0.00153118,0.000656256,0.000218765,0.00166519,0.000713947,0.000238011,0,0,0,0,0,0
41354,0.0000,0.000000,0.000000,0.000000,0.0000,0.000000,0.000000,0.000000,0.0000,0.000000,0.000000,0.000000,0.0000,0.000000,0.000000,0.000000,,,,,,,,,,,,
8279,0.0000,0.000000,0.000000,0.000000,0.0000,0.000000,0.000000,0.000000,0.0000,0.000000,0.000000,0.000000,0.0000,0.000000,0.000000,0.000000,,,,,,,,,,,,
4475,403.1000,20.000606,11.930852,34.093554,403.0000,20.000685,11.929549,34.073583,403.0000,20.000252,11.929132,34.060111,403.0000,20.000035,11.928924,34.054607,0.000570962,0.000649684,0.00021657,0.001928,0.000624522,0.000208201,0.1,0,0,0.0389471,0.0189765,0.00550384
36828,131.0000,20.000218,15.697652,50.000000,130.9000,20.000283,15.696447,50.000000,130.8000,20.000778,15.695613,50.000000,130.8000,20.000563,15.695427,50.000000,0.000344321,0.000279555,0.000215209,0.00222534,0.00102014,0.000185754,0.2,0.1,0,0,0,0
62528,254.3000,20.000822,15.973321,50.000000,254.2000,20.000875,15.972179,50.000000,254.2000,20.000437,15.971839,50.000000,254.2000,20.000218,15.971669,50.000000,0.000604096,0.000657139,0.00021908,0.00165123,0.000510052,0.000170092,0.1,0,0,0,0,0
41345,487.9000,20.000738,14.260285,46.856267,487.8000,20.000837,14.259039,46.856378,487.8000,20.000415,14.258650,46.852055,487.8000,20.000203,14.258455,46.847572,0.000534629,0.000633734,0.000211246,0.00182919,0.000584008,0.000194727,0.1,0,0,0.00869513,0.00880607,0.00448265
14227,0.0000,0.000000,0.000000,0.000000,0.0000,0.000000,0.000000,0.000000,0.0000,0.000000,0.000000,0.000000,0.0000,0.000000,0.000000,0.000000,,,,,,,,,,,,
17810,835.5000,22.346774,10.000451,30.000000,835.6000,22.345018,10.000131,30.000000,835.7000,22.343668,10.000215,30.000000,835.7000,22.343465,10.000012,30.000000,0.00330955,0.00155299,0.00020367,0.000438904,0.000118432,0.000202307,0.2,0.1,0,0,0,0
12664,0.0000,0.000000,0.000000,0.000000,0.0000,0.000000,0.000000,0.000000,0.0000,0.000000,0.000000,0.000000,0.0000,0.000000,0.000000,0.000000,,,,,,,,,,,,
10864,861.6000,20.000683,12.172938,41.468514,861.5000,20.000782,12.171709,41.451549,861.5000,20.000355,12.171331,41.441856,861.5000,20.000142,12.171143,41.440389,0.000540466,0.000639595,0.00021319,0.00179564,0.000566443,0.000188821,0.1,0,0,0.0281249,0.0111597,0.00146729
38755,893.8000,22.999994,10.291867,33.194667,893.8000,22.999149,10.291088,33.188221,893.7000,22.999651,10.290211,33.182061,893.7000,22.999440,10.290016,33.182061,0.000553681,0.000291153,0.00021125,0.00185097,0.00107123,0.000195061,0.1,0.1,0,0.0126058,0.00615985,5.7554e-13
40176,0.0000,0.000000,0.000000,0.000000,0.0000,0.000000,0.000000,0.000000,0.0000,0.000000,0.000000,0.000000,0.0000,0.000000,0.000000,0.000000,,,,,,,,,,,,
11418,0.0000,0.000000,0.000000,0.000000,0.0000,0.000000,0.000000,0.000000,0.0000,0.000000,0.000000,0.000000,0.0000,0.000000,0.000000,0.000000,,,,,,,,,,,,
19892,0.0000,0.000000,0.000000,0.000000,0.0000,0.000000,0.000000,0.000000,0.0000,0.000000,0.000000,0.000000,0.0000,0.000000,0.000000,0.000000,,,,,,,,,,,,
48234,682.9000,20.000801,15.312758,49.140305,682.8000,20.000960,15.311655,49.141379,682.8000,20.000556,15.311340,49.142099,682.8000,20.000354,15.311183,49.142260,0.000446688,0.000605586,0.000201859,0.00157557,0.000472024,0.000157351,0.1,0,0,0.00195522,0.000881689,0.000161485
49796,0.0000,0.000000,0.000000,0.000000,0.0000,0.000000,0.000000,0.000000,0.0000,0.000000,0.000000,0.000000,0.0000,0.000000,0.000000,0.000000,,,,,,,,,,,,
30023,0.0000,21.504331,14.342615,30.000000,0.0000,21.503450,14.341811,30.000000,0.0000,21.503010,14.341409,30.000000,0.0000,21.502789,14.341208,30.000000,0.00154162,0.000660725,0.000220275,0.00140704,0.000603262,0.000201138,0,0,0,0,0,0
35976,0.0000,22.842477,11.839114,30.000000,0.0000,22.841590,11.838204,30.000000,0.0000,22.841146,11.837749,30.000000,0.0000,22.840924,11.837522,30.000000,0.0015526,0.000665531,0.000221867,0.00159176,0.000682621,0.000227587,0,0,0,0,0,0
2286,396.1000,20.000753,15.789293,49.672449,396.0000,20.000817,15.788207,49.665105,396.0000,20.000377,15.787895,49.666386,396.0000,20.000157,15.787739,49.667027,0.00059561,0.000659291,0.000219794,0.00155393,0.000467385,0.000155828,0.1,0,0,0.0054216,0.00192268,0.000641495
25596,0.0000,0.000000,0.000000,0.000000,0.0000,0.000000,0.000000,0.000000,0.0000,0.000000,0.000000,0.000000,0.0000,0.000000,0.000000,0.000000,,,,,,,,,,,,
49701,1706.8000,20.000895,12.131541,40.057529,1706.8000,20.000176,12.131002,40.037352,1706.7000,20.000852,12.130244,40.037864,1706.7000,20.000672,12.130109,40.029039,0.000223196,0.000495827,0.000179777,0.00143227,0.000893053,0.000134869,0.1,0.1,0,0.0284908,0.00831369,0.00882535
63404,0.0000,0.000000,0.000000,0.000000,0.0000,0.000000,0.000000,0.000000,0.0000,0.000000,0.000000,0.000000,0.0000,0.000000,0.000000,0.000000,,,,,,,,,,,,
15272,922.2000,20.000775,12.361626,43.782781,922.1000,20.000958,12.360333,43.774622,922.1000,20.000566,12.359927,43.769672,922.1000,20.000370,12.359724,43.765293,0.0004044,0.000587315,0.000195768,0.00190177,0.000609093,0.000203049,0.1,0,0,0.0174887,0.0093296,0.00437957
608,0.0000,0.000000,0.000000,0.000000,0.0000,0.000000,0.000000,0.000000,0.0000,0.000000,0.000000,0.000000,0.0000,0.000000,0.000000,0.000000,,,,,,,,,,,,
15466,341.1000,20.000744,19.159899,50.000000,341.0000,20.000802,19.158952,50.000000,341.0000,20.000361,19.158708,50.000000,341.0000,20.000140,19.158586,50.000000,0.000603494,0.000661873,0.00022064,0.00131315,0.000366518,0.000122194,0.1,0,0,1.42109e-14,1.02318e-12,1.55609e-12
513,0.0000,0.000000,0.000000,0.000000,0.0000,0.000000,0.000000,0.000000,0.0000,0.000000,0.000000,0.000000,0.0000,0.000000,0.000000,0.000000,,,,,,,,,,,,
42030,0.0000,0.000000,0.000000,0.000000,0.0000,0.000000,0.000000,0.000000,0.0000,0.000000,0.000000,0.000000,0.0000,0.000000,0.000000,0.000000,,,,,,,,,,,,
11283,0.0000,0.000000,0.000000,0.000000,0.0000,0.000000,0.000000,0.000000,0.0000,0.000000,0.000000,0.000000,0.0000,0.000000,0.000000,0.000000,,,,,,,,,,,,
63529,0.0000,0.000000,0.000000,0.000000,0.0000,0.000000,0.000000,0.000000,0.0000,0.000000,0.000000,0.000000,0.0000,0.000000,0.000000,0.000000,,,,,,,,,,,,
57574,848.4000,20.000143,16.411198,50.000000,848.3000,20.000266,16.410233,50.000000,848.2000,20.000816,16.409516,50.000000,848.2000,20.000602,16.409391,50.000000,0.000459488,0.000336507,0.000213936,0.00180735,0.000841603,0.000124527,0.2,0.1,0,0,0,0
12836,313.6000,20.000336,18.723006,50.000000,313.5000,20.000394,18.722049,50.000000,313.4000,20.000893,18.721341,50.000000,313.4000,20.000673,18.721216,50.000000,0.000337548,0.00027864,0.000220203,0.00178982,0.000832769,0.000124763,0.2,0.1,0,0,0,0
23175,0.0000,0.000000,0.000000,0.000000,0.0000,0.000000,0.000000,0.000000,0.0000,0.000000,0.000000,0.000000,0.0000,0.000000,0.000000,0.000000,,,,,,,,,,,,
42335,1668.9000,20.000912,12.365605,43.224141,1668.9000,20.000125,12.365062,43.217695,1668.8000,20.000743,12.364306,43.214560,1668.8000,20.000546,12.364170,43.213915,0.000365768,0.000421428,0.000196819,0.00143424,0.000891675,0.000135708,0.1,0.1,0,0.0102255,0.00378035,0.000645192
38484,0.0000,0.000000,0.000000,0.000000,0.0000,0.000000,0.000000,0.000000,0.0000,0.000000,0.000000,0.000000,0.0000,0.000000,0.000000,0.000000,,,,,,,,,,,,
19235,0.0000,0.000000,0.000000,0.000000,0.0000,0.000000,0.000000,0.000000,0.0000,0.000000,0.000000,0.000000,0.0000,0.000000,0.000000,0.000000,,,,,,,,,,,,
61379,0.0000,0.000000,0.000000,0.000000,0.0000,0.000000,0.000000,0.000000,0.0000,0.000000,0.000000,0.000000,0.0000,0.000000,0.000000,0.000000,,,,,,,,,,,,
17853,0.0000,0.000000,0.000000,0.000000,0.0000,0.000000,0.000000,0.000000,0.0000,0.000000,0.000000,0.000000,0.0000,0.000000,0.000000,0.000000,,,,,,,,,,,,
32955,0.0000,0.000000,0.000000,0.000000,0.0000,0.000000,0.000000,0.000000,0.0000,0.000000,0.000000,0.000000,0.0000,0.000000,0.000000,0.000000,,,,,,,,,,,,
4964,564.6000,20.000181,15.674668,49.605013,564.5000,20.000254,15.673606,49.605790,564.4000,20.000765,15.672843,49.606210,564.4000,20.000545,15.672693,49.606389,0.000364016,0.000291719,0.00021962,0.0019747,0.000912966,0.000149187,0.2,0.1,0,0.00137568,0.000598526,0.000179012
36758,491.1000,20.158322,10.000197,30.000000,491.3000,20.155574,10.000209,30.000000,491.4000,20.154200,10.000215,30.000000,491.5000,20.153040,10.000457,30.000000,0.00528232,0.0025341,0.00115999,0.000259799,0.000247502,0.000241553,0.4,0.2,0.1,0,0,0
29491,0.0000,20.543255,14.583624,30.000000,0.0000,20.542379,14.582822,30.000000,0.0000,20.541941,14.582421,30.000000,0.0000,20.541722,14.582220,30.000000,0.00153313,0.000657147,0.00021904,0.00140414,0.000602028,0.000200702,0,0,0,0,0,0
3228,906.1000,20.000159,12.999823,45.561515,906.0000,20.000270,12.998685,45.558438,905.9000,20.000810,12.997881,45.561110,905.9000,20.000596,12.997715,45.560789,0.000436936,0.000325704,0.000214654,0.00210806,0.00097086,0.00016676,0.2,0.1,0,0.000726194,0.00235113,0.000321533
38197,1558.1000,20.118087,10.000327,30.000000,1558.2000,20.116315,10.000182,30.000000,1558.3000,20.114925,10.000356,30.000000,1558.3000,20.114734,10.000197,30.000000,0.00335256,0.00158076,0.000191148,0.000129316,1.47455e-05,0.000159227,0.2,0.1,0,0,0,0
53400,904.4000,20.000673,15.524569,48.932531,904.3000,20.000810,15.523579,48.933699,904.3000,20.000388,15.523320,48.933990,904.3000,20.000176,15.523191,48.934639,0.000496476,0.000633581,0.000211203,0.00137882,0.000388024,0.000129364,0.1,0,0,0.00210805,0.000940034,0.000649214
33601,612.7000,20.000600,13.166389,46.582129,612.6000,20.000701,13.165146,46.583821,612.6000,20.000280,13.164760,46.583455,612.6000,20.000070,13.164567,46.583272,0.00052937,0.000630312,0.000210115,0.00182271,0.000579429,0.000193167,0.1,0,0,0.00114358,0.000548787,0.000182677
58339,864.1000,20.000435,17.977438,50.000000,864.0000,20.000547,17.976534,50.000000,864.0000,20.000117,17.976313,50.000000,863.9000,20.000874,17.975740,50.000000,0.000439602,0.000327099,0.000757489,0.00169796,0.000793996,0.000573082,0.2,0.1,0.1,0,2.27374e-13,1.42109e-14
62232,0.0000,0.000000,0.000000,0.000000,0.0000,0.000000,0.000000,0.000000,0.0000,0.000000,0.000000,0.000000,0.0000,0.000000,0.000000,0.000000,,,,,,,,,,,,
230,503.3000,22.722992,10.000404,30.000000,503.4000,22.721152,10.000068,30.000000,503.5000,22.719773,10.000138,30.000000,503.6000,22.718625,10.000412,30.000000,0.00436687,0.002527,0.00114815,7.87323e-06,0.000343723,0.000273533,0.3,0.2,0.1,0,0,0
37629,822.9000,20.000021,12.400176,43.940809,822.8000,20.000133,12.398985,43.933130,822.7000,20.000671,12.398153,43.930129,822.7000,20.000458,12.397974,43.929500,0.000437393,0.000325275,0.000213314,0.00220198,0.00101171,0.000179006,0.2,0.1,0,0.0113088,0.00362936,0.000629011
46858,1034.0000,20.000201,19.360140,50.000000,1033.9000,20.000334,19.359309,50.000000,1033.8000,20.000892,19.358662,50.000000,1033.8000,20.000679,19.358570,50.000000,0.000478188,0.000345164,0.00021252,0.00156955,0.000738881,9.20538e-05,0.2,0.1,0,5.68434e-14,0,0
37051,1087.1000,21.544257,10.000172,30.000000,1087.3000,21.541525,10.000361,30.000000,1087.4000,21.540160,10.000455,30.000000,1087.4000,21.539958,10.000258,30.000000,0.00429869,0.00156734,0.000201612,8.56572e-05,0.000102553,0.000196502,0.3,0.1,0,0,0,0
31385,0.0000,0.000000,0.000000,0.000000,0.0000,0.000000,0.000000,0.000000,0.0000,0.000000,0.000000,0.000000,0.0000,0.000000,0.000000,0.000000,,,,,,,,,,,,
18403,0.0000,0.000000,0.000000,0.000000,0.0000,0.000000,0.000000,0.000000,0.0000,0.000000,0.000000,0.000000,0.0000,0.000000,0.000000,0.000000,,,,,,,,,,,,
31726,0.0000,22.684816,11.526472,30.000000,0.0000,22.683934,11.525501,30.000000,0.0000,22.683493,11.525015,30.000000,0.0000,22.683273,11.524772,30.000000,0.00154328,0.00066146,0.000220502,0.00170018,0.000728882,0.000242996,0,0,0,0,0,0
56988,0.0000,0.000000,0.000000,0.000000,0.0000,0.000000,0.000000,0.000000,0.0000,0.000000,0.000000,0.000000,0.0000,0.000000,0.000000,0.000000,,,,,,,,,,,,
50187,421.2000,20.000262,17.787739,50.000000,421.1000,20.000324,17.786744,50.000000,421.0000,20.000828,17.786017,50.000000,421.0000,20.000607,17.785883,50.000000,0.000344433,0.000282807,0.000221477,0.00185565,0.000861116,0.000133919,0.2,0.1,0,2.84217e-14,2.84217e-14,0
53599,0.0000,0.000000,0.000000,0.000000,0.0000,0.000000,0.000000,0.000000,0.0000,0.000000,0.000000,0.000000,0.0000,0.000000,0.000000,0.000000,,,,,,,,,,,,
48751,753.1000,20.000774,13.622924,46.827491,753.0000,20.000930,13.621741,46.829512,753.0000,20.000525,13.621388,46.830858,753.0000,20.000323,13.621211,46.830796,0.00045077,0.000607184,0.000202388,0.00171322,0.000530257,0.000176774,0.1,0,0,0.00330419,0.00128394,6.28474e-05
13432,0.0000,0.000000,0.000000,0.000000,0.0000,0.000000,0.000000,0.000000,0.0000,0.000000,0.000000,0.000000,0.0000,0.000000,0.000000,0.000000,,,,,,,,,,,,
30665,0.0000,0.000000,0.000000,0.000000,0.0000,0.000000,0.000000,0.000000,0.0000,0.000000,0.000000,0.000000,0.0000,0.000000,0.000000,0.000000,,,,,,,,,,,,
30492,0.0000,0.000000,0.000000,0.000000,0.0000,0.000000,0.000000,0.000000,0.0000,0.000000,0.000000,0.000000,0.0000,0.000000,0.000000,0.000000,,,,,,,,,,,,
24267,0.0000,0.000000,0.000000,0.000000,0.0000,0.000000,0.000000,0.000000,0.0000,0.000000,0.000000,0.000000,0.0000,0.000000,0.000000,0.000000,,,,,,,,,,,,
59000,1380.6000,20.443139,10.000112,30.000000,1380.8000,20.440358,10.000394,30.000000,1380.8000,20.439967,10.000044,30.000000,1380.9000,20.438773,10.000360,30.000000,0.00436603,0.00158578,0.00119443,0.000247901,3.42223e-05,0.000315993,0.3,0.1,0.1,0,0,0
45142,1278.8000,22.999616,10.089277,31.121726,1278.7000,22.999725,10.088142,31.109741,1278.7000,22.999302,10.087818,31.104257,1278.6000,23.000046,10.087168,31.098088,0.000429641,0.000320608,0.000744083,0.00210934,0.000973917,0.000650369,0.2,0.1,0.1,0.0236381,0.0116535,0.00616903
49162,714.1000,20.000080,13.866991,46.692846,714.0000,20.000204,13.865876,46.694753,713.9000,20.000757,13.865080,46.689608,713.9000,20.000543,13.864920,46.687793,0.000463047,0.000338812,0.000214882,0.0020717,0.000955946,0.000160436,0.2,0.1,0,0.00505263,0.00696004,0.00181424
55736,0.0000,0.000000,0.000000,0.000000,0.0000,0.000000,0.000000,0.000000,0.0000,0.000000,0.000000,0.000000,0.0000,0.000000,0.000000,0.000000,,,,,,,,,,,,
33051,348.5000,20.000900,18.200714,50.000000,348.5000,20.000066,18.200173,50.000000,348.4000,20.000582,18.199441,50.000000,348.4000,20.000373,18.199305,50.000000,0.000526637,0.000307439,0.000208561,0.00140823,0.000867443,0.000135302,0.1,0.1,0,0,0,0
29605,0.0000,0.000000,0.000000,0.000000,0.0000,0.000000,0.000000,0.000000,0.0000,0.000000,0.000000,0.000000,0.0000,0.000000,0.000000,0.000000,,,,,,,,,,,,
65073,0.0000,0.000000,0.000000,0.000000,0.0000,0.000000,0.000000,0.000000,0.0000,0.000000,0.000000,0.000000,0.0000,0.000000,0.000000,0.000000,,,,,,,,,,,,
63043,0.0000,0.000000,0.000000,0.000000,0.0000,0.000000,0.000000,0.000000,0.0000,0.000000,0.000000,0.000000,0.0000,0.000000,0.000000,0.000000,,,,,,,,,,,,
55266,702.6000,20.000037,12.827367,46.051229,702.5000,20.000229,12.826041,46.053416,702.4000,20.000807,12.825138,46.054115,702.4000,20.000614,12.824927,46.053942,0.000577108,0.000384896,0.000192754,0.00243986,0.00111467,0.000211209,0.2,0.1,0,0.00271307,0.000526109,0.000173056
23124,1140.1000,20.000290,12.286406,42.849965,1140.0000,20.000447,12.285214,42.839033,1140.0000,20.000039,12.284857,42.832540,1139.9000,20.000807,12.284200,42.833684,0.000516803,0.000360245,0.000767655,0.00220632,0.00101414,0.000657615,0.2,0.1,0.1,0.0162812,0.00534929,0.00114352
52025,793.5000,20.000378,13.824013,46.860429,793.4000,20.000518,13.822923,46.862387,793.4000,20.000102,13.822614,46.862224,793.3000,20.000866,13.821986,46.864420,0.000488065,0.000347952,0.000764508,0.00202721,0.000936878,0.000628513,0.2,0.1,0.1,0.00399127,0.00203295,0.00219558
30059,1050.5000,20.000769,15.202118,48.037934,1050.4000,20.000972,15.201131,48.039807,1050.4000,20.000569,15.200875,48.040982,1050.4000,20.000367,15.200748,48.041103,0.000402577,0.000605234,0.000201753,0.00136981,0.00038295,0.000127678,0.1,0,0,0.00316815,0.001296,0.000120322
21181,948.8000,20.000574,13.063263,45.466914,948.7000,20.000764,13.062162,45.469525,948.7000,20.000356,13.061852,45.469086,948.7000,20.000152,13.061698,45.468866,0.000422123,0.000612022,0.000204023,0.00156575,0.000464451,0.000154844,0.1,0,0,0.00195147,0.000659427,0.000219894
28330,0.0000,0.000000,0.000000,0.000000,0.0000,0.000000,0.000000,0.000000,0.0000,0.000000,0.000000,0.000000,0.0000,0.000000,0.000000,0.000000,,,,,,,,,,,,
49589,94.9000,20.000086,18.931520,50.000000,94.8000,20.000145,18.930484,50.000000,94.7000,20.000635,18.929738,50.000000,94.7000,20.000420,18.929593,50.000000,0.00033402,0.000274745,0.000215653,0.00192695,0.000891035,0.000145249,0.2,0.1,0,0,0,0
8060,54.0000,21.905445,10.000248,30.000000,54.2000,21.902760,10.000156,30.000000,54.3000,21.901418,10.000110,30.000000,54.4000,21.900298,10.000323,30.000000,0.00514715,0.00246216,0.00111945,7.44284e-05,0.0001666,0.000212946,0.4,0.2,0.1,0,0,0
42552,0.0000,22.323258,11.272950,30.000000,0.0000,22.322384,11.271906,30.000000,0.0000,22.321947,11.271383,30.000000,0.0000,22.321729,11.271122,30.000000,0.00152912,0.000655411,0.000218499,0.0018288,0.000784026,0.000261451,0,0,0,0,0,0
65359,653.7000,20.000584,15.652433,49.661638,653.6000,20.000650,15.651354,49.659070,653.6000,20.000213,15.651045,49.659453,653.5000,20.000934,15.650429,49.659662,0.000350376,0.000284357,0.000721409,0.00200428,0.000925153,0.000616461,0.2,0.1,0.1,0.00197562,0.000591992,0.000208684
32563,372.9000,20.000159,16.501342,50.000000,372.8000,20.000226,16.500292,50.000000,372.7000,20.000730,16.499535,50.000000,372.7000,20.000511,16.499388,50.000000,0.000351592,0.000285234,0.000219123,0.00195489,0.00090407,0.000147214,0.2,0.1,0,0,0,0
19245,0.0000,0.000000,0.000000,0.000000,0.0000,0.000000,0.000000,0.000000,0.0000,0.000000,0.000000,0.000000,0.0000,0.000000,0.000000,0.000000,,,,,,,,,,,,
57957,120.5000,21.641932,10.000454,30.000000,120.7000,21.639261,10.000321,30.000000,120.8000,21.637926,10.000255,30.000000,120.9000,21.636806,10.000460,30.000000,0.00512694,0.00245583,0.0011201,6.32637e-06,0.000138392,0.000204768,0.4,0.2,0.1,0,0,0
57806,755.5000,20.000652,16.638600,50.000000,755.4000,20.000820,16.637586,50.000000,755.4000,20.000418,16.637314,50.000000,755.4000,20.000217,16.637179,50.000000,0.000435423,0.000602767,0.000200932,0.00142105,0.000407038,0.000135701,0.1,0,0,0,0,0
47876,0.0000,0.000000,0.000000,0.000000,0.0000,0.000000,0.000000,0.000000,0.0000,0.000000,0.000000,0.000000,0.0000,0.000000,0.000000,0.000000,,,,,,,,,,,,
47737,129.6000,20.000287,16.306787,50.000000,129.5000,20.000362,16.305617,50.000000,129.4000,20.000861,16.304801,50.000000,129.4000,20.000649,16.304624,50.000000,0.00036254,0.000286992,0.000211673,0.00216282,0.000993056,0.000177248,0.2,0.1,0,0,0,0
33928,0.0000,0.000000,0.000000,0.000000,0.0000,0.000000,0.000000,0.000000,0.0000,0.000000,0.000000,0.000000,0.0000,0.000000,0.000000,0.000000,,,,,,,,,,,,
24779,632.2000,20.000640,13.157414,46.412922,632.1000,20.000802,13.156150,46.415005,632.1000,20.000403,13.155756,46.416406,632.1000,20.000203,13.155560,46.416276,0.00043659,0.000598949,0.000199671,0.00185396,0.000590099,0.000196749,0.1,0,0,0.00335405,0.00127115,0.000129527
64972,754.6000,20.000699,18.529448,50.000000,754.5000,20.000861,18.528520,50.000000,754.5000,20.000458,18.528290,50.000000,754.5000,20.000257,18.528174,50.000000,0.000442821,0.000604478,0.000201507,0.00127385,0.000346279,0.000115448,0.1,0,0,0,0,0
26941,214.8000,20.000163,18.941427,50.000000,214.7000,20.000205,18.940444,50.000000,214.6000,20.000691,18.939725,50.000000,214.6000,20.000469,18.939593,50.000000,0.000305835,0.000263808,0.000221881,0.00183337,0.00085089,0.000132058,0.2,0.1,0,0,0,0
63365,0.0000,0.000000,0.000000,0.000000,0.0000,0.000000,0.000000,0.000000,0.0000,0.000000,0.000000,0.000000,0.0000,0.000000,0.000000,0.000000,,,,,,,,,,,,
53763,1189.3000,22.584354,10.000078,30.000000,1189.5000,22.581594,10.000395,30.000000,1189.5000,22.581180,10.000061,30.000000,1189.6000,22.580007,10.000386,30.000000,0.00434724,0.00158724,0.00117306,0.000307514,8.88026e-06,0.000324956,0.3,0.1,0.1,0,0,0
17864,304.0000,22.999343,10.053787,30.669856,303.9000,22.999322,10.052468,30.658288,303.8000,22.999758,10.051571,30.646707,303.8000,22.999528,10.051360,30.640910,0.000185311,0.000206007,0.000230419,0.00242644,0.00110761,0.000210146,0.2,0.1,0,0.028946,0.017378,0.00579613
43414,746.8000,20.000643,12.622915,45.794258,746.7000,20.000797,12.621608,45.790323,746.7000,20.000399,12.621193,45.787805,746.7000,20.000200,12.620985,45.785548,0.000442323,0.000596516,0.000198837,0.0019301,0.000623252,0.000207773,0.1,0,0,0.00871053,0.00477581,0.00225722
44810,0.0000,0.000000,0.000000,0.000000,0.0000,0.000000,0.000000,0.000000,0.0000,0.000000,0.000000,0.000000,0.0000,0.000000,0.000000,0.000000,,,,,,,,,,,,
36872,0.0000,0.000000,0.000000,0.000000,0.0000,0.000000,0.000000,0.000000,0.0000,0.000000,0.000000,0.000000,0.0000,0.000000,0.000000,0.000000,,,,,,,,,,,,
41954,1640.5000,20.669998,10.000331,30.000000,1640.6000,20.668222,10.000212,30.000000,1640.7000,20.666833,10.000399,30.000000,1640.7000,20.666639,10.000246,30.000000,0.0033592,0.00158259,0.000193934,8.45564e-05,3.40409e-05,0.000152717,0.2,0.1,0,0,0,0
43512,0.0000,0.000000,0.000000,0.000000,0.0000,0.000000,0.000000,0.000000,0.0000,0.000000,0.000000,0.000000,0.0000,0.000000,0.000000,0.000000,,,,,,,,,,,,
51580,0.0000,0.000000,0.000000,0.000000,0.0000,0.000000,0.000000,0.000000,0.0000,0.000000,0.000000,0.000000,0.0000,0.000000,0.000000,0.000000,,,,,,,,,,,,
54202,1221.2000,20.000815,13.190025,45.286414,1221.2000,20.000016,13.189448,45.287767,1221.1000,20.000635,13.188676,45.290981,1221.1000,20.000435,13.188532,45.290755,0.000379119,0.000419081,0.000199637,0.00149345,0.000916149,0.000144471,0.1,0.1,0,0.00434071,0.00298824,0.00022632
40310,0.0000,0.000000,0.000000,0.000000,0.0000,0.000000,0.000000,0.000000,0.0000,0.000000,0.000000,0.000000,0.0000,0.000000,0.000000,0.000000,,,,,,,,,,,,
16655,0.0000,0.000000,0.000000,0.000000,0.0000,0.000000,0.000000,0.000000,0.0000,0.000000,0.000000,0.000000,0.0000,0.000000,0.000000,0.000000,,,,,,,,,,,,
58531,974.6000,20.000012,13.774937,46.692195,974.5000,20.000127,13.773874,46.693839,974.4000,20.000671,13.773106,46.688029,974.4000,20.000456,13.772959,46.686261,0.000444436,0.000329259,0.000214326,0.00197804,0.000915571,0.000147313,0.2,0.1,0,0.0059337,0.00757774,0.00176785
43397,1221.4000,20.000694,14.095807,46.648202,1221.3000,20.000891,14.094792,46.650481,1221.3000,20.000483,14.094525,46.651948,1221.3000,20.000280,14.094392,46.651882,0.000414534,0.000611117,0.000203723,0.00141495,0.00040053,0.000133541,0.1,0,0,0.0036797,0.00140051,6.57338e-05
57058,0.0000,21.738868,13.427432,30.000000,0.0000,21.738009,13.426530,30.000000,0.0000,21.737579,13.426079,30.000000,0.0000,21.737365,13.425853,30.000000,0.00150294,0.000644202,0.00021475,0.00157884,0.000677047,0.00022575,0,0,0,0,0,0
39766,0.0000,0.000000,0.000000,0.000000,0.0000,0.000000,0.000000,0.000000,0.0000,0.000000,0.000000,0.000000,0.0000,0.000000,0.000000,0.000000,,,,,,,,,,,,
37140,390.6000,20.000603,17.210286,50.000000,390.5000,20.000690,17.209226,50.000000,390.5000,20.000265,17.208927,50.000000,390.5000,20.000052,17.208778,50.000000,0.000550332,0.00063802,0.000212687,0.00150875,0.000448226,0.000149431,0.1,0,0,0,0,0
65116,1042.6000,20.000629,12.498947,44.634205,1042.5000,20.000819,12.497777,44.628554,1042.5000,20.000426,12.497431,44.624971,1042.5000,20.000230,12.497258,44.624562,0.000399504,0.000588886,0.000196297,0.00168928,0.000519413,0.00017316,0.1,0,0,0.0096433,0.003992,0.000408838
35536,0.0000,0.000000,0.000000,0.000000,0.0000,0.000000,0.000000,0.000000,0.0000,0.000000,0.000000,0.000000,0.0000,0.000000,0.000000,0.000000,,,,,,,,,,,,
9848,0.0000,0.000000,0.000000,0.000000,0.0000,0.000000,0.000000,0.000000,0.0000,0.000000,0.000000,0.000000,0.0000,0.000000,0.000000,0.000000,,,,,,,,,,,,
36962,0.0000,0.000000,0.000000,0.000000,0.0000,0.000000,0.000000,0.000000,0.0000,0.000000,0.000000,0.000000,0.0000,0.000000,0.000000,0.000000,,,,,,,,,,,,
32889,557.3000,20.000411,18.794654,50.000000,557.2000,20.000480,18.793727,50.000000,557.2000,20.000040,18.793492,50.000000,557.1000,20.000770,18.792917,50.000000,0.000359432,0.000289591,0.000729779,0.00173741,0.000810247,0.000575515,0.2,0.1,0.1,0,0,0
12867,0.0000,0.000000,0.000000,0.000000,0.0000,0.000000,0.000000,0.000000,0.0000,0.000000,0.000000,0.000000,0.0000,0.000000,0.000000,0.000000,,,,,,,,,,,,
54889,389.3000,20.000126,20.194184,50.000000,389.2000,20.000209,20.193264,50.000000,389.1000,20.000716,20.192576,50.000000,389.1000,20.000503,20.192461,50.000000,0.000376888,0.000294532,0.000212602,0.00172301,0.00080383,0.000115714,0.2,0.1,0,0,0,0
51715,415.6000,20.000828,13.755900,42.747148,415.5000,20.000932,13.754649,42.742676,415.5000,20.000513,13.754257,42.739559,415.5000,20.000303,13.754062,42.738000,0.00052528,0.000629444,0.000209812,0.00183787,0.000587292,0.000195784,0.1,0,0,0.00914794,0.00467594,0.00155919
53201,0.0000,0.000000,0.000000,0.000000,0.0000,0.000000,0.000000,0.000000,0.0000,0.000000,0.000000,0.000000,0.0000,0.000000,0.000000,0.000000,,,,,,,,,,,,
16738,1627.6000,20.000608,14.085804,46.350743,1627.5000,20.000843,14.084821,46.348567,1627.5000,20.000456,14.084570,46.344308,1627.5000,20.000263,14.084444,46.341452,0.000345285,0.000580083,0.00019336,0.00136014,0.000377495,0.000125838,0.1,0,0,0.00929112,0.00711503,0.0028556
41028,0.0000,0.000000,0.000000,0.000000,0.0000,0.000000,0.000000,0.000000,0.0000,0.000000,0.000000,0.000000,0.0000,0.000000,0.000000,0.000000,,,,,,,,,,,,
41732,0.0000,0.000000,0.000000,0.000000,0.0000,0.000000,0.000000,0.000000,0.0000,0.000000,0.000000,0.000000,0.0000,0.000000,0.000000,0.000000,,,,,,,,,,,,
14937,780.4000,20.000927,16.274615,50.000000,780.4000,20.000096,16.274055,50.000000,780.3000,20.000631,16.273305,50.000000,780.3000,20.000423,16.273165,50.000000,0.000504554,0.000326932,0.000207965,0.00145028,0.000890253,0.000140113,0.1,0.1,0,0,0,0
27911,0.0000,0.000000,0.000000,0.000000,0.0000,0.000000,0.000000,0.000000,0.0000,0.000000,0.000000,0.000000,0.0000,0.000000,0.000000,0.000000,,,,,,,,,,,,
50915,821.0000,22.999177,10.343661,33.693211,820.9000,22.999195,10.342478,33.681333,820.8000,22.999669,10.341644,33.676126,820.8000,22.999441,10.341469,33.671875,0.000263448,0.000245732,0.000227993,0.00219119,0.00100828,0.000174923,0.2,0.1,0,0.0213362,0.00945799,0.00425101
9325,388.4000,20.000808,15.108031,46.948448,388.3000,20.000891,15.106845,46.946454,388.3000,20.000468,15.106484,46.929413,388.3000,20.000256,15.106303,46.928093,0.000551753,0.000634758,0.000211595,0.00172805,0.000541948,0.000180689,0.1,0,0,0.020355,0.0183615,0.00131973
65531,1401.5000,20.000216,12.402348,44.069697,1401.4000,20.000369,12.401227,44.062110,1401.3000,20.000928,12.400427,44.059112,1401.3000,20.000725,12.400266,44.058527,0.000508481,0.000355562,0.000202891,0.00208176,0.000960919,0.000160729,0.2,0.1,0,0.0111701,0.00358286,0.000585124
27911,0.0000,0.000000,0.000000,0.000000,0.0000,0.000000,0.000000,0.000000,0.0000,0.000000,0.000000,0.000000,0.0000,0.000000,0.000000,0.000000,,,,,,,,,,,,
21824,0.0000,0.000000,0.000000,0.000000,0.0000,0.000000,0.000000,0.000000,0.0000,0.000000,0.000000,0.000000,0.0000,0.000000,0.000000,0.000000,,,,,,,,,,,,
7282,0.0000,0.000000,0.000000,0.000000,0.0000,0.000000,0.000000,0.000000,0.0000,0.000000,0.000000,0.000000,0.0000,0.000000,0.000000,0.000000,,,,,,,,,,,,
55895,816.7000,20.000956,15.780479,49.373277,816.7000,20.000092,15.779946,49.374380,816.6000,20.000632,15.779211,49.375029,816.6000,20.000416,15.779077,49.375232,0.000539967,0.000323821,0.000215979,0.00140166,0.000868863,0.000133292,0.1,0.1,0,0.00195547,0.000852722,0.000203085
3903,227.6000,20.000318,16.400275,50.000000,227.5000,20.000365,16.399178,50.000000,227.4000,20.000855,16.398399,50.000000,227.4000,20.000633,16.398240,50.000000,0.000315676,0.000268477,0.000221409,0.00203516,0.000938197,0.00015906,0.2,0.1,0,0,0,0
57998,802.9000,20.000155,14.687157,47.907561,802.8000,20.000279,14.686091,47.909069,802.7000,20.000825,14.685324,47.909564,802.7000,20.000615,14.685175,47.909581,0.000460054,0.000335245,0.000210662,0.00198189,0.000916393,0.000149366,0.2,0.1,0,0.00201995,0.000511626,1.68788e-05
9822,0.0000,0.000000,0.000000,0.000000,0.0000,0.000000,0.000000,0.000000,0.0000,0.000000,0.000000,0.000000,0.0000,0.000000,0.000000,0.000000,,,,,,,,,,,,
17466,0.0000,21.387289,12.523625,30.000000,0.0000,21.386417,12.522697,30.000000,0.0000,21.385982,12.522233,30.000000,0.0000,21.385764,12.522001,30.000000,0.00152523,0.000653678,0.000217904,0.00162416,0.000696307,0.000232149,0,0,0,0,0,0
28515,1073.6000,20.000606,13.029222,45.150746,1073.5000,20.000822,13.028143,45.145856,1073.5000,20.000422,13.027844,45.141603,1073.5000,20.000222,13.027694,45.141276,0.000383844,0.000600026,0.000200013,0.00152739,0.000448717,0.000149595,0.1,0,0,0.00946961,0.00458017,0.000326716
31767,0.0000,0.000000,0.000000,0.000000,0.0000,0.000000,0.000000,0.000000,0.0000,0.000000,0.000000,0.000000,0.0000,0.000000,0.000000,0.000000,,,,,,,,,,,,
17727,0.0000,0.000000,0.000000,0.000000,0.0000,0.000000,0.000000,0.000000,0.0000,0.000000,0.000000,0.000000,0.0000,0.000000,0.000000,0.000000,,,,,,,,,,,,
48351,198.3000,22.831642,10.000302,30.000000,198.5000,22.828972,10.000240,30.000000,198.6000,22.827637,10.000208,30.000000,198.7000,22.826522,10.000431,30.000000,0.00511945,0.0024498,0.00111483,0.000129165,0.000191665,0.000223134,0.4,0.2,0.1,0,0,0
57222,0.0000,0.000000,0.000000,0.000000,0.0000,0.000000,0.000000,0.000000,0.0000,0.000000,0.000000,0.000000,0.0000,0.000000,0.000000,0.000000,,,,,,,,,,,,
20692,0.0000,0.000000,0.000000,0.000000,0.0000,0.000000,0.000000,0.000000,0.0000,0.000000,0.000000,0.000000,0.0000,0.000000,0.000000,0.000000,,,,,,,,,,,,
32082,126.3000,22.427193,10.000053,30.000000,126.6000,22.423668,10.000345,30.000000,126.7000,22.422352,10.000252,30.000000,126.8000,22.421247,10.000444,30.000000,0.0059457,0.00242065,0.0011046,0.000390998,9.9027e-05,0.00019222,0.5,0.2,0.1,0,0,0
744,800.3000,22.865198,10.000380,30.000000,800.4000,22.863413,10.000089,30.000000,800.5000,22.862056,10.000187,30.000000,800.6000,22.860911,10.000480,30.000000,0.00428697,0.00250241,0.00114453,0.000100053,0.000391523,0.000293233,0.3,0.2,0.1,0,0,0
52585,50.5000,20.000406,18.749787,50.000000,50.4000,20.000477,18.748689,50.000000,50.4000,20.000050,18.748368,50.000000,50.3000,20.000760,18.747750,50.000000,0.000353652,0.000283158,0.000709218,0.0020362,0.000938206,0.000617553,0.2,0.1,0.1,0,0,0
31438,395.9000,20.000705,17.021412,50.000000,395.8000,20.000775,17.020327,50.000000,395.8000,20.000342,17.020015,50.000000,395.8000,20.000126,17.019860,50.000000,0.000578814,0.000649548,0.000216534,0.00155202,0.00046701,0.00015572,0.1,0,0,0,0,0
38957,836.9000,20.000900,12.693473,45.573533,836.9000,20.000110,12.692751,45.574640,836.8000,20.000680,12.691914,45.575373,836.8000,20.000482,12.691733,45.577197,0.000417607,0.000372745,0.000197612,0.00173988,0.00101814,0.000180644,0.1,0.1,0,0.00366434,0.0025574,0.00182463
794,0.0000,0.000000,0.000000,0.000000,0.0000,0.000000,0.000000,0.000000,0.0000,0.000000,0.000000,0.000000,0.0000,0.000000,0.000000,0.000000,,,,,,,,,,,,
45187,377.6000,20.000794,19.993234,50.000000,377.5000,20.000875,19.992299,50.000000,377.5000,20.000448,19.992059,50.000000,377.5000,20.000234,19.991940,50.000000,0.000559836,0.000641238,0.000213747,0.00129422,0.000359024,0.000119691,0.1,0,0,0,0,0
567,1015.0000,20.000862,15.987635,49.443494,1015.0000,20.000013,15.987144,49.444678,1014.9000,20.000569,15.986430,49.445074,1014.9000,20.000357,15.986307,49.445565,0.000505215,0.00034369,0.000212348,0.0013283,0.000837205,0.000122902,0.1,0.1,0,0.00207082,0.000887538,0.00049131
65455,1128.1000,20.258540,10.000028,30.000000,1128.3000,20.255712,10.000277,30.000000,1128.4000,20.254299,10.000402,30.000000,1128.4000,20.254096,10.000219,30.000000,0.00444373,0.00161642,0.000202842,0.000191039,5.79002e-05,0.000182321,0.3,0.1,0,0,0,0
63195,1034.8000,20.000176,15.980332,49.322734,1034.7000,20.000363,15.979374,49.324106,1034.6000,20.000958,15.978657,49.324633,1034.6000,20.000755,15.978537,49.325216,0.000579173,0.000391342,0.00020359,0.00179595,0.00083773,0.000120758,0.2,0.1,0,0.00248134,0.00110973,0.000582986
52436,0.0000,0.000000,0.000000,0.000000,0.0000,0.000000,0.000000,0.000000,0.0000,0.000000,0.000000,0.000000,0.0000,0.000000,0.000000,0.000000,,,,,,,,,,,,
63047,0.0000,0.000000,0.000000,0.000000,0.0000,0.000000,0.000000,0.000000,0.0000,0.000000,0.000000,0.000000,0.0000,0.000000,0.000000,0.000000,,,,,,,,,,,,
23463,784.9000,20.000430,15.660640,49.140395,784.8000,20.000581,15.659610,49.142224,784.8000,20.000162,15.659332,49.142701,784.7000,20.000940,15.658720,49.143016,0.000509961,0.000359567,0.000778507,0.00191985,0.000890622,0.000612574,0.2,0.1,0.1,0.00262106,0.000791428,0.000314763
61037,0.0000,21.773093,14.084309,30.000000,0.0000,21.772200,14.083526,30.000000,0.0000,21.771754,14.083134,30.000000,0.0000,21.771531,14.082938,30.000000,0.00156248,0.000669726,0.000223255,0.00137167,0.000588198,0.000196105,0,0,0,0,0,0
22122,0.0000,0.000000,0.000000,0.000000,0.0000,0.000000,0.000000,0.000000,0.0000,0.000000,0.000000,0.000000,0.0000,0.000000,0.000000,0.000000,,,,,,,,,,,,
14296,0.0000,0.000000,0.000000,0.000000,0.0000,0.000000,0.000000,0.000000,0.0000,0.000000,0.000000,0.000000,0.0000,0.000000,0.000000,0.000000,,,,,,,,,,,,
24135,0.0000,0.000000,0.000000,0.000000,0.0000,0.000000,0.000000,0.000000,0.0000,0.000000,0.000000,0.000000,0.0000,0.000000,0.000000,0.000000,,,,,,,,,,,,
49896,354.9000,20.000679,19.933270,50.000000,354.8000,20.000739,19.932369,50.000000,354.8000,20.000296,19.932147,50.000000,354.8000,20.000075,19.932036,50.000000,0.000604291,0.000663646,0.000221248,0.00123426,0.000333703,0.000111283,0.1,0,0,0,0,0
16816,0.0000,0.000000,0.000000,0.000000,0.0000,0.000000,0.000000,0.000000,0.0000,0.000000,0.000000,0.000000,0.0000,0.000000,0.000000,0.000000,,,,,,,,,,,,
20928,538.2000,22.919408,10.000060,30.000000,538.4000,22.916695,10.000168,30.000000,538.5000,22.915339,10.000221,30.000000,538.5000,22.915117,10.000006,30.000000,0.00429092,0.00157818,0.000221732,5.35919e-05,0.000161488,0.000214996,0.3,0.1,0,0,0,0
60231,0.0000,0.000000,0.000000,0.000000,0.0000,0.000000,0.000000,0.000000,0.0000,0.000000,0.000000,0.000000,0.0000,0.000000,0.000000,0.000000,,,,,,,,,,,,
11257,728.0000,20.000033,14.465122,48.010951,727.9000,20.000194,14.463941,48.005182,727.8000,20.000753,14.463114,48.006217,727.8000,20.000554,14.462936,48.006265,0.000520151,0.000359498,0.000199111,0.00218569,0.00100444,0.000177485,0.2,0.1,0,0.00468632,0.0010824,4.80079e-05
52346,1648.6000,20.000965,14.074946,46.186294,1648.6000,20.000221,14.074474,46.185848,1648.5000,20.000877,14.073753,46.188582,1648.5000,20.000691,14.073634,46.188470,0.000273263,0.000470703,0.000186075,0.00131181,0.000839261,0.000118228,0.1,0.1,0,0.00217659,0.00262224,0.000111952
31474,0.0000,0.000000,0.000000,0.000000,0.0000,0.000000,0.000000,0.000000,0.0000,0.000000,0.000000,0.000000,0.0000,0.000000,0.000000,0.000000,,,,,,,,,,,,
34264,0.0000,0.000000,0.000000,0.000000,0.0000,0.000000,0.000000,0.000000,0.0000,0.000000,0.000000,0.000000,0.0000,0.000000,0.000000,0.000000,,,,,,,,,,,,
30045,1047.7000,20.199184,10.000320,30.000000,1047.9000,20.196464,10.000417,30.000000,1048.0000,20.195104,10.000465,30.000000,1048.0000,20.194912,10.000246,30.000000,0.0042717,0.00155163,0.000191547,7.38208e-05,0.000170986,0.000219176,0.3,0.1,0,9.90852e-12,9.90852e-12,9.90852e-12
35793,0.0000,0.000000,0.000000,0.000000,0.0000,0.000000,0.000000,0.000000,0.0000,0.000000,0.000000,0.000000,0.0000,0.000000,0.000000,0.000000,,,,,,,,,,,,
40532,130.8000,20.000636,20.693685,50.000000,130.7000,20.000718,20.692736,50.000000,130.7000,20.000296,20.692488,50.000000,130.7000,20.000085,20.692365,50.000000,0.000550664,0.000632087,0.000210697,0.00132035,0.000370979,0.000123676,0.1,0,0,0,0,0
45391,0.0000,0.000000,0.000000,0.000000,0.0000,0.000000,0.000000,0.000000,0.0000,0.000000,0.000000,0.000000,0.0000,0.000000,0.000000,0.000000,,,,,,,,,,,,
4123,0.0000,0.000000,0.000000,0.000000,0.0000,0.000000,0.000000,0.000000,0.0000,0.000000,0.000000,0.000000,0.0000,0.000000,0.000000,0.000000,,,,,,,,,,,,
35454,615.2000,22.999222,10.344350,33.653698,615.1000,22.999278,10.343045,33.641052,615.0000,22.999764,10.342150,33.631674,615.0000,22.999549,10.341945,33.632611,0.000327185,0.000271119,0.000215363,0.00240578,0.00110074,0.000205283,0.2,0.1,0,0.0210866,0.00844115,0.000936964
1118,695.9000,22.242917,10.000367,30.000000,696.0000,22.241076,10.000068,30.000000,696.1000,22.239685,10.000158,30.000000,696.2000,22.238520,10.000441,30.000000,0.00439665,0.00255531,0.00116488,7.41667e-05,0.000373047,0.000283666,0.3,0.2,0.1,0,0,0
45198,0.0000,0.000000,0.000000,0.000000,0.0000,0.000000,0.000000,0.000000,0.0000,0.000000,0.000000,0.000000,0.0000,0.000000,0.000000,0.000000,,,,,,,,,,,,
64388,0.0000,0.000000,0.000000,0.000000,0.0000,0.000000,0.000000,0.000000,0.0000,0.000000,0.000000,0.000000,0.0000,0.000000,0.000000,0.000000,,,,,,,,,,,,
50264,0.0000,0.000000,0.000000,0.000000,0.0000,0.000000,0.000000,0.000000,0.0000,0.000000,0.000000,0.000000,0.0000,0.000000,0.000000,0.000000,,,,,,,,,,,,
64118,0.0000,0.000000,0.000000,0.000000,0.0000,0.000000,0.000000,0.000000,0.0000,0.000000,0.000000,0.000000,0.0000,0.000000,0.000000,0.000000,,,,,,,,,,,,
53298,467.9000,20.000670,16.698206,50.000000,467.8000,20.000733,16.697173,50.000000,467.8000,20.000292,16.696888,50.000000,467.8000,20.000071,16.696745,50.000000,0.00059881,0.000661613,0.000220546,0.00146117,0.000428196,0.000142763,0.1,0,0,0,0,0
49643,512.5000,20.000400,13.573191,46.230116,512.4000,20.000495,13.571997,46.230068,512.4000,20.000067,13.571635,46.229574,512.3000,20.000804,13.570983,46.230261,0.000404246,0.000309065,0.000737124,0.00220787,0.00101388,0.000652292,0.2,0.1,0.1,0.000144835,0.000193477,0.000687477
2637,0.0000,0.000000,0.000000,0.000000,0.0000,0.000000,0.000000,0.000000,0.0000,0.000000,0.000000,0.000000,0.0000,0.000000,0.000000,0.000000,,,,,,,,,,,,
37902,0.0000,0.000000,0.000000,0.000000,0.0000,0.000000,0.000000,0.000000,0.0000,0.000000,0.000000,0.000000,0.0000,0.000000,0.000000,0.000000,,,,,,,,,,,,
10110,0.0000,0.000000,0.000000,0.000000,0.0000,0.000000,0.000000,0.000000,0.0000,0.000000,0.000000,0.000000,0.0000,0.000000,0.000000,0.000000,,,,,,,,,,,,
34085,0.0000,0.000000,0.000000,0.000000,0.0000,0.000000,0.000000,0.000000,0.0000,0.000000,0.000000,0.000000,0.0000,0.000000,0.000000,0.000000,,,,,,,,,,,,
6963,126.9000,21.905908,10.000464,30.000000,127.1000,21.903271,10.000265,30.000000,127.2000,21.901953,10.000165,30.000000,127.3000,21.900844,10.000355,30.000000,0.00506419,0.00242777,0.00110947,0.000109806,8.93467e-05,0.000189144,0.4,0.2,0.1,0,0,0
24955,700.4000,20.000411,15.233478,48.985325,700.3000,20.000507,15.232414,48.986398,700.3000,20.000077,15.232116,48.986650,700.2000,20.000818,15.231498,48.986873,0.000406887,0.000310822,0.000740736,0.00197954,0.000915461,0.000617212,0.2,0.1,0.1,0.00154785,0.000474463,0.000222457
31754,936.0000,20.000714,14.406695,47.627202,935.9000,20.000908,14.405598,47.628907,935.9000,20.000514,14.405288,47.628927,935.9000,20.000318,14.405133,47.630051,0.000396469,0.000590208,0.000196738,0.0015623,0.000465097,0.000155073,0.1,0,0,0.00284931,0.00114396,0.00112379
22207,0.0000,0.000000,0.000000,0.000000,0.0000,0.000000,0.000000,0.000000,0.0000,0.000000,0.000000,0.000000,0.0000,0.000000,0.000000,0.000000,,,,,,,,,,,,
32076,847.5000,20.000683,14.355199,47.786923,847.4000,20.000762,14.354095,47.788147,847.4000,20.000325,14.353777,47.789036,847.4000,20.000107,14.353618,47.788966,0.000575937,0.000654548,0.000218209,0.00158077,0.000477068,0.000159062,0.1,0,0,0.0020431,0.000818813,7.03452e-05
47252,160.7000,20.000411,18.032160,50.000000,160.6000,20.000471,18.031107,50.000000,160.6000,20.000038,18.030809,50.000000,160.5000,20.000746,18.030203,50.000000,0.000334643,0.000275325,0.000707934,0.00195757,0.000904436,0.000606169,0.2,0.1,0.1,0,0,0
46123,1009.7000,20.000764,13.803705,46.716825,1009.6000,20.000912,13.802618,46.718787,1009.6000,20.000498,13.802312,46.718568,1009.6000,20.000292,13.802158,46.718460,0.000472034,0.000619877,0.000206621,0.00154717,0.000460307,0.000153446,0.1,0,0,0.00163406,0.000327,0.000108734
55298,0.0000,21.564002,13.306180,30.000000,0.0000,21.563132,13.305306,30.000000,0.0000,21.562696,13.304869,30.000000,0.0000,21.562479,13.304650,30.000000,0.00152286,0.000652729,0.000217582,0.00152936,0.000655684,0.000218608,0,0,0,0,0,0
25755,880.5000,20.000907,11.973671,36.562267,880.5000,20.000068,11.972975,36.521034,880.4000,20.000639,11.972148,36.504399,880.4000,20.000429,11.971974,36.501065,0.000477793,0.000361008,0.000209757,0.001697,0.001001,0.00017416,0.1,0.1,0,0.0612012,0.0199689,0.0033337
60175,557.7000,20.000396,14.014529,47.681060,557.6000,20.000500,14.013261,47.682462,557.6000,20.000082,14.012861,47.683456,557.5000,20.000811,14.012192,47.683898,0.000415082,0.000311843,0.000729322,0.00233621,0.00106853,0.000669139,0.2,0.1,0.1,0.00283832,0.00143638,0.000442057
1058,923.9000,20.000043,13.207204,46.220337,923.8000,20.000229,13.206020,46.222554,923.7000,20.000811,13.205188,46.223284,923.7000,20.000614,13.205012,46.224908,0.000570935,0.000384104,0.000197252,0.00219146,0.00100801,0.000175821,0.2,0.1,0,0.00457075,0.00235424,0.00162381
56743,778.0000,20.000040,13.512209,46.393026,777.9000,20.000144,13.511083,46.394906,777.8000,20.000679,13.510284,46.397158,777.8000,20.000463,13.510121,46.396971,0.000422705,0.000319062,0.000215719,0.00208818,0.000962474,0.000163838,0.2,0.1,0,0.00394459,0.00206516,0.000187545
45545,0.0000,20.827082,11.022574,30.000000,0.0000,20.826239,11.021471,30.000000,0.0000,20.825818,11.020919,30.000000,0.0000,20.825607,11.020643,30.000000,0.00147542,0.000632468,0.000210849,0.0019312,0.000828024,0.000276093,0,0,0,0,0,0
34459,114.3000,20.000050,19.618625,50.000000,114.2000,20.000119,19.617657,50.000000,114.1000,20.000616,19.616946,50.000000,114.1000,20.000402,19.616817,50.000000,0.000352066,0.000283033,0.00021422,0.00180785,0.00084002,0.000128183,0.2,0.1,0,0,0,0
49668,766.1000,20.000636,14.633529,48.101740,766.0000,20.000806,14.632355,48.103263,766.0000,20.000410,14.632004,48.104284,766.0000,20.000212,14.631829,48.104353,0.000424891,0.000594952,0.000198326,0.00169985,0.000526189,0.000175412,0.1,0,0,0.00261328,0.00109019,6.88947e-05
37722,1104.6000,20.756404,10.000220,30.000000,1104.8000,20.753664,10.000456,30.000000,1104.8000,20.753264,10.000086,30.000000,1104.9000,20.752094,10.000389,30.000000,0.00431031,0.00157023,0.00117002,0.000169218,6.70961e-05,0.000302831,0.3,0.1,0.1,0,0,0
54934,1957.8000,20.369817,10.000205,30.000000,1957.9000,20.368048,10.000101,30.000000,1958.0000,20.366656,10.000296,30.000000,1958.0000,20.366468,10.000147,30.000000,0.0033486,0.00158031,0.000188091,5.81982e-05,4.54057e-05,0.000149316,0.2,0.1,0,0,0,0
31421,0.0000,0.000000,0.000000,0.000000,0.0000,0.000000,0.000000,0.000000,0.0000,0.000000,0.000000,0.000000,0.0000,0.000000,0.000000,0.000000,,,,,,,,,,,,
35947,0.0000,0.000000,0.000000,0.000000,0.0000,0.000000,0.000000,0.000000,0.0000,0.000000,0.000000,0.000000,0.0000,0.000000,0.000000,0.000000,,,,,,,,,,,,
23281,374.7000,20.000041,13.570626,35.442541,374.6000,20.000139,13.569315,35.415724,374.5000,20.000653,13.568425,35.403903,374.5000,20.000445,13.568215,35.396331,0.000404151,0.00030634,0.000208416,0.00241163,0.00110089,0.000210603,0.2,0.1,0,0.0462093,0.0193929,0.00757196
10528,695.8000,20.000949,13.347303,46.398926,695.8000,20.000109,13.346597,46.391070,695.7000,20.000650,13.345773,46.391736,695.7000,20.000440,13.345597,46.391587,0.000509203,0.000330843,0.000210013,0.00170568,0.00100038,0.000176438,0.1,0.1,0,0.00733949,0.000517108,0.000149519
49259,593.7000,22.319161,10.000084,30.000000,593.9000,22.316399,10.000242,30.000000,594.0000,22.315018,10.000320,30.000000,594.0000,22.314791,10.000120,30.000000,0.00436961,0.00160804,0.000227156,3.58545e-05,0.000121896,0.000200532,0.3,0.1,0,0,0,0
12257,1014.7000,20.000144,12.921776,45.132577,1014.6000,20.000339,12.920660,45.128743,1014.5000,20.000941,12.919861,45.123465,1014.5000,20.000737,12.919702,45.124000,0.000593238,0.000398497,0.000204176,0.00207385,0.000957924,0.000158654,0.2,0.1,0,0.00857648,0.00474324,0.000534772
25449,187.6000,20.000586,17.363060,50.000000,187.5000,20.000629,17.361987,50.000000,187.5000,20.000186,17.361678,50.000000,187.4000,20.000892,17.361067,50.000000,0.000306037,0.000263505,0.0007059,0.00199365,0.000920062,0.000611638,0.2,0.1,0.1,0,0,0
63093,348.2000,20.000776,17.548951,50.000000,348.1000,20.000846,17.547924,50.000000,348.1000,20.000411,17.547641,50.000000,348.1000,20.000193,17.547500,50.000000,0.000583151,0.000653427,0.000217828,0.00145134,0.000424341,0.000141485,0.1,0,0,0,0,0
57193,0.0000,0.000000,0.000000,0.000000,0.0000,0.000000,0.000000,0.000000,0.0000,0.000000,0.000000,0.000000,0.0000,0.000000,0.000000,0.000000,,,,,,,,,,,,
30473,0.0000,0.000000,0.000000,0.000000,0.0000,0.000000,0.000000,0.000000,0.0000,0.000000,0.000000,0.000000,0.0000,0.000000,0.000000,0.000000,,,,,,,,,,,,
45988,166.5000,21.641070,10.000369,30.000000,166.7000,21.638429,10.000214,30.000000,166.8000,21.637109,10.000136,30.000000,166.9000,21.635996,10.000336,30.000000,0.0050748,0.00243381,0.0011133,3.36117e-05,0.000121811,0.000199844,0.4,0.2,0.1,0,0,0
23545,0.0000,0.000000,0.000000,0.000000,0.0000,0.000000,0.000000,0.000000,0.0000,0.000000,0.000000,0.000000,0.0000,0.000000,0.000000,0.000000,,,,,,,,,,,,
28007,0.0000,0.000000,0.000000,0.000000,0.0000,0.000000,0.000000,0.000000,0.0000,0.000000,0.000000,0.000000,0.0000,0.000000,0.000000,0.000000,,,,,,,,,,,,
53643,0.0000,0.000000,0.000000,0.000000,0.0000,0.000000,0.000000,0.000000,0.0000,0.000000,0.000000,0.000000,0.0000,0.000000,0.000000,0.000000,,,,,,,,,,,,
9445,54.2000,20.000419,14.974633,30.714267,54.1000,20.000489,14.973351,30.906743,54.1000,20.000066,14.972941,31.055004,54.0000,20.000771,14.972273,31.021271,0.000352634,0.000281968,0.000704926,0.00235915,0.00107733,0.000667131,0.2,0.1,0.1,0.307004,0.114528,0.0337332
46677,1493.3000,20.141874,10.000399,30.000000,1493.4000,20.140106,10.000201,30.000000,1493.5000,20.138720,10.000347,30.000000,1493.5000,20.138529,10.000174,30.000000,0.00334481,0.00157688,0.000191174,0.000224551,2.64592e-05,0.000172246,0.2,0.1,0,0,0,0
25303,0.0000,0.000000,0.000000,0.000000,0.0000,0.000000,0.000000,0.000000,0.0000,0.000000,0.000000,0.000000,0.0000,0.000000,0.000000,0.000000,,,,,,,,,,,,
32197,0.0000,0.000000,0.000000,0.000000,0.0000,0.000000,0.000000,0.000000,0.0000,0.000000,0.000000,0.000000,0.0000,0.000000,0.000000,0.000000,,,,,,,,,,,,
35079,323.4000,20.923984,10.000099,30.000000,323.6000,20.921294,10.000002,30.000000,323.8000,20.919028,10.000430,30.000000,323.8000,20.918816,10.000168,30.000000,0.00516771,0.00247823,0.000211385,6.92982e-05,0.000165445,0.000262492,0.4,0.2,0,0,0,0
12549,1027.7000,21.354194,10.000100,30.000000,1027.9000,21.351363,10.000331,30.000000,1028.0000,21.349947,10.000447,30.000000,1028.0000,21.349743,10.000259,30.000000,0.00445112,0.00162018,0.000204679,0.000158921,7.26709e-05,0.000188202,0.3,0.1,0,0,0,0
57744,42.3000,22.999210,11.458547,32.274805,42.2000,22.999228,11.457064,32.270038,42.1000,22.999681,11.456085,32.265268,42.1000,22.999464,11.455833,32.265268,0.000253426,0.000235328,0.000217385,0.00271368,0.0012313,0.000251962,0.2,0.1,0,0.00953737,0.00476997,7.10543e-15
41267,2087.2000,20.220690,10.000074,30.000000,2087.3000,20.218903,10.000002,30.000000,2087.4000,20.217495,10.000214,30.000000,2087.4000,20.217306,10.000072,30.000000,0.00338454,0.0015977,0.000189193,1.7614e-06,6.99229e-05,0.000141861,0.2,0.1,0,0,0,0
63616,0.0000,0.000000,0.000000,0.000000,0.0000,0.000000,0.000000,0.000000,0.0000,0.000000,0.000000,0.000000,0.0000,0.000000,0.000000,0.000000,,,,,,,,,,,,
49824,349.6000,22.999543,10.351310,33.730179,349.5000,22.999502,10.349970,33.717884,349.4000,22.999931,10.349062,33.709677,349.4000,22.999695,10.348846,33.705571,0.000152545,0.000193884,0.000235374,0.00246358,0.00112402,0.000216287,0.2,0.1,0,0.0246077,0.0123132,0.00410646
51492,0.0000,0.000000,0.000000,0.000000,0.0000,0.000000,0.000000,0.000000,0.0000,0.000000,0.000000,0.000000,0.0000,0.000000,0.000000,0.000000,,,,,,,,,,,,
31642,0.0000,0.000000,0.000000,0.000000,0.0000,0.000000,0.000000,0.000000,0.0000,0.000000,0.000000,0.000000,0.0000,0.000000,0.000000,0.000000,,,,,,,,,,,,
1050,890.0000,22.944947,10.000353,30.000000,890.1000,22.943171,10.000039,30.000000,890.2000,22.941818,10.000126,30.000000,890.3000,22.940675,10.000413,30.000000,0.00427192,0.00249658,0.00114287,6.02964e-05,0.000373816,0.000287094,0.3,0.2,0.1,0,0,0
41446,0.0000,0.000000,0.000000,0.000000,0.0000,0.000000,0.000000,0.000000,0.0000,0.000000,0.000000,0.000000,0.0000,0.000000,0.000000,0.000000,,,,,,,,,,,,
13569,0.0000,0.000000,0.000000,0.000000,0.0000,0.000000,0.000000,0.000000,0.0000,0.000000,0.000000,0.000000,0.0000,0.000000,0.000000,0.000000,,,,,,,,,,,,
41208,869.3000,20.000264,13.306263,46.530146,869.2000,20.000355,13.305082,46.520883,869.1000,20.000873,13.304256,46.521313,869.1000,20.000659,13.304077,46.521097,0.000395254,0.000304449,0.00021384,0.00218582,0.00100408,0.000178064,0.2,0.1,0,0.00904911,0.00021451,0.000216242
18027,405.3000,20.000200,13.406297,40.348726,405.2000,20.000286,13.405031,40.323768,405.1000,20.000799,13.404163,40.320493,405.1000,20.000586,13.403964,40.317688,0.000385466,0.000299124,0.000213079,0.00233272,0.00106704,0.000199251,0.2,0.1,0,0.0310374,0.00607943,0.00280524
65420,0.0000,0.000000,0.000000,0.000000,0.0000,0.000000,0.000000,0.000000,0.0000,0.000000,0.000000,0.000000,0.0000,0.000000,0.000000,0.000000,,,,,,,,,,,,
49226,924.3000,20.000002,13.577381,46.695200,924.2000,20.000185,13.576215,46.697024,924.1000,20.000761,13.575394,46.699121,924.1000,20.000564,13.575222,46.698986,0.000562412,0.000379247,0.000196254,0.00215907,0.000993615,0.000172178,0.2,0.1,0,0.00378606,0.0019616,0.000135347
58923,0.0000,0.000000,0.000000,0.000000,0.0000,0.000000,0.000000,0.000000,0.0000,0.000000,0.000000,0.000000,0.0000,0.000000,0.000000,0.000000,,,,,,,,,,,,
37145,857.9000,20.959050,10.000193,30.000000,858.1000,20.956317,10.000352,30.000000,858.2000,20.954950,10.000432,30.000000,858.2000,20.954735,10.000231,30.000000,0.00431523,0.00158174,0.00021491,3.85466e-05,0.00012136,0.0002011,0.3,0.1,0,0,0,0
37062,383.8000,20.000741,17.390843,50.000000,383.7000,20.000795,17.389814,50.000000,383.7000,20.000354,17.389529,50.000000,383.7000,20.000133,17.389387,50.000000,0.000607466,0.000661898,0.000220645,0.00145656,0.000427221,0.000142434,0.1,0,0,0,0,0
11123,0.0000,0.000000,0.000000,0.000000,0.0000,0.000000,0.000000,0.000000,0.0000,0.000000,0.000000,0.000000,0.0000,0.000000,0.000000,0.000000,,,,,,,,,,,,
27747,0.0000,0.000000,0.000000,0.000000,0.0000,0.000000,0.000000,0.000000,0.0000,0.000000,0.000000,0.000000,0.0000,0.000000,0.000000,0.000000,,,,,,,,,,,,
45519,0.0000,0.000000,0.000000,0.000000,0.0000,0.000000,0.000000,0.000000,0.0000,0.000000,0.000000,0.000000,0.0000,0.000000,0.000000,0.000000,,,,,,,,,,,,
13976,1848.7000,22.024433,10.000290,30.000000,1848.8000,22.022635,10.000204,30.000000,1848.9000,22.021241,10.000406,30.000000,1848.9000,22.021038,10.000262,30.000000,0.00339438,0.00159627,0.000202153,2.83474e-05,5.75146e-05,0.000143823,0.2,0.1,0,0,0,0
49055,442.3000,20.000589,12.192293,40.413672,442.2000,20.000702,12.190897,40.408903,442.2000,20.000287,12.190436,40.405215,442.2000,20.000079,12.190205,40.403371,0.000510284,0.000622966,0.000207665,0.00208808,0.000692203,0.000230764,0.1,0,0,0.0103006,0.00553166,0.00184405
63305,470.3000,20.000896,19.172687,50.000000,470.3000,20.000015,19.172228,50.000000,470.2000,20.000523,19.171541,50.000000,470.2000,20.000303,19.171426,50.000000,0.00059273,0.000288069,0.000220233,0.00126113,0.00080206,0.000114848,0.1,0.1,0,0,0,0
35582,158.9000,20.000022,15.980614,50.000000,158.8000,20.000071,15.979452,50.000000,158.7000,20.000559,15.978640,50.000000,158.7000,20.000339,15.978465,50.000000,0.000316724,0.000268175,0.000219724,0.0021494,0.000987242,0.000175429,0.2,0.1,0,0,0,0
52701,0.0000,0.000000,0.000000,0.000000,0.0000,0.000000,0.000000,0.000000,0.0000,0.000000,0.000000,0.000000,0.0000,0.000000,0.000000,0.000000,,,,,,,,,,,,
35769,1152.6000,20.000543,12.641529,45.545836,1152.5000,20.000673,12.640432,45.548025,1152.5000,20.000255,12.640122,45.549553,1152.5000,20.000046,12.639967,45.549269,0.000497236,0.000627551,0.000209184,0.00156202,0.000464953,0.00015501,0.1,0,0,0.00343274,0.00124433,0.000284628
31212,222.4000,22.554480,10.000406,30.000000,222.6000,22.551817,10.000297,30.000000,222.7000,22.550486,10.000242,30.000000,222.8000,22.549371,10.000454,30.000000,0.00510956,0.00244653,0.00111488,4.75106e-05,0.000156482,0.000211281,0.4,0.2,0.1,0,0,0
64596,281.6000,20.000779,17.534157,50.000000,281.5000,20.000874,17.533063,50.000000,281.5000,20.000457,17.532746,50.000000,281.5000,20.000249,17.532588,50.000000,0.000530347,0.000625021,0.000208341,0.00156874,0.000474804,0.000158288,0.1,0,0,0,0,0
62484,885.3000,20.000515,12.846818,45.216235,885.2000,20.000665,12.845675,45.218521,885.2000,20.000244,12.845343,45.217836,885.2000,20.000033,12.845176,45.219747,0.000481973,0.000631521,0.000210524,0.00164131,0.000499092,0.000166402,0.1,0,0,0.00351232,0.00122667,0.00191122
22356,303.2000,20.000062,17.404752,50.000000,303.1000,20.000144,17.403686,50.000000,303.0000,20.000649,17.402923,50.000000,303.0000,20.000437,17.402771,50.000000,0.000374499,0.000292951,0.000211881,0.00198028,0.000914764,0.000151425,0.2,0.1,0,1.42109e-14,1.42109e-14,2.13163e-14
34416,0.0000,0.000000,0.000000,0.000000,0.0000,0.000000,0.000000,0.000000,0.0000,0.000000,0.000000,0.000000,0.0000,0.000000,0.000000,0.000000,,,,,,,,,,,,
55037,0.0000,0.000000,0.000000,0.000000,0.0000,0.000000,0.000000,0.000000,0.0000,0.000000,0.000000,0.000000,0.0000,0.000000,0.000000,0.000000,,,,,,,,,,,,
19694,206.3000,20.000361,15.617570,50.000000,206.2000,20.000410,15.616411,50.000000,206.1000,20.000897,15.615601,50.000000,206.1000,20.000679,15.615426,50.000000,0.00031815,0.000268424,0.000218765,0.00214341,0.000984481,0.000174732,0.2,0.1,0,0,0,0
59203,788.8000,20.000494,12.415900,44.052815,788.7000,20.000589,12.414701,44.045335,788.7000,20.000156,12.414336,44.040752,788.6000,20.000899,12.413684,44.039436,0.000405227,0.000310576,0.000742896,0.00221644,0.00101731,0.000652931,0.2,0.1,0.1,0.0133789,0.00589895,0.00131623
3189,0.0000,0.000000,0.000000,0.000000,0.0000,0.000000,0.000000,0.000000,0.0000,0.000000,0.000000,0.000000,0.0000,0.000000,0.000000,0.000000,,,,,,,,,,,,
55708,2159.2000,20.806661,10.000064,30.000000,2159.3000,20.804866,10.000003,30.000000,2159.4000,20.803460,10.000219,30.000000,2159.4000,20.803266,10.000080,30.000000,0.00339542,0.00160064,0.000194102,1.57911e-05,7.72537e-05,0.000138807,0.2,0.1,0,0,0,0
38040,368.4000,20.000520,16.399981,50.000000,368.3000,20.000579,16.398915,50.000000,368.3000,20.000138,16.398613,50.000000,368.2000,20.000858,16.398000,50.000000,0.000337551,0.000278722,0.000719643,0.00198156,0.000915621,0.000613608,0.2,0.1,0.1,0,0,0
61432,0.0000,0.000000,0.000000,0.000000,0.0000,0.000000,0.000000,0.000000,0.0000,0.000000,0.000000,0.000000,0.0000,0.000000,0.000000,0.000000,,,,,,,,,,,,
37448,0.0000,0.000000,0.000000,0.000000,0.0000,0.000000,0.000000,0.000000,0.0000,0.000000,0.000000,0.000000,0.0000,0.000000,0.000000,0.000000,,,,,,,,,,,,
28680,0.0000,0.000000,0.000000,0.000000,0.0000,0.000000,0.000000,0.000000,0.0000,0.000000,0.000000,0.000000,0.0000,0.000000,0.000000,0.000000,,,,,,,,,,,,
35528,0.0000,0.000000,0.000000,0.000000,0.0000,0.000000,0.000000,0.000000,0.0000,0.000000,0.000000,0.000000,0.0000,0.000000,0.000000,0.000000,,,,,,,,,,,,
53661,0.0000,0.000000,0.000000,0.000000,0.0000,0.000000,0.000000,0.000000,0.0000,0.000000,0.000000,0.000000,0.0000,0.000000,0.000000,0.000000,,,,,,,,,,,,
54476,427.9000,20.239410,10.000252,30.000000,428.1000,20.236660,10.000243,30.000000,428.2000,20.235285,10.000237,30.000000,428.3000,20.234129,10.000472,30.000000,0.00528107,0.00253113,0.00115607,0.000219599,0.000229381,0.000234541,0.4,0.2,0.1,0,0,0
45766,0.0000,0.000000,0.000000,0.000000,0.0000,0.000000,0.000000,0.000000,0.0000,0.000000,0.000000,0.000000,0.0000,0.000000,0.000000,0.000000,,,,,,,,,,,,
33417,796.6000,22.253003,10.000324,30.000000,796.8000,22.250308,10.000358,30.000000,796.9000,22.248961,10.000374,30.000000,796.9000,22.248757,10.000139,30.000000,0.00424679,0.00155176,0.000204163,0.000184808,0.0002185,0.000235139,0.3,0.1,0,0,0,0
63988,0.0000,0.000000,0.000000,0.000000,0.0000,0.000000,0.000000,0.000000,0.0000,0.000000,0.000000,0.000000,0.0000,0.000000,0.000000,0.000000,,,,,,,,,,,,
31270,0.0000,0.000000,0.000000,0.000000,0.0000,0.000000,0.000000,0.000000,0.0000,0.000000,0.000000,0.000000,0.0000,0.000000,0.000000,0.000000,,,,,,,,,,,,
57931,335.4000,20.000054,17.668195,50.000000,335.3000,20.000135,17.667170,50.000000,335.2000,20.000645,17.666426,50.000000,335.2000,20.000431,17.666285,50.000000,0.000376593,0.000295457,0.000214419,0.00190984,0.000884767,0.000140634,0.2,0.1,0,0,0,0
8903,0.0000,0.000000,0.000000,0.000000,0.0000,0.000000,0.000000,0.000000,0.0000,0.000000,0.000000,0.000000,0.0000,0.000000,0.000000,0.000000,,,,,,,,,,,,
34799,932.8000,21.084157,10.000473,30.000000,932.9000,21.082328,10.000223,30.000000,933.0000,21.080932,10.000340,30.000000,933.0000,21.080715,10.000156,30.000000,0.00344159,0.00161266,0.000216757,0.000316204,6.67776e-05,0.000183258,0.2,0.1,0,0,0,1.84386e-12
17196,443.2000,20.000463,16.636260,50.000000,443.1000,20.000523,16.635215,50.000000,443.1000,20.000081,16.634923,50.000000,443.0000,20.000805,16.634315,50.000000,0.000341696,0.00028138,0.000723536,0.00194451,0.000899454,0.000607418,0.2,0.1,0.1,1.42109e-14,1.42109e-14,1.42109e-14
23022,557.7000,20.000333,17.393914,50.000000,557.6000,20.000418,17.392931,50.000000,557.5000,20.000940,17.392209,50.000000,557.5000,20.000721,17.392078,50.000000,0.000388008,0.000302946,0.000218336,0.00183546,0.000852797,0.000130438,0.2,0.1,0,0,0,0
41882,0.0000,0.000000,0.000000,0.000000,0.0000,0.000000,0.000000,0.000000,0.0000,0.000000,0.000000,0.000000,0.0000,0.000000,0.000000,0.000000,,,,,,,,,,,,
36111,1162.6000,20.000421,16.139440,49.520447,1162.5000,20.000614,16.138508,49.521632,1162.5000,20.000212,16.138278,49.522383,1162.5000,20.000012,16.138163,49.522645,0.000409204,0.00060284,0.000200972,0.00127673,0.000344345,0.000114815,0.1,0,0,0.00219769,0.00101253,0.000261374
59275,0.0000,22.551994,13.509772,30.000000,0.0000,22.551080,13.508977,30.000000,0.0000,22.550623,13.508580,30.000000,0.0000,22.550394,13.508381,30.000000,0.00159966,0.000685741,0.00022858,0.00139129,0.000596547,0.000198881,0,0,0,0,0,0
46767,11.8000,22.999857,11.456550,30.687646,11.7000,22.999859,11.455119,30.682017,11.7000,22.999418,11.454640,30.682017,11.7000,22.999198,11.454401,30.682017,0.000659091,0.000661257,0.000220428,0.00214867,0.000717566,0.000239233,0.1,0,0,0.00562878,3.55271e-14,1.42109e-14
37971,0.0000,0.000000,0.000000,0.000000,0.0000,0.000000,0.000000,0.000000,0.0000,0.000000,0.000000,0.000000,0.0000,0.000000,0.000000,0.000000,,,,,,,,,,,,
2173,977.7000,20.000543,14.773922,48.198287,977.6000,20.000731,14.772823,48.199703,977.6000,20.000340,14.772510,48.200671,977.6000,20.000144,14.772354,48.200732,0.000399548,0.000587655,0.000195881,0.00156753,0.000468449,0.000156177,0.1,0,0,0.00244494,0.00102819,6.035e-05
35002,823.2000,20.000915,14.897690,48.484694,823.2000,20.000119,14.897058,48.485949,823.1000,20.000688,14.896269,48.487193,823.1000,20.000489,14.896111,48.487331,0.000425445,0.000370034,0.000198965,0.00157911,0.000947262,0.000158077,0.1,0.1,0,0.00263631,0.00138215,0.000137787
44458,1344.9000,20.000561,12.233468,41.709059,1344.8000,20.000813,12.232403,41.693827,1344.8000,20.000426,12.232114,41.679045,1344.8000,20.000232,12.231969,41.674405,0.000328988,0.000580553,0.000193511,0.00149862,0.000433397,0.000144474,0.1,0,0,0.0346536,0.0194215,0.00464
63047,0.0000,0.000000,0.000000,0.000000,0.0000,0.000000,0.000000,0.000000,0.0000,0.000000,0.000000,0.000000,0.0000,0.000000,0.000000,0.000000,,,,,,,,,,,,
30697,0.0000,0.000000,0.000000,0.000000,0.0000,0.000000,0.000000,0.000000,0.0000,0.000000,0.000000,0.000000,0.0000,0.000000,0.000000,0.000000,,,,,,,,,,,,
26530,0.0000,0.000000,0.000000,0.000000,0.0000,0.000000,0.000000,0.000000,0.0000,0.000000,0.000000,0.000000,0.0000,0.000000,0.000000,0.000000,,,,,,,,,,,,
52825,1224.4000,22.999699,10.196008,32.322618,1224.3000,22.999826,10.194840,32.307246,1224.3000,22.999409,10.194500,32.307246,1224.3000,22.999201,10.194330,32.302784,0.000498394,0.000625153,0.000208403,0.00167816,0.000510094,0.000170088,0.1,0,0,0.0198338,0.00446215,0.00446215
14429,898.8000,20.000292,11.954194,35.892375,898.7000,20.000412,11.953014,35.862134,898.6000,20.000958,11.952188,35.843000,898.6000,20.000745,11.952011,35.820997,0.000452651,0.000332828,0.000213161,0.00218317,0.00100336,0.000176793,0.2,0.1,0,0.071378,0.0411367,0.0220024
39462,0.0000,0.000000,0.000000,0.000000,0.0000,0.000000,0.000000,0.000000,0.0000,0.000000,0.000000,0.000000,0.0000,0.000000,0.000000,0.000000,,,,,,,,,,,,
18698,501.8000,20.000331,14.207308,46.966994,501.7000,20.000428,14.206124,46.967186,501.7000,20.000000,14.205766,46.966958,501.6000,20.000738,14.205117,46.967500,0.000406206,0.000309958,0.000737462,0.00219078,0.00100623,0.000648935,0.2,0.1,0.1,0.00050641,0.000313825,0.000542025
11405,0.0000,0.000000,0.000000,0.000000,0.0000,0.000000,0.000000,0.000000,0.0000,0.000000,0.000000,0.000000,0.0000,0.000000,0.000000,0.000000,,,,,,,,,,,,
24410,0.0000,0.000000,0.000000,0.000000,0.0000,0.000000,0.000000,0.000000,0.0000,0.000000,0.000000,0.000000,0.0000,0.000000,0.000000,0.000000,,,,,,,,,,,,
49026,102.7000,20.000423,18.297085,50.000000,102.6000,20.000485,18.296034,50.000000,102.6000,20.000056,18.295737,50.000000,102.5000,20.000762,18.295132,50.000000,0.000339347,0.000276949,0.000706334,0.00195292,0.000902332,0.000605123,0.2,0.1,0.1,0,0,0
46276,0.0000,0.000000,0.000000,0.000000,0.0000,0.000000,0.000000,0.000000,0.0000,0.000000,0.000000,0.000000,0.0000,0.000000,0.000000,0.000000,,,,,,,,,,,,
44586,748.9000,20.000190,15.890658,49.902304,748.8000,20.000355,15.889585,49.903174,748.7000,20.000919,15.888813,49.903472,748.7000,20.000719,15.888663,49.903780,0.000528994,0.000364453,0.00019997,0.0019957,0.000922821,0.000150257,0.2,0.1,0,0.00147649,0.000606599,0.000308054
26343,695.8000,20.000484,15.459450,49.302718,695.7000,20.000580,15.458389,49.299281,695.7000,20.000149,15.458093,49.299942,695.6000,20.000891,15.457476,49.300085,0.00040693,0.000310994,0.000741062,0.00197355,0.000912917,0.000616858,0.2,0.1,0.1,0.00263302,0.000804062,0.00014298
50151,302.1000,20.000204,16.914475,50.000000,302.0000,20.000277,16.913400,50.000000,301.9000,20.000781,16.912632,50.000000,301.9000,20.000565,16.912478,50.000000,0.000361623,0.000288542,0.000215681,0.00199708,0.000922076,0.000153438,0.2,0.1,0,0,1.90425e-12,0
64409,658.8000,20.000528,14.722488,48.403599,658.7000,20.000678,14.721316,48.405571,658.7000,20.000272,14.720967,48.405680,658.7000,20.000070,14.720793,48.405734,0.000458765,0.000607909,0.000202657,0.00169511,0.000523551,0.00017455,0.1,0,0,0.00213486,0.000163358,5.41116e-05
30885,518.5000,20.000403,12.833681,45.303489,518.4000,20.000488,12.832450,45.303038,518.4000,20.000057,12.832071,45.302198,518.3000,20.000788,12.831409,45.303011,0.000385257,0.000300316,0.000731232,0.00227201,0.00104131,0.000662014,0.2,0.1,0.1,0.000478002,2.71186e-05,0.000813177
42855,0.0000,0.000000,0.000000,0.000000,0.0000,0.000000,0.000000,0.000000,0.0000,0.000000,0.000000,0.000000,0.0000,0.000000,0.000000,0.000000,,,,,,,,,,,,
36531,407.1000,20.000406,18.587321,50.000000,407.0000,20.000484,18.586331,50.000000,407.0000,20.000052,18.586066,50.000000,406.9000,20.000778,18.585473,50.000000,0.000371872,0.000293838,0.000725832,0.00184815,0.00085801,0.000593003,0.2,0.1,0.1,0,2.84217e-14,2.84217e-14
45045,430.3000,20.000039,15.798736,50.000000,430.2000,20.000127,15.797614,50.000000,430.1000,20.000637,15.796820,50.000000,430.1000,20.000426,15.796655,50.000000,0.000387009,0.000298945,0.000211205,0.0020812,0.000958526,0.000164692,0.2,0.1,0,0,0,0
47678,577.2000,20.517069,10.000347,30.000000,577.4000,20.514394,10.000237,30.000000,577.5000,20.513057,10.000183,30.000000,577.6000,20.511925,10.000393,30.000000,0.00514359,0.00246915,0.00113191,4.62772e-05,0.000155674,0.000210592,0.4,0.2,0.1,0,0,0
52347,851.1000,20.000275,13.141515,46.322921,851.0000,20.000447,13.140362,46.325015,851.0000,20.000050,13.140025,46.324724,850.9000,20.000818,13.139377,46.325539,0.000542338,0.000370438,0.000767929,0.00213739,0.000984791,0.000648357,0.2,0.1,0.1,0.00261774,0.00052415,0.000814819
46167,0.0000,0.000000,0.000000,0.000000,0.0000,0.000000,0.000000,0.000000,0.0000,0.000000,0.000000,0.000000,0.0000,0.000000,0.000000,0.000000,,,,,,,,,,,,
64851,0.0000,21.051847,13.991624,30.000000,0.0000,21.050971,13.990809,30.000000,0.0000,21.050533,13.990401,30.000000,0.0000,21.050313,13.990198,30.000000,0.00153315,0.000657256,0.000219108,0.00142627,0.000611641,0.000203926,0,0,0,0,0,0
51966,789.5000,20.000343,17.407832,50.000000,789.4000,20.000510,17.406863,50.000000,789.4000,20.000109,17.406612,50.000000,789.3000,20.000877,17.406020,50.000000,0.000533987,0.00036708,0.000768167,0.00181196,0.000843429,0.000592387,0.2,0.1,0.1,0,0,0
43090,452.6000,20.000016,16.732156,50.000000,452.5000,20.000115,16.731079,50.000000,452.4000,20.000639,16.730308,50.000000,452.4000,20.000427,16.730155,50.000000,0.000411235,0.000311684,0.000212534,0.00200124,0.000924361,0.000153341,0.2,0.1,0,0,0,0
38321,0.0000,0.000000,0.000000,0.000000,0.0000,0.000000,0.000000,0.000000,0.0000,0.000000,0.000000,0.000000,0.0000,0.000000,0.000000,0.000000,,,,,,,,,,,,
2663,0.0000,0.000000,0.000000,0.000000,0.0000,0.000000,0.000000,0.000000,0.0000,0.000000,0.000000,0.000000,0.0000,0.000000,0.000000,0.000000,,,,,,,,,,,,
24944,696.0000,20.000651,16.928400,50.000000,695.9000,20.000756,16.927405,50.000000,695.9000,20.000324,16.927139,50.000000,695.9000,20.000108,16.927006,50.000000,0.000543079,0.000647317,0.000215766,0.00139364,0.000399172,0.000133063,0.1,0,0,2.13163e-14,0,0
61361,489.7000,20.000444,14.012255,46.688933,489.6000,20.000539,14.011035,46.688718,489.6000,20.000115,14.010660,46.688254,489.5000,20.000845,14.010002,46.688735,0.000401584,0.000306683,0.00073065,0.00225341,0.0010332,0.000658294,0.2,0.1,0.1,0.000198777,1.64359e-05,0.000480933
6442,785.2000,20.000615,15.948675,50.000000,785.1000,20.000747,15.947622,50.000000,785.1000,20.000337,15.947331,50.000000,785.1000,20.000132,15.947185,50.000000,0.000483303,0.000615074,0.000205036,0.00148957,0.000436595,0.000145574,0.1,0,0,0,0,0
21005,0.0000,0.000000,0.000000,0.000000,0.0000,0.000000,0.000000,0.000000,0.0000,0.000000,0.000000,0.000000,0.0000,0.000000,0.000000,0.000000,,,,,,,,,,,,
22303,0.0000,0.000000,0.000000,0.000000,0.0000,0.000000,0.000000,0.000000,0.0000,0.000000,0.000000,0.000000,0.0000,0.000000,0.000000,0.000000,,,,,,,,,,,,
43718,0.0000,0.000000,0.000000,0.000000,0.0000,0.000000,0.000000,0.000000,0.0000,0.000000,0.000000,0.000000,0.0000,0.000000,0.000000,0.000000,,,,,,,,,,,,
55695,0.0000,0.000000,0.000000,0.000000,0.0000,0.000000,0.000000,0.000000,0.0000,0.000000,0.000000,0.000000,0.0000,0.000000,0.000000,0.000000,,,,,,,,,,,,
40692,0.0000,0.000000,0.000000,0.000000,0.0000,0.000000,0.000000,0.000000,0.0000,0.000000,0.000000,0.000000,0.0000,0.000000,0.000000,0.000000,,,,,,,,,,,,
14547,0.0000,0.000000,0.000000,0.000000,0.0000,0.000000,0.000000,0.000000,0.0000,0.000000,0.000000,0.000000,0.0000,0.000000,0.000000,0.000000,,,,,,,,,,,,
59052,939.7000,20.000346,14.804269,47.898343,939.6000,20.000484,14.803228,47.895131,939.6000,20.000065,14.802943,47.896151,939.5000,20.000831,14.802330,47.896617,0.0004855,0.000347529,0.000766501,0.00193828,0.000897972,0.000612933,0.2,0.1,0.1,0.00172676,0.00148536,0.000465746
26288,0.0000,0.000000,0.000000,0.000000,0.0000,0.000000,0.000000,0.000000,0.0000,0.000000,0.000000,0.000000,0.0000,0.000000,0.000000,0.000000,,,,,,,,,,,,
5641,703.4000,20.000450,17.301572,50.000000,703.3000,20.000598,17.300579,50.000000,703.3000,20.000191,17.300316,50.000000,703.2000,20.000949,17.299717,50.000000,0.000499015,0.000351041,0.000757967,0.00185528,0.000862088,0.000599038,0.2,0.1,0.1,0,0,0
40586,0.0000,0.000000,0.000000,0.000000,0.0000,0.000000,0.000000,0.000000,0.0000,0.000000,0.000000,0.000000,0.0000,0.000000,0.000000,0.000000,,,,,,,,,,,,
62397,0.0000,0.000000,0.000000,0.000000,0.0000,0.000000,0.000000,0.000000,0.0000,0.000000,0.000000,0.000000,0.0000,0.000000,0.000000,0.000000,,,,,,,,,,,,
62395,434.9000,20.000047,12.945518,41.431363,434.8000,20.000096,12.944264,41.426011,434.7000,20.000589,12.943404,41.424447,434.7000,20.000367,12.943207,41.422547,0.000320292,0.000270963,0.000222208,0.0023108,0.00105737,0.000197038,0.2,0.1,0,0.00881567,0.00346413,0.00189941
31654,1059.2000,22.999544,10.331202,33.694060,1059.1000,22.999596,10.330055,33.684211,1059.1000,22.999144,10.329724,33.678776,1059.0000,22.999875,10.329072,33.675353,0.000330811,0.000278438,0.000731147,0.00213019,0.000982603,0.000651672,0.2,0.1,0.1,0.0187073,0.00885765,0.00342351
1848,0.0000,0.000000,0.000000,0.000000,0.0000,0.000000,0.000000,0.000000,0.0000,0.000000,0.000000,0.000000,0.0000,0.000000,0.000000,0.000000,,,,,,,,,,,,
15516,461.0000,20.000928,15.610203,49.353110,461.0000,20.000074,15.609540,49.354267,460.9000,20.000595,15.608742,49.354637,460.9000,20.000382,15.608576,49.354926,0.00054581,0.00030814,0.000213564,0.00162653,0.000963702,0.000165839,0.1,0.1,0,0.00181579,0.000659322,0.00028868
36693,0.0000,0.000000,0.000000,0.000000,0.0000,0.000000,0.000000,0.000000,0.0000,0.000000,0.000000,0.000000,0.0000,0.000000,0.000000,0.000000,,,,,,,,,,,,
40823,717.4000,22.999934,10.078908,30.964782,717.3000,22.999946,10.077643,30.947867,717.3000,22.999497,10.077251,30.942501,717.3000,22.999273,10.077056,30.942501,0.000661674,0.000673824,0.000224626,0.00185208,0.000587066,0.000195721,0.1,0,0,0.022281,0.00536582,1.68043e-12
46142,0.0000,0.000000,0.000000,0.000000,0.0000,0.000000,0.000000,0.000000,0.0000,0.000000,0.000000,0.000000,0.0000,0.000000,0.000000,0.000000,,,,,,,,,,,,
33277,0.0000,0.000000,0.000000,0.000000,0.0000,0.000000,0.000000,0.000000,0.0000,0.000000,0.000000,0.000000,0.0000,0.000000,0.000000,0.000000,,,,,,,,,,,,
49533,0.0000,0.000000,0.000000,0.000000,0.0000,0.000000,0.000000,0.000000,0.0000,0.000000,0.000000,0.000000,0.0000,0.000000,0.000000,0.000000,,,,,,,,,,,,
39728,958.7000,20.000942,12.114619,39.937716,958.7000,20.000115,12.113936,39.905844,958.6000,20.000707,12.113112,39.895567,958.6000,20.000500,12.112941,39.893857,0.000442225,0.000384741,0.000206787,0.00167808,0.000994338,0.000171055,0.1,0.1,0,0.0438591,0.011987,0.00171045
49324,1241.4000,20.000015,12.412709,43.969665,1241.3000,20.000214,12.411544,43.954463,1241.2000,20.000803,12.410721,43.951544,1241.2000,20.000608,12.410550,43.950947,0.000592777,0.00039393,0.00019517,0.0021585,0.000993848,0.000171119,0.2,0.1,0,0.0187183,0.00351613,0.00059707
1851,610.2000,20.570200,10.000244,30.000000,610.4000,20.567428,10.000319,30.000000,610.5000,20.566042,10.000356,30.000000,610.5000,20.565823,10.000136,30.000000,0.00437675,0.00160475,0.000218745,0.000108161,0.00018294,0.000220174,0.3,0.1,0,0,0,0
11041,0.0000,0.000000,0.000000,0.000000,0.0000,0.000000,0.000000,0.000000,0.0000,0.000000,0.000000,0.000000,0.0000,0.000000,0.000000,0.000000,,,,,,,,,,,,
20465,418.3000,20.000241,12.993679,40.079590,418.2000,20.000328,12.992371,40.072287,418.1000,20.000842,12.991482,40.069910,418.1000,20.000628,12.991272,40.067436,0.000387314,0.000300495,0.000213825,0.00240693,0.00109877,0.000209981,0.2,0.1,0,0.0121536,0.00485066,0.0024736
28727,899.1000,20.000927,12.425084,44.238760,899.1000,20.000135,12.424358,44.233550,899.0000,20.000715,12.423512,44.230940,899.0000,20.000517,12.423330,44.227192,0.000410442,0.000382182,0.000198231,0.00175376,0.00102767,0.00018168,0.1,0.1,0,0.0115683,0.00635833,0.00374766
64408,335.8000,20.000212,17.008748,50.000000,335.7000,20.000268,17.007676,50.000000,335.6000,20.000765,17.006909,50.000000,335.6000,20.000544,17.006756,50.000000,0.000332,0.000276147,0.000220723,0.00199257,0.000920223,0.000153042,0.2,0.1,0,0,0,0
33662,0.0000,21.701814,13.319799,30.000000,0.0000,21.700932,13.318951,30.000000,0.0000,21.700491,13.318526,30.000000,0.0000,21.700270,13.318314,30.000000,0.00154312,0.000661427,0.000220488,0.00148495,0.000636801,0.000212286,0,0,0,0,0,0
20084,0.0000,0.000000,0.000000,0.000000,0.0000,0.000000,0.000000,0.000000,0.0000,0.000000,0.000000,0.000000,0.0000,0.000000,0.000000,0.000000,,,,,,,,,,,,
29177,0.0000,0.000000,0.000000,0.000000,0.0000,0.000000,0.000000,0.000000,0.0000,0.000000,0.000000,0.000000,0.0000,0.000000,0.000000,0.000000,,,,,,,,,,,,
11345,456.3000,20.000033,12.481172,42.237239,456.2000,20.000126,12.479869,42.218338,456.1000,20.000642,12.478981,42.213878,456.1000,20.000430,12.478773,42.212600,0.000396304,0.000304017,0.00021236,0.00239945,0.00109645,0.000208176,0.2,0.1,0,0.024639,0.00573822,0.00127816
3896,0.0000,22.842498,11.406918,30.000000,0.0000,22.841584,11.405995,30.000000,0.0000,22.841126,11.405533,30.000000,0.0000,22.840898,11.405302,30.000000,0.00159994,0.000685781,0.000228606,0.00161596,0.000692821,0.000230971,0,0,0,0,0,0
5628,948.1000,20.000485,13.414010,46.213641,948.0000,20.000608,13.412917,46.215559,948.0000,20.000182,13.412607,46.215129,947.9000,20.000943,13.411977,46.217689,0.000457612,0.000335041,0.000760908,0.00203303,0.000939413,0.000629839,0.2,0.1,0.1,0.0040481,0.00212989,0.00255995
37611,888.8000,20.000759,16.407951,49.943850,888.7000,20.000919,16.406994,49.942367,888.7000,20.000500,16.406752,49.943022,888.7000,20.000291,16.406631,49.943336,0.000468421,0.000628113,0.000209374,0.00131996,0.000363182,0.000121079,0.1,0,0,0.000514123,0.00096914,0.000313966
52073,0.0000,0.000000,0.000000,0.000000,0.0000,0.000000,0.000000,0.000000,0.0000,0.000000,0.000000,0.000000,0.0000,0.000000,0.000000,0.000000,,,,,,,,,,,,
27965,758.1000,20.000720,15.295958,49.059313,758.0000,20.000884,15.294820,49.060696,758.0000,20.000484,15.294486,49.061127,758.0000,20.000284,15.294319,49.061778,0.000436725,0.000600301,0.000200112,0.00163938,0.000501056,0.000167048,0.1,0,0,0.0024652,0.00108217,0.000650858
22013,464.0000,22.443360,10.000478,30.000000,464.1000,22.441562,10.000092,30.000000,464.2000,22.440207,10.000140,30.000000,464.3000,22.439074,10.000405,30.000000,0.00428673,0.00248822,0.00113319,7.3641e-05,0.000312247,0.000264655,0.3,0.2,0.1,1.00897e-12,0,0
7202,0.0000,22.146325,12.145049,30.000000,0.0000,22.145449,12.144077,30.000000,0.0000,22.145011,12.143591,30.000000,0.0000,22.144792,12.143348,30.000000,0.00153283,0.000656967,0.000219044,0.00170163,0.000729509,0.000243287,0,0,0,0,0,0
55090,0.0000,0.000000,0.000000,0.000000,0.0000,0.000000,0.000000,0.000000,0.0000,0.000000,0.000000,0.000000,0.0000,0.000000,0.000000,0.000000,,,,,,,,,,,,
21850,0.0000,0.000000,0.000000,0.000000,0.0000,0.000000,0.000000,0.000000,0.0000,0.000000,0.000000,0.000000,0.0000,0.000000,0.000000,0.000000,,,,,,,,,,,,
40588,408.7000,22.999365,10.013449,30.171621,408.6000,22.999363,10.012061,30.153374,408.5000,22.999813,10.011128,30.141148,408.5000,22.999587,10.010900,30.135094,0.000222456,0.00022385,0.000225361,0.0025496,0.00116115,0.000228139,0.2,0.1,0,0.0365276,0.0182806,0.00605395
55500,0.0000,0.000000,0.000000,0.000000,0.0000,0.000000,0.000000,0.000000,0.0000,0.000000,0.000000,0.000000,0.0000,0.000000,0.000000,0.000000,,,,,,,,,,,,
28315,0.0000,22.921531,10.507724,30.000000,0.0000,22.920639,10.506737,30.000000,0.0000,22.920193,10.506243,30.000000,0.0000,22.919970,10.505996,30.000000,0.00156063,0.000668857,0.000222954,0.00172873,0.000741098,0.000247056,0,0,0,0,0,0
42137,698.8000,20.000066,17.711180,50.000000,698.7000,20.000233,17.710204,50.000000,698.6000,20.000801,17.709482,50.000000,698.6000,20.000600,17.709354,50.000000,0.000534076,0.000367294,0.000200475,0.00182597,0.000849475,0.000127151,0.2,0.1,0,0,0,0
43909,362.2000,20.000465,14.133615,34.466760,362.1000,20.000536,14.132376,34.424957,362.1000,20.000103,14.131990,34.402339,362.0000,20.000824,14.131330,34.383357,0.000358771,0.00028756,0.000720651,0.00228512,0.00104646,0.000660753,0.2,0.1,0.1,0.083403,0.0415994,0.0189813
32746,0.0000,0.000000,0.000000,0.000000,0.0000,0.000000,0.000000,0.000000,0.0000,0.000000,0.000000,0.000000,0.0000,0.000000,0.000000,0.000000,,,,,,,,,,,,
7741,0.0000,0.000000,0.000000,0.000000,0.0000,0.000000,0.000000,0.000000,0.0000,0.000000,0.000000,0.000000,0.0000,0.000000,0.000000,0.000000,,,,,,,,,,,,
54114,0.0000,22.985120,11.473853,30.000000,0.0000,22.984221,11.472950,30.000000,0.0000,22.983772,11.472498,30.000000,0.0000,22.983547,11.472273,30.000000,0.00157354,0.000674448,0.000224823,0.00157999,0.000677453,0.00022584,0,0,0,0,0,0
13950,0.0000,0.000000,0.000000,0.000000,0.0000,0.000000,0.000000,0.000000,0.0000,0.000000,0.000000,0.000000,0.0000,0.000000,0.000000,0.000000,,,,,,,,,,,,
64971,0.0000,0.000000,0.000000,0.000000,0.0000,0.000000,0.000000,0.000000,0.0000,0.000000,0.000000,0.000000,0.0000,0.000000,0.000000,0.000000,,,,,,,,,,,,
61988,0.0000,0.000000,0.000000,0.000000,0.0000,0.000000,0.000000,0.000000,0.0000,0.000000,0.000000,0.000000,0.0000,0.000000,0.000000,0.000000,,,,,,,,,,,,
45389,0.0000,0.000000,0.000000,0.000000,0.0000,0.000000,0.000000,0.000000,0.0000,0.000000,0.000000,0.000000,0.0000,0.000000,0.000000,0.000000,,,,,,,,,,,,
64367,0.0000,0.000000,0.000000,0.000000,0.0000,0.000000,0.000000,0.000000,0.0000,0.000000,0.000000,0.000000,0.0000,0.000000,0.000000,0.000000,,,,,,,,,,,,
55628,0.0000,0.000000,0.000000,0.000000,0.0000,0.000000,0.000000,0.000000,0.0000,0.000000,0.000000,0.000000,0.0000,0.000000,0.000000,0.000000,,,,,,,,,,,,
55389,0.0000,0.000000,0.000000,0.000000,0.0000,0.000000,0.000000,0.000000,0.0000,0.000000,0.000000,0.000000,0.0000,0.000000,0.000000,0.000000,,,,,,,,,,,,
712,2039.8000,21.151037,10.000085,30.000000,2039.9000,21.149263,10.000028,30.000000,2040.0000,21.147865,10.000249,30.000000,2040.0000,21.147677,10.000110,30.000000,0.00335983,0.00158614,0.000187748,2.51903e-05,8.18642e-05,0.000138794,0.2,0.1,0,0,0,0
23581,0.0000,0.000000,0.000000,0.000000,0.0000,0.000000,0.000000,0.000000,0.0000,0.000000,0.000000,0.000000,0.0000,0.000000,0.000000,0.000000,,,,,,,,,,,,
45265,311.4000,21.627720,10.000156,30.000000,311.6000,21.625024,10.000121,30.000000,311.7000,21.623676,10.000103,30.000000,311.8000,21.622548,10.000331,30.000000,0.00517287,0.0024765,0.0011284,0.00017522,0.000210786,0.00022875,0.4,0.2,0.1,0,0,0
41028,0.0000,0.000000,0.000000,0.000000,0.0000,0.000000,0.000000,0.000000,0.0000,0.000000,0.000000,0.000000,0.0000,0.000000,0.000000,0.000000,,,,,,,,,,,,
23661,62.3000,22.999601,10.611533,33.175331,62.2000,22.999627,10.609991,33.171043,62.2000,22.999196,10.609458,33.170206,62.1000,22.999867,10.608714,33.165944,0.000266249,0.000240782,0.00067154,0.00281922,0.00127711,0.000744452,0.2,0.1,0.1,0.00938686,0.00509814,0.00426129
52811,0.0000,0.000000,0.000000,0.000000,0.0000,0.000000,0.000000,0.000000,0.0000,0.000000,0.000000,0.000000,0.0000,0.000000,0.000000,0.000000,,,,,,,,,,,,
35586,0.0000,0.000000,0.000000,0.000000,0.0000,0.000000,0.000000,0.000000,0.0000,0.000000,0.000000,0.000000,0.0000,0.000000,0.000000,0.000000,,,,,,,,,,,,
41610,0.0000,0.000000,0.000000,0.000000,0.0000,0.000000,0.000000,0.000000,0.0000,0.000000,0.000000,0.000000,0.0000,0.000000,0.000000,0.000000,,,,,,,,,,,,
22560,1478.2000,20.000143,16.607495,49.967274,1478.1000,20.000365,16.606624,49.968035,1478.0000,20.000978,16.605950,49.968276,1478.0000,20.000782,16.605851,49.968535,0.000638613,0.000417185,0.000195886,0.00164427,0.000772561,9.93707e-05,0.2,0.1,0,0.00126068,0.000500109,0.000259037
160,0.0000,0.000000,0.000000,0.000000,0.0000,0.000000,0.000000,0.000000,0.0000,0.000000,0.000000,0.000000,0.0000,0.000000,0.000000,0.000000,,,,,,,,,,,,
30534,0.0000,0.000000,0.000000,0.000000,0.0000,0.000000,0.000000,0.000000,0.0000,0.000000,0.000000,0.000000,0.0000,0.000000,0.000000,0.000000,,,,,,,,,,,,
56841,0.0000,0.000000,0.000000,0.000000,0.0000,0.000000,0.000000,0.000000,0.0000,0.000000,0.000000,0.000000,0.0000,0.000000,0.000000,0.000000,,,,,,,,,,,,
65516,0.0000,0.000000,0.000000,0.000000,0.0000,0.000000,0.000000,0.000000,0.0000,0.000000,0.000000,0.000000,0.0000,0.000000,0.000000,0.000000,,,,,,,,,,,,
25175,17.4000,20.000586,22.237109,50.000000,17.3000,20.000667,22.236191,50.000000,17.3000,20.000245,22.235959,50.000000,17.3000,20.000034,22.235843,50.000000,0.000552646,0.000632955,0.000211023,0.00126604,0.000347987,0.000116034,0.1,0,0,0,0,0
47616,899.8000,20.000898,14.236987,47.515628,899.8000,20.000105,14.236335,47.516921,899.7000,20.000682,14.235532,47.517563,899.7000,20.000484,14.235369,47.518756,0.00041362,0.000379323,0.000198271,0.0016174,0.00096613,0.000162954,0.1,0.1,0,0.00312775,0.00183527,0.00119289
5447,355.3000,20.000437,14.645724,35.290878,355.2000,20.000490,14.644545,35.240072,355.2000,20.000048,14.644186,35.213195,355.1000,20.000764,14.643543,35.202283,0.000327559,0.000274165,0.000716507,0.00218119,0.00100148,0.000643198,0.2,0.1,0.1,0.0885944,0.0377894,0.0109121
2715,0.0000,0.000000,0.000000,0.000000,0.0000,0.000000,0.000000,0.000000,0.0000,0.000000,0.000000,0.000000,0.0000,0.000000,0.000000,0.000000,,,,,,,,,,,,
31145,0.0000,0.000000,0.000000,0.000000,0.0000,0.000000,0.000000,0.000000,0.0000,0.000000,0.000000,0.000000,0.0000,0.000000,0.000000,0.000000,,,,,,,,,,,,
32908,0.0000,0.000000,0.000000,0.000000,0.0000,0.000000,0.000000,0.000000,0.0000,0.000000,0.000000,0.000000,0.0000,0.000000,0.000000,0.000000,,,,,,,,,,,,
14540,0.0000,0.000000,0.000000,0.000000,0.0000,0.000000,0.000000,0.000000,0.0000,0.000000,0.000000,0.000000,0.0000,0.000000,0.000000,0.000000,,,,,,,,,,,,
17943,1018.3000,20.000850,12.202492,41.658397,1018.3000,20.000077,12.201734,41.641844,1018.2000,20.000667,12.200875,41.635929,1018.2000,20.000474,12.200685,41.634842,0.000376056,0.00039746,0.000193418,0.0018073,0.00104913,0.000189732,0.1,0.1,0,0.0235557,0.0070019,0.0010877
13562,197.4000,22.999453,10.233645,32.586298,197.3000,22.999480,10.232138,32.567783,197.2000,22.999940,10.231144,32.558511,197.2000,22.999724,10.230886,32.558511,0.00027114,0.000243604,0.000216306,0.00275887,0.00125139,0.000257447,0.2,0.1,0,0.0277878,0.00927246,0
55544,308.1000,20.000686,18.872453,50.000000,308.0000,20.000736,18.871493,50.000000,308.0000,20.000295,18.871241,50.000000,308.0000,20.000074,18.871116,50.000000,0.000611448,0.000661962,0.000220675,0.00133688,0.000377046,0.000125704,0.1,0,0,0,0,0
10788,246.1000,20.000327,16.044670,50.000000,246.0000,20.000398,16.043500,50.000000,245.9000,20.000898,16.042683,50.000000,245.9000,20.000683,16.042506,50.000000,0.000356201,0.000285289,0.000214783,0.00216363,0.000993624,0.00017694,0.2,0.1,0,0,0,0
19331,0.0000,0.000000,0.000000,0.000000,0.0000,0.000000,0.000000,0.000000,0.0000,0.000000,0.000000,0.000000,0.0000,0.000000,0.000000,0.000000,,,,,,,,,,,,
8901,0.0000,21.746599,13.372466,30.000000,0.0000,21.745727,13.371582,30.000000,0.0000,21.745291,13.371140,30.000000,0.0000,21.745073,13.370919,30.000000,0.00152614,0.000654174,0.000218071,0.00154675,0.000663072,0.000221097,0,0,0,0,0,0
27010,0.0000,0.000000,0.000000,0.000000,0.0000,0.000000,0.000000,0.000000,0.0000,0.000000,0.000000,0.000000,0.0000,0.000000,0.000000,0.000000,,,,,,,,,,,,
41906,753.5000,20.000608,14.846428,48.415896,753.4000,20.000782,14.845310,48.417374,753.4000,20.000386,14.844987,48.417602,753.4000,20.000187,14.844826,48.417716,0.00042043,0.000594477,0.000198157,0.00160267,0.000484253,0.000161427,0.1,0,0,0.00182024,0.000341989,0.000114179
22809,0.0000,0.000000,0.000000,0.000000,0.0000,0.000000,0.000000,0.000000,0.0000,0.000000,0.000000,0.000000,0.0000,0.000000,0.000000,0.000000,,,,,,,,,,,,
15433,0.0000,22.205736,11.977764,30.000000,0.0000,22.204859,11.976805,30.000000,0.0000,22.204420,11.976325,30.000000,0.0000,22.204201,11.976085,30.000000,0.00153522,0.000657996,0.000219371,0.00167884,0.000719768,0.000240027,0,0,0,0,0,0
9174,0.0000,0.000000,0.000000,0.000000,0.0000,0.000000,0.000000,0.000000,0.0000,0.000000,0.000000,0.000000,0.0000,0.000000,0.000000,0.000000,,,,,,,,,,,,
53563,34.3000,22.999455,10.113396,31.345013,34.2000,22.999435,10.111928,31.329186,34.1000,22.999868,10.110957,31.318619,34.1000,22.999642,10.110709,31.313331,0.000187144,0.000206554,0.000226176,0.00268698,0.00121971,0.000248215,0.2,0.1,0,0.0316813,0.0158541,0.00528768
60866,0.0000,0.000000,0.000000,0.000000,0.0000,0.000000,0.000000,0.000000,0.0000,0.000000,0.000000,0.000000,0.0000,0.000000,0.000000,0.000000,,,,,,,,,,,,
44785,0.0000,0.000000,0.000000,0.000000,0.0000,0.000000,0.000000,0.000000,0.0000,0.000000,0.000000,0.000000,0.0000,0.000000,0.000000,0.000000,,,,,,,,,,,,
61444,386.5000,20.000676,13.400107,37.330039,386.4000,20.000769,13.398858,37.312846,386.4000,20.000344,13.398468,37.302640,386.4000,20.000131,13.398273,37.294617,0.000545277,0.000638025,0.000212711,0.00183458,0.000584683,0.00019495,0.1,0,0,0.0354214,0.0182288,0.00802242
58670,156.7000,22.999284,10.180145,32.056485,156.6000,22.999312,10.178636,32.041712,156.5000,22.999772,10.177642,32.031293,156.5000,22.999556,10.177384,32.026916,0.00027189,0.0002437,0.000215712,0.00276059,0.00125177,0.000257604,0.2,0.1,0,0.0295691,0.0147967,0.00437721
33398,98.4000,20.000563,21.704050,50.000000,98.3000,20.000627,21.703150,50.000000,98.3000,20.000195,21.702927,50.000000,98.2000,20.000907,21.702361,50.000000,0.000343641,0.00027973,0.000712018,0.00168917,0.000788943,0.000565702,0.2,0.1,0.1,0,0,0
53380,892.8000,21.889285,10.000216,30.000000,893.0000,21.886574,10.000374,30.000000,893.1000,21.885219,10.000452,30.000000,893.1000,21.885015,10.000247,30.000000,0.00427024,0.00155983,0.000204456,3.05493e-05,0.000126759,0.00020521,0.3,0.1,0,0,0,0
2883,0.0000,0.000000,0.000000,0.000000,0.0000,0.000000,0.000000,0.000000,0.0000,0.000000,0.000000,0.000000,0.0000,0.000000,0.000000,0.000000,,,,,,,,,,,,
46773,0.0000,0.000000,0.000000,0.000000,0.0000,0.000000,0.000000,0.000000,0.0000,0.000000,0.000000,0.000000,0.0000,0.000000,0.000000,0.000000,,,,,,,,,,,,
32090,0.0000,0.000000,0.000000,0.000000,0.0000,0.000000,0.000000,0.000000,0.0000,0.000000,0.000000,0.000000,0.0000,0.000000,0.000000,0.000000,,,,,,,,,,,,
10769,0.0000,0.000000,0.000000,0.000000,0.0000,0.000000,0.000000,0.000000,0.0000,0.000000,0.000000,0.000000,0.0000,0.000000,0.000000,0.000000,,,,,,,,,,,,
38503,0.0000,0.000000,0.000000,0.000000,0.0000,0.000000,0.000000,0.000000,0.0000,0.000000,0.000000,0.000000,0.0000,0.000000,0.000000,0.000000,,,,,,,,,,,,
13436,0.0000,0.000000,0.000000,0.000000,0.0000,0.000000,0.000000,0.000000,0.0000,0.000000,0.000000,0.000000,0.0000,0.000000,0.000000,0.000000,,,,,,,,,,,,
14995,0.0000,0.000000,0.000000,0.000000,0.0000,0.000000,0.000000,0.000000,0.0000,0.000000,0.000000,0.000000,0.0000,0.000000,0.000000,0.000000,,,,,,,,,,,,
17816,388.0000,20.000415,16.832714,50.000000,387.9000,20.000502,16.831590,50.000000,387.9000,20.000078,16.831259,50.000000,387.8000,20.000799,16.830631,50.000000,0.000384024,0.000297905,0.000721946,0.00208206,0.000958498,0.000627547,0.2,0.1,0.1,0,0,0
36900,1843.7000,21.677939,10.000084,30.000000,1843.9000,21.675134,10.000485,30.000000,1843.9000,21.674738,10.000194,30.000000,1843.9000,21.674539,10.000049,30.000000,0.00339977,0.000594963,0.000198314,3.54576e-05,0.00043652,0.000145516,0.2,0,0,0,0,0
14404,785.9000,20.000241,13.404441,46.717697,785.8000,20.000394,13.403262,46.719685,785.7000,20.000951,13.402434,46.715842,785.7000,20.000749,13.402259,46.714273,0.000508014,0.000354873,0.000202014,0.00218217,0.00100371,0.000175409,0.2,0.1,0,0.00342408,0.00541126,0.0015691
50923,110.6000,20.000567,17.681242,50.000000,110.5000,20.000616,17.680163,50.000000,110.5000,20.000179,17.679852,50.000000,110.4000,20.000884,17.679238,50.000000,0.000317073,0.000267783,0.000704981,0.00200397,0.000924383,0.000613056,0.2,0.1,0.1,0,0,0
43640,0.0000,22.951613,12.690025,30.000000,0.0000,22.950720,12.689147,30.000000,0.0000,22.950274,12.688708,30.000000,0.0000,22.950050,12.688489,30.000000,0.00156298,0.000669939,0.000223332,0.00153673,0.000658851,0.000219645,0,0,0,0,0,0
14080,0.0000,0.000000,0.000000,0.000000,0.0000,0.000000,0.000000,0.000000,0.0000,0.000000,0.000000,0.000000,0.0000,0.000000,0.000000,0.000000,,,,,,,,,,,,
1830,855.7000,20.000524,14.525091,47.702813,855.6000,20.000656,14.524035,47.696602,855.6000,20.000233,14.523745,47.697103,855.6000,20.000021,14.523600,47.697115,0.000502903,0.000635084,0.000211704,0.00149135,0.000435876,0.000145326,0.1,0,0,0.00569764,0.000513295,1.22449e-05
43051,547.9000,20.000856,13.272574,46.672636,547.9000,20.000016,13.271772,46.671879,547.8000,20.000532,13.270899,46.672299,547.8000,20.000322,13.270699,46.672110,0.000534377,0.000305746,0.000210099,0.00187547,0.00107304,0.000200868,0.1,0.1,0,0.000526244,0.000231359,0.000189451
13468,53.2000,20.000432,15.526444,50.000000,53.1000,20.000501,15.525177,50.000000,53.1000,20.000075,15.524775,50.000000,53.0000,20.000782,15.524112,50.000000,0.000349429,0.000280953,0.000706174,0.00233156,0.00106527,0.000662643,0.2,0.1,0.1,0,0,0
36633,0.0000,0.000000,0.000000,0.000000,0.0000,0.000000,0.000000,0.000000,0.0000,0.000000,0.000000,0.000000,0.0000,0.000000,0.000000,0.000000,,,,,,,,,,,,
35496,0.0000,0.000000,0.000000,0.000000,0.0000,0.000000,0.000000,0.000000,0.0000,0.000000,0.000000,0.000000,0.0000,0.000000,0.000000,0.000000,,,,,,,,,,,,
53042,360.5000,20.000736,17.812819,50.000000,360.4000,20.000796,17.811832,50.000000,360.4000,20.000355,17.811568,50.000000,360.4000,20.000134,17.811437,50.000000,0.000602086,0.000661582,0.000220536,0.00138256,0.000394957,0.000131675,0.1,0,0,0,0,0
45669,966.3000,20.750481,10.000104,30.000000,966.5000,20.747777,10.000234,30.000000,966.6000,20.746425,10.000299,30.000000,966.6000,20.746225,10.000090,30.000000,0.00425551,0.00155133,0.000199208,1.42998e-05,0.000144897,0.000209879,0.3,0.1,0,0,0,0
34716,0.0000,0.000000,0.000000,0.000000,0.0000,0.000000,0.000000,0.000000,0.0000,0.000000,0.000000,0.000000,0.0000,0.000000,0.000000,0.000000,,,,,,,,,,,,
3713,0.0000,0.000000,0.000000,0.000000,0.0000,0.000000,0.000000,0.000000,0.0000,0.000000,0.000000,0.000000,0.0000,0.000000,0.000000,0.000000,,,,,,,,,,,,
36825,0.0000,0.000000,0.000000,0.000000,0.0000,0.000000,0.000000,0.000000,0.0000,0.000000,0.000000,0.000000,0.0000,0.000000,0.000000,0.000000,,,,,,,,,,,,
30038,241.8000,20.000722,16.006049,50.000000,241.7000,20.000787,16.004928,50.000000,241.7000,20.000352,16.004598,50.000000,241.7000,20.000134,16.004433,50.000000,0.000587346,0.000652406,0.00021746,0.00161633,0.000494715,0.000164929,0.1,0,0,0,0,0
64513,0.0000,0.000000,0.000000,0.000000,0.0000,0.000000,0.000000,0.000000,0.0000,0.000000,0.000000,0.000000,0.0000,0.000000,0.000000,0.000000,,,,,,,,,,,,
3884,0.0000,0.000000,0.000000,0.000000,0.0000,0.000000,0.000000,0.000000,0.0000,0.000000,0.000000,0.000000,0.0000,0.000000,0.000000,0.000000,,,,,,,,,,,,
14983,0.0000,0.000000,0.000000,0.000000,0.0000,0.000000,0.000000,0.000000,0.0000,0.000000,0.000000,0.000000,0.0000,0.000000,0.000000,0.000000,,,,,,,,,,,,
16770,0.0000,0.000000,0.000000,0.000000,0.0000,0.000000,0.000000,0.000000,0.0000,0.000000,0.000000,0.000000,0.0000,0.000000,0.000000,0.000000,,,,,,,,,,,,
36103,0.0000,0.000000,0.000000,0.000000,0.0000,0.000000,0.000000,0.000000,0.0000,0.000000,0.000000,0.000000,0.0000,0.000000,0.000000,0.000000,,,,,,,,,,,,
25903,0.0000,0.000000,0.000000,0.000000,0.0000,0.000000,0.000000,0.000000,0.0000,0.000000,0.000000,0.000000,0.0000,0.000000,0.000000,0.000000,,,,,,,,,,,,
45971,131.4000,20.000101,17.549961,50.000000,131.3000,20.000176,17.548876,50.000000,131.2000,20.000676,17.548103,50.000000,131.2000,20.000464,17.547946,50.000000,0.000363186,0.000287648,0.000212371,0.00201516,0.000929642,0.000156545,0.2,0.1,0,0,0,0
51126,0.0000,0.000000,0.000000,0.000000,0.0000,0.000000,0.000000,0.000000,0.0000,0.000000,0.000000,0.000000,0.0000,0.000000,0.000000,0.000000,,,,,,,,,,,,
3443,0.0000,0.000000,0.000000,0.000000,0.0000,0.000000,0.000000,0.000000,0.0000,0.000000,0.000000,0.000000,0.0000,0.000000,0.000000,0.000000,,,,,,,,,,,,
55592,437.5000,20.000756,18.619395,50.000000,437.4000,20.000844,18.618417,50.000000,437.4000,20.000418,18.618159,50.000000,437.4000,20.000205,18.618029,50.000000,0.000551185,0.000639737,0.000213274,0.00136551,0.000387644,0.000129263,0.1,0,0,0,0,0
9308,997.9000,20.000572,14.550467,47.946133,997.8000,20.000762,14.549403,47.947774,997.8000,20.000371,14.549109,47.948872,997.8000,20.000175,14.548962,47.948938,0.00039698,0.000586728,0.000195588,0.00150465,0.000440609,0.000146892,0.1,0,0,0.00280531,0.00116429,6.63947e-05
38502,782.7000,20.186864,10.000055,30.000000,782.9000,20.184042,10.000187,30.000000,783.0000,20.182631,10.000253,30.000000,783.0000,20.182413,10.000045,30.000000,0.00445017,0.00162845,0.000217538,9.50016e-06,0.000141536,0.000207393,0.3,0.1,0,0,0,0
65160,479.9000,20.000708,17.934174,50.000000,479.8000,20.000804,17.933163,50.000000,479.8000,20.000379,17.932889,50.000000,479.8000,20.000167,17.932751,50.000000,0.000540958,0.000637237,0.000212417,0.00142292,0.000411947,0.000137322,0.1,0,0,0,0,0
60572,860.7000,21.628432,10.000460,30.000000,860.8000,21.626585,10.000162,30.000000,860.9000,21.625182,10.000254,30.000000,860.9000,21.624960,10.000058,30.000000,0.00347179,0.00162494,0.000221903,0.000401097,0.000103229,0.000195102,0.2,0.1,0,0,0,0
41514,442.7000,20.000361,14.690874,46.920049,442.6000,20.000446,14.689689,46.919721,442.6000,20.000019,14.689329,46.919306,442.5000,20.000745,14.688683,46.919594,0.00038452,0.000298994,0.000726182,0.00219088,0.00100573,0.000646042,0.2,0.1,0.1,0.000454425,0.000126324,0.000288716
11608,0.0000,0.000000,0.000000,0.000000,0.0000,0.000000,0.000000,0.000000,0.0000,0.000000,0.000000,0.000000,0.0000,0.000000,0.000000,0.000000,,,,,,,,,,,,
22597,0.0000,21.498298,12.339722,30.000000,0.0000,21.497430,12.338749,30.000000,0.0000,21.496996,12.338261,30.000000,0.0000,21.496779,12.338018,30.000000,0.00151883,0.000651018,0.000217018,0.00170431,0.000730857,0.000243652,0,0,0,0,0,0
25471,611.1000,20.000938,15.743010,49.661701,611.1000,20.000090,15.742408,49.659871,611.0000,20.000622,15.741641,49.660242,611.0000,20.000410,15.741490,49.660488,0.000528249,0.000319713,0.000212108,0.00151988,0.000918176,0.000150647,0.1,0.1,0,0.00121348,0.000616702,0.000245613
26307,582.2000,20.000628,12.087559,39.876708,582.1000,20.000720,12.086257,39.852878,582.1000,20.000293,12.085842,39.839503,582.1000,20.000079,12.085634,39.828176,0.000548754,0.00064083,0.000213636,0.00192468,0.000622987,0.000207719,0.1,0,0,0.048532,0.0247018,0.0113273
40978,317.4000,20.000413,19.363655,50.000000,317.3000,20.000477,19.362731,50.000000,317.3000,20.000037,19.362498,50.000000,317.2000,20.000760,19.361924,50.000000,0.000346865,0.000283235,0.000723042,0.0017306,0.000807137,0.000573806,0.2,0.1,0.1,0,0,0
39265,294.0000,20.000532,20.984410,50.000000,293.9000,20.000592,20.983528,50.000000,293.9000,20.000152,20.983314,50.000000,293.8000,20.000873,20.982752,50.000000,0.000340676,0.000280287,0.000720508,0.00165846,0.000776026,0.000562656,0.2,0.1,0.1,9.80549e-13,0,0
55939,796.7000,20.000130,15.547132,49.441132,796.6000,20.000255,15.546067,49.441990,796.5000,20.000796,15.545300,49.442514,796.5000,20.000588,15.545150,49.442681,0.000457642,0.000332786,0.000208374,0.00198188,0.00091673,0.00014907,0.2,0.1,0,0.00154865,0.000690133,0.000166207
63181,21.0000,20.000273,17.155943,50.000000,20.9000,20.000347,17.154742,50.000000,20.8000,20.000842,17.153912,50.000000,20.8000,20.000631,17.153727,50.000000,0.000357851,0.000284421,0.000211273,0.00221696,0.00101587,0.000185711,0.2,0.1,0,0,0,0
62213,0.0000,0.000000,0.000000,0.000000,0.0000,0.000000,0.000000,0.000000,0.0000,0.000000,0.000000,0.000000,0.0000,0.000000,0.000000,0.000000,,,,,,,,,,,,
56071,449.2000,20.000257,17.717023,50.000000,449.1000,20.000324,17.716024,50.000000,449.0000,20.000831,17.715294,50.000000,449.0000,20.000611,17.715159,50.000000,0.000353092,0.00028663,0.000220599,0.00186362,0.000864582,0.000134867,0.2,0.1,0,2.84217e-14,2.84217e-14,0
30241,0.0000,22.876422,10.410609,30.000000,0.0000,22.875544,10.409585,30.000000,0.0000,22.875105,10.409073,30.000000,0.0000,22.874886,10.408817,30.000000,0.00153674,0.000658704,0.000219579,0.00179275,0.000768871,0.000256333,0,0,0,0,0,0
20967,1059.4000,20.000763,12.942289,45.790854,1059.3000,20.000950,12.941061,45.793131,1059.3000,20.000559,12.940685,45.792712,1059.3000,20.000363,12.940498,45.794489,0.00040015,0.000587331,0.000195786,0.00179104,0.000562938,0.000187739,0.1,0,0,0.00363568,0.00135792,0.00177715
8054,0.0000,0.000000,0.000000,0.000000,0.0000,0.000000,0.000000,0.000000,0.0000,0.000000,0.000000,0.000000,0.0000,0.000000,0.000000,0.000000,,,,,,,,,,,,
25682,0.0000,0.000000,0.000000,0.000000,0.0000,0.000000,0.000000,0.000000,0.0000,0.000000,0.000000,0.000000,0.0000,0.000000,0.000000,0.000000,,,,,,,,,,,,
30312,1493.1000,20.000279,13.778497,45.870802,1493.0000,20.000552,13.777508,45.873404,1493.0000,20.000176,13.777256,45.875132,1492.9000,20.001013,13.776645,45.876158,0.00073454,0.000461308,0.000837863,0.00185208,0.00086318,0.000611089,0.2,0.1,0.1,0.00535638,0.00275371,0.00102661
