time_s,temp_c,soc_pct,current_a,heating_kw,remaining_km
0.000000,0.000000000,75.000000000,39.467163950,0.000000,40.000000000
0.500000,-0.000566763,74.994518449,39.467381395,0.000000,39.995833333
1.000000,-0.001133476,74.989036869,39.467598842,0.000000,39.991666667
1.500000,-0.001700139,74.983555258,39.467816292,0.000000,39.987500000
2.000000,-0.002266753,74.978073617,39.468033744,0.000000,39.983333333
2.500000,-0.002833318,74.972591945,39.468251198,0.000000,39.979166667
3.000000,-0.003399833,74.967110244,39.468468654,0.000000,39.975000000
3.500000,-0.003966298,74.961628512,39.468686113,0.000000,39.970833333
4.000000,-0.004532714,74.956146750,39.468903574,0.000000,39.966666667
4.500000,-0.005099080,74.950664958,39.469121037,0.000000,39.962500000
5.000000,-0.005665397,74.945183135,39.469338503,0.000000,39.958333333
5.500000,-0.006231664,74.939701283,39.469555970,0.000000,39.954166667
6.000000,-0.006797882,74.934219400,39.469773440,0.000000,39.950000000
6.500000,-0.007364050,74.928737487,39.469990913,0.000000,39.945833333
7.000000,-0.007930168,74.923255544,39.470208387,0.000000,39.941666667
7.500000,-0.008496238,74.917773571,39.470425864,0.000000,39.937500000
8.000000,-0.009062257,74.912291567,39.470643344,0.000000,39.933333333
8.500000,-0.009628227,74.906809533,39.470860825,0.000000,39.929166667
9.000000,-0.010194148,74.901327469,39.471078309,0.000000,39.925000000
9.500000,-0.010760019,74.895845375,39.471295795,0.000000,39.920833333
10.000000,-0.011325840,74.890363251,39.471513284,0.000000,39.916666667
10.500000,-0.011891613,74.884881096,39.471730774,0.000000,39.912500000
11.000000,-0.012457335,74.879398911,39.471948267,0.000000,39.908333333
11.500000,-0.013023008,74.873916696,39.472165762,0.000000,39.904166667
12.000000,-0.013588632,74.868434451,39.472383260,0.000000,39.900000000
12.500000,-0.014154206,74.862952175,39.472600760,0.000000,39.895833333
13.000000,-0.014719731,74.857469870,39.472818262,0.000000,39.891666667
13.500000,-0.015285206,74.851987534,39.473035766,0.000000,39.887500000
14.000000,-0.015850632,74.846505168,39.473253273,0.000000,39.883333333
14.500000,-0.016416008,74.841022771,39.473470782,0.000000,39.879166667
15.000000,-0.016981335,74.835540345,39.473688294,0.000000,39.875000000
15.500000,-0.017546612,74.830057888,39.473905807,0.000000,39.870833333
16.000000,-0.018111840,74.824575401,39.474123323,0.000000,39.866666667
16.500000,-0.018677019,74.819092884,39.474340841,0.000000,39.862500000
17.000000,-0.019242148,74.813610337,39.474558362,0.000000,39.858333333
17.500000,-0.019807227,74.808127759,39.474775884,0.000000,39.854166667
18.000000,-0.020372258,74.802645152,39.474993410,0.000000,39.850000000
18.500000,-0.020937238,74.797162514,39.475210937,0.000000,39.845833333
19.000000,-0.021502170,74.791679845,39.475428467,0.000000,39.841666667
19.500000,-0.022067052,74.786197147,39.475645998,0.000000,39.837500000
20.000000,-0.022631884,74.780714418,39.475863533,0.000000,39.833333333
20.500000,-0.023196667,74.775231660,39.476081069,0.000000,39.829166667
21.000000,-0.023761401,74.769748871,39.476298608,0.000000,39.825000000
21.500000,-0.024326085,74.764266051,39.476516149,0.000000,39.820833333
22.000000,-0.024890720,74.758783202,39.476733693,0.000000,39.816666667
22.500000,-0.025455306,74.753300322,39.476951238,0.000000,39.812500000
23.000000,-0.026019842,74.747817412,39.477168786,0.000000,39.808333333
23.500000,-0.026584328,74.742334472,39.477386337,0.000000,39.804166667
24.000000,-0.027148766,74.736851502,39.477603889,0.000000,39.800000000
24.500000,-0.027713154,74.731368501,39.477821444,0.000000,39.795833333
25.000000,-0.028277492,74.725885470,39.478039001,0.000000,39.791666667
25.500000,-0.028841781,74.720402410,39.478256561,0.000000,39.787500000
26.000000,-0.029406021,74.714919318,39.478474122,0.000000,39.783333333
26.500000,-0.029970212,74.709436197,39.478691686,0.000000,39.779166667
27.000000,-0.030534353,74.703953045,39.478909253,0.000000,39.775000000
27.500000,-0.031098445,74.698469863,39.479126821,0.000000,39.770833333
28.000000,-0.031662487,74.692986651,39.479344392,0.000000,39.766666667
28.500000,-0.032226480,74.687503409,39.479561966,0.000000,39.762500000
29.000000,-0.032790424,74.682020137,39.479779541,0.000000,39.758333333
29.500000,-0.033354318,74.676536834,39.479997119,0.000000,39.754166667
30.000000,-0.033918163,74.671053501,39.480214699,0.000000,39.750000000
30.500000,-0.034481959,74.665570138,39.480432282,0.000000,39.745833333
31.000000,-0.035045706,74.660086744,39.480649866,0.000000,39.741666667
31.500000,-0.035609403,74.654603321,39.480867453,0.000000,39.737500000
32.000000,-0.036173050,74.649119867,39.481085043,0.000000,39.733333333
32.500000,-0.036736649,74.643636383,39.481302634,0.000000,39.729166667
33.000000,-0.037300198,74.638152869,39.481520228,0.000000,39.725000000
33.500000,-0.037863698,74.632669324,39.481737824,0.000000,39.720833333
34.000000,-0.038427148,74.627185750,39.481955423,0.000000,39.716666667
34.500000,-0.038990550,74.621702145,39.482173024,0.000000,39.712500000
35.000000,-0.039553902,74.616218510,39.482390627,0.000000,39.708333333
35.500000,-0.040117204,74.610734844,39.482608232,0.000000,39.704166667
36.000000,-0.040680458,74.605251149,39.482825840,0.000000,39.700000000
36.500000,-0.041243662,74.599767423,39.483043450,0.000000,39.695833333
37.000000,-0.041806816,74.594283667,39.483261062,0.000000,39.691666667
37.500000,-0.042369922,74.588799880,39.483478676,0.000000,39.687500000
38.000000,-0.042932978,74.583316064,39.483696293,0.000000,39.683333333
38.500000,-0.043495985,74.577832217,39.483913913,0.000000,39.679166667
39.000000,-0.044058943,74.572348340,39.484131534,0.000000,39.675000000
39.500000,-0.044621851,74.566864433,39.484349158,0.000000,39.670833333
40.000000,-0.045184711,74.561380496,39.484566784,0.000000,39.666666667
40.500000,-0.045747521,74.555896528,39.484784412,0.000000,39.662500000
41.000000,-0.046310281,74.550412530,39.485002043,0.000000,39.658333333
41.500000,-0.046872993,74.544928502,39.485219676,0.000000,39.654166667
42.000000,-0.047435655,74.539444444,39.485437311,0.000000,39.650000000
42.500000,-0.047998268,74.533960356,39.485654949,0.000000,39.645833333
43.000000,-0.048560832,74.528476237,39.485872589,0.000000,39.641666667
43.500000,-0.049123347,74.522992088,39.486090231,0.000000,39.637500000
44.000000,-0.049685812,74.517507909,39.486307875,0.000000,39.633333333
44.500000,-0.050248228,74.512023699,39.486525522,0.000000,39.629166667
45.000000,-0.050810595,74.506539460,39.486743171,0.000000,39.625000000
45.500000,-0.051372913,74.501055190,39.486960822,0.000000,39.620833333
46.000000,-0.051935181,74.495570890,39.487178476,0.000000,39.616666667
46.500000,-0.052497401,74.490086559,39.487396132,0.000000,39.612500000
47.000000,-0.053059571,74.484602199,39.487613790,0.000000,39.608333333
47.500000,-0.053621692,74.479117808,39.487831451,0.000000,39.604166667
48.000000,-0.054183763,74.473633387,39.488049114,0.000000,39.600000000
48.500000,-0.054745786,74.468148935,39.488266779,0.000000,39.595833333
49.000000,-0.055307759,74.462664454,39.488484446,0.000000,39.591666667
49.500000,-0.055869684,74.457179942,39.488702116,0.000000,39.587500000
50.000000,-0.056431559,74.451695400,39.488919788,0.000000,39.583333333
50.500000,-0.056993384,74.446210828,39.489137462,0.000000,39.579166667
51.000000,-0.057555161,74.440726226,39.489355139,0.000000,39.575000000
51.500000,-0.058116889,74.435241593,39.489572818,0.000000,39.570833333
52.000000,-0.058678567,74.429756930,39.489790499,0.000000,39.566666667
52.500000,-0.059240196,74.424272237,39.490008183,0.000000,39.562500000
53.000000,-0.059801776,74.418787514,39.490225869,0.000000,39.558333333
53.500000,-0.060363307,74.413302760,39.490443557,0.000000,39.554166667
54.000000,-0.060924789,74.407817976,39.490661248,0.000000,39.550000000
54.500000,-0.061486222,74.402333162,39.490878940,0.000000,39.545833333
55.000000,-0.062047605,74.396848318,39.491096635,0.000000,39.541666667
55.500000,-0.062608940,74.391363443,39.491314333,0.000000,39.537500000
56.000000,-0.063170225,74.385878539,39.491532033,0.000000,39.533333333
56.500000,-0.063731461,74.380393604,39.491749735,0.000000,39.529166667
57.000000,-0.064292648,74.374908638,39.491967439,0.000000,39.525000000
57.500000,-0.064853786,74.369423643,39.492185145,0.000000,39.520833333
58.000000,-0.065414875,74.363938617,39.492402854,0.000000,39.516666667
58.500000,-0.065975915,74.358453561,39.492620566,0.000000,39.512500000
59.000000,-0.066536905,74.352968475,39.492838279,0.000000,39.508333333
59.500000,-0.067097847,74.347483359,39.493055995,0.000000,39.504166667
60.000000,-0.067658739,74.341998212,39.493273713,0.000000,39.500000000
60.500000,-0.068219583,74.336513035,39.493491433,0.000000,39.495833333
61.000000,-0.068780377,74.331027828,39.493709156,0.000000,39.491666667
61.500000,-0.069341122,74.325542590,39.493926881,0.000000,39.487500000
62.000000,-0.069901818,74.320057323,39.494144609,0.000000,39.483333333
62.500000,-0.070462465,74.314572025,39.494362338,0.000000,39.479166667
63.000000,-0.071023063,74.309086697,39.494580070,0.000000,39.475000000
63.500000,-0.071583612,74.303601339,39.494797804,0.000000,39.470833333
64.000000,-0.072144112,74.298115950,39.495015541,0.000000,39.466666667
64.500000,-0.072704563,74.292630531,39.495233280,0.000000,39.462500000
65.000000,-0.073264965,74.287145082,39.495451021,0.000000,39.458333333
65.500000,-0.073825317,74.281659603,39.495668765,0.000000,39.454166667
66.000000,-0.074385621,74.276174093,39.495886510,0.000000,39.450000000
66.500000,-0.074945875,74.270688553,39.496104259,0.000000,39.445833333
67.000000,-0.075506081,74.265202983,39.496322009,0.000000,39.441666667
67.500000,-0.076066238,74.259717383,39.496539762,0.000000,39.437500000
68.000000,-0.076626345,74.254231753,39.496757517,0.000000,39.433333333
68.500000,-0.077186404,74.248746092,39.496975274,0.000000,39.429166667
69.000000,-0.077746413,74.243260401,39.497193034,0.000000,39.425000000
69.500000,-0.078306374,74.237774680,39.497410796,0.000000,39.420833333
70.000000,-0.078866285,74.232288928,39.497628560,0.000000,39.416666667
70.500000,-0.079426148,74.226803146,39.497846326,0.000000,39.412500000
71.000000,-0.079985961,74.221317334,39.498064095,0.000000,39.408333333
71.500000,-0.080545725,74.215831492,39.498281866,0.000000,39.404166667
72.000000,-0.081105441,74.210345620,39.498499640,0.000000,39.400000000
72.500000,-0.081665107,74.204859717,39.498717416,0.000000,39.395833333
73.000000,-0.082224725,74.199373784,39.498935194,0.000000,39.391666667
73.500000,-0.082784293,74.193887821,39.499152974,0.000000,39.387500000
74.000000,-0.083343813,74.188401827,39.499370757,0.000000,39.383333333
74.500000,-0.083903283,74.182915803,39.499588542,0.000000,39.379166667
75.000000,-0.084462705,74.177429750,39.499806329,0.000000,39.375000000
75.500000,-0.085022078,74.171943665,39.500024119,0.000000,39.370833333
76.000000,-0.085581401,74.166457551,39.500241911,0.000000,39.366666667
76.500000,-0.086140676,74.160971406,39.500459705,0.000000,39.362500000
77.000000,-0.086699902,74.155485231,39.500677502,0.000000,39.358333333
77.500000,-0.087259078,74.149999026,39.500895301,0.000000,39.354166667
78.000000,-0.087818206,74.144512791,39.501113102,0.000000,39.350000000
78.500000,-0.088377285,74.139026525,39.501330905,0.000000,39.345833333
79.000000,-0.088936315,74.133540229,39.501548711,0.000000,39.341666667
79.500000,-0.089495296,74.128053903,39.501766519,0.000000,39.337500000
80.000000,-0.090054228,74.122567546,39.501984330,0.000000,39.333333333
80.500000,-0.090613111,74.117081159,39.502202142,0.000000,39.329166667
81.000000,-0.091171946,74.111594742,39.502419957,0.000000,39.325000000
81.500000,-0.091730731,74.106108295,39.502637775,0.000000,39.320833333
82.000000,-0.092289467,74.100621818,39.502855594,0.000000,39.316666667
82.500000,-0.092848155,74.095135310,39.503073416,0.000000,39.312500000
83.000000,-0.093406794,74.089648772,39.503291241,0.000000,39.308333333
83.500000,-0.093965383,74.084162204,39.503509067,0.000000,39.304166667
84.000000,-0.094523924,74.078675605,39.503726896,0.000000,39.300000000
84.500000,-0.095082416,74.073188977,39.503944727,0.000000,39.295833333
85.000000,-0.095640859,74.067702318,39.504162561,0.000000,39.291666667
85.500000,-0.096199253,74.062215628,39.504380397,0.000000,39.287500000
86.000000,-0.096757598,74.056728909,39.504598235,0.000000,39.283333333
86.500000,-0.097315895,74.051242159,39.504816075,0.000000,39.279166667
87.000000,-0.097874142,74.045755379,39.505033918,0.000000,39.275000000
87.500000,-0.098432341,74.040268569,39.505251763,0.000000,39.270833333
88.000000,-0.098990491,74.034781728,39.505469611,0.000000,39.266666667
88.500000,-0.099548591,74.029294858,39.505687460,0.000000,39.262500000
89.000000,-0.100106643,74.023807957,39.505905313,0.000000,39.258333333
89.500000,-0.100664647,74.018321025,39.506123167,0.000000,39.254166667
90.000000,-0.101222601,74.012834064,39.506341024,0.000000,39.250000000
90.500000,-0.101780507,74.007347072,39.506558883,0.000000,39.245833333
91.000000,-0.102338363,74.001860050,39.506776744,0.000000,39.241666667
91.500000,-0.102896171,73.996372998,39.506994607,0.000000,39.237500000
92.000000,-0.103453930,73.990885915,39.507212473,0.000000,39.233333333
92.500000,-0.104011640,73.985398802,39.507430342,0.000000,39.229166667
93.000000,-0.104569301,73.979911659,39.507648212,0.000000,39.225000000
93.500000,-0.105126914,73.974424486,39.507866085,0.000000,39.220833333
94.000000,-0.105684478,73.968937282,39.508083960,0.000000,39.216666667
94.500000,-0.106241992,73.963450048,39.508301838,0.000000,39.212500000
95.000000,-0.106799459,73.957962784,39.508519717,0.000000,39.208333333
95.500000,-0.107356876,73.952475490,39.508737600,0.000000,39.204166667
96.000000,-0.107914244,73.946988165,39.508955484,0.000000,39.200000000
96.500000,-0.108471564,73.941500810,39.509173371,0.000000,39.195833333
97.000000,-0.109028835,73.936013425,39.509391260,0.000000,39.191666667
97.500000,-0.109586057,73.930526009,39.509609151,0.000000,39.187500000
98.000000,-0.110143230,73.925038564,39.509827045,0.000000,39.183333333
98.500000,-0.110700355,73.919551088,39.510044941,0.000000,39.179166667
99.000000,-0.111257430,73.914063581,39.510262839,0.000000,39.175000000
99.500000,-0.111814457,73.908576045,39.510480740,0.000000,39.170833333
100.000000,-0.112371435,73.903088478,39.510698643,0.000000,39.166666667
100.500000,-0.112928365,73.897600881,39.510916548,0.000000,39.162500000
101.000000,-0.113485246,73.892113254,39.511134456,0.000000,39.158333333
101.500000,-0.114042077,73.886625596,39.511352366,0.000000,39.154166667
102.000000,-0.114598861,73.881137908,39.511570278,0.000000,39.150000000
102.500000,-0.115155595,73.875650190,39.511788192,0.000000,39.145833333
103.000000,-0.115712281,73.870162442,39.512006109,0.000000,39.141666667
103.500000,-0.116268918,73.864674663,39.512224028,0.000000,39.137500000
104.000000,-0.116825506,73.859186854,39.512441950,0.000000,39.133333333
104.500000,-0.117382045,73.853699015,39.512659874,0.000000,39.129166667
105.000000,-0.117938536,73.848211146,39.512877800,0.000000,39.125000000
105.500000,-0.118494978,73.842723246,39.513095728,0.000000,39.120833333
106.000000,-0.119051371,73.837235316,39.513313659,0.000000,39.116666667
106.500000,-0.119607716,73.831747356,39.513531592,0.000000,39.112500000
107.000000,-0.120164011,73.826259365,39.513749527,0.000000,39.108333333
107.500000,-0.120720259,73.820771345,39.513967465,0.000000,39.104166667
108.000000,-0.121276457,73.815283294,39.514185405,0.000000,39.100000000
108.500000,-0.121832607,73.809795212,39.514403348,0.000000,39.095833333
109.000000,-0.122388708,73.804307101,39.514621292,0.000000,39.091666667
109.500000,-0.122944760,73.798818959,39.514839239,0.000000,39.087500000
110.000000,-0.123500764,73.793330787,39.515057189,0.000000,39.083333333
110.500000,-0.124056719,73.787842584,39.515275140,0.000000,39.079166667
111.000000,-0.124612625,73.782354352,39.515493094,0.000000,39.075000000
111.500000,-0.125168482,73.776866089,39.515711050,0.000000,39.070833333
112.000000,-0.125724291,73.771377796,39.515929009,0.000000,39.066666667
112.500000,-0.126280052,73.765889472,39.516146970,0.000000,39.062500000
113.000000,-0.126835763,73.760401118,39.516364933,0.000000,39.058333333
113.500000,-0.127391426,73.754912734,39.516582899,0.000000,39.054166667
114.000000,-0.127947040,73.749424320,39.516800867,0.000000,39.050000000
114.500000,-0.128502606,73.743935876,39.517018837,0.000000,39.045833333
115.000000,-0.129058123,73.738447401,39.517236809,0.000000,39.041666667
115.500000,-0.129613591,73.732958896,39.517454784,0.000000,39.037500000
116.000000,-0.130169011,73.727470360,39.517672761,0.000000,39.033333333
116.500000,-0.130724382,73.721981795,39.517890741,0.000000,39.029166667
117.000000,-0.131279704,73.716493199,39.518108722,0.000000,39.025000000
117.500000,-0.131834978,73.711004572,39.518326707,0.000000,39.020833333
118.000000,-0.132390203,73.705515916,39.518544693,0.000000,39.016666667
118.500000,-0.132945380,73.700027229,39.518762682,0.000000,39.012500000
119.000000,-0.133500508,73.694538512,39.518980673,0.000000,39.008333333
119.500000,-0.134055587,73.689049765,39.519198666,0.000000,39.004166667
120.000000,-0.134610618,73.683560987,39.519416662,0.000000,39.000000000
120.500000,-0.135165600,73.678072179,39.519634660,0.000000,38.995833333
121.000000,-0.135720533,73.672583341,39.519852660,0.000000,38.991666667
121.500000,-0.136275418,73.667094473,39.520070663,0.000000,38.987500000
122.000000,-0.136830254,73.661605574,39.520288668,0.000000,38.983333333
122.500000,-0.137385042,73.656116645,39.520506675,0.000000,38.979166667
123.000000,-0.137939781,73.650627686,39.520724685,0.000000,38.975000000
123.500000,-0.138494472,73.645138696,39.520942697,0.000000,38.970833333
124.000000,-0.139049114,73.639649676,39.521160711,0.000000,38.966666667
124.500000,-0.139603707,73.634160626,39.521378728,0.000000,38.962500000
125.000000,-0.140158252,73.628671546,39.521596747,0.000000,38.958333333
125.500000,-0.140712748,73.623182435,39.521814768,0.000000,38.954166667
126.000000,-0.141267196,73.617693294,39.522032792,0.000000,38.950000000
126.500000,-0.141821595,73.612204123,39.522250818,0.000000,38.945833333
127.000000,-0.142375945,73.606714922,39.522468846,0.000000,38.941666667
127.500000,-0.142930247,73.601225690,39.522686876,0.000000,38.937500000
128.000000,-0.143484501,73.595736428,39.522904909,0.000000,38.933333333
128.500000,-0.144038706,73.590247135,39.523122945,0.000000,38.929166667
129.000000,-0.144592862,73.584757813,39.523340982,0.000000,38.925000000
129.500000,-0.145146970,73.579268460,39.523559022,0.000000,38.920833333
130.000000,-0.145701029,73.573779077,39.523777064,0.000000,38.916666667
130.500000,-0.146255040,73.568289663,39.523995109,0.000000,38.912500000
131.000000,-0.146809003,73.562800219,39.524213155,0.000000,38.908333333
131.500000,-0.147362916,73.557310745,39.524431205,0.000000,38.904166667
132.000000,-0.147916782,73.551821241,39.524649256,0.000000,38.900000000
132.500000,-0.148470598,73.546331706,39.524867310,0.000000,38.895833333
133.000000,-0.149024367,73.540842142,39.525085366,0.000000,38.891666667
133.500000,-0.149578086,73.535352546,39.525303425,0.000000,38.887500000
134.000000,-0.150131758,73.529862921,39.525521485,0.000000,38.883333333
134.500000,-0.150685380,73.524373265,39.525739548,0.000000,38.879166667
135.000000,-0.151238955,73.518883579,39.525957614,0.000000,38.875000000
135.500000,-0.151792480,73.513393863,39.526175682,0.000000,38.870833333
136.000000,-0.152345958,73.507904116,39.526393752,0.000000,38.866666667
136.500000,-0.152899386,73.502414339,39.526611824,0.000000,38.862500000
137.000000,-0.153452767,73.496924532,39.526829899,0.000000,38.858333333
137.500000,-0.154006099,73.491434695,39.527047976,0.000000,38.854166667
138.000000,-0.154559382,73.485944827,39.527266055,0.000000,38.850000000
138.500000,-0.155112617,73.480454929,39.527484137,0.000000,38.845833333
139.000000,-0.155665803,73.474965000,39.527702221,0.000000,38.841666667
139.500000,-0.156218941,73.469475042,39.527920308,0.000000,38.837500000
140.000000,-0.156772031,73.463985053,39.528138396,0.000000,38.833333333
140.500000,-0.157325072,73.458495034,39.528356487,0.000000,38.829166667
141.000000,-0.157878065,73.453004984,39.528574581,0.000000,38.825000000
141.500000,-0.158431009,73.447514904,39.528792676,0.000000,38.820833333
142.000000,-0.158983905,73.442024794,39.529010774,0.000000,38.816666667
142.500000,-0.159536752,73.436534654,39.529228875,0.000000,38.812500000
143.000000,-0.160089551,73.431044483,39.529446977,0.000000,38.808333333
143.500000,-0.160642302,73.425554282,39.529665082,0.000000,38.804166667
144.000000,-0.161195004,73.420064051,39.529883190,0.000000,38.800000000
144.500000,-0.161747658,73.414573789,39.530101299,0.000000,38.795833333
145.000000,-0.162300263,73.409083497,39.530319411,0.000000,38.791666667
145.500000,-0.162852820,73.403593175,39.530537526,0.000000,38.787500000
146.000000,-0.163405328,73.398102823,39.530755642,0.000000,38.783333333
146.500000,-0.163957788,73.392612440,39.530973761,0.000000,38.779166667
147.000000,-0.164510200,73.387122027,39.531191883,0.000000,38.775000000
147.500000,-0.165062563,73.381631584,39.531410006,0.000000,38.770833333
148.000000,-0.165614878,73.376141110,39.531628132,0.000000,38.766666667
148.500000,-0.166167145,73.370650606,39.531846261,0.000000,38.762500000
149.000000,-0.166719363,73.365160072,39.532064391,0.000000,38.758333333
149.500000,-0.167271533,73.359669508,39.532282524,0.000000,38.754166667
150.000000,-0.167823654,73.354178913,39.532500660,0.000000,38.750000000
150.500000,-0.168375727,73.348688288,39.532718797,0.000000,38.745833333
151.000000,-0.168927752,73.343197632,39.532936937,0.000000,38.741666667
151.500000,-0.169479728,73.337706947,39.533155079,0.000000,38.737500000
152.000000,-0.170031656,73.332216231,39.533373224,0.000000,38.733333333
152.500000,-0.170583536,73.326725484,39.533591371,0.000000,38.729166667
153.000000,-0.171135367,73.321234708,39.533809520,0.000000,38.725000000
153.500000,-0.171687150,73.315743901,39.534027672,0.000000,38.720833333
154.000000,-0.172238884,73.310253064,39.534245826,0.000000,38.716666667
154.500000,-0.172790571,73.304762196,39.534463982,0.000000,38.712500000
155.000000,-0.173342209,73.299271298,39.534682141,0.000000,38.708333333
155.500000,-0.173893798,73.293780370,39.534900302,0.000000,38.704166667
156.000000,-0.174445339,73.288289412,39.535118465,0.000000,38.700000000
156.500000,-0.174996832,73.282798423,39.535336631,0.000000,38.695833333
157.000000,-0.175548277,73.277307404,39.535554799,0.000000,38.691666667
157.500000,-0.176099673,73.271816355,39.535772969,0.000000,38.687500000
158.000000,-0.176651021,73.266325275,39.535991141,0.000000,38.683333333
158.500000,-0.177202321,73.260834166,39.536209316,0.000000,38.679166667
159.000000,-0.177753572,73.255343025,39.536427494,0.000000,38.675000000
159.500000,-0.178304776,73.249851855,39.536645673,0.000000,38.670833333
160.000000,-0.178855930,73.244360654,39.536863855,0.000000,38.666666667
160.500000,-0.179407037,73.238869423,39.537082039,0.000000,38.662500000
161.000000,-0.179958095,73.233378162,39.537300226,0.000000,38.658333333
161.500000,-0.180509105,73.227886870,39.537518415,0.000000,38.654166667
162.000000,-0.181060067,73.222395548,39.537736606,0.000000,38.650000000
162.500000,-0.181610980,73.216904196,39.537954800,0.000000,38.645833333
163.000000,-0.182161846,73.211412813,39.538172996,0.000000,38.641666667
163.500000,-0.182712662,73.205921400,39.538391194,0.000000,38.637500000
164.000000,-0.183263431,73.200429957,39.538609395,0.000000,38.633333333
164.500000,-0.183814151,73.194938483,39.538827598,0.000000,38.629166667
165.000000,-0.184364824,73.189446980,39.539045803,0.000000,38.625000000
165.500000,-0.184915447,73.183955445,39.539264011,0.000000,38.620833333
166.000000,-0.185466023,73.178463881,39.539482221,0.000000,38.616666667
166.500000,-0.186016551,73.172972286,39.539700433,0.000000,38.612500000
167.000000,-0.186567030,73.167480661,39.539918647,0.000000,38.608333333
167.500000,-0.187117461,73.161989006,39.540136864,0.000000,38.604166667
168.000000,-0.187667843,73.156497320,39.540355084,0.000000,38.600000000
168.500000,-0.188218178,73.151005604,39.540573305,0.000000,38.595833333
169.000000,-0.188768464,73.145513858,39.540791529,0.000000,38.591666667
169.500000,-0.189318702,73.140022081,39.541009756,0.000000,38.587500000
170.000000,-0.189868892,73.134530274,39.541227984,0.000000,38.583333333
170.500000,-0.190419034,73.129038437,39.541446215,0.000000,38.579166667
171.000000,-0.190969127,73.123546570,39.541664448,0.000000,38.575000000
171.500000,-0.191519172,73.118054672,39.541882684,0.000000,38.570833333
172.000000,-0.192069169,73.112562744,39.542100922,0.000000,38.566666667
172.500000,-0.192619118,73.107070785,39.542319162,0.000000,38.562500000
173.000000,-0.193169019,73.101578796,39.542537405,0.000000,38.558333333
173.500000,-0.193718871,73.096086777,39.542755650,0.000000,38.554166667
174.000000,-0.194268676,73.090594728,39.542973897,0.000000,38.550000000
174.500000,-0.194818432,73.085102648,39.543192147,0.000000,38.545833333
175.000000,-0.195368140,73.079610538,39.543410399,0.000000,38.541666667
175.500000,-0.195917799,73.074118398,39.543628653,0.000000,38.537500000
176.000000,-0.196467411,73.068626227,39.543846910,0.000000,38.533333333
176.500000,-0.197016974,73.063134026,39.544065169,0.000000,38.529166667
177.000000,-0.197566490,73.057641795,39.544283431,0.000000,38.525000000
177.500000,-0.198115957,73.052149533,39.544501694,0.000000,38.520833333
178.000000,-0.198665376,73.046657241,39.544719960,0.000000,38.516666667
178.500000,-0.199214747,73.041164919,39.544938229,0.000000,38.512500000
179.000000,-0.199764069,73.035672567,39.545156499,0.000000,38.508333333
179.500000,-0.200313344,73.030180184,39.545374772,0.000000,38.504166667
180.000000,-0.200862570,73.024687771,39.545593048,0.000000,38.500000000
180.500000,-0.201411749,73.019195327,39.545811326,0.000000,38.495833333
181.000000,-0.201960879,73.013702853,39.546029606,0.000000,38.491666667
181.500000,-0.202509961,73.008210349,39.546247888,0.000000,38.487500000
182.000000,-0.203058995,73.002717815,39.546466173,0.000000,38.483333333
182.500000,-0.203607981,72.997225250,39.546684460,0.000000,38.479166667
183.000000,-0.204156918,72.991732655,39.546902749,0.000000,38.475000000
183.500000,-0.204705808,72.986240030,39.547121041,0.000000,38.470833333
184.000000,-0.205254650,72.980747374,39.547339335,0.000000,38.466666667
184.500000,-0.205803443,72.975254688,39.547557632,0.000000,38.462500000
185.000000,-0.206352188,72.969761972,39.547775931,0.000000,38.458333333
185.500000,-0.206900886,72.964269225,39.547994232,0.000000,38.454166667
186.000000,-0.207449535,72.958776448,39.548212535,0.000000,38.450000000
186.500000,-0.207998136,72.953283641,39.548430841,0.000000,38.445833333
187.000000,-0.208546689,72.947790803,39.548649149,0.000000,38.441666667
187.500000,-0.209095194,72.942297935,39.548867460,0.000000,38.437500000
188.000000,-0.209643651,72.936805037,39.549085772,0.000000,38.433333333
188.500000,-0.210192059,72.931312108,39.549304088,0.000000,38.429166667
189.000000,-0.210740420,72.925819149,39.549522405,0.000000,38.425000000
189.500000,-0.211288733,72.920326160,39.549740725,0.000000,38.420833333
190.000000,-0.211836997,72.914833141,39.549959047,0.000000,38.416666667
190.500000,-0.212385214,72.909340091,39.550177372,0.000000,38.412500000
191.000000,-0.212933382,72.903847011,39.550395699,0.000000,38.408333333
191.500000,-0.213481503,72.898353900,39.550614028,0.000000,38.404166667
192.000000,-0.214029575,72.892860759,39.550832360,0.000000,38.400000000
192.500000,-0.214577600,72.887367588,39.551050693,0.000000,38.395833333
193.000000,-0.215125576,72.881874387,39.551269030,0.000000,38.391666667
193.500000,-0.215673505,72.876381155,39.551487368,0.000000,38.387500000
194.000000,-0.216221385,72.870887893,39.551705709,0.000000,38.383333333
194.500000,-0.216769217,72.865394600,39.551924053,0.000000,38.379166667
195.000000,-0.217317001,72.859901277,39.552142398,0.000000,38.375000000
195.500000,-0.217864738,72.854407924,39.552360746,0.000000,38.370833333
196.000000,-0.218412426,72.848914541,39.552579097,0.000000,38.366666667
196.500000,-0.218960066,72.843421127,39.552797449,0.000000,38.362500000
197.000000,-0.219507659,72.837927683,39.553015804,0.000000,38.358333333
197.500000,-0.220055203,72.832434209,39.553234162,0.000000,38.354166667
198.000000,-0.220602699,72.826940704,39.553452521,0.000000,38.350000000
198.500000,-0.221150147,72.821447169,39.553670883,0.000000,38.345833333
199.000000,-0.221697548,72.815953603,39.553889248,0.000000,38.341666667
199.500000,-0.222244900,72.810460008,39.554107614,0.000000,38.337500000
200.000000,-0.222792204,72.804966382,39.554325984,0.000000,38.333333333
200.500000,-0.223339461,72.799472725,39.554544355,0.000000,38.329166667
201.000000,-0.223886669,72.793979038,39.554762729,0.000000,38.325000000
201.500000,-0.224433830,72.788485321,39.554981105,0.000000,38.320833333
202.000000,-0.224980942,72.782991574,39.555199483,0.000000,38.316666667
202.500000,-0.225528007,72.777497796,39.555417864,0.000000,38.312500000
203.000000,-0.226075023,72.772003988,39.555636247,0.000000,38.308333333
203.500000,-0.226621992,72.766510150,39.555854633,0.000000,38.304166667
204.000000,-0.227168913,72.761016281,39.556073021,0.000000,38.300000000
204.500000,-0.227715786,72.755522382,39.556291411,0.000000,38.295833333
205.000000,-0.228262610,72.750028453,39.556509803,0.000000,38.291666667
205.500000,-0.228809387,72.744534493,39.556728198,0.000000,38.287500000
206.000000,-0.229356116,72.739040503,39.556946596,0.000000,38.283333333
206.500000,-0.229902797,72.733546483,39.557164995,0.000000,38.279166667
207.000000,-0.230449430,72.728052432,39.557383397,0.000000,38.275000000
207.500000,-0.230996016,72.722558351,39.557601801,0.000000,38.270833333
208.000000,-0.231542553,72.717064240,39.557820208,0.000000,38.266666667
208.500000,-0.232089042,72.711570098,39.558038617,0.000000,38.262500000
209.000000,-0.232635484,72.706075926,39.558257028,0.000000,38.258333333
209.500000,-0.233181877,72.700581724,39.558475442,0.000000,38.254166667
210.000000,-0.233728223,72.695087491,39.558693858,0.000000,38.250000000
210.500000,-0.234274521,72.689593228,39.558912276,0.000000,38.245833333
211.000000,-0.234820771,72.684098934,39.559130697,0.000000,38.241666667
211.500000,-0.235366973,72.678604611,39.559349120,0.000000,38.237500000
212.000000,-0.235913127,72.673110257,39.559567546,0.000000,38.233333333
212.500000,-0.236459233,72.667615872,39.559785973,0.000000,38.229166667
213.000000,-0.237005292,72.662121458,39.560004403,0.000000,38.225000000
213.500000,-0.237551302,72.656627013,39.560222836,0.000000,38.220833333
214.000000,-0.238097265,72.651132537,39.560441271,0.000000,38.216666667
214.500000,-0.238643180,72.645638031,39.560659708,0.000000,38.212500000
215.000000,-0.239189047,72.640143495,39.560878147,0.000000,38.208333333
215.500000,-0.239734866,72.634648929,39.561096589,0.000000,38.204166667
216.000000,-0.240280637,72.629154332,39.561315033,0.000000,38.200000000
216.500000,-0.240826361,72.623659705,39.561533480,0.000000,38.195833333
217.000000,-0.241372036,72.618165048,39.561751929,0.000000,38.191666667
217.500000,-0.241917664,72.612670360,39.561970380,0.000000,38.187500000
218.000000,-0.242463244,72.607175642,39.562188834,0.000000,38.183333333
218.500000,-0.243008776,72.601680893,39.562407290,0.000000,38.179166667
219.000000,-0.243554260,72.596186115,39.562625748,0.000000,38.175000000
219.500000,-0.244099696,72.590691305,39.562844209,0.000000,38.170833333
220.000000,-0.244645085,72.585196466,39.563062672,0.000000,38.166666667
220.500000,-0.245190426,72.579701596,39.563281137,0.000000,38.162500000
221.000000,-0.245735719,72.574206696,39.563499605,0.000000,38.158333333
221.500000,-0.246280964,72.568711766,39.563718075,0.000000,38.154166667
222.000000,-0.246826161,72.563216805,39.563936547,0.000000,38.150000000
222.500000,-0.247371311,72.557721813,39.564155022,0.000000,38.145833333
223.000000,-0.247916413,72.552226792,39.564373499,0.000000,38.141666667
223.500000,-0.248461467,72.546731740,39.564591979,0.000000,38.137500000
224.000000,-0.249006473,72.541236658,39.564810460,0.000000,38.133333333
224.500000,-0.249551431,72.535741545,39.565028945,0.000000,38.129166667
225.000000,-0.250096342,72.530246402,39.565247431,0.000000,38.125000000
225.500000,-0.250641205,72.524751229,39.565465920,0.000000,38.120833333
226.000000,-0.251186020,72.519256026,39.565684411,0.000000,38.116666667
226.500000,-0.251730787,72.513760792,39.565902905,0.000000,38.112500000
227.000000,-0.252275507,72.508265527,39.566121401,0.000000,38.108333333
227.500000,-0.252820179,72.502770233,39.566339899,0.000000,38.104166667
228.000000,-0.253364803,72.497274908,39.566558400,0.000000,38.100000000
228.500000,-0.253909379,72.491779552,39.566776903,0.000000,38.095833333
229.000000,-0.254453908,72.486284167,39.566995408,0.000000,38.091666667
229.500000,-0.254998389,72.480788751,39.567213916,0.000000,38.087500000
230.000000,-0.255542822,72.475293304,39.567432426,0.000000,38.083333333
230.500000,-0.256087207,72.469797828,39.567650938,0.000000,38.079166667
231.000000,-0.256631545,72.464302320,39.567869453,0.000000,38.075000000
231.500000,-0.257175834,72.458806783,39.568087970,0.000000,38.070833333
232.000000,-0.257720077,72.453311215,39.568306490,0.000000,38.066666667
232.500000,-0.258264271,72.447815617,39.568525011,0.000000,38.062500000
233.000000,-0.258808418,72.442319989,39.568743536,0.000000,38.058333333
233.500000,-0.259352517,72.436824330,39.568962062,0.000000,38.054166667
234.000000,-0.259896568,72.431328641,39.569180591,0.000000,38.050000000
234.500000,-0.260440572,72.425832921,39.569399122,0.000000,38.045833333
235.000000,-0.260984528,72.420337171,39.569617656,0.000000,38.041666667
235.500000,-0.261528436,72.414841391,39.569836192,0.000000,38.037500000
236.000000,-0.262072296,72.409345580,39.570054730,0.000000,38.033333333
236.500000,-0.262616109,72.403849739,39.570273271,0.000000,38.029166667
237.000000,-0.263159874,72.398353868,39.570491814,0.000000,38.025000000
237.500000,-0.263703592,72.392857967,39.570710359,0.000000,38.020833333
238.000000,-0.264247262,72.387362035,39.570928907,0.000000,38.016666667
238.500000,-0.264790884,72.381866072,39.571147457,0.000000,38.012500000
239.000000,-0.265334458,72.376370080,39.571366009,0.000000,38.008333333
239.500000,-0.265877985,72.370874056,39.571584564,0.000000,38.004166667
240.000000,-0.266421464,72.365378003,58.162400979,0.000000,38.000000000
240.500000,-0.267111366,72.357299892,58.162875475,0.000000,37.991666667
241.000000,-0.267801189,72.349221715,58.163349979,0.000000,37.983333333
241.500000,-0.268490932,72.341143472,58.163824491,0.000000,37.975000000
242.000000,-0.269180596,72.333065163,58.164299011,0.000000,37.966666667
242.500000,-0.269870181,72.324986788,58.164773540,0.000000,37.958333333
243.000000,-0.270559686,72.316908347,58.165248077,0.000000,37.950000000
243.500000,-0.271249113,72.308829840,58.165722623,0.000000,37.941666667
244.000000,-0.271938460,72.300751268,58.166197177,0.000000,37.933333333
244.500000,-0.272627728,72.292672629,58.166671739,0.000000,37.925000000
245.000000,-0.273316917,72.284593925,58.167146309,0.000000,37.916666667
245.500000,-0.274006027,72.276515155,58.167620888,0.000000,37.908333333
246.000000,-0.274695057,72.268436318,58.168095476,0.000000,37.900000000
246.500000,-0.275384009,72.260357416,58.168570071,0.000000,37.891666667
247.000000,-0.276072881,72.252278448,58.169044675,0.000000,37.883333333
247.500000,-0.276761674,72.244199414,58.169519288,0.000000,37.875000000
248.000000,-0.277450388,72.236120314,58.169993908,0.000000,37.866666667
248.500000,-0.278139023,72.228041148,58.170468537,0.000000,37.858333333
249.000000,-0.278827578,72.219961917,58.170943175,0.000000,37.850000000
249.500000,-0.279516055,72.211882619,58.171417821,0.000000,37.841666667
250.000000,-0.280204452,72.203803255,58.171892475,0.000000,37.833333333
250.500000,-0.280892771,72.195723826,58.172367137,0.000000,37.825000000
251.000000,-0.281581010,72.187644330,58.172841808,0.000000,37.816666667
251.500000,-0.282269170,72.179564769,58.173316487,0.000000,37.808333333
252.000000,-0.282957252,72.171485142,58.173791175,0.000000,37.800000000
252.500000,-0.283645254,72.163405449,58.174265871,0.000000,37.791666667
253.000000,-0.284333177,72.155325689,58.174740575,0.000000,37.783333333
253.500000,-0.285021021,72.147245864,58.175215288,0.000000,37.775000000
254.000000,-0.285708786,72.139165973,58.175690009,0.000000,37.766666667
254.500000,-0.286396472,72.131086016,58.176164738,0.000000,37.758333333
255.000000,-0.287084078,72.123005993,58.176639476,0.000000,37.750000000
255.500000,-0.287771606,72.114925905,58.177114222,0.000000,37.741666667
256.000000,-0.288459055,72.106845750,58.177588977,0.000000,37.733333333
256.500000,-0.289146425,72.098765529,58.178063740,0.000000,37.725000000
257.000000,-0.289833716,72.090685243,58.178538511,0.000000,37.716666667
257.500000,-0.290520928,72.082604890,58.179013291,0.000000,37.708333333
258.000000,-0.291208061,72.074524472,58.179488079,0.000000,37.700000000
258.500000,-0.291895115,72.066443987,58.179962875,0.000000,37.691666667
259.000000,-0.292582090,72.058363437,58.180437680,0.000000,37.683333333
259.500000,-0.293268986,72.050282820,58.180912493,0.000000,37.675000000
260.000000,-0.293955803,72.042202138,58.181387314,0.000000,37.666666667
260.500000,-0.294642541,72.034121390,58.181862144,0.000000,37.658333333
261.000000,-0.295329201,72.026040576,58.182336982,0.000000,37.650000000
261.500000,-0.296015781,72.017959695,58.182811829,0.000000,37.641666667
262.000000,-0.296702282,72.009878749,58.183286684,0.000000,37.633333333
262.500000,-0.297388705,72.001797737,58.183761547,0.000000,37.625000000
263.000000,-0.298075048,71.993716659,58.184236419,0.000000,37.616666667
263.500000,-0.298761313,71.985635515,58.184711299,0.000000,37.608333333
264.000000,-0.299447499,71.977554305,58.185186187,0.000000,37.600000000
264.500000,-0.300133606,71.969473030,58.185661084,0.000000,37.591666667
265.000000,-0.300819634,71.961391688,58.186135989,0.000000,37.583333333
265.500000,-0.301505584,71.953310280,58.186610903,0.000000,37.575000000
266.000000,-0.302191454,71.945228806,58.187085825,0.000000,37.566666667
266.500000,-0.302877246,71.937147267,58.187560755,0.000000,37.558333333
267.000000,-0.303562958,71.929065661,58.188035694,0.000000,37.550000000
267.500000,-0.304248592,71.920983989,58.188510641,0.000000,37.541666667
268.000000,-0.304934147,71.912902252,74.195287678,6.000000,37.533333333
268.500000,-0.298379455,71.902597351,74.195568428,6.000000,37.525000000
269.000000,-0.291825497,71.892292411,74.195849220,6.000000,37.516666667
269.500000,-0.285272274,71.881987432,74.196130055,6.000000,37.508333333
270.000000,-0.278719786,71.871682413,74.196410934,6.000000,37.500000000
270.500000,-0.272168032,71.861377356,74.196691856,6.000000,37.491666667
271.000000,-0.265617013,71.851072260,74.196972821,6.000000,37.483333333
271.500000,-0.259066728,71.840767125,74.197253829,6.000000,37.475000000
272.000000,-0.252517178,71.830461951,74.197534881,6.000000,37.466666667
272.500000,-0.245968362,71.820156738,74.197815975,6.000000,37.458333333
273.000000,-0.239420280,71.809851486,74.198097113,6.000000,37.450000000
273.500000,-0.232872932,71.799546194,74.198378294,6.000000,37.441666667
274.000000,-0.226326318,71.789240864,74.198659518,6.000000,37.433333333
274.500000,-0.219780438,71.778935495,74.198940785,6.000000,37.425000000
275.000000,-0.213235292,71.768630086,74.199222096,6.000000,37.416666667
275.500000,-0.206690880,71.758324639,74.199503450,6.000000,37.408333333
276.000000,-0.200147202,71.748019152,74.199784846,6.000000,37.400000000
276.500000,-0.193604257,71.737713626,74.200066287,6.000000,37.391666667
277.000000,-0.187062046,71.727408062,74.200347770,6.000000,37.383333333
277.500000,-0.180520568,71.717102458,74.200629296,6.000000,37.375000000
278.000000,-0.173979824,71.706796815,74.200910866,6.000000,37.366666667
278.500000,-0.167439813,71.696491133,74.201192478,6.000000,37.358333333
279.000000,-0.160900536,71.686185412,74.201474134,6.000000,37.350000000
279.500000,-0.154361991,71.675879651,74.201755833,6.000000,37.341666667
280.000000,-0.147824180,71.665573852,74.202037575,6.000000,37.333333333
280.500000,-0.141287102,71.655268013,74.202319360,6.000000,37.325000000
281.000000,-0.134750757,71.644962136,74.202601189,6.000000,37.316666667
281.500000,-0.128215144,71.634656219,74.202883060,6.000000,37.308333333
282.000000,-0.121680265,71.624350263,74.203164975,6.000000,37.300000000
282.500000,-0.115146118,71.614044268,74.203446933,6.000000,37.291666667
283.000000,-0.108612704,71.603738233,74.203728934,6.000000,37.283333333
283.500000,-0.102080022,71.593432160,74.204010978,6.000000,37.275000000
284.000000,-0.095548073,71.583126047,74.204293065,6.000000,37.266666667
284.500000,-0.089016856,71.572819896,74.204575196,6.000000,37.258333333
285.000000,-0.082486372,71.562513705,74.204857369,6.000000,37.250000000
285.500000,-0.075956620,71.552207474,74.205139586,6.000000,37.241666667
286.000000,-0.069427600,71.541901205,74.205421845,6.000000,37.233333333
286.500000,-0.062899312,71.531594896,74.205704148,6.000000,37.225000000
287.000000,-0.056371756,71.521288549,74.205986494,6.000000,37.216666667
287.500000,-0.049844933,71.510982162,74.206268883,6.000000,37.208333333
288.000000,-0.043318841,71.500675735,74.206551316,6.000000,37.200000000
288.500000,-0.036793481,71.490369270,74.206833791,6.000000,37.191666667
289.000000,-0.030268852,71.480062765,74.207116309,6.000000,37.183333333
289.500000,-0.023744955,71.469756221,74.207398871,6.000000,37.175000000
290.000000,-0.017221790,71.459449638,74.207681475,6.000000,37.166666667
290.500000,-0.010699357,71.449143016,74.207964123,6.000000,37.158333333
291.000000,-0.004177654,71.438836354,74.208246814,6.000000,37.150000000
291.500000,0.002343317,71.428529653,74.208556895,6.000000,37.141666667
292.000000,0.008863569,71.418222909,74.208915772,6.000000,37.133333333
292.500000,0.015383127,71.407916115,74.209274695,6.000000,37.125000000
293.000000,0.021901990,71.397609271,74.209633662,6.000000,37.116666667
293.500000,0.028420158,71.387302378,74.209992674,6.000000,37.108333333
294.000000,0.034937631,71.376995434,74.210351730,6.000000,37.100000000
294.500000,0.041454409,71.366688441,74.210710832,6.000000,37.091666667
295.000000,0.047970493,71.356381398,74.211069979,6.000000,37.083333333
295.500000,0.054485882,71.346074305,74.211429170,6.000000,37.075000000
296.000000,0.061000577,71.335767162,74.211788406,6.000000,37.066666667
296.500000,0.067514577,71.325459969,74.212147688,6.000000,37.058333333
297.000000,0.074027884,71.315152726,74.212507014,6.000000,37.050000000
297.500000,0.080540495,71.304845434,74.212866384,6.000000,37.041666667
298.000000,0.087052413,71.294538091,74.213225800,6.000000,37.033333333
298.500000,0.093563637,71.284230699,74.213585261,6.000000,37.025000000
299.000000,0.100074166,71.273923256,74.213944766,6.000000,37.016666667
299.500000,0.106584002,71.263615764,74.214304316,6.000000,37.008333333
300.000000,0.113093143,71.253308222,74.214663911,6.000000,37.000000000
300.500000,0.119601591,71.243000630,74.215023551,6.000000,36.991666667
301.000000,0.126109345,71.232692987,74.215383236,6.000000,36.983333333
301.500000,0.132616406,71.222385295,74.215742965,6.000000,36.975000000
302.000000,0.139122773,71.212077553,74.216102740,6.000000,36.966666667
302.500000,0.145628446,71.201769761,74.216462559,6.000000,36.958333333
303.000000,0.152133426,71.191461919,74.216822423,6.000000,36.950000000
303.500000,0.158637713,71.181154027,74.217182332,6.000000,36.941666667
304.000000,0.165141306,71.170846085,74.217542285,6.000000,36.933333333
304.500000,0.171644206,71.160538093,74.217902284,6.000000,36.925000000
305.000000,0.178146413,71.150230051,74.218262327,6.000000,36.916666667
305.500000,0.184647927,71.139921959,74.218622415,6.000000,36.908333333
306.000000,0.191148748,71.129613817,74.218982548,6.000000,36.900000000
306.500000,0.197648876,71.119305625,74.219342726,6.000000,36.891666667
307.000000,0.204148311,71.108997383,74.219702948,6.000000,36.883333333
307.500000,0.210647054,71.098689091,74.220063216,6.000000,36.875000000
308.000000,0.217145104,71.088380749,74.220423528,6.000000,36.866666667
308.500000,0.223642461,71.078072357,74.220783885,6.000000,36.858333333
309.000000,0.230139125,71.067763915,74.221144286,6.000000,36.850000000
309.500000,0.236635097,71.057455422,74.221504733,6.000000,36.841666667
310.000000,0.243130377,71.047146880,74.221865224,6.000000,36.833333333
310.500000,0.249624964,71.036838288,74.222225760,6.000000,36.825000000
311.000000,0.256118859,71.026529645,74.222586341,6.000000,36.816666667
311.500000,0.262612062,71.016220953,74.222946966,6.000000,36.808333333
312.000000,0.269104573,71.005912210,74.223307637,6.000000,36.800000000
312.500000,0.275596392,70.995603417,74.223668352,6.000000,36.791666667
313.000000,0.282087519,70.985294574,74.224029112,6.000000,36.783333333
313.500000,0.288577954,70.974985681,74.224389917,6.000000,36.775000000
314.000000,0.295067697,70.964676738,74.224750766,6.000000,36.766666667
314.500000,0.301556749,70.954367745,74.225111660,6.000000,36.758333333
315.000000,0.308045108,70.944058702,74.225472599,6.000000,36.750000000
315.500000,0.314532777,70.933749609,74.225833583,6.000000,36.741666667
316.000000,0.321019753,70.923440465,74.226194612,6.000000,36.733333333
316.500000,0.327506038,70.913131271,74.226555685,6.000000,36.725000000
317.000000,0.333991632,70.902822027,74.226916803,6.000000,36.716666667
317.500000,0.340476535,70.892512733,74.227277966,6.000000,36.708333333
318.000000,0.346960746,70.882203389,74.227639173,6.000000,36.700000000
318.500000,0.353444267,70.871893995,74.228000426,6.000000,36.691666667
319.000000,0.359927096,70.861584550,74.228361723,6.000000,36.683333333
319.500000,0.366409234,70.851275056,74.228723064,6.000000,36.675000000
320.000000,0.372890681,70.840965511,74.229084451,6.000000,36.666666667
320.500000,0.379371438,70.830655916,74.229445882,6.000000,36.658333333
321.000000,0.385851503,70.820346271,74.229807358,6.000000,36.650000000
321.500000,0.392330878,70.810036575,74.230168879,6.000000,36.641666667
322.000000,0.398809563,70.799726829,74.230530444,6.000000,36.633333333
322.500000,0.405287556,70.789417034,74.230892054,6.000000,36.625000000
323.000000,0.411764860,70.779107187,74.231253709,6.000000,36.616666667
323.500000,0.418241473,70.768797291,74.231615409,6.000000,36.608333333
324.000000,0.424717395,70.758487344,74.231977153,6.000000,36.600000000
324.500000,0.431192627,70.748177348,74.232338942,6.000000,36.591666667
325.000000,0.437667170,70.737867301,74.232700776,6.000000,36.583333333
325.500000,0.444141022,70.727557203,74.233062655,6.000000,36.575000000
326.000000,0.450614184,70.717247056,74.233424578,6.000000,36.566666667
326.500000,0.457086656,70.706936858,74.233786546,6.000000,36.558333333
327.000000,0.463558438,70.696626610,74.234148558,6.000000,36.550000000
327.500000,0.470029530,70.686316311,74.234510616,6.000000,36.541666667
328.000000,0.476499933,70.676005963,74.234872718,6.000000,36.533333333
328.500000,0.482969646,70.665695564,74.235234864,6.000000,36.525000000
329.000000,0.489438669,70.655385114,74.235597056,6.000000,36.516666667
329.500000,0.495907003,70.645074615,74.235959292,6.000000,36.508333333
330.000000,0.502374647,70.634764065,74.236321573,6.000000,36.500000000
330.500000,0.508841602,70.624453465,74.236683898,6.000000,36.491666667
331.000000,0.515307868,70.614142814,74.237046268,6.000000,36.483333333
331.500000,0.521773444,70.603832113,74.237408683,6.000000,36.475000000
332.000000,0.528238332,70.593521362,74.237771143,6.000000,36.466666667
332.500000,0.534702530,70.583210560,74.238133647,6.000000,36.458333333
333.000000,0.541166039,70.572899709,74.238496196,6.000000,36.450000000
333.500000,0.547628860,70.562588806,74.238858789,6.000000,36.441666667
334.000000,0.554090991,70.552277854,74.239221427,6.000000,36.433333333
334.500000,0.560552434,70.541966851,74.239584110,6.000000,36.425000000
335.000000,0.567013188,70.531655797,74.239946838,6.000000,36.416666667
335.500000,0.573473253,70.521344694,74.240309610,6.000000,36.408333333
336.000000,0.579932630,70.511033539,74.240672427,6.000000,36.400000000
336.500000,0.586391318,70.500722335,74.241035288,6.000000,36.391666667
337.000000,0.592849318,70.490411080,74.241398195,6.000000,36.383333333
337.500000,0.599306630,70.480099775,74.241761145,6.000000,36.375000000
338.000000,0.605763253,70.469788419,74.242124141,6.000000,36.366666667
338.500000,0.612219188,70.459477013,74.242487181,6.000000,36.358333333
339.000000,0.618674435,70.449165556,74.242850266,6.000000,36.350000000
339.500000,0.625128994,70.438854049,74.243213395,6.000000,36.341666667
340.000000,0.631582865,70.428542492,74.243576569,6.000000,36.333333333
340.500000,0.638036048,70.418230884,74.243939788,6.000000,36.325000000
341.000000,0.644488543,70.407919226,74.244303051,6.000000,36.316666667
341.500000,0.650940351,70.397607517,74.244666359,6.000000,36.308333333
342.000000,0.657391470,70.387295758,74.245029712,6.000000,36.300000000
342.500000,0.663841903,70.376983948,74.245393109,6.000000,36.291666667
343.000000,0.670291647,70.366672088,74.245756551,6.000000,36.283333333
343.500000,0.676740705,70.356360177,74.246120038,6.000000,36.275000000
344.000000,0.683189074,70.346048216,74.246483569,6.000000,36.266666667
344.500000,0.689636757,70.335736205,74.246847145,6.000000,36.258333333
345.000000,0.696083752,70.325424143,74.247210765,6.000000,36.250000000
345.500000,0.702530060,70.315112030,74.247574430,6.000000,36.241666667
346.000000,0.708975681,70.304799867,74.247938140,6.000000,36.233333333
346.500000,0.715420615,70.294487653,74.248301894,6.000000,36.225000000
347.000000,0.721864862,70.284175389,74.248665693,6.000000,36.216666667
347.500000,0.728308423,70.273863074,74.249029536,6.000000,36.208333333
348.000000,0.734751296,70.263550709,74.249393424,6.000000,36.200000000
348.500000,0.741193483,70.253238293,74.249757357,6.000000,36.191666667
349.000000,0.747634983,70.242925827,74.250121334,6.000000,36.183333333
349.500000,0.754075796,70.232613310,74.250485356,6.000000,36.175000000
350.000000,0.760515923,70.222300743,74.250849422,6.000000,36.166666667
350.500000,0.766955364,70.211988125,74.251213533,6.000000,36.158333333
351.000000,0.773394118,70.201675456,74.251577689,6.000000,36.150000000
351.500000,0.779832186,70.191362737,74.251941889,6.000000,36.141666667
352.000000,0.786269567,70.181049967,74.252306134,6.000000,36.133333333
352.500000,0.792706263,70.170737147,74.252670423,6.000000,36.125000000
353.000000,0.799142272,70.160424276,74.253034757,6.000000,36.116666667
353.500000,0.805577596,70.150111355,74.253399135,6.000000,36.108333333
354.000000,0.812012233,70.139798383,74.253763558,6.000000,36.100000000
354.500000,0.818446185,70.129485360,74.254128026,6.000000,36.091666667
355.000000,0.824879451,70.119172287,74.254492538,6.000000,36.083333333
355.500000,0.831312031,70.108859163,74.254857095,6.000000,36.075000000
356.000000,0.837743926,70.098545988,74.255221696,6.000000,36.066666667
356.500000,0.844175135,70.088232763,74.255586342,6.000000,36.058333333
357.000000,0.850605658,70.077919487,74.255951033,6.000000,36.050000000
357.500000,0.857035496,70.067606160,74.256315768,6.000000,36.041666667
358.000000,0.863464649,70.057292783,74.256680547,6.000000,36.033333333
358.500000,0.869893117,70.046979355,74.257045372,6.000000,36.025000000
359.000000,0.876320899,70.036665877,74.257410240,6.000000,36.016666667
359.500000,0.882747997,70.026352348,74.257775154,6.000000,36.008333333
360.000000,0.889174409,70.016038768,74.258140111,6.000000,36.000000000
360.500000,0.895600136,70.005725137,74.258505114,6.000000,35.991666667
361.000000,0.902025178,69.995411456,74.259009921,6.000000,35.983333333
361.500000,0.908449539,69.985097705,74.259689156,6.000000,35.975000000
362.000000,0.914873220,69.974783859,74.260368439,6.000000,35.966666667
362.500000,0.921296222,69.964469919,74.261047770,6.000000,35.958333333
363.000000,0.927718545,69.954155884,74.261727150,6.000000,35.950000000
363.500000,0.934140189,69.943841756,74.262406579,6.000000,35.941666667
364.000000,0.940561154,69.933527532,74.263086057,6.000000,35.933333333
364.500000,0.946981441,69.923213215,74.263765583,6.000000,35.925000000
365.000000,0.953401049,69.912898803,74.264445157,6.000000,35.916666667
365.500000,0.959819979,69.902584297,74.265124781,6.000000,35.908333333
366.000000,0.966238230,69.892269696,74.265804452,6.000000,35.900000000
366.500000,0.972655802,69.881955001,74.266484173,6.000000,35.891666667
367.000000,0.979072696,69.871640212,74.267163942,6.000000,35.883333333
367.500000,0.985488912,69.861325328,74.267843760,6.000000,35.875000000
368.000000,0.991904450,69.851010349,74.268523626,6.000000,35.866666667
368.500000,0.998319309,69.840695277,74.269203541,6.000000,35.858333333
369.000000,1.004733490,69.830380110,74.269883504,6.000000,35.850000000
369.500000,1.011146993,69.820064848,74.270563517,6.000000,35.841666667
370.000000,1.017559818,69.809749492,74.271243577,6.000000,35.833333333
370.500000,1.023971966,69.799434041,74.271923687,6.000000,35.825000000
371.000000,1.030383435,69.789118496,74.272603845,6.000000,35.816666667
371.500000,1.036794227,69.778802857,74.273284051,6.000000,35.808333333
372.000000,1.043204340,69.768487123,74.273964306,6.000000,35.800000000
372.500000,1.049613777,69.758171295,74.274644610,6.000000,35.791666667
373.000000,1.056022535,69.747855372,74.275324963,6.000000,35.783333333
373.500000,1.062430616,69.737539355,74.276005364,6.000000,35.775000000
374.000000,1.068838020,69.727223243,74.276685814,6.000000,35.766666667
374.500000,1.075244746,69.716907036,74.277366312,6.000000,35.758333333
375.000000,1.081650795,69.706590735,74.278046859,6.000000,35.750000000
375.500000,1.088056167,69.696274340,74.278727454,6.000000,35.741666667
376.000000,1.094460862,69.685957850,74.279408098,6.000000,35.733333333
376.500000,1.100864879,69.675641266,74.280088791,6.000000,35.725000000
377.000000,1.107268220,69.665324587,74.280769533,6.000000,35.716666667
377.500000,1.113670883,69.655007813,74.281450323,6.000000,35.708333333
378.000000,1.120072870,69.644690945,74.282131161,6.000000,35.700000000
378.500000,1.126474179,69.634373982,74.282812049,6.000000,35.691666667
379.000000,1.132874812,69.624056925,74.283492985,6.000000,35.683333333
379.500000,1.139274768,69.613739773,74.284173969,6.000000,35.675000000
380.000000,1.145674048,69.603422527,74.284855002,6.000000,35.666666667
380.500000,1.152072651,69.593105186,74.285536084,6.000000,35.658333333
381.000000,1.158470577,69.582787750,74.286217214,6.000000,35.650000000
381.500000,1.164867827,69.572470220,74.286898393,6.000000,35.641666667
382.000000,1.171264401,69.562152595,74.287579621,6.000000,35.633333333
382.500000,1.177660298,69.551834876,74.288260897,6.000000,35.625000000
383.000000,1.184055519,69.541517062,74.288942222,6.000000,35.616666667
383.500000,1.190450064,69.531199153,74.289623596,6.000000,35.608333333
384.000000,1.196843933,69.520881150,74.290305018,6.000000,35.600000000
384.500000,1.203237126,69.510563052,74.290986489,6.000000,35.591666667
385.000000,1.209629643,69.500244860,74.291668008,6.000000,35.583333333
385.500000,1.216021484,69.489926572,74.292349576,6.000000,35.575000000
386.000000,1.222412649,69.479608191,74.293031193,6.000000,35.566666667
386.500000,1.228803138,69.469289714,74.293712858,6.000000,35.558333333
387.000000,1.235192952,69.458971143,74.294394572,6.000000,35.550000000
387.500000,1.241582090,69.448652477,74.295076335,6.000000,35.541666667
388.000000,1.247970552,69.438333716,74.295758146,6.000000,35.533333333
388.500000,1.254358339,69.428014861,74.296440006,6.000000,35.525000000
389.000000,1.260745450,69.417695911,74.297121914,6.000000,35.516666667
389.500000,1.267131886,69.407376866,74.297803872,6.000000,35.508333333
390.000000,1.273517647,69.397057727,74.298485877,6.000000,35.500000000
390.500000,1.279902733,69.386738493,74.299167932,6.000000,35.491666667
391.000000,1.286287143,69.376419164,74.299850035,6.000000,35.483333333
391.500000,1.292670879,69.366099740,74.300532186,6.000000,35.475000000
392.000000,1.299053939,69.355780222,74.301214387,6.000000,35.466666667
392.500000,1.305436324,69.345460609,74.301896636,6.000000,35.458333333
393.000000,1.311818035,69.335140901,74.302578933,6.000000,35.450000000
393.500000,1.318199070,69.324821098,74.303261280,6.000000,35.441666667
394.000000,1.324579431,69.314501201,74.303943674,6.000000,35.433333333
394.500000,1.330959117,69.304181209,74.304626118,6.000000,35.425000000
395.000000,1.337338129,69.293861122,74.305308610,6.000000,35.416666667
395.500000,1.343716466,69.283540940,74.305991151,6.000000,35.408333333
396.000000,1.350094128,69.273220663,74.306673740,6.000000,35.400000000
396.500000,1.356471116,69.262900292,74.307356378,6.000000,35.391666667
397.000000,1.362847430,69.252579826,74.308039065,6.000000,35.383333333
397.500000,1.369223069,69.242259265,74.308721801,6.000000,35.375000000
398.000000,1.375598034,69.231938609,74.309404585,6.000000,35.366666667
398.500000,1.381972325,69.221617858,74.310087417,6.000000,35.358333333
399.000000,1.388345942,69.211297013,74.310770299,6.000000,35.350000000
399.500000,1.394718885,69.200976073,74.311453229,6.000000,35.341666667
400.000000,1.401091154,69.190655037,74.312136207,6.000000,35.333333333
400.500000,1.407462749,69.180333907,74.312819234,6.000000,35.325000000
401.000000,1.413833670,69.170012683,74.313502310,6.000000,35.316666667
401.500000,1.420203917,69.159691363,74.314185435,6.000000,35.308333333
402.000000,1.426573491,69.149369948,74.314868608,6.000000,35.300000000
402.500000,1.432942391,69.139048439,74.315551830,6.000000,35.291666667
403.000000,1.439310618,69.128726834,74.316235100,6.000000,35.283333333
403.500000,1.445678171,69.118405135,74.316918419,6.000000,35.275000000
404.000000,1.452045050,69.108083341,74.317601787,6.000000,35.266666667
404.500000,1.458411257,69.097761451,74.318285204,6.000000,35.258333333
405.000000,1.464776790,69.087439467,74.318968669,6.000000,35.250000000
405.500000,1.471141650,69.077117388,74.319652183,6.000000,35.241666667
406.000000,1.477505836,69.066795215,74.320335745,6.000000,35.233333333
406.500000,1.483869350,69.056472946,74.321019356,6.000000,35.225000000
407.000000,1.490232190,69.046150582,74.321703016,6.000000,35.216666667
407.500000,1.496594358,69.035828123,74.322386724,6.000000,35.208333333
408.000000,1.502955852,69.025505569,74.323070481,6.000000,35.200000000
408.500000,1.509316674,69.015182921,74.323754287,6.000000,35.191666667
409.000000,1.515676823,69.004860177,74.324438141,6.000000,35.183333333
409.500000,1.522036300,68.994537338,74.325122044,6.000000,35.175000000
410.000000,1.528395103,68.984214405,74.325805996,6.000000,35.166666667
410.500000,1.534753235,68.973891376,74.326489996,6.000000,35.158333333
411.000000,1.541110693,68.963568253,74.327174045,6.000000,35.150000000
411.500000,1.547467480,68.953245034,74.327858143,6.000000,35.141666667
412.000000,1.553823594,68.942921720,74.328542289,6.000000,35.133333333
412.500000,1.560179035,68.932598312,74.329226484,6.000000,35.125000000
413.000000,1.566533805,68.922274808,74.329910728,6.000000,35.116666667
413.500000,1.572887902,68.911951209,74.330595020,6.000000,35.108333333
414.000000,1.579241327,68.901627516,74.331279361,6.000000,35.100000000
414.500000,1.585594080,68.891303727,74.331963751,6.000000,35.091666667
415.000000,1.591946162,68.880979843,74.332648189,6.000000,35.083333333
415.500000,1.598297571,68.870655864,74.333332676,6.000000,35.075000000
416.000000,1.604648308,68.860331790,74.334017211,6.000000,35.066666667
416.500000,1.610998374,68.850007621,74.334701796,6.000000,35.058333333
417.000000,1.617347768,68.839683357,74.335386429,6.000000,35.050000000
417.500000,1.623696491,68.829358998,74.336071110,6.000000,35.041666667
418.000000,1.630044542,68.819034543,74.336755840,6.000000,35.033333333
418.500000,1.636391921,68.808709994,74.337440619,6.000000,35.025000000
419.000000,1.642738629,68.798385349,74.338125447,6.000000,35.016666667
419.500000,1.649084666,68.788060610,74.338810323,6.000000,35.008333333
420.000000,1.655430031,68.777735775,74.339495248,6.000000,35.000000000
420.500000,1.661774725,68.767410845,74.340180222,6.000000,34.991666667
421.000000,1.668118748,68.757085820,74.340865244,6.000000,34.983333333
421.500000,1.674462100,68.746760700,74.341550315,6.000000,34.975000000
422.000000,1.680804781,68.736435485,74.342235435,6.000000,34.966666667
422.500000,1.687146791,68.726110174,74.342920603,6.000000,34.958333333
423.000000,1.693488130,68.715784768,74.343605820,6.000000,34.950000000
423.500000,1.699828798,68.705459268,74.344291086,6.000000,34.941666667
424.000000,1.706168795,68.695133672,74.344976400,6.000000,34.933333333
424.500000,1.712508122,68.684807980,74.345661763,6.000000,34.925000000
425.000000,1.718846778,68.674482194,74.346347174,6.000000,34.916666667
425.500000,1.725184764,68.664156313,74.347032635,6.000000,34.908333333
426.000000,1.731522079,68.653830336,74.347718144,6.000000,34.900000000
426.500000,1.737858724,68.643504264,74.348403702,6.000000,34.891666667
427.000000,1.744194698,68.633178097,74.349089308,6.000000,34.883333333
427.500000,1.750530002,68.622851834,74.349774963,6.000000,34.875000000
428.000000,1.756864636,68.612525477,74.350460667,6.000000,34.866666667
428.500000,1.763198600,68.602199024,74.351146419,6.000000,34.858333333
429.000000,1.769531893,68.591872476,74.351832220,6.000000,34.850000000
429.500000,1.775864517,68.581545832,74.352518070,6.000000,34.841666667
430.000000,1.782196470,68.571219094,74.353203968,6.000000,34.833333333
430.500000,1.788527754,68.560892260,74.353889915,6.000000,34.825000000
431.000000,1.794858368,68.550565331,74.354575911,6.000000,34.816666667
431.500000,1.801188312,68.540238306,74.355261956,6.000000,34.808333333
432.000000,1.807517587,68.529911186,74.355948049,6.000000,34.800000000
432.500000,1.813846191,68.519583971,74.356634191,6.000000,34.791666667
433.000000,1.820174127,68.509256661,74.357320381,6.000000,34.783333333
433.500000,1.826501393,68.498929256,74.358006621,6.000000,34.775000000
434.000000,1.832827989,68.488601755,74.358692909,6.000000,34.766666667
434.500000,1.839153916,68.478274158,74.359379245,6.000000,34.758333333
435.000000,1.845479174,68.467946467,74.360065630,6.000000,34.750000000
435.500000,1.851803762,68.457618680,74.360752064,6.000000,34.741666667
436.000000,1.858127681,68.447290798,74.361438547,6.000000,34.733333333
436.500000,1.864450932,68.436962820,74.362125078,6.000000,34.725000000
437.000000,1.870773513,68.426634747,74.362811658,6.000000,34.716666667
437.500000,1.877095425,68.416306579,74.363498287,6.000000,34.708333333
438.000000,1.883416669,68.405978315,74.364184965,6.000000,34.700000000
438.500000,1.889737243,68.395649956,74.364871691,6.000000,34.691666667
439.000000,1.896057149,68.385321502,74.365558465,6.000000,34.683333333
439.500000,1.902376386,68.374992952,74.366245289,6.000000,34.675000000
440.000000,1.908694954,68.364664307,74.366932161,6.000000,34.666666667
440.500000,1.915012854,68.354335566,74.367619082,6.000000,34.658333333
441.000000,1.921330086,68.344006730,74.368306052,6.000000,34.650000000
441.500000,1.927646649,68.333677799,74.368993070,6.000000,34.641666667
442.000000,1.933962543,68.323348772,74.369680137,6.000000,34.633333333
442.500000,1.940277770,68.313019650,74.370367252,6.000000,34.625000000
443.000000,1.946592328,68.302690432,74.371054417,6.000000,34.616666667
443.500000,1.952906218,68.292361119,74.371741630,6.000000,34.608333333
444.000000,1.959219440,68.282031710,74.372428892,6.000000,34.600000000
444.500000,1.965531994,68.271702206,74.373116202,6.000000,34.591666667
445.000000,1.971843879,68.261372607,74.373803561,6.000000,34.583333333
445.500000,1.978155097,68.251042912,74.374490969,6.000000,34.575000000
446.000000,1.984465648,68.240713122,74.375178425,6.000000,34.566666667
446.500000,1.990775530,68.230383236,74.375865931,6.000000,34.558333333
447.000000,1.997084745,68.220053254,74.376553485,6.000000,34.550000000
447.500000,2.003393292,68.209723177,74.377241087,6.000000,34.541666667
448.000000,2.009701171,68.199393005,74.377928739,6.000000,34.533333333
448.500000,2.016008383,68.189062737,74.378616439,6.000000,34.525000000
449.000000,2.022314928,68.178732374,74.379304187,6.000000,34.516666667
449.500000,2.028620805,68.168401915,74.379991985,6.000000,34.508333333
450.000000,2.034926015,68.158071360,74.380679831,6.000000,34.500000000
450.500000,2.041230558,68.147740711,74.381367726,6.000000,34.491666667
451.000000,2.047534433,68.137409965,74.382055669,6.000000,34.483333333
451.500000,2.053837641,68.127079124,74.382743662,6.000000,34.475000000
452.000000,2.060140183,68.116748187,74.383431703,6.000000,34.466666667
452.500000,2.066442057,68.106417155,74.384119792,6.000000,34.458333333
453.000000,2.072743265,68.096086027,74.384807931,6.000000,34.450000000
453.500000,2.079043805,68.085754804,74.385496118,6.000000,34.441666667
454.000000,2.085343679,68.075423485,74.386184354,6.000000,34.433333333
454.500000,2.091642887,68.065092071,74.386872638,6.000000,34.425000000
455.000000,2.097941427,68.054760561,74.387560971,6.000000,34.416666667
455.500000,2.104239301,68.044428955,74.388249353,6.000000,34.408333333
456.000000,2.110536509,68.034097254,74.388937784,6.000000,34.400000000
456.500000,2.116833050,68.023765457,74.389626263,6.000000,34.391666667
457.000000,2.123128924,68.013433564,74.390314791,6.000000,34.383333333
457.500000,2.129424133,68.003101576,74.391003368,6.000000,34.375000000
458.000000,2.135718675,67.992769492,74.391691993,6.000000,34.366666667
458.500000,2.142012551,67.982437313,74.392380668,6.000000,34.358333333
459.000000,2.148305761,67.972105038,74.393069391,6.000000,34.350000000
459.500000,2.154598304,67.961772667,74.393758162,6.000000,34.341666667
460.000000,2.160890182,67.951440200,74.394446983,6.000000,34.333333333
460.500000,2.167181394,67.941107638,74.395135852,6.000000,34.325000000
461.000000,2.173471940,67.930774981,74.395824769,6.000000,34.316666667
461.500000,2.179761821,67.920442227,74.396513736,6.000000,34.308333333
462.000000,2.186051035,67.910109378,74.397202751,6.000000,34.300000000
462.500000,2.192339584,67.899776433,74.397891815,6.000000,34.291666667
463.000000,2.198627468,67.889443393,74.398580928,6.000000,34.283333333
463.500000,2.204914685,67.879110256,74.399270089,6.000000,34.275000000
464.000000,2.211201238,67.868777024,74.399959299,6.000000,34.266666667
464.500000,2.217487125,67.858443697,74.400648558,6.000000,34.258333333
465.000000,2.223772347,67.848110273,74.401337865,6.000000,34.250000000
465.500000,2.230056903,67.837776754,74.402027222,6.000000,34.241666667
466.000000,2.236340795,67.827443139,74.402716627,6.000000,34.233333333
466.500000,2.242624021,67.817109429,74.403406080,6.000000,34.225000000
467.000000,2.248906582,67.806775622,74.404095583,6.000000,34.216666667
467.500000,2.255188478,67.796441720,74.404785134,6.000000,34.208333333
468.000000,2.261469709,67.786107722,74.405474734,6.000000,34.200000000
468.500000,2.267750276,67.775773629,74.406164382,6.000000,34.191666667
469.000000,2.274030177,67.765439439,74.406854080,6.000000,34.183333333
469.500000,2.280309414,67.755105154,74.407543826,6.000000,34.175000000
470.000000,2.286587986,67.744770773,74.408233621,6.000000,34.166666667
470.500000,2.292865894,67.734436296,74.408923464,6.000000,34.158333333
471.000000,2.299143137,67.724101723,74.409613356,6.000000,34.150000000
471.500000,2.305419716,67.713767055,74.410303297,6.000000,34.141666667
472.000000,2.311695630,67.703432290,74.410993287,6.000000,34.133333333
472.500000,2.317970880,67.693097430,74.411683325,6.000000,34.125000000
473.000000,2.324245466,67.682762474,74.412373413,6.000000,34.116666667
473.500000,2.330519387,67.672427422,74.413063548,6.000000,34.108333333
474.000000,2.336792645,67.662092274,74.413753733,6.000000,34.100000000
474.500000,2.343065238,67.651757031,74.414443966,6.000000,34.091666667
475.000000,2.349337167,67.641421691,74.415134249,6.000000,34.083333333
475.500000,2.355608433,67.631086256,74.415824579,6.000000,34.075000000
476.000000,2.361879034,67.620750725,74.416514959,6.000000,34.066666667
476.500000,2.368148972,67.610415098,74.417205387,6.000000,34.058333333
477.000000,2.374418246,67.600079375,74.417895864,6.000000,34.050000000
477.500000,2.380686856,67.589743556,74.418586390,6.000000,34.041666667
478.000000,2.386954803,67.579407641,74.419276964,6.000000,34.033333333
478.500000,2.393222086,67.569071631,74.419967588,6.000000,34.025000000
479.000000,2.399488706,67.558735524,74.420658260,6.000000,34.016666667
479.500000,2.405754663,67.548399321,74.421348980,6.000000,34.008333333
480.000000,2.412019956,67.538063023,74.422039750,6.000000,34.000000000
480.500000,2.418284585,67.527726628,74.422730568,6.000000,33.991666667
481.000000,2.424548552,67.517390138,74.423421435,6.000000,33.983333333
481.500000,2.430811855,67.507053552,74.424112351,6.000000,33.975000000
482.000000,2.437074496,67.496716870,74.424803315,6.000000,33.966666667
482.500000,2.443336473,67.486380091,74.425494328,6.000000,33.958333333
483.000000,2.449597787,67.476043217,74.426185390,6.000000,33.950000000
483.500000,2.455858439,67.465706247,74.426876501,6.000000,33.941666667
484.000000,2.462118428,67.455369181,74.427567660,6.000000,33.933333333
484.500000,2.468377754,67.445032019,74.428258868,6.000000,33.925000000
485.000000,2.474636417,67.434694760,74.428950125,6.000000,33.916666667
485.500000,2.480894418,67.424357406,74.429641431,6.000000,33.908333333
486.000000,2.487151756,67.414019956,74.430332785,6.000000,33.900000000
486.500000,2.493408432,67.403682410,74.431024188,6.000000,33.891666667
487.000000,2.499664445,67.393344768,74.431715640,6.000000,33.883333333
487.500000,2.505919796,67.383007029,74.432407141,6.000000,33.875000000
488.000000,2.512174484,67.372669195,74.433098690,6.000000,33.866666667
488.500000,2.518428511,67.362331265,74.433790288,6.000000,33.858333333
489.000000,2.524681875,67.351993238,74.434481935,6.000000,33.850000000
489.500000,2.530934577,67.341655116,74.435173631,6.000000,33.841666667
490.000000,2.537186618,67.331316897,74.435865375,6.000000,33.833333333
490.500000,2.543437996,67.320978582,74.436557168,6.000000,33.825000000
491.000000,2.549688712,67.310640172,74.437249010,6.000000,33.816666667
491.500000,2.555938767,67.300301665,74.437940901,6.000000,33.808333333
492.000000,2.562188159,67.289963062,74.438632840,6.000000,33.800000000
492.500000,2.568436890,67.279624363,74.439324828,6.000000,33.791666667
493.000000,2.574684960,67.269285568,74.440016865,6.000000,33.783333333
493.500000,2.580932368,67.258946677,74.440708951,6.000000,33.775000000
494.000000,2.587179114,67.248607689,74.441401085,6.000000,33.766666667
494.500000,2.593425199,67.238268606,74.442093268,6.000000,33.758333333
495.000000,2.599670623,67.227929426,74.442785500,6.000000,33.750000000
495.500000,2.605915385,67.217590150,74.443477781,6.000000,33.741666667
496.000000,2.612159486,67.207250778,74.444170110,6.000000,33.733333333
496.500000,2.618402926,67.196911310,74.444862489,6.000000,33.725000000
497.000000,2.624645705,67.186571746,74.445554915,6.000000,33.716666667
497.500000,2.630887823,67.176232086,74.446247391,6.000000,33.708333333
498.000000,2.637129280,67.165892329,74.446939916,6.000000,33.700000000
498.500000,2.643370076,67.155552476,74.447632489,6.000000,33.691666667
499.000000,2.649610211,67.145212527,74.448325111,6.000000,33.683333333
499.500000,2.655849685,67.134872482,74.449017782,6.000000,33.675000000
500.000000,2.662088499,67.124532341,74.449710501,6.000000,33.666666667
500.500000,2.668326652,67.114192103,74.450403269,6.000000,33.658333333
501.000000,2.674564144,67.103851770,74.451096086,6.000000,33.650000000
501.500000,2.680800976,67.093511340,74.451788952,6.000000,33.641666667
502.000000,2.687037147,67.083170813,74.452481867,6.000000,33.633333333
502.500000,2.693272658,67.072830191,74.453174830,6.000000,33.625000000
503.000000,2.699507509,67.062489472,74.453867842,6.000000,33.616666667
503.500000,2.705741700,67.052148657,74.454560903,6.000000,33.608333333
504.000000,2.711975230,67.041807746,74.455254013,6.000000,33.600000000
504.500000,2.718208100,67.031466738,74.455947171,6.000000,33.591666667
505.000000,2.724440311,67.021125635,74.456640379,6.000000,33.583333333
505.500000,2.730671861,67.010784435,74.457333634,6.000000,33.575000000
506.000000,2.736902751,67.000443138,74.458026939,6.000000,33.566666667
506.500000,2.743132981,66.990101746,74.458720293,6.000000,33.558333333
507.000000,2.749362552,66.979760257,74.459413695,6.000000,33.550000000
507.500000,2.755591463,66.969418671,74.460107146,6.000000,33.541666667
508.000000,2.761819714,66.959076990,74.460800646,6.000000,33.533333333
508.500000,2.768047306,66.948735212,74.461494194,6.000000,33.525000000
509.000000,2.774274238,66.938393338,74.462187792,6.000000,33.516666667
509.500000,2.780500511,66.928051367,74.462881438,6.000000,33.508333333
510.000000,2.786726124,66.917709300,74.463575133,6.000000,33.500000000
510.500000,2.792951078,66.907367137,74.464268877,6.000000,33.491666667
511.000000,2.799175373,66.897024878,74.464962669,6.000000,33.483333333
511.500000,2.805399008,66.886682522,74.465656510,6.000000,33.475000000
512.000000,2.811621985,66.876340069,74.466350400,6.000000,33.466666667
512.500000,2.817844302,66.865997521,74.467044339,6.000000,33.458333333
513.000000,2.824065960,66.855654876,74.467738327,6.000000,33.450000000
513.500000,2.830286960,66.845312134,74.468432363,6.000000,33.441666667
514.000000,2.836507300,66.834969296,74.469126448,6.000000,33.433333333
514.500000,2.842726982,66.824626362,74.469820582,6.000000,33.425000000
515.000000,2.848946005,66.814283332,74.470514765,6.000000,33.416666667
515.500000,2.855164369,66.803940205,74.471208997,6.000000,33.408333333
516.000000,2.861382075,66.793596981,74.471903277,6.000000,33.400000000
516.500000,2.867599122,66.783253661,74.472597606,6.000000,33.391666667
517.000000,2.873815511,66.772910245,74.473291984,6.000000,33.383333333
517.500000,2.880031241,66.762566732,74.473986410,6.000000,33.375000000
518.000000,2.886246313,66.752223123,74.474680886,6.000000,33.366666667
518.500000,2.892460727,66.741879417,74.475375410,6.000000,33.358333333
519.000000,2.898674482,66.731535615,74.476069983,6.000000,33.350000000
519.500000,2.904887579,66.721191716,74.476764605,6.000000,33.341666667
520.000000,2.911100019,66.710847721,74.477459275,6.000000,33.333333333
520.500000,2.917311800,66.700503630,74.478153995,6.000000,33.325000000
521.000000,2.923522923,66.690159442,74.478848763,6.000000,33.316666667
521.500000,2.929733388,66.679815157,74.479543580,6.000000,33.308333333
522.000000,2.935943196,66.669470776,74.480238446,6.000000,33.300000000
522.500000,2.942152346,66.659126299,74.480933360,6.000000,33.291666667
523.000000,2.948360838,66.648781724,74.481628323,6.000000,33.283333333
523.500000,2.954568672,66.638437054,74.482323336,6.000000,33.275000000
524.000000,2.960775849,66.628092287,74.483018396,6.000000,33.266666667
524.500000,2.966982368,66.617747423,74.483713506,6.000000,33.258333333
525.000000,2.973188230,66.607402463,74.484408665,6.000000,33.250000000
525.500000,2.979393435,66.597057406,74.485103872,6.000000,33.241666667
526.000000,2.985597982,66.586712253,74.485799128,6.000000,33.233333333
526.500000,2.991801872,66.576367003,74.486494433,6.000000,33.225000000
527.000000,2.998005105,66.566021656,74.487189787,6.000000,33.216666667
527.500000,3.004207681,66.555676213,74.487885189,6.000000,33.208333333
528.000000,3.010409599,66.545330674,74.488580640,6.000000,33.200000000
528.500000,3.016610861,66.534985038,74.489276140,6.000000,33.191666667
529.000000,3.022811466,66.524639305,74.489971689,6.000000,33.183333333
529.500000,3.029011414,66.514293475,74.490667287,6.000000,33.175000000
530.000000,3.035210705,66.503947549,74.491362933,6.000000,33.166666667
530.500000,3.041409340,66.493601527,74.492058629,6.000000,33.158333333
531.000000,3.047607318,66.483255408,74.492754373,6.000000,33.150000000
531.500000,3.053804639,66.472909192,74.493450166,6.000000,33.141666667
532.000000,3.060001304,66.462562879,74.494146007,6.000000,33.133333333
532.500000,3.066197312,66.452216470,74.494841898,6.000000,33.125000000
533.000000,3.072392664,66.441869964,74.495537837,6.000000,33.116666667
533.500000,3.078587359,66.431523362,74.496233825,6.000000,33.108333333
534.000000,3.084781399,66.421176663,74.496929862,6.000000,33.100000000
534.500000,3.090974782,66.410829867,74.497625948,6.000000,33.091666667
535.000000,3.097167509,66.400482974,74.498322082,6.000000,33.083333333
535.500000,3.103359580,66.390135985,74.499018266,6.000000,33.075000000
536.000000,3.109550995,66.379788899,74.499714498,6.000000,33.066666667
536.500000,3.115741754,66.369441717,74.500410779,6.000000,33.058333333
537.000000,3.121931857,66.359094437,74.501107109,6.000000,33.050000000
537.500000,3.128121304,66.348747061,74.501803487,6.000000,33.041666667
538.000000,3.134310096,66.338399589,74.502499915,6.000000,33.033333333
538.500000,3.140498232,66.328052019,74.503196391,6.000000,33.025000000
539.000000,3.146685712,66.317704353,74.503892916,6.000000,33.016666667
539.500000,3.152872537,66.307356590,74.504589490,6.000000,33.008333333
540.000000,3.159058706,66.297008730,82.558471678,6.000000,33.000000000
540.500000,3.165042717,66.285542276,82.559373021,6.000000,32.988888889
541.000000,3.171026014,66.274075697,82.560274428,6.000000,32.977777778
541.500000,3.177008595,66.262608992,82.561175902,6.000000,32.966666667
542.000000,3.182990463,66.251142162,82.562077440,6.000000,32.955555556
542.500000,3.188971616,66.239675207,82.562979044,6.000000,32.944444444
543.000000,3.194952054,66.228208126,82.563880714,6.000000,32.933333333
543.500000,3.200931779,66.216740920,82.564782449,6.000000,32.922222222
544.000000,3.206910789,66.205273590,82.565684249,6.000000,32.911111111
544.500000,3.212889086,66.193806133,82.566586115,6.000000,32.900000000
545.000000,3.218866668,66.182338552,82.567488046,6.000000,32.888888889
545.500000,3.224843537,66.170870845,82.568390043,6.000000,32.877777778
546.000000,3.230819691,66.159403013,82.569292105,6.000000,32.866666667
546.500000,3.236795133,66.147935056,82.570194233,6.000000,32.855555556
547.000000,3.242769860,66.136466974,82.571096426,6.000000,32.844444444
547.500000,3.248743874,66.124998766,82.571998684,6.000000,32.833333333
548.000000,3.254717174,66.113530433,82.572901008,6.000000,32.822222222
548.500000,3.260689761,66.102061974,82.573803397,6.000000,32.811111111
549.000000,3.266661635,66.090593390,82.574705852,6.000000,32.800000000
549.500000,3.272632795,66.079124681,82.575608372,6.000000,32.788888889
550.000000,3.278603243,66.067655847,82.576510957,6.000000,32.777777778
550.500000,3.284572977,66.056186887,82.577413608,6.000000,32.766666667
551.000000,3.290541998,66.044717802,82.578316325,6.000000,32.755555556
551.500000,3.296510306,66.033248591,82.579219107,6.000000,32.744444444
552.000000,3.302477902,66.021779255,82.580121954,6.000000,32.733333333
552.500000,3.308444784,66.010309794,82.581024867,6.000000,32.722222222
553.000000,3.314410954,65.998840207,82.581927845,6.000000,32.711111111
553.500000,3.320376412,65.987370495,82.582830889,6.000000,32.700000000
554.000000,3.326341157,65.975900657,82.583733998,6.000000,32.688888889
554.500000,3.332305189,65.964430694,82.584637173,6.000000,32.677777778
555.000000,3.338268509,65.952960606,82.585540413,6.000000,32.666666667
555.500000,3.344231117,65.941490392,82.586443718,6.000000,32.655555556
556.000000,3.350193013,65.930020052,82.587347089,6.000000,32.644444444
556.500000,3.356154196,65.918549587,82.588250526,6.000000,32.633333333
557.000000,3.362114668,65.907078997,82.589154028,6.000000,32.622222222
557.500000,3.368074427,65.895608281,82.590057595,6.000000,32.611111111
558.000000,3.374033475,65.884137440,82.590961228,6.000000,32.600000000
558.500000,3.379991811,65.872666473,82.591864926,6.000000,32.588888889
559.000000,3.385949435,65.861195381,82.592768690,6.000000,32.577777778
559.500000,3.391906347,65.849724163,82.593672519,6.000000,32.566666667
560.000000,3.397862548,65.838252819,82.594576414,6.000000,32.555555556
560.500000,3.403818038,65.826781350,82.595480374,6.000000,32.544444444
561.000000,3.409772816,65.815309756,82.596384400,6.000000,32.533333333
561.500000,3.415726882,65.803838036,82.597288491,6.000000,32.522222222
562.000000,3.421680238,65.792366190,82.598192648,6.000000,32.511111111
562.500000,3.427632882,65.780894219,82.599096870,6.000000,32.500000000
563.000000,3.433584815,65.769422122,82.600001157,6.000000,32.488888889
563.500000,3.439536038,65.757949900,82.600905511,6.000000,32.477777778
564.000000,3.445486549,65.746477552,82.601809929,6.000000,32.466666667
564.500000,3.451436349,65.735005078,82.602714413,6.000000,32.455555556
565.000000,3.457385439,65.723532479,82.603618963,6.000000,32.444444444
565.500000,3.463333818,65.712059754,82.604523578,6.000000,32.433333333
566.000000,3.469281486,65.700586904,82.605428258,6.000000,32.422222222
566.500000,3.475228444,65.689113927,82.606333004,6.000000,32.411111111
567.000000,3.481174691,65.677640826,82.607237815,6.000000,32.400000000
567.500000,3.487120229,65.666167598,82.608142692,6.000000,32.388888889
568.000000,3.493065055,65.654694245,82.609047635,6.000000,32.377777778
568.500000,3.499009172,65.643220766,82.609952643,6.000000,32.366666667
569.000000,3.504952578,65.631747162,82.610857716,6.000000,32.355555556
569.500000,3.510895274,65.620273431,82.611762855,6.000000,32.344444444
570.000000,3.516837261,65.608799575,82.612668060,6.000000,32.333333333
570.500000,3.522778537,65.597325594,82.613573330,6.000000,32.322222222
571.000000,3.528719104,65.585851486,82.614478665,6.000000,32.311111111
571.500000,3.534658961,65.574377253,82.615384066,6.000000,32.300000000
572.000000,3.540598108,65.562902894,82.616289532,6.000000,32.288888889
572.500000,3.546536546,65.551428410,82.617195064,6.000000,32.277777778
573.000000,3.552474274,65.539953799,82.618100662,6.000000,32.266666667
573.500000,3.558411293,65.528479063,82.619006325,6.000000,32.255555556
574.000000,3.564347602,65.517004201,82.619912053,6.000000,32.244444444
574.500000,3.570283203,65.505529213,82.620817847,6.000000,32.233333333
575.000000,3.576218094,65.494054100,82.621723707,6.000000,32.222222222
575.500000,3.582152275,65.482578860,82.622629632,6.000000,32.211111111
576.000000,3.588085748,65.471103495,82.623535622,6.000000,32.200000000
576.500000,3.594018512,65.459628004,82.624441678,6.000000,32.188888889
577.000000,3.599950567,65.448152387,82.625347800,6.000000,32.177777778
577.500000,3.605881914,65.436676644,82.626253987,6.000000,32.166666667
578.000000,3.611812551,65.425200776,82.627160239,6.000000,32.155555556
578.500000,3.617742480,65.413724781,82.628066557,6.000000,32.144444444
579.000000,3.623671701,65.402248661,82.628972941,6.000000,32.133333333
579.500000,3.629600213,65.390772415,82.629879390,6.000000,32.122222222
580.000000,3.635528016,65.379296043,82.630785905,6.000000,32.111111111
580.500000,3.641455112,65.367819545,82.631692485,6.000000,32.100000000
581.000000,3.647381499,65.356342921,82.632599131,6.000000,32.088888889
581.500000,3.653307178,65.344866171,82.633505842,6.000000,32.077777778
582.000000,3.659232148,65.333389295,82.634412619,6.000000,32.066666667
582.500000,3.665156411,65.321912293,82.635319461,6.000000,32.055555556
583.000000,3.671079966,65.310435165,82.636226369,6.000000,32.044444444
583.500000,3.677002813,65.298957912,82.637133343,6.000000,32.033333333
584.000000,3.682924953,65.287480532,82.638040382,6.000000,32.022222222
584.500000,3.688846384,65.276003027,82.638947486,6.000000,32.011111111
585.000000,3.694767109,65.264525395,82.639854656,6.000000,32.000000000
585.500000,3.700687125,65.253047637,82.640761892,6.000000,31.988888889
586.000000,3.706606434,65.241569754,82.641669193,6.000000,31.977777778
586.500000,3.712525036,65.230091744,82.642576559,6.000000,31.966666667
587.000000,3.718442931,65.218613608,82.643483992,6.000000,31.955555556
587.500000,3.724360118,65.207135347,82.644391489,6.000000,31.944444444
588.000000,3.730276598,65.195656959,82.645299053,6.000000,31.933333333
588.500000,3.736192371,65.184178445,82.646206682,6.000000,31.922222222
589.000000,3.742107437,65.172699806,82.647114376,6.000000,31.911111111
589.500000,3.748021797,65.161221040,82.648022136,6.000000,31.900000000
590.000000,3.753935449,65.149742148,82.648929962,6.000000,31.888888889
590.500000,3.759848395,65.138263130,82.649837853,6.000000,31.877777778
591.000000,3.765760634,65.126783985,82.650745809,6.000000,31.866666667
591.500000,3.771672167,65.115304715,82.651653831,6.000000,31.855555556
592.000000,3.777582993,65.103825319,82.652561919,6.000000,31.844444444
592.500000,3.783493113,65.092345796,82.653470072,6.000000,31.833333333
593.000000,3.789402526,65.080866148,82.654378291,6.000000,31.822222222
593.500000,3.795311233,65.069386373,82.655286576,6.000000,31.811111111
594.000000,3.801219234,65.057906472,82.656194926,6.000000,31.800000000
594.500000,3.807126529,65.046426445,82.657103341,6.000000,31.788888889
595.000000,3.813033118,65.034946292,82.658011823,6.000000,31.777777778
595.500000,3.818939001,65.023466012,82.658920369,6.000000,31.766666667
596.000000,3.824844178,65.011985607,82.659828982,6.000000,31.755555556
596.500000,3.830748649,65.000505075,82.660737659,6.000000,31.744444444
597.000000,3.836652414,64.989024417,82.661646403,6.000000,31.733333333
597.500000,3.842555474,64.977543633,82.662555212,6.000000,31.722222222
598.000000,3.848457829,64.966062722,82.663464087,6.000000,31.711111111
598.500000,3.854359478,64.954581686,82.664373027,6.000000,31.700000000
599.000000,3.860260421,64.943100523,82.665282032,6.000000,31.688888889
599.500000,3.866160660,64.931619233,82.666191104,6.000000,31.677777778
600.000000,3.872060193,64.920137818,82.667100241,6.000000,31.666666667
600.500000,3.877959021,64.908656276,82.668009443,6.000000,31.655555556
601.000000,3.883857144,64.897174608,82.668918711,6.000000,31.644444444
601.500000,3.889754561,64.885692814,82.669828045,6.000000,31.633333333
602.000000,3.895651274,64.874210894,82.670737444,6.000000,31.622222222
602.500000,3.901547282,64.862728847,82.671646909,6.000000,31.611111111
603.000000,3.907442586,64.851246674,82.672556440,6.000000,31.600000000
603.500000,3.913337185,64.839764374,82.673466036,6.000000,31.588888889
604.000000,3.919231079,64.828281948,82.674375697,6.000000,31.577777778
604.500000,3.925124268,64.816799396,82.675285425,6.000000,31.566666667
605.000000,3.931016753,64.805316717,82.676195217,6.000000,31.555555556
605.500000,3.936908534,64.793833913,82.677105076,6.000000,31.544444444
606.000000,3.942799611,64.782350981,82.678015000,6.000000,31.533333333
606.500000,3.948689983,64.770867924,82.678924990,6.000000,31.522222222
607.000000,3.954579651,64.759384740,82.679835045,6.000000,31.511111111
607.500000,3.960468616,64.747901429,82.680745166,6.000000,31.500000000
608.000000,3.966356876,64.736417992,82.681655352,6.000000,31.488888889
608.500000,3.972244432,64.724934429,82.682565604,6.000000,31.477777778
609.000000,3.978131285,64.713450739,82.683475922,6.000000,31.466666667
609.500000,3.984017433,64.701966923,82.684386305,6.000000,31.455555556
610.000000,3.989902879,64.690482981,82.685296754,6.000000,31.444444444
610.500000,3.995787620,64.678998912,82.686207269,6.000000,31.433333333
611.000000,4.001671658,64.667514716,82.687117849,6.000000,31.422222222
611.500000,4.007554993,64.656030394,82.688028495,6.000000,31.411111111
612.000000,4.013437624,64.644545946,82.688939206,6.000000,31.400000000
612.500000,4.019319552,64.633061371,82.689849983,6.000000,31.388888889
613.000000,4.025200777,64.621576670,82.690760825,6.000000,31.377777778
613.500000,4.031081299,64.610091842,82.691671734,6.000000,31.366666667
614.000000,4.036961118,64.598606887,82.692582708,6.000000,31.355555556
614.500000,4.042840234,64.587121807,82.693493747,6.000000,31.344444444
615.000000,4.048718647,64.575636599,82.694404852,6.000000,31.333333333
615.500000,4.054596357,64.564151265,82.695316023,6.000000,31.322222222
616.000000,4.060473365,64.552665805,82.696227259,6.000000,31.311111111
616.500000,4.066349670,64.541180217,82.697138561,6.000000,31.300000000
617.000000,4.072225272,64.529694504,82.698049929,6.000000,31.288888889
617.500000,4.078100172,64.518208663,82.698961362,6.000000,31.277777778
618.000000,4.083974369,64.506722697,82.699872861,6.000000,31.266666667
618.500000,4.089847865,64.495236603,82.700784426,6.000000,31.255555556
619.000000,4.095720658,64.483750383,82.701696056,6.000000,31.244444444
619.500000,4.101592748,64.472264036,82.702607752,6.000000,31.233333333
620.000000,4.107464137,64.460777563,82.703519513,6.000000,31.222222222
620.500000,4.113334824,64.449290963,82.704431340,6.000000,31.211111111
621.000000,4.119204809,64.437804237,82.705343233,6.000000,31.200000000
621.500000,4.125074092,64.426317383,82.706255191,6.000000,31.188888889
622.000000,4.130942673,64.414830403,82.707167215,6.000000,31.177777778
622.500000,4.136810552,64.403343297,82.708079305,6.000000,31.166666667
623.000000,4.142677730,64.391856064,82.708991460,6.000000,31.155555556
623.500000,4.148544207,64.380368704,82.709903681,6.000000,31.144444444
624.000000,4.154409982,64.368881217,82.710815968,6.000000,31.133333333
624.500000,4.160275055,64.357393604,82.711728320,6.000000,31.122222222
625.000000,4.166139428,64.345905864,82.712640738,6.000000,31.111111111
625.500000,4.172003099,64.334417997,82.713553222,6.000000,31.100000000
626.000000,4.177866069,64.322930003,82.714465771,6.000000,31.088888889
626.500000,4.183728338,64.311441883,82.715378386,6.000000,31.077777778
627.000000,4.189589906,64.299953636,82.716291067,6.000000,31.066666667
627.500000,4.195450773,64.288465262,82.717203813,6.000000,31.055555556
628.000000,4.201310939,64.276976762,82.718116625,6.000000,31.044444444
628.500000,4.207170404,64.265488135,82.719029503,6.000000,31.033333333
629.000000,4.213029169,64.253999381,82.719942446,6.000000,31.022222222
629.500000,4.218887233,64.242510500,82.720855455,6.000000,31.011111111
630.000000,4.224744597,64.231021492,82.721768530,6.000000,31.000000000
630.500000,4.230601260,64.219532357,82.722681670,6.000000,30.988888889
631.000000,4.236457223,64.208043096,82.723594876,6.000000,30.977777778
631.500000,4.242312486,64.196553708,82.724508147,6.000000,30.966666667
632.000000,4.248167049,64.185064193,82.725421485,6.000000,30.955555556
632.500000,4.254020911,64.173574551,82.726334888,6.000000,30.944444444
633.000000,4.259874073,64.162084782,82.727248356,6.000000,30.933333333
633.500000,4.265726536,64.150594887,82.728161891,6.000000,30.922222222
634.000000,4.271578298,64.139104864,82.729075491,6.000000,30.911111111
634.500000,4.277429361,64.127614715,82.729989156,6.000000,30.900000000
635.000000,4.283279724,64.116124439,82.730902888,6.000000,30.888888889
635.500000,4.289129387,64.104634035,82.731816685,6.000000,30.877777778
636.000000,4.294978351,64.093143505,82.732730548,6.000000,30.866666667
636.500000,4.300826615,64.081652848,82.733644476,6.000000,30.855555556
637.000000,4.306674180,64.070162064,82.734558470,6.000000,30.844444444
637.500000,4.312521046,64.058671153,82.735472530,6.000000,30.833333333
638.000000,4.318367212,64.047180116,82.736386656,6.000000,30.822222222
638.500000,4.324212679,64.035688951,82.737300847,6.000000,30.811111111
639.000000,4.330057447,64.024197659,82.738215104,6.000000,30.800000000
639.500000,4.335901516,64.012706240,82.739129427,6.000000,30.788888889
640.000000,4.341744886,64.001214694,82.740043815,6.000000,30.777777778
640.500000,4.347587557,63.989723022,82.740958269,6.000000,30.766666667
641.000000,4.353429530,63.978231222,82.741872789,6.000000,30.755555556
641.500000,4.359270804,63.966739295,82.742787374,6.000000,30.744444444
642.000000,4.365111379,63.955247241,82.743702025,6.000000,30.733333333
642.500000,4.370951255,63.943755061,82.744616742,6.000000,30.722222222
643.000000,4.376790433,63.932262753,82.745531525,6.000000,30.711111111
643.500000,4.382628913,63.920770318,82.746446373,6.000000,30.700000000
644.000000,4.388466694,63.909277756,82.747361287,6.000000,30.688888889
644.500000,4.394303777,63.897785067,82.748276267,6.000000,30.677777778
645.000000,4.400140162,63.886292250,82.749191312,6.000000,30.666666667
645.500000,4.405975849,63.874799307,82.750106423,6.000000,30.655555556
646.000000,4.411810838,63.863306237,82.751021600,6.000000,30.644444444
646.500000,4.417645129,63.851813039,82.751936843,6.000000,30.633333333
647.000000,4.423478722,63.840319715,82.752852151,6.000000,30.622222222
647.500000,4.429311618,63.828826263,82.753767525,6.000000,30.611111111
648.000000,4.435143815,63.817332684,82.754682965,6.000000,30.600000000
648.500000,4.440975315,63.805838978,82.755598470,6.000000,30.588888889
649.000000,4.446806118,63.794345145,82.756514042,6.000000,30.577777778
649.500000,4.452636223,63.782851185,82.757429679,6.000000,30.566666667
650.000000,4.458465630,63.771357098,82.758345381,6.000000,30.555555556
650.500000,4.464294341,63.759862883,82.759261150,6.000000,30.544444444
651.000000,4.470122354,63.748368541,82.760176984,6.000000,30.533333333
651.500000,4.475949670,63.736874072,82.761092884,6.000000,30.522222222
652.000000,4.481776289,63.725379476,82.762008849,6.000000,30.511111111
652.500000,4.487602211,63.713884752,82.762924881,6.000000,30.500000000
653.000000,4.493427436,63.702389902,82.763840978,6.000000,30.488888889
653.500000,4.499251964,63.690894924,82.764757140,6.000000,30.477777778
654.000000,4.505075796,63.679399819,82.765673369,6.000000,30.466666667
654.500000,4.510898930,63.667904586,82.766589663,6.000000,30.455555556
655.000000,4.516721369,63.656409227,82.767506023,6.000000,30.444444444
655.500000,4.522543110,63.644913740,82.768422449,6.000000,30.433333333
656.000000,4.528364155,63.633418125,82.769338941,6.000000,30.422222222
656.500000,4.534184504,63.621922384,82.770255498,6.000000,30.411111111
657.000000,4.540004157,63.610426515,82.771172121,6.000000,30.400000000
657.500000,4.545823113,63.598930519,82.772088810,6.000000,30.388888889
658.000000,4.551641373,63.587434395,82.773005564,6.000000,30.377777778
658.500000,4.557458938,63.575938145,82.773922385,6.000000,30.366666667
659.000000,4.563275806,63.564441767,82.774839271,6.000000,30.355555556
659.500000,4.569091978,63.552945261,82.775756223,6.000000,30.344444444
660.000000,4.574907455,63.541448628,82.776673240,6.000000,30.333333333
660.500000,4.580722235,63.529951868,82.777590324,6.000000,30.322222222
661.000000,4.586536320,63.518454981,82.778507473,6.000000,30.311111111
661.500000,4.592349710,63.506957966,82.779424688,6.000000,30.300000000
662.000000,4.598162404,63.495460823,82.780341968,6.000000,30.288888889
662.500000,4.603974402,63.483963554,82.781259315,6.000000,30.277777778
663.000000,4.609785706,63.472466157,82.782176727,6.000000,30.266666667
663.500000,4.615596313,63.460968632,82.783094205,6.000000,30.255555556
664.000000,4.621406226,63.449470980,82.784011748,6.000000,30.244444444
664.500000,4.627215444,63.437973201,82.784929358,6.000000,30.233333333
665.000000,4.633023966,63.426475294,82.785847033,6.000000,30.222222222
665.500000,4.638831794,63.414977259,82.786764774,6.000000,30.211111111
666.000000,4.644638927,63.403479098,82.787682581,6.000000,30.200000000
666.500000,4.650445364,63.391980808,82.788600454,6.000000,30.188888889
667.000000,4.656251108,63.380482392,82.789518392,6.000000,30.177777778
667.500000,4.662056156,63.368983847,82.790436396,6.000000,30.166666667
668.000000,4.667860510,63.357485176,82.791354466,6.000000,30.155555556
668.500000,4.673664170,63.345986377,82.792272602,6.000000,30.144444444
669.000000,4.679467135,63.334487450,82.793190803,6.000000,30.133333333
669.500000,4.685269405,63.322988395,82.794109071,6.000000,30.122222222
670.000000,4.691070982,63.311489214,82.795027404,6.000000,30.111111111
670.500000,4.696871864,63.299989904,82.795945803,6.000000,30.100000000
671.000000,4.702672052,63.288490467,82.796864268,6.000000,30.088888889
671.500000,4.708471546,63.276990903,82.797782798,6.000000,30.077777778
672.000000,4.714270346,63.265491211,82.798701394,6.000000,30.066666667
672.500000,4.720068452,63.253991391,82.799620056,6.000000,30.055555556
673.000000,4.725865865,63.242491444,82.800538784,6.000000,30.044444444
673.500000,4.731662584,63.230991369,82.801457578,6.000000,30.033333333
674.000000,4.737458609,63.219491167,82.802376437,6.000000,30.022222222
674.500000,4.743253940,63.207990837,82.803295363,6.000000,30.011111111
675.000000,4.749048578,63.196490379,82.804214354,6.000000,30.000000000
675.500000,4.754842523,63.184989794,82.805133411,6.000000,29.988888889
676.000000,4.760635774,63.173489081,82.806052533,6.000000,29.977777778
676.500000,4.766428332,63.161988240,82.806971722,6.000000,29.966666667
677.000000,4.772220197,63.150487272,82.807890976,6.000000,29.955555556
677.500000,4.778011369,63.138986176,82.808810296,6.000000,29.944444444
678.000000,4.783801848,63.127484952,82.809729682,6.000000,29.933333333
678.500000,4.789591633,63.115983601,82.810649134,6.000000,29.922222222
679.000000,4.795380726,63.104482122,82.811568652,6.000000,29.911111111
679.500000,4.801169126,63.092980515,82.812488235,6.000000,29.900000000
680.000000,4.806956834,63.081478780,82.813407884,6.000000,29.888888889
680.500000,4.812743849,63.069976918,82.814327599,6.000000,29.877777778
681.000000,4.818530171,63.058474928,82.815247380,6.000000,29.866666667
681.500000,4.824315800,63.046972811,82.816167227,6.000000,29.855555556
682.000000,4.830100738,63.035470565,82.817087140,6.000000,29.844444444
682.500000,4.835884983,63.023968192,82.818007118,6.000000,29.833333333
683.000000,4.841668536,63.012465691,82.818927162,6.000000,29.822222222
683.500000,4.847451396,63.000963062,82.819847272,6.000000,29.811111111
684.000000,4.853233565,62.989460306,82.820767448,6.000000,29.800000000
684.500000,4.859015041,62.977957421,82.821687690,6.000000,29.788888889
685.000000,4.864795826,62.966454409,82.822607997,6.000000,29.777777778
685.500000,4.870575918,62.954951269,82.823528371,6.000000,29.766666667
686.000000,4.876355319,62.943448001,82.824448810,6.000000,29.755555556
686.500000,4.882134028,62.931944606,82.825369315,6.000000,29.744444444
687.000000,4.887912046,62.920441082,82.826289886,6.000000,29.733333333
687.500000,4.893689372,62.908937431,82.827210522,6.000000,29.722222222
688.000000,4.899466006,62.897433651,82.828131225,6.000000,29.711111111
688.500000,4.905241950,62.885929744,82.829051993,6.000000,29.700000000
689.000000,4.911017201,62.874425709,82.829972828,6.000000,29.688888889
689.500000,4.916791762,62.862921546,82.830893728,6.000000,29.677777778
690.000000,4.922565631,62.851417256,82.831814694,6.000000,29.666666667
690.500000,4.928338810,62.839912837,82.832735726,6.000000,29.655555556
691.000000,4.934111297,62.828408290,82.833656823,6.000000,29.644444444
691.500000,4.939883093,62.816903616,82.834577987,6.000000,29.633333333
692.000000,4.945654199,62.805398813,82.835499216,6.000000,29.622222222
692.500000,4.951424613,62.793893883,82.836420511,6.000000,29.611111111
693.000000,4.957194337,62.782388824,82.837341872,6.000000,29.600000000
693.500000,4.962963371,62.770883638,82.838263299,6.000000,29.588888889
694.000000,4.968731714,62.759378324,82.839184792,6.000000,29.577777778
694.500000,4.974499366,62.747872881,82.840106351,6.000000,29.566666667
695.000000,4.980266328,62.736367311,82.841027975,6.000000,29.555555556
695.500000,4.986032600,62.724861613,82.841949666,6.000000,29.544444444
696.000000,4.991798181,62.713355786,82.842871422,6.000000,29.533333333
696.500000,4.997563072,62.701849832,82.843793244,6.000000,29.522222222
697.000000,5.003327274,62.690343750,82.844715132,6.000000,29.511111111
697.500000,5.009090785,62.678837539,82.845637086,6.000000,29.500000000
698.000000,5.014853606,62.667331201,82.846559106,6.000000,29.488888889
698.500000,5.020615738,62.655824734,82.847481192,6.000000,29.477777778
699.000000,5.026377179,62.644318140,82.848403343,6.000000,29.466666667
699.500000,5.032137931,62.632811417,82.849325561,6.000000,29.455555556
700.000000,5.037897993,62.621304566,82.850247844,6.000000,29.444444444
700.500000,5.043657366,62.609797587,82.851170193,6.000000,29.433333333
701.000000,5.049416049,62.598290480,82.852092608,6.000000,29.422222222
701.500000,5.055174043,62.586783245,82.853015089,6.000000,29.411111111
702.000000,5.060931348,62.575275882,82.853937636,6.000000,29.400000000
702.500000,5.066687963,62.563768391,82.854860249,6.000000,29.388888889
703.000000,5.072443889,62.552260771,82.855782928,6.000000,29.377777778
703.500000,5.078199127,62.540753024,82.856705672,6.000000,29.366666667
704.000000,5.083953675,62.529245148,82.857628483,6.000000,29.355555556
704.500000,5.089707534,62.517737144,82.858551359,6.000000,29.344444444
705.000000,5.095460704,62.506229012,82.859474301,6.000000,29.333333333
705.500000,5.101213186,62.494720751,82.860397309,6.000000,29.322222222
706.000000,5.106964979,62.483212363,82.861320383,6.000000,29.311111111
706.500000,5.112716083,62.471703846,82.862243523,6.000000,29.300000000
707.000000,5.118466499,62.460195201,82.863166729,6.000000,29.288888889
707.500000,5.124216226,62.448686428,82.864090001,6.000000,29.277777778
708.000000,5.129965265,62.437177527,82.865013338,6.000000,29.266666667
708.500000,5.135713615,62.425668497,82.865936742,6.000000,29.255555556
709.000000,5.141461278,62.414159339,82.866860211,6.000000,29.244444444
709.500000,5.147208252,62.402650053,82.867783747,6.000000,29.233333333
710.000000,5.152954538,62.391140639,82.868707348,6.000000,29.222222222
710.500000,5.158700136,62.379631096,82.869631015,6.000000,29.211111111
711.000000,5.164445046,62.368121425,82.870554748,6.000000,29.200000000
711.500000,5.170189268,62.356611626,82.871478547,6.000000,29.188888889
712.000000,5.175932803,62.345101698,82.872402412,6.000000,29.177777778
712.500000,5.181675650,62.333591642,82.873326343,6.000000,29.166666667
713.000000,5.187417809,62.322081458,82.874250340,6.000000,29.155555556
713.500000,5.193159280,62.310571145,82.875174402,6.000000,29.144444444
714.000000,5.198900065,62.299060704,82.876098531,6.000000,29.133333333
714.500000,5.204640161,62.287550135,82.877022726,6.000000,29.122222222
715.000000,5.210379571,62.276039438,82.877946986,6.000000,29.111111111
715.500000,5.216118293,62.264528612,82.878871313,6.000000,29.100000000
716.000000,5.221856328,62.253017657,82.879795705,6.000000,29.088888889
716.500000,5.227593676,62.241506575,82.880720163,6.000000,29.077777778
717.000000,5.233330337,62.229995363,82.881644687,6.000000,29.066666667
717.500000,5.239066311,62.218484024,82.882569278,6.000000,29.055555556
718.000000,5.244801599,62.206972556,82.883493934,6.000000,29.044444444
718.500000,5.250536199,62.195460960,82.884418656,6.000000,29.033333333
719.000000,5.256270113,62.183949235,82.885343444,6.000000,29.022222222
719.500000,5.262003340,62.172437382,82.886268297,6.000000,29.011111111
720.000000,5.267735881,62.160925400,82.887193217,6.000000,29.000000000
720.500000,5.273467735,62.149413290,82.888118203,6.000000,28.988888889
721.000000,5.279198903,62.137901051,82.889043255,6.000000,28.977777778
721.500000,5.284929384,62.126388684,82.889968373,6.000000,28.966666667
722.000000,5.290659179,62.114876188,82.890893556,6.000000,28.955555556
722.500000,5.296388288,62.103363564,82.891818806,6.000000,28.944444444
723.000000,5.302116711,62.091850812,82.892744121,6.000000,28.933333333
723.500000,5.307844448,62.080337930,82.893669503,6.000000,28.922222222
724.000000,5.313571499,62.068824921,82.894594950,6.000000,28.911111111
724.500000,5.319297864,62.057311783,82.895520464,6.000000,28.900000000
725.000000,5.325023544,62.045798516,82.896446043,6.000000,28.888888889
725.500000,5.330748538,62.034285121,82.897371688,6.000000,28.877777778
726.000000,5.336472846,62.022771597,82.898297400,6.000000,28.866666667
726.500000,5.342196468,62.011257944,82.899223177,6.000000,28.855555556
727.000000,5.347919405,61.999744163,82.900149020,6.000000,28.844444444
727.500000,5.353641657,61.988230254,82.901074929,6.000000,28.833333333
728.000000,5.359363223,61.976716216,82.902000905,6.000000,28.822222222
728.500000,5.365084104,61.965202049,82.902926946,6.000000,28.811111111
729.000000,5.370804300,61.953687753,82.903853053,6.000000,28.800000000
729.500000,5.376523811,61.942173329,82.904779226,6.000000,28.788888889
730.000000,5.382242637,61.930658777,82.905705465,6.000000,28.777777778
730.500000,5.387960778,61.919144095,82.906631770,6.000000,28.766666667
731.000000,5.393678234,61.907629285,82.907558141,6.000000,28.755555556
731.500000,5.399395005,61.896114347,82.908484578,6.000000,28.744444444
732.000000,5.405111092,61.884599279,82.909411081,6.000000,28.733333333
732.500000,5.410826494,61.873084083,82.910337650,6.000000,28.722222222
733.000000,5.416541211,61.861568759,82.911264285,6.000000,28.711111111
733.500000,5.422255244,61.850053305,82.912190986,6.000000,28.700000000
734.000000,5.427968593,61.838537723,82.913117753,6.000000,28.688888889
734.500000,5.433681257,61.827022013,82.914044586,6.000000,28.677777778
735.000000,5.439393237,61.815506173,82.914971485,6.000000,28.666666667
735.500000,5.445104533,61.803990205,82.915898449,6.000000,28.655555556
736.000000,5.450815145,61.792474108,82.916825480,6.000000,28.644444444
736.500000,5.456525072,61.780957882,82.917752577,6.000000,28.633333333
737.000000,5.462234316,61.769441527,82.918679740,6.000000,28.622222222
737.500000,5.467942876,61.757925044,82.919606969,6.000000,28.611111111
738.000000,5.473650752,61.746408432,82.920534264,6.000000,28.600000000
738.500000,5.479357945,61.734891691,82.921461625,6.000000,28.588888889
739.000000,5.485064454,61.723374822,82.922389052,6.000000,28.577777778
739.500000,5.490770279,61.711857823,82.923316544,6.000000,28.566666667
740.000000,5.496475421,61.700340696,82.924244103,6.000000,28.555555556
740.500000,5.502179879,61.688823440,82.925171728,6.000000,28.544444444
741.000000,5.507883654,61.677306055,82.926099419,6.000000,28.533333333
741.500000,5.513586746,61.665788541,82.927027176,6.000000,28.522222222
742.000000,5.519289154,61.654270898,82.927954999,6.000000,28.511111111
742.500000,5.524990880,61.642753127,82.928882888,6.000000,28.500000000
743.000000,5.530691922,61.631235226,82.929810843,6.000000,28.488888889
743.500000,5.536392282,61.619717197,82.930738864,6.000000,28.477777778
744.000000,5.542091959,61.608199039,82.931666951,6.000000,28.466666667
744.500000,5.547790953,61.596680752,82.932595104,6.000000,28.455555556
745.000000,5.553489264,61.585162336,82.933523323,6.000000,28.444444444
745.500000,5.559186892,61.573643791,82.934451608,6.000000,28.433333333
746.000000,5.564883838,61.562125117,82.935379959,6.000000,28.422222222
746.500000,5.570580102,61.550606314,82.936308376,6.000000,28.411111111
747.000000,5.576275683,61.539087382,82.937236859,6.000000,28.400000000
747.500000,5.581970582,61.527568322,82.938165409,6.000000,28.388888889
748.000000,5.587664798,61.516049132,82.939094024,6.000000,28.377777778
748.500000,5.593358333,61.504529814,82.940022705,6.000000,28.366666667
749.000000,5.599051185,61.493010366,82.940951452,6.000000,28.355555556
749.500000,5.604743355,61.481490789,82.941880266,6.000000,28.344444444
750.000000,5.610434843,61.469971084,82.942809145,6.000000,28.333333333
750.500000,5.616125650,61.458451249,82.943738090,6.000000,28.322222222
751.000000,5.621815774,61.446931286,82.944667102,6.000000,28.311111111
751.500000,5.627505217,61.435411193,82.945596179,6.000000,28.300000000
752.000000,5.633193978,61.423890971,82.946525323,6.000000,28.288888889
752.500000,5.638882058,61.412370620,82.947454532,6.000000,28.277777778
753.000000,5.644569456,61.400850141,82.948383808,6.000000,28.266666667
753.500000,5.650256173,61.389329532,82.949313150,6.000000,28.255555556
754.000000,5.655942208,61.377808794,82.950242558,6.000000,28.244444444
754.500000,5.661627562,61.366287927,82.951172031,6.000000,28.233333333
755.000000,5.667312235,61.354766931,82.952101571,6.000000,28.222222222
755.500000,5.672996227,61.343245806,82.953031177,6.000000,28.211111111
756.000000,5.678679538,61.331724551,82.953960849,6.000000,28.200000000
756.500000,5.684362168,61.320203168,82.954890587,6.000000,28.188888889
757.000000,5.690044117,61.308681655,82.955820391,6.000000,28.177777778
757.500000,5.695725385,61.297160013,82.956750261,6.000000,28.166666667
758.000000,5.701405972,61.285638243,82.957680197,6.000000,28.155555556
758.500000,5.707085879,61.274116343,82.958610200,6.000000,28.144444444
759.000000,5.712765105,61.262594313,82.959540268,6.000000,28.133333333
759.500000,5.718443651,61.251072155,82.960470402,6.000000,28.122222222
760.000000,5.724121516,61.239549867,82.961400603,6.000000,28.111111111
760.500000,5.729798701,61.228027451,82.962330869,6.000000,28.100000000
761.000000,5.735475206,61.216504905,82.963261202,6.000000,28.088888889
761.500000,5.741151030,61.204982230,82.964191601,6.000000,28.077777778
762.000000,5.746826174,61.193459425,82.965122065,6.000000,28.066666667
762.500000,5.752500639,61.181936492,82.966052596,6.000000,28.055555556
763.000000,5.758174423,61.170413429,82.966983193,6.000000,28.044444444
763.500000,5.763847527,61.158890237,82.967913856,6.000000,28.033333333
764.000000,5.769519952,61.147366915,82.968844585,6.000000,28.022222222
764.500000,5.775191697,61.135843465,82.969775380,6.000000,28.011111111
765.000000,5.780862762,61.124319885,82.970706242,6.000000,28.000000000
765.500000,5.786533147,61.112796175,82.971637169,6.000000,27.988888889
766.000000,5.792202853,61.101272337,82.972568162,6.000000,27.977777778
766.500000,5.797871880,61.089748369,82.973499222,6.000000,27.966666667
767.000000,5.803540227,61.078224272,82.974430348,6.000000,27.955555556
767.500000,5.809207895,61.066700046,82.975361539,6.000000,27.944444444
768.000000,5.814874884,61.055175690,82.976292797,6.000000,27.933333333
768.500000,5.820541194,61.043651205,82.977224121,6.000000,27.922222222
769.000000,5.826206824,61.032126590,82.978155511,6.000000,27.911111111
769.500000,5.831871776,61.020601846,82.979086967,6.000000,27.900000000
770.000000,5.837536048,61.009076973,82.980018489,6.000000,27.888888889
770.500000,5.843199642,60.997551971,82.980950078,6.000000,27.877777778
771.000000,5.848862557,60.986026839,82.981881732,6.000000,27.866666667
771.500000,5.854524794,60.974501577,82.982813452,6.000000,27.855555556
772.000000,5.860186352,60.962976187,82.983745239,6.000000,27.844444444
772.500000,5.865847231,60.951450666,82.984677092,6.000000,27.833333333
773.000000,5.871507432,60.939925017,82.985609011,6.000000,27.822222222
773.500000,5.877166954,60.928399238,82.986540996,6.000000,27.811111111
774.000000,5.882825798,60.916873329,82.987473047,6.000000,27.800000000
774.500000,5.888483964,60.905347291,82.988405164,6.000000,27.788888889
775.000000,5.894141452,60.893821124,82.989337347,6.000000,27.777777778
775.500000,5.899798262,60.882294827,82.990269597,6.000000,27.766666667
776.000000,5.905454393,60.870768401,82.991201912,6.000000,27.755555556
776.500000,5.911109847,60.859241845,82.992134294,6.000000,27.744444444
777.000000,5.916764623,60.847715160,82.993066742,6.000000,27.733333333
777.500000,5.922418721,60.836188345,82.993999256,6.000000,27.722222222
778.000000,5.928072142,60.824661401,82.994931836,6.000000,27.711111111
778.500000,5.933724885,60.813134327,82.995864482,6.000000,27.700000000
779.000000,5.939376950,60.801607123,82.996797194,6.000000,27.688888889
779.500000,5.945028338,60.790079790,82.997729973,6.000000,27.677777778
780.000000,5.950679048,60.778552328,82.998662817,6.000000,27.666666667
780.500000,5.956329081,60.767024736,82.999595728,6.000000,27.655555556
781.000000,5.961978437,60.755497014,83.000528705,6.000000,27.644444444
781.500000,5.967627116,60.743969163,83.001461748,6.000000,27.633333333
782.000000,5.973275118,60.732441182,83.002394857,6.000000,27.622222222
782.500000,5.978922442,60.720913072,83.003328032,6.000000,27.611111111
783.000000,5.984569090,60.709384832,83.004261274,6.000000,27.600000000
783.500000,5.990215061,60.697856462,83.005194581,6.000000,27.588888889
784.000000,5.995860355,60.686327963,83.006127955,6.000000,27.577777778
784.500000,6.001504973,60.674799334,83.007061395,6.000000,27.566666667
785.000000,6.007148913,60.663270575,83.007994901,6.000000,27.555555556
785.500000,6.012792177,60.651741687,83.008928473,6.000000,27.544444444
786.000000,6.018434765,60.640212669,83.009862112,6.000000,27.533333333
786.500000,6.024076676,60.628683522,83.010795816,6.000000,27.522222222
787.000000,6.029717911,60.617154245,83.011729587,6.000000,27.511111111
787.500000,6.035358470,60.605624838,83.012663424,6.000000,27.500000000
788.000000,6.040998353,60.594095301,83.013597326,6.000000,27.488888889
788.500000,6.046637559,60.582565635,83.014531296,6.000000,27.477777778
789.000000,6.052276089,60.571035839,83.015465331,6.000000,27.466666667
789.500000,6.057913944,60.559505913,83.016399432,6.000000,27.455555556
790.000000,6.063551122,60.547975858,83.017333600,6.000000,27.444444444
790.500000,6.069187625,60.536445673,83.018267834,6.000000,27.433333333
791.000000,6.074823452,60.524915358,83.019202134,6.000000,27.422222222
791.500000,6.080458604,60.513384913,83.020136500,6.000000,27.411111111
792.000000,6.086093079,60.501854338,83.021070932,6.000000,27.400000000
792.500000,6.091726880,60.490323634,83.022005431,6.000000,27.388888889
793.000000,6.097360005,60.478792800,83.022939995,6.000000,27.377777778
793.500000,6.102992454,60.467261836,83.023874626,6.000000,27.366666667
794.000000,6.108624229,60.455730742,83.024809323,6.000000,27.355555556
794.500000,6.114255328,60.444199519,83.025744086,6.000000,27.344444444
795.000000,6.119885752,60.432668165,83.026678916,6.000000,27.333333333
795.500000,6.125515500,60.421136682,83.027613811,6.000000,27.322222222
796.000000,6.131144574,60.409605069,83.028548773,6.000000,27.311111111
796.500000,6.136772973,60.398073326,83.029483801,6.000000,27.300000000
797.000000,6.142400698,60.386541454,83.030418895,6.000000,27.288888889
797.500000,6.148027747,60.375009451,83.031354056,6.000000,27.277777778
798.000000,6.153654122,60.363477318,83.032289282,6.000000,27.266666667
798.500000,6.159279822,60.351945056,83.033224575,6.000000,27.255555556
799.000000,6.164904848,60.340412664,83.034159934,6.000000,27.244444444
799.500000,6.170529199,60.328880142,83.035095359,6.000000,27.233333333
800.000000,6.176152876,60.317347489,83.036030850,6.000000,27.222222222
800.500000,6.181775879,60.305814707,83.036966408,6.000000,27.211111111
801.000000,6.187398207,60.294281795,83.037902031,6.000000,27.200000000
801.500000,6.193019861,60.282748753,83.038837721,6.000000,27.188888889
802.000000,6.198640842,60.271215582,83.039773478,6.000000,27.177777778
802.500000,6.204261148,60.259682280,83.040709300,6.000000,27.166666667
803.000000,6.209880780,60.248148848,83.041645188,6.000000,27.155555556
803.500000,6.215499739,60.236615286,83.042581143,6.000000,27.144444444
804.000000,6.221118023,60.225081594,83.043517164,6.000000,27.133333333
804.500000,6.226735634,60.213547772,83.044453251,6.000000,27.122222222
805.000000,6.232352572,60.202013820,83.045389405,6.000000,27.111111111
805.500000,6.237968836,60.190479739,83.046325624,6.000000,27.100000000
806.000000,6.243584426,60.178945527,83.047261910,6.000000,27.088888889
806.500000,6.249199343,60.167411185,83.048198262,6.000000,27.077777778
807.000000,6.254813587,60.155876713,83.049134681,6.000000,27.066666667
807.500000,6.260427157,60.144342111,83.050071165,6.000000,27.055555556
808.000000,6.266040054,60.132807379,83.051007716,6.000000,27.044444444
808.500000,6.271652279,60.121272516,83.051944333,6.000000,27.033333333
809.000000,6.277263830,60.109737524,83.052881016,6.000000,27.022222222
809.500000,6.282874708,60.098202402,83.053817766,6.000000,27.011111111
810.000000,6.288484913,60.086667149,83.054754581,6.000000,27.000000000
810.500000,6.294094446,60.075131767,83.055691463,6.000000,26.988888889
811.000000,6.299703306,60.063596254,83.056628411,6.000000,26.977777778
811.500000,6.305311493,60.052060611,83.057565426,6.000000,26.966666667
812.000000,6.310919008,60.040524838,83.058502506,6.000000,26.955555556
812.500000,6.316525850,60.028988935,83.059439653,6.000000,26.944444444
813.000000,6.322132020,60.017452902,83.060376866,6.000000,26.933333333
813.500000,6.327737518,60.005916738,83.061314146,6.000000,26.922222222
814.000000,6.333342343,59.994380445,83.062251491,6.000000,26.911111111
814.500000,6.338946496,59.982844021,83.063188903,6.000000,26.900000000
815.000000,6.344549977,59.971307467,83.064126381,6.000000,26.888888889
815.500000,6.350152786,59.959770783,83.065063925,6.000000,26.877777778
816.000000,6.355754923,59.948233968,83.066001536,6.000000,26.866666667
816.500000,6.361356388,59.936697024,83.066939213,6.000000,26.855555556
817.000000,6.366957181,59.925159949,83.067876956,6.000000,26.844444444
817.500000,6.372557303,59.913622744,83.068814765,6.000000,26.833333333
818.000000,6.378156752,59.902085408,83.069752641,6.000000,26.822222222
818.500000,6.383755531,59.890547943,83.070690583,6.000000,26.811111111
819.000000,6.389353638,59.879010347,83.071628591,6.000000,26.800000000
819.500000,6.394951073,59.867472620,83.072566665,6.000000,26.788888889
820.000000,6.400547837,59.855934764,83.073504806,6.000000,26.777777778
820.500000,6.406143930,59.844396777,83.074443013,6.000000,26.766666667
821.000000,6.411739351,59.832858660,83.075381286,6.000000,26.755555556
821.500000,6.417334102,59.821320413,83.076319626,6.000000,26.744444444
822.000000,6.422928181,59.809782035,83.077258031,6.000000,26.733333333
822.500000,6.428521589,59.798243527,83.078196503,6.000000,26.722222222
823.000000,6.434114327,59.786704889,83.079135042,6.000000,26.711111111
823.500000,6.439706393,59.775166120,83.080073646,6.000000,26.700000000
824.000000,6.445297789,59.763627221,83.081012317,6.000000,26.688888889
824.500000,6.450888514,59.752088191,83.081951054,6.000000,26.677777778
825.000000,6.456478569,59.740549031,83.082889858,6.000000,26.666666667
825.500000,6.462067953,59.729009741,83.083828727,6.000000,26.655555556
826.000000,6.467656667,59.717470320,83.084767663,6.000000,26.644444444
826.500000,6.473244710,59.705930769,83.085706666,6.000000,26.633333333
827.000000,6.478832083,59.694391088,83.086645734,6.000000,26.622222222
827.500000,6.484418785,59.682851276,83.087584869,6.000000,26.611111111
828.000000,6.490004818,59.671311334,83.088524070,6.000000,26.600000000
828.500000,6.495590180,59.659771261,83.089463338,6.000000,26.588888889
829.000000,6.501174873,59.648231058,83.090402671,6.000000,26.577777778
829.500000,6.506758895,59.636690724,83.091342072,6.000000,26.566666667
830.000000,6.512342248,59.625150260,83.092281538,6.000000,26.555555556
830.500000,6.517924931,59.613609665,83.093221071,6.000000,26.544444444
831.000000,6.523506944,59.602068940,83.094160669,6.000000,26.533333333
831.500000,6.529088287,59.590528084,83.095100335,6.000000,26.522222222
832.000000,6.534668961,59.578987098,83.096040066,6.000000,26.511111111
832.500000,6.540248966,59.567445981,83.096979864,6.000000,26.500000000
833.000000,6.545828301,59.555904734,83.097919728,6.000000,26.488888889
833.500000,6.551406967,59.544363356,83.098859659,6.000000,26.477777778
834.000000,6.556984963,59.532821848,83.099799656,6.000000,26.466666667
834.500000,6.562562291,59.521280209,83.100739719,6.000000,26.455555556
835.000000,6.568138949,59.509738440,83.101679848,6.000000,26.444444444
835.500000,6.573714938,59.498196540,83.102620044,6.000000,26.433333333
836.000000,6.579290258,59.486654509,83.103560306,6.000000,26.422222222
836.500000,6.584864909,59.475112348,83.104500634,6.000000,26.411111111
837.000000,6.590438892,59.463570056,83.105441029,6.000000,26.400000000
837.500000,6.596012206,59.452027634,83.106381490,6.000000,26.388888889
838.000000,6.601584851,59.440485081,83.107322017,6.000000,26.377777778
838.500000,6.607156827,59.428942398,83.108262611,6.000000,26.366666667
839.000000,6.612728135,59.417399583,83.109203271,6.000000,26.355555556
839.500000,6.618298775,59.405856638,83.110143998,6.000000,26.344444444
840.000000,6.623868746,59.394313563,83.111084790,6.000000,26.333333333
840.500000,6.629438049,59.382770357,83.112025649,6.000000,26.322222222
841.000000,6.635006684,59.371227020,83.112966575,6.000000,26.311111111
841.500000,6.640574651,59.359683552,83.113907566,6.000000,26.300000000
842.000000,6.646141949,59.348139954,83.114848624,6.000000,26.288888889
842.500000,6.651708580,59.336596225,83.115789749,6.000000,26.277777778
843.000000,6.657274542,59.325052365,83.116730939,6.000000,26.266666667
843.500000,6.662839837,59.313508375,83.117672197,6.000000,26.255555556
844.000000,6.668404464,59.301964254,83.118613520,6.000000,26.244444444
844.500000,6.673968424,59.290420002,83.119554910,6.000000,26.233333333
845.000000,6.679531715,59.278875619,83.120496366,6.000000,26.222222222
845.500000,6.685094340,59.267331106,83.121437888,6.000000,26.211111111
846.000000,6.690656296,59.255786462,83.122379477,6.000000,26.200000000
846.500000,6.696217586,59.244241687,83.123321132,6.000000,26.188888889
847.000000,6.701778208,59.232696781,83.124262854,6.000000,26.177777778
847.500000,6.707338163,59.221151744,83.125204642,6.000000,26.166666667
848.000000,6.712897450,59.209606577,83.126146496,6.000000,26.155555556
848.500000,6.718456071,59.198061279,83.127088417,6.000000,26.144444444
849.000000,6.724014024,59.186515850,83.128030403,6.000000,26.133333333
849.500000,6.729571311,59.174970290,83.128972457,6.000000,26.122222222
850.000000,6.735127931,59.163424600,83.129914577,6.000000,26.111111111
850.500000,6.740683884,59.151878778,83.130856763,6.000000,26.100000000
851.000000,6.746239170,59.140332826,83.131799015,6.000000,26.088888889
851.500000,6.751793789,59.128786743,83.132741334,6.000000,26.077777778
852.000000,6.757347742,59.117240529,83.133683719,6.000000,26.066666667
852.500000,6.762901029,59.105694184,83.134626171,6.000000,26.055555556
853.000000,6.768453649,59.094147708,83.135568689,6.000000,26.044444444
853.500000,6.774005603,59.082601101,83.136511273,6.000000,26.033333333
854.000000,6.779556890,59.071054363,83.137453924,6.000000,26.022222222
854.500000,6.785107512,59.059507495,83.138396641,6.000000,26.011111111
855.000000,6.790657467,59.047960495,83.139339424,6.000000,26.000000000
855.500000,6.796206756,59.036413365,83.140282274,6.000000,25.988888889
856.000000,6.801755379,59.024866103,83.141225190,6.000000,25.977777778
856.500000,6.807303336,59.013318711,83.142168173,6.000000,25.966666667
857.000000,6.812850628,59.001771188,83.143111222,6.000000,25.955555556
857.500000,6.818397253,58.990223533,83.144054337,6.000000,25.944444444
858.000000,6.823943213,58.978675748,83.144997519,6.000000,25.933333333
858.500000,6.829488508,58.967127832,83.145940767,6.000000,25.922222222
859.000000,6.835033137,58.955579784,83.146884082,6.000000,25.911111111
859.500000,6.840577100,58.944031606,83.147827463,6.000000,25.900000000
860.000000,6.846120398,58.932483297,83.148770910,6.000000,25.888888889
860.500000,6.851663031,58.920934856,83.149714424,6.000000,25.877777778
861.000000,6.857204998,58.909386285,83.150658004,6.000000,25.866666667
861.500000,6.862746301,58.897837582,83.151601651,6.000000,25.855555556
862.000000,6.868286938,58.886288749,83.152545364,6.000000,25.844444444
862.500000,6.873826910,58.874739784,83.153489143,6.000000,25.833333333
863.000000,6.879366218,58.863190688,83.154432989,6.000000,25.822222222
863.500000,6.884904860,58.851641461,83.155376901,6.000000,25.811111111
864.000000,6.890442838,58.840092104,83.156320880,6.000000,25.800000000
864.500000,6.895980151,58.828542615,83.157264925,6.000000,25.788888889
865.000000,6.901516799,58.816992994,83.158209036,6.000000,25.777777778
865.500000,6.907052783,58.805443243,83.159153214,6.000000,25.766666667
866.000000,6.912588103,58.793893361,83.160097459,6.000000,25.755555556
866.500000,6.918122758,58.782343347,83.161041770,6.000000,25.744444444
867.000000,6.923656748,58.770793203,83.161986147,6.000000,25.733333333
867.500000,6.929190074,58.759242927,83.162930590,6.000000,25.722222222
868.000000,6.934722737,58.747692520,83.163875100,6.000000,25.711111111
868.500000,6.940254735,58.736141981,83.164819677,6.000000,25.700000000
869.000000,6.945786069,58.724591312,83.165764320,6.000000,25.688888889
869.500000,6.951316739,58.713040511,83.166709029,6.000000,25.677777778
870.000000,6.956846745,58.701489580,83.167653805,6.000000,25.666666667
870.500000,6.962376087,58.689938517,83.168598647,6.000000,25.655555556
871.000000,6.967904766,58.678387322,83.169543556,6.000000,25.644444444
871.500000,6.973432781,58.666835997,83.170488531,6.000000,25.633333333
872.000000,6.978960132,58.655284540,83.171433572,6.000000,25.622222222
872.500000,6.984486820,58.643732952,83.172378680,6.000000,25.611111111
873.000000,6.990012844,58.632181233,83.173323855,6.000000,25.600000000
873.500000,6.995538205,58.620629382,83.174269095,6.000000,25.588888889
874.000000,7.001062903,58.609077401,83.175214403,6.000000,25.577777778
874.500000,7.006586937,58.597525287,83.176159777,6.000000,25.566666667
875.000000,7.012110309,58.585973043,83.177105217,6.000000,25.555555556
875.500000,7.017633017,58.574420667,83.178050723,6.000000,25.544444444
876.000000,7.023155062,58.562868160,83.178996297,6.000000,25.533333333
876.500000,7.028676444,58.551315522,83.179941936,6.000000,25.522222222
877.000000,7.034197164,58.539762752,83.180887642,6.000000,25.511111111
877.500000,7.039717221,58.528209851,83.181833415,6.000000,25.500000000
878.000000,7.045236615,58.516656819,83.182779254,6.000000,25.488888889
878.500000,7.050755346,58.505103655,83.183725159,6.000000,25.477777778
879.000000,7.056273415,58.493550360,83.184671131,6.000000,25.466666667
879.500000,7.061790821,58.481996933,83.185617169,6.000000,25.455555556
880.000000,7.067307565,58.470443375,83.186563274,6.000000,25.444444444
880.500000,7.072823647,58.458889686,83.187509445,6.000000,25.433333333
881.000000,7.078339066,58.447335865,83.188455683,6.000000,25.422222222
881.500000,7.083853823,58.435781913,83.189401987,6.000000,25.411111111
882.000000,7.089367918,58.424227829,83.190348358,6.000000,25.400000000
882.500000,7.094881351,58.412673614,83.191294795,6.000000,25.388888889
883.000000,7.100394122,58.401119268,83.192241299,6.000000,25.377777778
883.500000,7.105906231,58.389564790,83.193187869,6.000000,25.366666667
884.000000,7.111417679,58.378010180,83.194134506,6.000000,25.355555556
884.500000,7.116928464,58.366455439,83.195081209,6.000000,25.344444444
885.000000,7.122438588,58.354900567,83.196027978,6.000000,25.333333333
885.500000,7.127948051,58.343345563,83.196974815,6.000000,25.322222222
886.000000,7.133456851,58.331790428,83.197921717,6.000000,25.311111111
886.500000,7.138964991,58.320235161,83.198868686,6.000000,25.300000000
887.000000,7.144472469,58.308679762,83.199815722,6.000000,25.288888889
887.500000,7.149979285,58.297124233,83.200762824,6.000000,25.277777778
888.000000,7.155485441,58.285568571,83.201709992,6.000000,25.266666667
888.500000,7.160990935,58.274012778,83.202657228,6.000000,25.255555556
889.000000,7.166495769,58.262456853,83.203604529,6.000000,25.244444444
889.500000,7.171999941,58.250900797,83.204551897,6.000000,25.233333333
890.000000,7.177503452,58.239344609,83.205499332,6.000000,25.222222222
890.500000,7.183006303,58.227788290,83.206446833,6.000000,25.211111111
891.000000,7.188508492,58.216231839,83.207394400,6.000000,25.200000000
891.500000,7.194010021,58.204675257,83.208342034,6.000000,25.188888889
892.000000,7.199510890,58.193118542,83.209289735,6.000000,25.177777778
892.500000,7.205011097,58.181561697,83.210237502,6.000000,25.166666667
893.000000,7.210510645,58.170004719,83.211185336,6.000000,25.155555556
893.500000,7.216009532,58.158447610,83.212133236,6.000000,25.144444444
894.000000,7.221507758,58.146890369,83.213081203,6.000000,25.133333333
894.500000,7.227005325,58.135332997,83.214029236,6.000000,25.122222222
895.000000,7.232502231,58.123775493,83.214977336,6.000000,25.111111111
895.500000,7.237998477,58.112217857,83.215925502,6.000000,25.100000000
896.000000,7.243494063,58.100660090,83.216873735,6.000000,25.088888889
896.500000,7.248988989,58.089102191,83.217822034,6.000000,25.077777778
897.000000,7.254483255,58.077544160,83.218770400,6.000000,25.066666667
897.500000,7.259976861,58.065985997,83.219718832,6.000000,25.055555556
898.000000,7.265469808,58.054427703,83.220667331,6.000000,25.044444444
898.500000,7.270962095,58.042869277,83.221615896,6.000000,25.033333333
899.000000,7.276453722,58.031310719,83.222564528,6.000000,25.022222222
899.500000,7.281944690,58.019752030,83.223513227,6.000000,25.011111111
900.000000,7.287434998,58.008193208,69.710756836,6.000000,25.000000000
900.500000,7.293343940,57.998511159,69.711363542,6.000000,24.993055556
901.000000,7.299252294,57.988829025,69.711970288,6.000000,24.986111111
901.500000,7.305160059,57.979146807,69.712577075,6.000000,24.979166667
902.000000,7.311067237,57.969464504,69.713183902,6.000000,24.972222222
902.500000,7.316973827,57.959782118,69.713790771,6.000000,24.965277778
903.000000,7.322879829,57.950099647,69.714397680,6.000000,24.958333333
903.500000,7.328785243,57.940417092,69.715004630,6.000000,24.951388889
904.000000,7.334690070,57.930734452,69.715611621,6.000000,24.944444444
904.500000,7.340594309,57.921051728,69.716218653,6.000000,24.937500000
905.000000,7.346497960,57.911368920,69.716825725,6.000000,24.930555556
905.500000,7.352401023,57.901686028,69.717432838,6.000000,24.923611111
906.000000,7.358303499,57.892003051,69.718039992,6.000000,24.916666667
906.500000,7.364205388,57.882319990,69.718647187,6.000000,24.909722222
907.000000,7.370106689,57.872636844,69.719254422,6.000000,24.902777778
907.500000,7.376007403,57.862953615,69.719861699,6.000000,24.895833333
908.000000,7.381907529,57.853270300,69.720469016,6.000000,24.888888889
908.500000,7.387807068,57.843586902,69.721076374,6.000000,24.881944444
909.000000,7.393706020,57.833903419,69.721683772,6.000000,24.875000000
909.500000,7.399604385,57.824219852,69.722291212,6.000000,24.868055556
910.000000,7.405502163,57.814536200,69.722898692,6.000000,24.861111111
910.500000,7.411399354,57.804852464,69.723506213,6.000000,24.854166667
911.000000,7.417295957,57.795168644,69.724113775,6.000000,24.847222222
911.500000,7.423191974,57.785484739,69.724721378,6.000000,24.840277778
912.000000,7.429087404,57.775800750,69.725329021,6.000000,24.833333333
912.500000,7.434982247,57.766116677,69.725936706,6.000000,24.826388889
913.000000,7.440876503,57.756432519,69.726544431,6.000000,24.819444444
913.500000,7.446770173,57.746748277,69.727152196,6.000000,24.812500000
914.000000,7.452663256,57.737063950,69.727760003,6.000000,24.805555556
914.500000,7.458555752,57.727379539,69.728367850,6.000000,24.798611111
915.000000,7.464447662,57.717695043,69.728975739,6.000000,24.791666667
915.500000,7.470338985,57.708010463,69.729583668,6.000000,24.784722222
916.000000,7.476229722,57.698325799,69.730191637,6.000000,24.777777778
916.500000,7.482119872,57.688641050,69.730799648,6.000000,24.770833333
917.000000,7.488009436,57.678956217,69.731407699,6.000000,24.763888889
917.500000,7.493898414,57.669271299,69.732015791,6.000000,24.756944444
918.000000,7.499786805,57.659586297,69.732623924,6.000000,24.750000000
918.500000,7.505674611,57.649901210,69.733232098,6.000000,24.743055556
919.000000,7.511561830,57.640216039,69.733840313,6.000000,24.736111111
919.500000,7.517448463,57.630530784,69.734448568,6.000000,24.729166667
920.000000,7.523334511,57.620845444,69.735056864,6.000000,24.722222222
920.500000,7.529219972,57.611160019,69.735665201,6.000000,24.715277778
921.000000,7.535104847,57.601474510,69.736273579,6.000000,24.708333333
921.500000,7.540989137,57.591788916,69.736881997,6.000000,24.701388889
922.000000,7.546872841,57.582103238,69.737490457,6.000000,24.694444444
922.500000,7.552755959,57.572417476,69.738098957,6.000000,24.687500000
923.000000,7.558638491,57.562731629,69.738707498,6.000000,24.680555556
923.500000,7.564520438,57.553045697,69.739316080,6.000000,24.673611111
924.000000,7.570401799,57.543359681,69.739924702,6.000000,24.666666667
924.500000,7.576282575,57.533673580,69.740533366,6.000000,24.659722222
925.000000,7.582162765,57.523987395,69.741142070,6.000000,24.652777778
925.500000,7.588042370,57.514301125,69.741750815,6.000000,24.645833333
926.000000,7.593921389,57.504614771,69.742359601,6.000000,24.638888889
926.500000,7.599799823,57.494928332,69.742968427,6.000000,24.631944444
927.000000,7.605677672,57.485241809,69.743577294,6.000000,24.625000000
927.500000,7.611554936,57.475555201,69.744186203,6.000000,24.618055556
928.000000,7.617431614,57.465868508,69.744795152,6.000000,24.611111111
928.500000,7.623307708,57.456181731,69.745404141,6.000000,24.604166667
929.000000,7.629183216,57.446494870,69.746013172,6.000000,24.597222222
929.500000,7.635058140,57.436807923,69.746622243,6.000000,24.590277778
930.000000,7.640932479,57.427120892,69.747231356,6.000000,24.583333333
930.500000,7.646806232,57.417433777,69.747840509,6.000000,24.576388889
931.000000,7.652679401,57.407746577,69.748449702,6.000000,24.569444444
931.500000,7.658551985,57.398059292,69.749058937,6.000000,24.562500000
932.000000,7.664423985,57.388371923,69.749668212,6.000000,24.555555556
932.500000,7.670295400,57.378684469,69.750277529,6.000000,24.548611111
933.000000,7.676166230,57.368996930,69.750886886,6.000000,24.541666667
933.500000,7.682036476,57.359309307,69.751496284,6.000000,24.534722222
934.000000,7.687906137,57.349621599,69.752105722,6.000000,24.527777778
934.500000,7.693775214,57.339933807,69.752715202,6.000000,24.520833333
935.000000,7.699643706,57.330245930,69.753324722,6.000000,24.513888889
935.500000,7.705511615,57.320557968,69.753934283,6.000000,24.506944444
936.000000,7.711378938,57.310869922,69.754543885,6.000000,24.500000000
936.500000,7.717245678,57.301181791,69.755153528,6.000000,24.493055556
937.000000,7.723111834,57.291493575,69.755763211,6.000000,24.486111111
937.500000,7.728977405,57.281805274,69.756372936,6.000000,24.479166667
938.000000,7.734842393,57.272116889,69.756982701,6.000000,24.472222222
938.500000,7.740706796,57.262428419,69.757592507,6.000000,24.465277778
939.000000,7.746570616,57.252739865,69.758202354,6.000000,24.458333333
939.500000,7.752433851,57.243051226,69.758812241,6.000000,24.451388889
940.000000,7.758296503,57.233362502,69.759422170,6.000000,24.444444444
940.500000,7.764158571,57.223673693,69.760032139,6.000000,24.437500000
941.000000,7.770020055,57.213984800,69.760642149,6.000000,24.430555556
941.500000,7.775880956,57.204295822,69.761252200,6.000000,24.423611111
942.000000,7.781741273,57.194606759,69.761862292,6.000000,24.416666667
942.500000,7.787601006,57.184917611,69.762472424,6.000000,24.409722222
943.000000,7.793460156,57.175228379,69.763082598,6.000000,24.402777778
943.500000,7.799318723,57.165539062,69.763692812,6.000000,24.395833333
944.000000,7.805176706,57.155849660,69.764303067,6.000000,24.388888889
944.500000,7.811034106,57.146160174,69.764913362,6.000000,24.381944444
945.000000,7.816890922,57.136470602,69.765523699,6.000000,24.375000000
945.500000,7.822747156,57.126780946,69.766134077,6.000000,24.368055556
946.000000,7.828602806,57.117091206,69.766744495,6.000000,24.361111111
946.500000,7.834457873,57.107401380,69.767354954,6.000000,24.354166667
947.000000,7.840312357,57.097711470,69.767965454,6.000000,24.347222222
947.500000,7.846166258,57.088021474,69.768575994,6.000000,24.340277778
948.000000,7.852019576,57.078331394,69.769186576,6.000000,24.333333333
948.500000,7.857872311,57.068641230,69.769797198,6.000000,24.326388889
949.000000,7.863724463,57.058950980,69.770407862,6.000000,24.319444444
949.500000,7.869576033,57.049260645,69.771018566,6.000000,24.312500000
950.000000,7.875427019,57.039570226,69.771629310,6.000000,24.305555556
950.500000,7.881277423,57.029879722,69.772240096,6.000000,24.298611111
951.000000,7.887127245,57.020189133,69.772850923,6.000000,24.291666667
951.500000,7.892976484,57.010498460,69.773461790,6.000000,24.284722222
952.000000,7.898825140,57.000807701,69.774072698,6.000000,24.277777778
952.500000,7.904673214,56.991116858,69.774683647,6.000000,24.270833333
953.000000,7.910520705,56.981425929,69.775294637,6.000000,24.263888889
953.500000,7.916367614,56.971734916,69.775905667,6.000000,24.256944444
954.000000,7.922213941,56.962043818,69.776516739,6.000000,24.250000000
954.500000,7.928059686,56.952352635,69.777127851,6.000000,24.243055556
955.000000,7.933904848,56.942661367,69.777739004,6.000000,24.236111111
955.500000,7.939749428,56.932970015,69.778350198,6.000000,24.229166667
956.000000,7.945593426,56.923278577,69.778961433,6.000000,24.222222222
956.500000,7.951436842,56.913587055,69.779572709,6.000000,24.215277778
957.000000,7.957279677,56.903895448,69.780184025,6.000000,24.208333333
957.500000,7.963121929,56.894203755,69.780795382,6.000000,24.201388889
958.000000,7.968963599,56.884511978,69.781406780,6.000000,24.194444444
958.500000,7.974804688,56.874820116,69.782018219,6.000000,24.187500000
959.000000,7.980645194,56.865128169,69.782629699,6.000000,24.180555556
959.500000,7.986485119,56.855436137,69.783241220,6.000000,24.173611111
960.000000,7.992324463,56.845744020,69.783852781,6.000000,24.166666667
960.500000,7.998163225,56.836051819,69.784464383,6.000000,24.159722222
961.000000,8.004001405,56.826359532,69.785076026,6.000000,24.152777778
961.500000,8.009839004,56.816667160,69.785687710,6.000000,24.145833333
962.000000,8.015676021,56.806974704,69.786299435,6.000000,24.138888889
962.500000,8.021512457,56.797282162,69.786911201,6.000000,24.131944444
963.000000,8.027348311,56.787589535,69.787523007,6.000000,24.125000000
963.500000,8.033183585,56.777896824,69.788134854,6.000000,24.118055556
964.000000,8.039018277,56.768204027,69.788746742,6.000000,24.111111111
964.500000,8.044852388,56.758511146,69.789358671,6.000000,24.104166667
965.000000,8.050685918,56.748818179,69.789970641,6.000000,24.097222222
965.500000,8.056518866,56.739125128,69.790582652,6.000000,24.090277778
966.000000,8.062351234,56.729431991,69.791194703,6.000000,24.083333333
966.500000,8.068183021,56.719738770,69.791806796,6.000000,24.076388889
967.000000,8.074014227,56.710045464,69.792418929,6.000000,24.069444444
967.500000,8.079844852,56.700352072,69.793031103,6.000000,24.062500000
968.000000,8.085674896,56.690658595,69.793643318,6.000000,24.055555556
968.500000,8.091504360,56.680965034,69.794255573,6.000000,24.048611111
969.000000,8.097333243,56.671271387,69.794867870,6.000000,24.041666667
969.500000,8.103161545,56.661577656,69.795480207,6.000000,24.034722222
970.000000,8.108989267,56.651883839,69.796092585,6.000000,24.027777778
970.500000,8.114816408,56.642189937,69.796705004,6.000000,24.020833333
971.000000,8.120642969,56.632495950,69.797317464,6.000000,24.013888889
971.500000,8.126468949,56.622801878,69.797929965,6.000000,24.006944444
972.000000,8.132294349,56.613107722,69.798542506,6.000000,24.000000000
972.500000,8.138119169,56.603413480,69.799155089,6.000000,23.993055556
973.000000,8.143943408,56.593719152,69.799767712,6.000000,23.986111111
973.500000,8.149767068,56.584024740,69.800380376,6.000000,23.979166667
974.000000,8.155590147,56.574330243,69.800993081,6.000000,23.972222222
974.500000,8.161412646,56.564635661,69.801605827,6.000000,23.965277778
975.000000,8.167234565,56.554940993,69.802218614,6.000000,23.958333333
975.500000,8.173055904,56.545246241,69.802831441,6.000000,23.951388889
976.000000,8.178876663,56.535551403,69.803444309,6.000000,23.944444444
976.500000,8.184696842,56.525856480,69.804057219,6.000000,23.937500000
977.000000,8.190516442,56.516161472,69.804670169,6.000000,23.930555556
977.500000,8.196335461,56.506466379,69.805283159,6.000000,23.923611111
978.000000,8.202153901,56.496771201,69.805896191,6.000000,23.916666667
978.500000,8.207971762,56.487075937,69.806509264,6.000000,23.909722222
979.000000,8.213789042,56.477380589,69.807122377,6.000000,23.902777778
979.500000,8.219605744,56.467685155,69.807735532,6.000000,23.895833333
980.000000,8.225421865,56.457989636,69.808348727,6.000000,23.888888889
980.500000,8.231237407,56.448294032,69.808961963,6.000000,23.881944444
981.000000,8.237052370,56.438598343,69.809575239,6.000000,23.875000000
981.500000,8.242866754,56.428902569,69.810188557,6.000000,23.868055556
982.000000,8.248680558,56.419206709,69.810801916,6.000000,23.861111111
982.500000,8.254493783,56.409510765,69.811415315,6.000000,23.854166667
983.000000,8.260306429,56.399814735,69.812028755,6.000000,23.847222222
983.500000,8.266118496,56.390118620,69.812642236,6.000000,23.840277778
984.000000,8.271929984,56.380422419,69.813255758,6.000000,23.833333333
984.500000,8.277740892,56.370726134,69.813869321,6.000000,23.826388889
985.000000,8.283551222,56.361029763,69.814482925,6.000000,23.819444444
985.500000,8.289360973,56.351333307,69.815096569,6.000000,23.812500000
986.000000,8.295170145,56.341636766,69.815710255,6.000000,23.805555556
986.500000,8.300978738,56.331940140,69.816323981,6.000000,23.798611111
987.000000,8.306786753,56.322243428,69.816937748,6.000000,23.791666667
987.500000,8.312594189,56.312546631,69.817551556,6.000000,23.784722222
988.000000,8.318401046,56.302849749,69.818165405,6.000000,23.777777778
988.500000,8.324207325,56.293152781,69.818779295,6.000000,23.770833333
989.000000,8.330013025,56.283455729,69.819393225,6.000000,23.763888889
989.500000,8.335818146,56.273758591,69.820007197,6.000000,23.756944444
990.000000,8.341622690,56.264061368,69.820621209,6.000000,23.750000000
990.500000,8.347426655,56.254364059,69.821235262,6.000000,23.743055556
991.000000,8.353230041,56.244666665,69.821849356,6.000000,23.736111111
991.500000,8.359032850,56.234969186,69.822463491,6.000000,23.729166667
992.000000,8.364835080,56.225271622,69.823077667,6.000000,23.722222222
992.500000,8.370636732,56.215573972,69.823691883,6.000000,23.715277778
993.000000,8.376437806,56.205876237,69.824306141,6.000000,23.708333333
993.500000,8.382238302,56.196178417,69.824920439,6.000000,23.701388889
994.000000,8.388038220,56.186480511,69.825534778,6.000000,23.694444444
994.500000,8.393837560,56.176782520,69.826149158,6.000000,23.687500000
995.000000,8.399636322,56.167084444,69.826763579,6.000000,23.680555556
995.500000,8.405434506,56.157386282,69.827378041,6.000000,23.673611111
996.000000,8.411232113,56.147688035,69.827992544,6.000000,23.666666667
996.500000,8.417029141,56.137989703,69.828607087,6.000000,23.659722222
997.000000,8.422825593,56.128291286,69.829221671,6.000000,23.652777778
997.500000,8.428621466,56.118592783,69.829836297,6.000000,23.645833333
998.000000,8.434416762,56.108894194,69.830450963,6.000000,23.638888889
998.500000,8.440211481,56.099195520,69.831065670,6.000000,23.631944444
999.000000,8.446005622,56.089496761,69.831680418,6.000000,23.625000000
999.500000,8.451799186,56.079797917,69.832295206,6.000000,23.618055556
1000.000000,8.457592172,56.070098987,69.832910036,6.000000,23.611111111
1000.500000,8.463384581,56.060399972,69.833524906,6.000000,23.604166667
1001.000000,8.469176413,56.050700871,69.834139818,6.000000,23.597222222
1001.500000,8.474967668,56.041001685,69.834754770,6.000000,23.590277778
1002.000000,8.480758345,56.031302413,69.835369763,6.000000,23.583333333
1002.500000,8.486548446,56.021603056,69.835984797,6.000000,23.576388889
1003.000000,8.492337970,56.011903614,69.836599872,6.000000,23.569444444
1003.500000,8.498126916,56.002204086,69.837214987,6.000000,23.562500000
1004.000000,8.503915286,55.992504473,69.837830144,6.000000,23.555555556
1004.500000,8.509703079,55.982804775,69.838445342,6.000000,23.548611111
1005.000000,8.515490295,55.973104990,69.839060580,6.000000,23.541666667
1005.500000,8.521276934,55.963405121,69.839675859,6.000000,23.534722222
1006.000000,8.527062997,55.953705166,69.840291179,6.000000,23.527777778
1006.500000,8.532848482,55.944005125,69.840906540,6.000000,23.520833333
1007.000000,8.538633392,55.934305000,69.841521942,6.000000,23.513888889
1007.500000,8.544417725,55.924604788,69.842137385,6.000000,23.506944444
1008.000000,8.550201481,55.914904491,69.842752868,6.000000,23.500000000
1008.500000,8.555984661,55.905204109,69.843368393,6.000000,23.493055556
1009.000000,8.561767265,55.895503641,69.843983958,6.000000,23.486111111
1009.500000,8.567549292,55.885803088,69.844599564,6.000000,23.479166667
1010.000000,8.573330743,55.876102449,69.845215211,6.000000,23.472222222
1010.500000,8.579111618,55.866401725,69.845830899,6.000000,23.465277778
1011.000000,8.584891917,55.856700915,69.846446628,6.000000,23.458333333
1011.500000,8.590671639,55.847000019,69.847062398,6.000000,23.451388889
1012.000000,8.596450786,55.837299039,69.847678208,6.000000,23.444444444
1012.500000,8.602229356,55.827597972,69.848294060,6.000000,23.437500000
1013.000000,8.608007351,55.817896820,69.848909952,6.000000,23.430555556
1013.500000,8.613784770,55.808195583,69.849525886,6.000000,23.423611111
1014.000000,8.619561613,55.798494260,69.850141860,6.000000,23.416666667
1014.500000,8.625337880,55.788792851,69.850757875,6.000000,23.409722222
1015.000000,8.631113571,55.779091357,69.851373931,6.000000,23.402777778
1015.500000,8.636888687,55.769389777,69.851990028,6.000000,23.395833333
1016.000000,8.642663227,55.759688112,69.852606165,6.000000,23.388888889
1016.500000,8.648437192,55.749986361,69.853222344,6.000000,23.381944444
1017.000000,8.654210581,55.740284525,69.853838563,6.000000,23.375000000
1017.500000,8.659983394,55.730582603,69.854454824,6.000000,23.368055556
1018.000000,8.665755632,55.720880595,69.855071125,6.000000,23.361111111
1018.500000,8.671527295,55.711178502,69.855687467,6.000000,23.354166667
1019.000000,8.677298383,55.701476323,69.856303850,6.000000,23.347222222
1019.500000,8.683068895,55.691774059,69.856920274,6.000000,23.340277778
1020.000000,8.688838832,55.682071709,69.857536739,6.000000,23.333333333
1020.500000,8.694608194,55.672369273,69.858153245,6.000000,23.326388889
1021.000000,8.700376981,55.662666752,69.858769791,6.000000,23.319444444
1021.500000,8.706145193,55.652964145,69.859386379,6.000000,23.312500000
1022.000000,8.711912830,55.643261452,69.860003007,6.000000,23.305555556
1022.500000,8.717679892,55.633558674,69.860619676,6.000000,23.298611111
1023.000000,8.723446380,55.623855810,69.861236386,6.000000,23.291666667
1023.500000,8.729212292,55.614152861,69.861853137,6.000000,23.284722222
1024.000000,8.734977629,55.604449825,69.862469929,6.000000,23.277777778
1024.500000,8.740742392,55.594746705,69.863086762,6.000000,23.270833333
1025.000000,8.746506581,55.585043498,69.863703636,6.000000,23.263888889
1025.500000,8.752270194,55.575340206,69.864320550,6.000000,23.256944444
1026.000000,8.758033233,55.565636828,69.864937506,6.000000,23.250000000
1026.500000,8.763795698,55.555933365,69.865554502,6.000000,23.243055556
1027.000000,8.769557588,55.546229815,69.866171540,6.000000,23.236111111
1027.500000,8.775318904,55.536526180,69.866788618,6.000000,23.229166667
1028.000000,8.781079646,55.526822460,69.867405737,6.000000,23.222222222
1028.500000,8.786839813,55.517118653,69.868022897,6.000000,23.215277778
1029.000000,8.792599406,55.507414761,69.868640098,6.000000,23.208333333
1029.500000,8.798358425,55.497710783,69.869257340,6.000000,23.201388889
1030.000000,8.804116869,55.488006720,69.869874622,6.000000,23.194444444
1030.500000,8.809874740,55.478302571,69.870491946,6.000000,23.187500000
1031.000000,8.815632037,55.468598336,69.871109310,6.000000,23.180555556
1031.500000,8.821388759,55.458894015,69.871726716,6.000000,23.173611111
1032.000000,8.827144908,55.449189609,69.872344162,6.000000,23.166666667
1032.500000,8.832900483,55.439485116,69.872961649,6.000000,23.159722222
1033.000000,8.838655484,55.429780538,69.873579177,6.000000,23.152777778
1033.500000,8.844409912,55.420075874,69.874196746,6.000000,23.145833333
1034.000000,8.850163765,55.410371125,69.874814356,6.000000,23.138888889
1034.500000,8.855917045,55.400666290,69.875432007,6.000000,23.131944444
1035.000000,8.861669752,55.390961368,69.876049699,6.000000,23.125000000
1035.500000,8.867421885,55.381256362,69.876667431,6.000000,23.118055556
1036.000000,8.873173445,55.371551269,69.877285205,6.000000,23.111111111
1036.500000,8.878924431,55.361846090,69.877903019,6.000000,23.104166667
1037.000000,8.884674843,55.352140826,69.878520875,6.000000,23.097222222
1037.500000,8.890424683,55.342435476,69.879138771,6.000000,23.090277778
1038.000000,8.896173949,55.332730040,69.879756708,6.000000,23.083333333
1038.500000,8.901922642,55.323024518,69.880374686,6.000000,23.076388889
1039.000000,8.907670762,55.313318911,69.880992705,6.000000,23.069444444
1039.500000,8.913418308,55.303613217,69.881610765,6.000000,23.062500000
1040.000000,8.919165282,55.293907438,69.882228866,6.000000,23.055555556
1040.500000,8.924911683,55.284201573,69.882847007,6.000000,23.048611111
1041.000000,8.930657511,55.274495622,69.883465190,6.000000,23.041666667
1041.500000,8.936402765,55.264789585,69.884083414,6.000000,23.034722222
1042.000000,8.942147447,55.255083462,69.884701678,6.000000,23.027777778
1042.500000,8.947891557,55.245377254,69.885319983,6.000000,23.020833333
1043.000000,8.953635093,55.235670959,69.885938330,6.000000,23.013888889
1043.500000,8.959378057,55.225964579,69.886556717,6.000000,23.006944444
1044.000000,8.965120448,55.216258113,69.887175145,6.000000,23.000000000
1044.500000,8.970862267,55.206551561,69.887793614,6.000000,22.993055556
1045.000000,8.976603513,55.196844923,69.888412124,6.000000,22.986111111
1045.500000,8.982344187,55.187138199,69.889030675,6.000000,22.979166667
1046.000000,8.988084288,55.177431389,69.889649266,6.000000,22.972222222
1046.500000,8.993823817,55.167724493,69.890267899,6.000000,22.965277778
1047.000000,8.999562774,55.158017512,69.890886572,6.000000,22.958333333
1047.500000,9.005301158,55.148310444,69.891505287,6.000000,22.951388889
1048.000000,9.011038970,55.138603290,69.892124042,6.000000,22.944444444
1048.500000,9.016776210,55.128896051,69.892742839,6.000000,22.937500000
1049.000000,9.022512878,55.119188726,69.893361676,6.000000,22.930555556
1049.500000,9.028248974,55.109481314,69.893980554,6.000000,22.923611111
1050.000000,9.033984498,55.099773817,69.894599473,6.000000,22.916666667
1050.500000,9.039719450,55.090066234,69.895218433,6.000000,22.909722222
1051.000000,9.045453830,55.080358565,69.895837434,6.000000,22.902777778
1051.500000,9.051187639,55.070650809,69.896456476,6.000000,22.895833333
1052.000000,9.056920875,55.060942968,69.897075558,6.000000,22.888888889
1052.500000,9.062653540,55.051235041,69.897694682,6.000000,22.881944444
1053.000000,9.068385633,55.041527028,69.898313847,6.000000,22.875000000
1053.500000,9.074117155,55.031818929,69.898933052,6.000000,22.868055556
1054.000000,9.079848105,55.022110744,69.899552299,6.000000,22.861111111
1054.500000,9.085578484,55.012402472,69.900171586,6.000000,22.854166667
1055.000000,9.091308291,55.002694115,69.900790914,6.000000,22.847222222
1055.500000,9.097037527,54.992985672,69.901410283,6.000000,22.840277778
1056.000000,9.102766191,54.983277143,69.902029694,6.000000,22.833333333
1056.500000,9.108494284,54.973568528,69.902649145,6.000000,22.826388889
1057.000000,9.114221806,54.963859826,69.903268637,6.000000,22.819444444
1057.500000,9.119948757,54.954151039,69.903888170,6.000000,22.812500000
1058.000000,9.125675136,54.944442166,69.904507743,6.000000,22.805555556
1058.500000,9.131400945,54.934733206,69.905127358,6.000000,22.798611111
1059.000000,9.137126182,54.925024161,69.905747014,6.000000,22.791666667
1059.500000,9.142850849,54.915315029,69.906366710,6.000000,22.784722222
1060.000000,9.148574944,54.905605812,69.906986448,6.000000,22.777777778
1060.500000,9.154298469,54.895896508,69.907606226,6.000000,22.770833333
1061.000000,9.160021423,54.886187118,69.908226046,6.000000,22.763888889
1061.500000,9.165743806,54.876477642,69.908845906,6.000000,22.756944444
1062.000000,9.171465619,54.866768080,69.909465807,6.000000,22.750000000
1062.500000,9.177186860,54.857058432,69.910085750,6.000000,22.743055556
1063.000000,9.182907532,54.847348698,69.910705733,6.000000,22.736111111
1063.500000,9.188627632,54.837638878,69.911325757,6.000000,22.729166667
1064.000000,9.194347162,54.827928972,69.911945822,6.000000,22.722222222
1064.500000,9.200066122,54.818218979,69.912565928,6.000000,22.715277778
1065.000000,9.205784512,54.808508901,69.913186075,6.000000,22.708333333
1065.500000,9.211502331,54.798798736,69.913806262,6.000000,22.701388889
1066.000000,9.217219579,54.789088485,69.914426491,6.000000,22.694444444
1066.500000,9.222936258,54.779378148,69.915046761,6.000000,22.687500000
1067.000000,9.228652366,54.769667725,69.915667071,6.000000,22.680555556
1067.500000,9.234367905,54.759957216,69.916287423,6.000000,22.673611111
1068.000000,9.240082873,54.750246620,69.916907815,6.000000,22.666666667
1068.500000,9.245797271,54.740535938,69.917528249,6.000000,22.659722222
1069.000000,9.251511099,54.730825171,69.918148723,6.000000,22.652777778
1069.500000,9.257224358,54.721114317,69.918769238,6.000000,22.645833333
1070.000000,9.262937046,54.711403376,69.919389795,6.000000,22.638888889
1070.500000,9.268649165,54.701692350,69.920010392,6.000000,22.631944444
1071.000000,9.274360714,54.691981238,69.920631030,6.000000,22.625000000
1071.500000,9.280071693,54.682270039,69.921251709,6.000000,22.618055556
1072.000000,9.285782103,54.672558754,69.921872429,6.000000,22.611111111
1072.500000,9.291491943,54.662847383,69.922493190,6.000000,22.604166667
1073.000000,9.297201213,54.653135925,69.923113992,6.000000,22.597222222
1073.500000,9.302909914,54.643424382,69.923734835,6.000000,22.590277778
1074.000000,9.308618046,54.633712752,69.924355718,6.000000,22.583333333
1074.500000,9.314325608,54.624001036,69.924976643,6.000000,22.576388889
1075.000000,9.320032601,54.614289233,69.925597609,6.000000,22.569444444
1075.500000,9.325739025,54.604577345,69.926218615,6.000000,22.562500000
1076.000000,9.331444879,54.594865370,69.926839663,6.000000,22.555555556
1076.500000,9.337150164,54.585153309,69.927460751,6.000000,22.548611111
1077.000000,9.342854880,54.575441162,69.928081881,6.000000,22.541666667
1077.500000,9.348559027,54.565728928,69.928703051,6.000000,22.534722222
1078.000000,9.354262606,54.556016608,69.929324262,6.000000,22.527777778
1078.500000,9.359965615,54.546304202,69.929945515,6.000000,22.520833333
1079.000000,9.365668055,54.536591710,69.930566808,6.000000,22.513888889
1079.500000,9.371369926,54.526879131,69.931188142,6.000000,22.506944444
1080.000000,9.377071229,54.517166466,69.931809517,6.000000,22.500000000
1080.500000,9.382771963,54.507453715,69.932430933,6.000000,22.493055556
1081.000000,9.388472128,54.497740877,69.933052390,6.000000,22.486111111
1081.500000,9.394171725,54.488027953,69.933673888,6.000000,22.479166667
1082.000000,9.399870753,54.478314943,69.934295427,6.000000,22.472222222
1082.500000,9.405569212,54.468601846,69.934917007,6.000000,22.465277778
1083.000000,9.411267103,54.458888663,69.935538628,6.000000,22.458333333
1083.500000,9.416964426,54.449175394,69.936160289,6.000000,22.451388889
1084.000000,9.422661180,54.439462038,69.936781992,6.000000,22.444444444
1084.500000,9.428357366,54.429748596,69.937403736,6.000000,22.437500000
1085.000000,9.434052983,54.420035068,69.938025520,6.000000,22.430555556
1085.500000,9.439748033,54.410321453,69.938647346,6.000000,22.423611111
1086.000000,9.445442514,54.400607752,69.939269212,6.000000,22.416666667
1086.500000,9.451136427,54.390893965,69.939891120,6.000000,22.409722222
1087.000000,9.456829772,54.381180091,69.940513068,6.000000,22.402777778
1087.500000,9.462522549,54.371466131,69.941135058,6.000000,22.395833333
1088.000000,9.468214759,54.361752085,69.941757088,6.000000,22.388888889
1088.500000,9.473906400,54.352037952,69.942379159,6.000000,22.381944444
1089.000000,9.479597473,54.342323732,69.943001272,6.000000,22.375000000
1089.500000,9.485287979,54.332609427,69.943623425,6.000000,22.368055556
1090.000000,9.490977917,54.322895034,69.944245619,6.000000,22.361111111
1090.500000,9.496667287,54.313180556,69.944867854,6.000000,22.354166667
1091.000000,9.502356090,54.303465991,69.945490130,6.000000,22.347222222
1091.500000,9.508044325,54.293751340,69.946112447,6.000000,22.340277778
1092.000000,9.513731992,54.284036602,69.946734806,6.000000,22.333333333
1092.500000,9.519419093,54.274321777,69.947357205,6.000000,22.326388889
1093.000000,9.525105625,54.264606867,69.947979644,6.000000,22.319444444
1093.500000,9.530791591,54.254891870,69.948602125,6.000000,22.312500000
1094.000000,9.536476989,54.245176786,69.949224647,6.000000,22.305555556
1094.500000,9.542161819,54.235461616,69.949847210,6.000000,22.298611111
1095.000000,9.547846083,54.225746359,69.950469814,6.000000,22.291666667
1095.500000,9.553529779,54.216031016,69.951092459,6.000000,22.284722222
1096.000000,9.559212908,54.206315587,69.951715144,6.000000,22.277777778
1096.500000,9.564895471,54.196600071,69.952337871,6.000000,22.270833333
1097.000000,9.570577466,54.186884468,69.952960639,6.000000,22.263888889
1097.500000,9.576258894,54.177168779,69.953583447,6.000000,22.256944444
1098.000000,9.581939756,54.167453004,69.954206297,6.000000,22.250000000
1098.500000,9.587620050,54.157737142,69.954829188,6.000000,22.243055556
1099.000000,9.593299778,54.148021193,69.955452119,6.000000,22.236111111
1099.500000,9.598978939,54.138305158,69.956075092,6.000000,22.229166667
1100.000000,9.604657534,54.128589037,69.956698105,6.000000,22.222222222
1100.500000,9.610335561,54.118872829,69.957321160,6.000000,22.215277778
1101.000000,9.616013023,54.109156534,69.957944255,6.000000,22.208333333
1101.500000,9.621689917,54.099440153,69.958567391,6.000000,22.201388889
1102.000000,9.627366246,54.089723685,69.959190569,6.000000,22.194444444
1102.500000,9.633042007,54.080007131,69.959813787,6.000000,22.187500000
1103.000000,9.638717203,54.070290490,69.960437046,6.000000,22.180555556
1103.500000,9.644391832,54.060573763,69.961060347,6.000000,22.173611111
1104.000000,9.650065895,54.050856949,69.961683688,6.000000,22.166666667
1104.500000,9.655739392,54.041140048,69.962307070,6.000000,22.159722222
1105.000000,9.661412322,54.031423061,69.962930493,6.000000,22.152777778
1105.500000,9.667084687,54.021705988,69.963553958,6.000000,22.145833333
1106.000000,9.672756485,54.011988827,69.964177463,6.000000,22.138888889
1106.500000,9.678427718,54.002271580,69.964801009,6.000000,22.131944444
1107.000000,9.684098384,53.992554247,69.965424596,6.000000,22.125000000
1107.500000,9.689768485,53.982836827,69.966048224,6.000000,22.118055556
1108.000000,9.695438020,53.973119320,69.966671893,6.000000,22.111111111
1108.500000,9.701106989,53.963401727,69.967295603,6.000000,22.104166667
1109.000000,9.706775392,53.953684047,69.967919354,6.000000,22.097222222
1109.500000,9.712443230,53.943966280,69.968543146,6.000000,22.090277778
1110.000000,9.718110502,53.934248427,69.969166979,6.000000,22.083333333
1110.500000,9.723777208,53.924530487,69.969790853,6.000000,22.076388889
1111.000000,9.729443349,53.914812461,69.970414768,6.000000,22.069444444
1111.500000,9.735108925,53.905094348,69.971038724,6.000000,22.062500000
1112.000000,9.740773935,53.895376148,69.971662721,6.000000,22.055555556
1112.500000,9.746438379,53.885657861,69.972286759,6.000000,22.048611111
1113.000000,9.752102259,53.875939488,69.972910838,6.000000,22.041666667
1113.500000,9.757765573,53.866221028,69.973534958,6.000000,22.034722222
1114.000000,9.763428322,53.856502482,69.974159118,6.000000,22.027777778
1114.500000,9.769090506,53.846783849,69.974783320,6.000000,22.020833333
1115.000000,9.774752124,53.837065129,69.975407563,6.000000,22.013888889
1115.500000,9.780413178,53.827346322,69.976031847,6.000000,22.006944444
1116.000000,9.786073667,53.817627429,69.976656172,6.000000,22.000000000
1116.500000,9.791733590,53.807908449,69.977280537,6.000000,21.993055556
1117.000000,9.797392949,53.798189382,69.977904944,6.000000,21.986111111
1117.500000,9.803051743,53.788470229,69.978529392,6.000000,21.979166667
1118.000000,9.808709973,53.778750988,69.979153881,6.000000,21.972222222
1118.500000,9.814367637,53.769031661,69.979778410,6.000000,21.965277778
1119.000000,9.820024737,53.759312248,69.980402981,6.000000,21.958333333
1119.500000,9.825681272,53.749592747,69.981027593,6.000000,21.951388889
1120.000000,9.831337243,53.739873160,69.981652245,6.000000,21.944444444
1120.500000,9.836992649,53.730153486,69.982276939,6.000000,21.937500000
1121.000000,9.842647491,53.720433726,69.982901674,6.000000,21.930555556
1121.500000,9.848301768,53.710713878,69.983526449,6.000000,21.923611111
1122.000000,9.853955481,53.700993944,69.984151266,6.000000,21.916666667
1122.500000,9.859608630,53.691273923,69.984776124,6.000000,21.909722222
1123.000000,9.865261214,53.681553815,69.985401022,6.000000,21.902777778
1123.500000,9.870913234,53.671833620,69.986025962,6.000000,21.895833333
1124.000000,9.876564690,53.662113339,69.986650943,6.000000,21.888888889
1124.500000,9.882215582,53.652392971,69.987275964,6.000000,21.881944444
1125.000000,9.887865910,53.642672516,69.987901027,6.000000,21.875000000
1125.500000,9.893515674,53.632951974,69.988526130,6.000000,21.868055556
1126.000000,9.899164874,53.623231345,69.989151275,6.000000,21.861111111
1126.500000,9.904813510,53.613510630,69.989776461,6.000000,21.854166667
1127.000000,9.910461582,53.603789828,69.990401687,6.000000,21.847222222
1127.500000,9.916109091,53.594068939,69.991026955,6.000000,21.840277778
1128.000000,9.921756036,53.584347963,69.991652264,6.000000,21.833333333
1128.500000,9.927402417,53.574626900,69.992277613,6.000000,21.826388889
1129.000000,9.933048234,53.564905750,69.992903004,6.000000,21.819444444
1129.500000,9.938693488,53.555184514,69.993528435,6.000000,21.812500000
1130.000000,9.944338179,53.545463190,69.994153908,6.000000,21.805555556
1130.500000,9.949982305,53.535741780,69.994779422,6.000000,21.798611111
1131.000000,9.955625869,53.526020283,69.995404976,6.000000,21.791666667
1131.500000,9.961268869,53.516298699,69.996030572,6.000000,21.784722222
1132.000000,9.966911306,53.506577028,69.996656208,6.000000,21.777777778
1132.500000,9.972553180,53.496855270,69.997281886,6.000000,21.770833333
1133.000000,9.978194490,53.487133425,69.997907605,6.000000,21.763888889
1133.500000,9.983835237,53.477411494,69.998533364,6.000000,21.756944444
1134.000000,9.989475421,53.467689475,69.999159165,6.000000,21.750000000
1134.500000,9.995115042,53.457967370,69.999785007,6.000000,21.743055556
1135.000000,10.000754101,53.448245177,70.000429021,6.000000,21.736111111
1135.500000,10.006392598,53.438522896,70.001190528,6.000000,21.729166667
1136.000000,10.012030546,53.428800508,70.001952077,6.000000,21.722222222
1136.500000,10.017667945,53.419078015,70.002713668,6.000000,21.715277778
1137.000000,10.023304796,53.409355416,70.003475301,6.000000,21.708333333
1137.500000,10.028941097,53.399632711,70.004236975,6.000000,21.701388889
1138.000000,10.034576851,53.389909900,70.004998692,6.000000,21.694444444
1138.500000,10.040212055,53.380186983,70.005760450,6.000000,21.687500000
1139.000000,10.045846711,53.370463961,70.006522250,6.000000,21.680555556
1139.500000,10.051480819,53.360740833,70.007284092,6.000000,21.673611111
1140.000000,10.057114378,53.351017599,70.008045976,6.000000,21.666666667
1140.500000,10.062747388,53.341294260,70.008807901,6.000000,21.659722222
1141.000000,10.068379850,53.331570814,70.009569869,6.000000,21.652777778
1141.500000,10.074011764,53.321847263,70.010331878,6.000000,21.645833333
1142.000000,10.079643130,53.312123605,70.011093930,6.000000,21.638888889
1142.500000,10.085273947,53.302399842,70.011856023,6.000000,21.631944444
1143.000000,10.090904217,53.292675973,70.012618158,6.000000,21.625000000
1143.500000,10.096533938,53.282951999,70.013380334,6.000000,21.618055556
1144.000000,10.102163111,53.273227918,70.014142553,6.000000,21.611111111
1144.500000,10.107791737,53.263503732,70.014904814,6.000000,21.604166667
1145.000000,10.113419814,53.253779439,70.015667116,6.000000,21.597222222
1145.500000,10.119047343,53.244055041,70.016429460,6.000000,21.590277778
1146.000000,10.124674325,53.234330537,70.017191847,6.000000,21.583333333
1146.500000,10.130300759,53.224605927,70.017954275,6.000000,21.576388889
1147.000000,10.135926645,53.214881211,70.018716745,6.000000,21.569444444
1147.500000,10.141551984,53.205156389,70.019479256,6.000000,21.562500000
1148.000000,10.147176774,53.195431462,70.020241810,6.000000,21.555555556
1148.500000,10.152801018,53.185706428,70.021004406,6.000000,21.548611111
1149.000000,10.158424714,53.175981289,70.021767043,6.000000,21.541666667
1149.500000,10.164047862,53.166256043,70.022529722,6.000000,21.534722222
1150.000000,10.169670463,53.156530692,70.023292444,6.000000,21.527777778
1150.500000,10.175292517,53.146805235,70.024055207,6.000000,21.520833333
1151.000000,10.180914023,53.137079671,70.024818012,6.000000,21.513888889
1151.500000,10.186534982,53.127354002,70.025580858,6.000000,21.506944444
1152.000000,10.192155394,53.117628227,70.026343747,6.000000,21.500000000
1152.500000,10.197775259,53.107902346,70.027106678,6.000000,21.493055556
1153.000000,10.203394577,53.098176359,70.027869650,6.000000,21.486111111
1153.500000,10.209013348,53.088450266,70.028632665,6.000000,21.479166667
1154.000000,10.214631571,53.078724067,70.029395721,6.000000,21.472222222
1154.500000,10.220249248,53.068997762,70.030158819,6.000000,21.465277778
1155.000000,10.225866378,53.059271351,70.030921959,6.000000,21.458333333
1155.500000,10.231482961,53.049544834,70.031685141,6.000000,21.451388889
1156.000000,10.237098998,53.039818211,70.032448365,6.000000,21.444444444
1156.500000,10.242714487,53.030091482,70.033211631,6.000000,21.437500000
1157.000000,10.248329431,53.020364647,70.033974939,6.000000,21.430555556
1157.500000,10.253943827,53.010637706,70.034738288,6.000000,21.423611111
1158.000000,10.259557677,53.000910659,70.035501680,6.000000,21.416666667
1158.500000,10.265170980,52.991183506,70.036265113,6.000000,21.409722222
1159.000000,10.270783737,52.981456247,70.037028589,6.000000,21.402777778
1159.500000,10.276395948,52.971728882,70.037792106,6.000000,21.395833333
1160.000000,10.282007612,52.962001411,70.038555665,6.000000,21.388888889
1160.500000,10.287618730,52.952273834,70.039319266,6.000000,21.381944444
1161.000000,10.293229302,52.942546151,70.040082909,6.000000,21.375000000
1161.500000,10.298839328,52.932818361,70.040846594,6.000000,21.368055556
1162.000000,10.304448807,52.923090466,70.041610321,6.000000,21.361111111
1162.500000,10.310057741,52.913362465,70.042374089,6.000000,21.354166667
1163.000000,10.315666128,52.903634357,70.043137900,6.000000,21.347222222
1163.500000,10.321273970,52.893906143,70.043901752,6.000000,21.340277778
1164.000000,10.326881265,52.884177824,70.044665647,6.000000,21.333333333
1164.500000,10.332488015,52.874449398,70.045429583,6.000000,21.326388889
1165.000000,10.338094219,52.864720866,70.046193561,6.000000,21.319444444
1165.500000,10.343699877,52.854992228,70.046957582,6.000000,21.312500000
1166.000000,10.349304990,52.845263484,70.047721644,6.000000,21.305555556
1166.500000,10.354909557,52.835534634,70.048485748,6.000000,21.298611111
1167.000000,10.360513578,52.825805677,70.049249894,6.000000,21.291666667
1167.500000,10.366117054,52.816076615,70.050014082,6.000000,21.284722222
1168.000000,10.371719984,52.806347446,70.050778312,6.000000,21.277777778
1168.500000,10.377322369,52.796618172,70.051542583,6.000000,21.270833333
1169.000000,10.382924208,52.786888791,70.052306897,6.000000,21.263888889
1169.500000,10.388525502,52.777159304,70.053071253,6.000000,21.256944444
1170.000000,10.394126251,52.767429710,70.053835650,6.000000,21.250000000
1170.500000,10.399726455,52.757700011,70.054600090,6.000000,21.243055556
1171.000000,10.405326113,52.747970205,70.055364571,6.000000,21.236111111
1171.500000,10.410925227,52.738240294,70.056129095,6.000000,21.229166667
1172.000000,10.416523795,52.728510276,70.056893660,6.000000,21.222222222
1172.500000,10.422121819,52.718780152,70.057658267,6.000000,21.215277778
1173.000000,10.427719297,52.709049921,70.058422916,6.000000,21.208333333
1173.500000,10.433316230,52.699319585,70.059187608,6.000000,21.201388889
1174.000000,10.438912619,52.689589142,70.059952341,6.000000,21.194444444
1174.500000,10.444508463,52.679858593,70.060717116,6.000000,21.187500000
1175.000000,10.450103762,52.670127938,70.061481933,6.000000,21.180555556
1175.500000,10.455698516,52.660397177,70.062246792,6.000000,21.173611111
1176.000000,10.461292726,52.650666309,70.063011692,6.000000,21.166666667
1176.500000,10.466886392,52.640935335,70.063776635,6.000000,21.159722222
1177.000000,10.472479512,52.631204255,70.064541620,6.000000,21.152777778
1177.500000,10.478072088,52.621473069,70.065306647,6.000000,21.145833333
1178.000000,10.483664120,52.611741776,70.066071716,6.000000,21.138888889
1178.500000,10.489255608,52.602010377,70.066836826,6.000000,21.131944444
1179.000000,10.494846551,52.592278872,70.067601979,6.000000,21.125000000
1179.500000,10.500436950,52.582547261,70.068367173,6.000000,21.118055556
1180.000000,10.506026804,52.572815543,70.069132410,6.000000,21.111111111
1180.500000,10.511616115,52.563083719,70.069897688,6.000000,21.104166667
1181.000000,10.517204881,52.553351789,70.070663009,6.000000,21.097222222
1181.500000,10.522793104,52.543619752,70.071428371,6.000000,21.090277778
1182.000000,10.528380782,52.533887610,70.072193776,6.000000,21.083333333
1182.500000,10.533967916,52.524155360,70.072959222,6.000000,21.076388889
1183.000000,10.539554507,52.514423005,70.073724710,6.000000,21.069444444
1183.500000,10.545140554,52.504690543,70.074490241,6.000000,21.062500000
1184.000000,10.550726057,52.494957975,70.075255813,6.000000,21.055555556
1184.500000,10.556311016,52.485225301,70.076021427,6.000000,21.048611111
1185.000000,10.561895431,52.475492520,70.076787083,6.000000,21.041666667
1185.500000,10.567479303,52.465759633,70.077552782,6.000000,21.034722222
1186.000000,10.573062631,52.456026639,70.078318522,6.000000,21.027777778
1186.500000,10.578645416,52.446293540,70.079084304,6.000000,21.020833333
1187.000000,10.584227658,52.436560333,70.079850128,6.000000,21.013888889
1187.500000,10.589809355,52.426827021,70.080615994,6.000000,21.006944444
1188.000000,10.595390510,52.417093602,70.081381902,6.000000,21.000000000
1188.500000,10.600971121,52.407360077,70.082147852,6.000000,20.993055556
1189.000000,10.606551189,52.397626445,70.082913844,6.000000,20.986111111
1189.500000,10.612130714,52.387892707,70.083679878,6.000000,20.979166667
1190.000000,10.617709696,52.378158863,70.084445954,6.000000,20.972222222
1190.500000,10.623288134,52.368424912,70.085212072,6.000000,20.965277778
1191.000000,10.628866030,52.358690855,70.085978232,6.000000,20.958333333
1191.500000,10.634443382,52.348956691,70.086744434,6.000000,20.951388889
1192.000000,10.640020192,52.339222421,70.087510678,6.000000,20.944444444
1192.500000,10.645596458,52.329488044,70.088276964,6.000000,20.937500000
1193.000000,10.651172182,52.319753561,70.089043292,6.000000,20.930555556
1193.500000,10.656747363,52.310018972,70.089809662,6.000000,20.923611111
1194.000000,10.662322002,52.300284276,70.090576074,6.000000,20.916666667
1194.500000,10.667896097,52.290549474,70.091342528,6.000000,20.909722222
1195.000000,10.673469650,52.280814565,70.092109024,6.000000,20.902777778
1195.500000,10.679042661,52.271079550,70.092875562,6.000000,20.895833333
1196.000000,10.684615129,52.261344429,70.093642142,6.000000,20.888888889
1196.500000,10.690187054,52.251609201,70.094408764,6.000000,20.881944444
1197.000000,10.695758437,52.241873866,70.095175428,6.000000,20.875000000
1197.500000,10.701329278,52.232138425,70.095942134,6.000000,20.868055556
1198.000000,10.706899576,52.222402878,70.096708882,6.000000,20.861111111
1198.500000,10.712469333,52.212667224,70.097475672,6.000000,20.854166667
1199.000000,10.718038547,52.202931463,70.098242504,6.000000,20.847222222
1199.500000,10.723607218,52.193195596,70.099009378,6.000000,20.840277778
1200.000000,10.729175348,52.183459622,70.099776294,6.000000,20.833333333
1200.500000,10.734742936,52.173723542,70.100543252,6.000000,20.826388889
1201.000000,10.740309982,52.163987356,70.101310252,6.000000,20.819444444
1201.500000,10.745876485,52.154251063,70.102077294,6.000000,20.812500000
1202.000000,10.751442447,52.144514663,70.102844378,6.000000,20.805555556
1202.500000,10.757007867,52.134778157,70.103611504,6.000000,20.798611111
1203.000000,10.762572745,52.125041544,70.104378672,6.000000,20.791666667
1203.500000,10.768137082,52.115304825,70.105145882,6.000000,20.784722222
1204.000000,10.773700877,52.105567999,70.105913134,6.000000,20.777777778
1204.500000,10.779264130,52.095831067,70.106680429,6.000000,20.770833333
1205.000000,10.784826842,52.086094028,70.107447765,6.000000,20.763888889
1205.500000,10.790389012,52.076356882,70.108215143,6.000000,20.756944444
1206.000000,10.795950641,52.066619630,70.108982563,6.000000,20.750000000
1206.500000,10.801511728,52.056882272,70.109750026,6.000000,20.743055556
1207.000000,10.807072274,52.047144806,70.110517530,6.000000,20.736111111
1207.500000,10.812632279,52.037407234,70.111285076,6.000000,20.729166667
1208.000000,10.818191742,52.027669556,70.112052665,6.000000,20.722222222
1208.500000,10.823750664,52.017931771,70.112820295,6.000000,20.715277778
1209.000000,10.829309045,52.008193879,70.113587967,6.000000,20.708333333
1209.500000,10.834866885,51.998455881,70.114355682,6.000000,20.701388889
1210.000000,10.840424184,51.988717776,70.115123439,6.000000,20.694444444
1210.500000,10.845980942,51.978979564,70.115891237,6.000000,20.687500000
1211.000000,10.851537159,51.969241246,70.116659078,6.000000,20.680555556
1211.500000,10.857092835,51.959502821,70.117426960,6.000000,20.673611111
1212.000000,10.862647970,51.949764290,70.118194885,6.000000,20.666666667
1212.500000,10.868202565,51.940025651,70.118962852,6.000000,20.659722222
1213.000000,10.873756619,51.930286907,70.119730861,6.000000,20.652777778
1213.500000,10.879310132,51.920548055,70.120498912,6.000000,20.645833333
1214.000000,10.884863104,51.910809097,70.121267004,6.000000,20.638888889
1214.500000,10.890415536,51.901070032,70.122035139,6.000000,20.631944444
1215.000000,10.895967428,51.891330860,70.122803316,6.000000,20.625000000
1215.500000,10.901518779,51.881591582,70.123571535,6.000000,20.618055556
1216.000000,10.907069589,51.871852197,70.124339797,6.000000,20.611111111
1216.500000,10.912619859,51.862112706,70.125108100,6.000000,20.604166667
1217.000000,10.918169589,51.852373107,70.125876445,6.000000,20.597222222
1217.500000,10.923718779,51.842633402,70.126644832,6.000000,20.590277778
1218.000000,10.929267428,51.832893590,70.127413262,6.000000,20.583333333
1218.500000,10.934815538,51.823153672,70.128181733,6.000000,20.576388889
1219.000000,10.940363107,51.813413647,70.128950246,6.000000,20.569444444
1219.500000,10.945910136,51.803673515,70.129718802,6.000000,20.562500000
1220.000000,10.951456625,51.793933276,70.130487400,6.000000,20.555555556
1220.500000,10.957002574,51.784192931,70.131256039,6.000000,20.548611111
1221.000000,10.962547984,51.774452478,70.132024721,6.000000,20.541666667
1221.500000,10.968092853,51.764711919,70.132793445,6.000000,20.534722222
1222.000000,10.973637183,51.754971254,70.133562211,6.000000,20.527777778
1222.500000,10.979180973,51.745230481,70.134331019,6.000000,20.520833333
1223.000000,10.984724223,51.735489602,70.135099869,6.000000,20.513888889
1223.500000,10.990266934,51.725748616,70.135868761,6.000000,20.506944444
1224.000000,10.995809105,51.716007523,70.136637695,6.000000,20.500000000
1224.500000,11.001350737,51.706266323,70.137406671,6.000000,20.493055556
1225.000000,11.006891829,51.696525017,70.138175689,6.000000,20.486111111
1225.500000,11.012432382,51.686783603,70.138944750,6.000000,20.479166667
1226.000000,11.017972395,51.677042083,70.139713852,6.000000,20.472222222
1226.500000,11.023511869,51.667300456,70.140482997,6.000000,20.465277778
1227.000000,11.029050804,51.657558723,70.141252183,6.000000,20.458333333
1227.500000,11.034589200,51.647816882,70.142021412,6.000000,20.451388889
1228.000000,11.040127056,51.638074935,70.142790683,6.000000,20.444444444
1228.500000,11.045664374,51.628332880,70.143559996,6.000000,20.437500000
1229.000000,11.051201152,51.618590719,70.144329351,6.000000,20.430555556
1229.500000,11.056737391,51.608848451,70.145098748,6.000000,20.423611111
1230.000000,11.062273092,51.599106076,70.145868187,6.000000,20.416666667
1230.500000,11.067808253,51.589363595,70.146637668,6.000000,20.409722222
1231.000000,11.073342876,51.579621006,70.147407192,6.000000,20.402777778
1231.500000,11.078876960,51.569878311,70.148176757,6.000000,20.395833333
1232.000000,11.084410505,51.560135508,70.148946365,6.000000,20.388888889
1232.500000,11.089943512,51.550392599,70.149716014,6.000000,20.381944444
1233.000000,11.095475980,51.540649583,70.150485706,6.000000,20.375000000
1233.500000,11.101007909,51.530906460,70.151255440,6.000000,20.368055556
1234.000000,11.106539300,51.521163230,70.152025216,6.000000,20.361111111
1234.500000,11.112070152,51.511419893,70.152795034,6.000000,20.354166667
1235.000000,11.117600466,51.501676450,70.153564894,6.000000,20.347222222
1235.500000,11.123130242,51.491932899,70.154334797,6.000000,20.340277778
1236.000000,11.128659479,51.482189241,70.155104741,6.000000,20.333333333
1236.500000,11.134188178,51.472445477,70.155874727,6.000000,20.326388889
1237.000000,11.139716339,51.462701605,70.156644756,6.000000,20.319444444
1237.500000,11.145243961,51.452957627,70.157414827,6.000000,20.312500000
1238.000000,11.150771046,51.443213541,70.158184940,6.000000,20.305555556
1238.500000,11.156297592,51.433469349,70.158955094,6.000000,20.298611111
1239.000000,11.161823601,51.423725050,70.159725292,6.000000,20.291666667
1239.500000,11.167349071,51.413980643,70.160495531,6.000000,20.284722222
1240.000000,11.172874004,51.404236130,70.161265812,6.000000,20.277777778
1240.500000,11.178398399,51.394491510,70.162036135,6.000000,20.270833333
1241.000000,11.183922256,51.384746783,70.162806501,6.000000,20.263888889
1241.500000,11.189445575,51.375001948,70.163576909,6.000000,20.256944444
1242.000000,11.194968357,51.365257007,70.164347358,6.000000,20.250000000
1242.500000,11.200490601,51.355511959,70.165117850,6.000000,20.243055556
1243.000000,11.206012307,51.345766804,70.165888384,6.000000,20.236111111
1243.500000,11.211533476,51.336021541,70.166658960,6.000000,20.229166667
1244.000000,11.217054107,51.326276172,70.167429579,6.000000,20.222222222
1244.500000,11.222574201,51.316530696,70.168200239,6.000000,20.215277778
1245.000000,11.228093758,51.306785112,70.168970942,6.000000,20.208333333
1245.500000,11.233612777,51.297039422,70.169741686,6.000000,20.201388889
1246.000000,11.239131259,51.287293625,70.170512473,6.000000,20.194444444
1246.500000,11.244649204,51.277547720,70.171283302,6.000000,20.187500000
1247.000000,11.250166612,51.267801708,70.172054173,6.000000,20.180555556
1247.500000,11.255683483,51.258055590,70.172825086,6.000000,20.173611111
1248.000000,11.261199816,51.248309364,70.173596042,6.000000,20.166666667
1248.500000,11.266715613,51.238563031,70.174367039,6.000000,20.159722222
1249.000000,11.272230872,51.228816591,70.175138079,6.000000,20.152777778
1249.500000,11.277745595,51.219070044,70.175909161,6.000000,20.145833333
1250.000000,11.283259781,51.209323390,70.176680285,6.000000,20.138888889
1250.500000,11.288773430,51.199576629,70.177451451,6.000000,20.131944444
1251.000000,11.294286542,51.189829761,70.178222659,6.000000,20.125000000
1251.500000,11.299799118,51.180082786,70.178993909,6.000000,20.118055556
1252.000000,11.305311157,51.170335703,70.179765202,6.000000,20.111111111
1252.500000,11.310822659,51.160588514,70.180536537,6.000000,20.104166667
1253.000000,11.316333625,51.150841217,70.181307913,6.000000,20.097222222
1253.500000,11.321844054,51.141093813,70.182079332,6.000000,20.090277778
1254.000000,11.327353947,51.131346302,70.182850794,6.000000,20.083333333
1254.500000,11.332863304,51.121598684,70.183622297,6.000000,20.076388889
1255.000000,11.338372124,51.111850958,70.184393842,6.000000,20.069444444
1255.500000,11.343880408,51.102103126,70.185165430,6.000000,20.062500000
1256.000000,11.349388156,51.092355186,70.185937060,6.000000,20.055555556
1256.500000,11.354895367,51.082607139,70.186708732,6.000000,20.048611111
1257.000000,11.360402043,51.072858986,70.187480446,6.000000,20.041666667
1257.500000,11.365908182,51.063110724,70.188252202,6.000000,20.034722222
1258.000000,11.371413785,51.053362356,70.189024000,6.000000,20.027777778
1258.500000,11.376918853,51.043613880,70.189795841,6.000000,20.020833333
1259.000000,11.382423384,51.033865298,70.190567724,6.000000,20.013888889
1259.500000,11.387927380,51.024116608,70.191339649,6.000000,20.006944444
1260.000000,11.393430840,51.014367811,70.192111616,6.000000,20.000000000
1260.500000,11.398933764,51.004618906,70.192883625,6.000000,19.993055556
1261.000000,11.404436153,50.994869895,70.193655677,6.000000,19.986111111
1261.500000,11.409938005,50.985120776,70.194427770,6.000000,19.979166667
1262.000000,11.415439323,50.975371550,70.195199906,6.000000,19.972222222
1262.500000,11.420940104,50.965622216,70.195972084,6.000000,19.965277778
1263.000000,11.426440350,50.955872776,70.196744304,6.000000,19.958333333
1263.500000,11.431940061,50.946123228,70.197516567,6.000000,19.951388889
1264.000000,11.437439236,50.936373573,70.198288871,6.000000,19.944444444
1264.500000,11.442937876,50.926623810,70.199061218,6.000000,19.937500000
1265.000000,11.448435981,50.916873941,70.199833607,6.000000,19.930555556
1265.500000,11.453933551,50.907123964,70.200606038,6.000000,19.923611111
1266.000000,11.459430585,50.897373880,70.201378511,6.000000,19.916666667
1266.500000,11.464927084,50.887623688,70.202151027,6.000000,19.909722222
1267.000000,11.470423048,50.877873390,70.202923584,6.000000,19.902777778
1267.500000,11.475918477,50.868122984,70.203696184,6.000000,19.895833333
1268.000000,11.481413371,50.858372470,70.204468826,6.000000,19.888888889
1268.500000,11.486907731,50.848621849,70.205241511,6.000000,19.881944444
1269.000000,11.492401555,50.838871122,70.206014237,6.000000,19.875000000
1269.500000,11.497894845,50.829120286,70.206787006,6.000000,19.868055556
1270.000000,11.503387599,50.819369344,70.207559816,6.000000,19.861111111
1270.500000,11.508879819,50.809618294,70.208332669,6.000000,19.854166667
1271.000000,11.514371505,50.799867136,70.209105565,6.000000,19.847222222
1271.500000,11.519862656,50.790115872,70.209878502,6.000000,19.840277778
1272.000000,11.525353272,50.780364500,70.210651482,6.000000,19.833333333
1272.500000,11.530843354,50.770613020,70.211424504,6.000000,19.826388889
1273.000000,11.536332901,50.760861433,70.212197568,6.000000,19.819444444
1273.500000,11.541821914,50.751109739,70.212970674,6.000000,19.812500000
1274.000000,11.547310393,50.741357938,70.213743822,6.000000,19.805555556
1274.500000,11.552798337,50.731606029,70.214517013,6.000000,19.798611111
1275.000000,11.558285747,50.721854013,70.215290246,6.000000,19.791666667
1275.500000,11.563772623,50.712101889,70.216063521,6.000000,19.784722222
1276.000000,11.569258964,50.702349658,70.216836838,6.000000,19.777777778
1276.500000,11.574744772,50.692597320,70.217610198,6.000000,19.770833333
1277.000000,11.580230046,50.682844874,70.218383600,6.000000,19.763888889
1277.500000,11.585714785,50.673092321,70.219157044,6.000000,19.756944444
1278.000000,11.591198991,50.663339660,70.219930530,6.000000,19.750000000
1278.500000,11.596682663,50.653586892,70.220704058,6.000000,19.743055556
1279.000000,11.602165801,50.643834016,70.221477629,6.000000,19.736111111
1279.500000,11.607648405,50.634081033,70.222251242,6.000000,19.729166667
1280.000000,11.613130476,50.624327943,70.223024897,6.000000,19.722222222
1280.500000,11.618612012,50.614574745,70.223798594,6.000000,19.715277778
1281.000000,11.624093016,50.604821439,70.224572334,6.000000,19.708333333
1281.500000,11.629573485,50.595068027,70.225346116,6.000000,19.701388889
1282.000000,11.635053421,50.585314506,70.226119940,6.000000,19.694444444
1282.500000,11.640532824,50.575560879,70.226893806,6.000000,19.687500000
1283.000000,11.646011693,50.565807143,70.227667714,6.000000,19.680555556
1283.500000,11.651490029,50.556053301,70.228441665,6.000000,19.673611111
1284.000000,11.656967832,50.546299350,70.229215658,6.000000,19.666666667
1284.500000,11.662445101,50.536545293,70.229989693,6.000000,19.659722222
1285.000000,11.667921837,50.526791127,70.230763771,6.000000,19.652777778
1285.500000,11.673398040,50.517036855,70.231537890,6.000000,19.645833333
1286.000000,11.678873710,50.507282474,70.232312052,6.000000,19.638888889
1286.500000,11.684348847,50.497527987,70.233086256,6.000000,19.631944444
1287.000000,11.689823451,50.487773391,70.233860503,6.000000,19.625000000
1287.500000,11.695297522,50.478018688,70.234634791,6.000000,19.618055556
1288.000000,11.700771060,50.468263878,70.235409122,6.000000,19.611111111
1288.500000,11.706244065,50.458508960,70.236183495,6.000000,19.604166667
1289.000000,11.711716537,50.448753935,70.236957911,6.000000,19.597222222
1289.500000,11.717188477,50.438998802,70.237732369,6.000000,19.590277778
1290.000000,11.722659884,50.429243561,70.238506868,6.000000,19.583333333
1290.500000,11.728130758,50.419488213,70.239281411,6.000000,19.576388889
1291.000000,11.733601100,50.409732757,70.240055995,6.000000,19.569444444
1291.500000,11.739070909,50.399977194,70.240830622,6.000000,19.562500000
1292.000000,11.744540186,50.390221523,70.241605291,6.000000,19.555555556
1292.500000,11.750008931,50.380465744,70.242380002,6.000000,19.548611111
1293.000000,11.755477143,50.370709858,70.243154755,6.000000,19.541666667
1293.500000,11.760944822,50.360953864,70.243929551,6.000000,19.534722222
1294.000000,11.766411970,50.351197763,70.244704389,6.000000,19.527777778
1294.500000,11.771878585,50.341441554,70.245479269,6.000000,19.520833333
1295.000000,11.777344668,50.331685238,70.246254192,6.000000,19.513888889
1295.500000,11.782810219,50.321928813,70.247029156,6.000000,19.506944444
1296.000000,11.788275238,50.312172282,70.247804163,6.000000,19.500000000
1296.500000,11.793739724,50.302415642,70.248579213,6.000000,19.493055556
1297.000000,11.799203679,50.292658895,70.249354304,6.000000,19.486111111
1297.500000,11.804667102,50.282902040,70.250129438,6.000000,19.479166667
1298.000000,11.810129993,50.273145078,70.250904614,6.000000,19.472222222
1298.500000,11.815592353,50.263388008,70.251679833,6.000000,19.465277778
1299.000000,11.821054180,50.253630830,70.252455093,6.000000,19.458333333
1299.500000,11.826515476,50.243873544,70.253230396,6.000000,19.451388889
1300.000000,11.831976240,50.234116151,70.254005742,6.000000,19.444444444
1300.500000,11.837436473,50.224358651,70.254781129,6.000000,19.437500000
1301.000000,11.842896174,50.214601042,70.255556559,6.000000,19.430555556
1301.500000,11.848355343,50.204843326,70.256332031,6.000000,19.423611111
1302.000000,11.853813982,50.195085502,70.257107545,6.000000,19.416666667
1302.500000,11.859272088,50.185327570,70.257883102,6.000000,19.409722222
1303.000000,11.864729664,50.175569531,70.258658701,6.000000,19.402777778
1303.500000,11.870186708,50.165811384,70.259434342,6.000000,19.395833333
1304.000000,11.875643221,50.156053129,70.260210026,6.000000,19.388888889
1304.500000,11.881099202,50.146294767,70.260985752,6.000000,19.381944444
1305.000000,11.886554653,50.136536297,70.261761520,6.000000,19.375000000
1305.500000,11.892009572,50.126777719,70.262537330,6.000000,19.368055556
1306.000000,11.897463961,50.117019033,70.263313183,6.000000,19.361111111
1306.500000,11.902917818,50.107260239,70.264089078,6.000000,19.354166667
1307.000000,11.908371145,50.097501338,70.264865015,6.000000,19.347222222
1307.500000,11.913823941,50.087742329,70.265640995,6.000000,19.340277778
1308.000000,11.919276205,50.077983212,70.266417017,6.000000,19.333333333
1308.500000,11.924727940,50.068223988,70.267193081,6.000000,19.326388889
1309.000000,11.930179143,50.058464655,70.267969187,6.000000,19.319444444
1309.500000,11.935629816,50.048705215,70.268745336,6.000000,19.312500000
1310.000000,11.941079958,50.038945667,70.269521527,6.000000,19.305555556
1310.500000,11.946529569,50.029186011,70.270297761,6.000000,19.298611111
1311.000000,11.951978650,50.019426248,70.271074037,6.000000,19.291666667
1311.500000,11.957427201,50.009666376,70.271850355,6.000000,19.284722222
1312.000000,11.962875221,49.999906397,70.272629461,6.000000,19.277777778
1312.500000,11.968322711,49.990146310,70.273692157,6.000000,19.270833333
1313.000000,11.973769675,49.980386075,70.274754918,6.000000,19.263888889
1313.500000,11.979216114,49.970625692,70.275817745,6.000000,19.256944444
1314.000000,11.984662026,49.960865162,70.276880636,6.000000,19.250000000
1314.500000,11.990107414,49.951104484,70.277943593,6.000000,19.243055556
1315.000000,11.995552276,49.941343658,70.279006615,6.000000,19.236111111
1315.500000,12.000996612,49.931582685,70.280069703,6.000000,19.229166667
1316.000000,12.006440423,49.921821565,70.281132855,6.000000,19.222222222
1316.500000,12.011883708,49.912060296,70.282196073,6.000000,19.215277778
1317.000000,12.017326469,49.902298880,70.283259356,6.000000,19.208333333
1317.500000,12.022768704,49.892537316,70.284322704,6.000000,19.201388889
1318.000000,12.028210414,49.882775605,70.285386117,6.000000,19.194444444
1318.500000,12.033651598,49.873013746,70.286449596,6.000000,19.187500000
1319.000000,12.039092258,49.863251739,70.287513140,6.000000,19.180555556
1319.500000,12.044532392,49.853489584,70.288576749,6.000000,19.173611111
1320.000000,12.049972002,49.843727282,70.289640423,6.000000,19.166666667
1320.500000,12.055411087,49.833964832,70.290704163,6.000000,19.159722222
1321.000000,12.060849646,49.824202234,70.291767968,6.000000,19.152777778
1321.500000,12.066287681,49.814439488,70.292831838,6.000000,19.145833333
1322.000000,12.071725191,49.804676595,70.293895773,6.000000,19.138888889
1322.500000,12.077162177,49.794913554,70.294959774,6.000000,19.131944444
1323.000000,12.082598637,49.785150365,70.296023840,6.000000,19.125000000
1323.500000,12.088034573,49.775387028,70.297087971,6.000000,19.118055556
1324.000000,12.093469985,49.765623544,70.298152168,6.000000,19.111111111
1324.500000,12.098904872,49.755859912,70.299216429,6.000000,19.104166667
1325.000000,12.104339234,49.746096132,70.300280756,6.000000,19.097222222
1325.500000,12.109773072,49.736332204,70.301345149,6.000000,19.090277778
1326.000000,12.115206386,49.726568128,70.302409606,6.000000,19.083333333
1326.500000,12.120639175,49.716803904,70.303474129,6.000000,19.076388889
1327.000000,12.126071440,49.707039533,70.304538717,6.000000,19.069444444
1327.500000,12.131503181,49.697275014,70.305603371,6.000000,19.062500000
1328.000000,12.136934397,49.687510347,70.306668090,6.000000,19.055555556
1328.500000,12.142365090,49.677745532,70.307732874,6.000000,19.048611111
1329.000000,12.147795258,49.667980569,70.308797723,6.000000,19.041666667
1329.500000,12.153224902,49.658215458,70.309862638,6.000000,19.034722222
1330.000000,12.158654023,49.648450199,70.310927618,6.000000,19.027777778
1330.500000,12.164082619,49.638684793,70.311992664,6.000000,19.020833333
1331.000000,12.169510692,49.628919238,70.313057775,6.000000,19.013888889
1331.500000,12.174938240,49.619153536,70.314122951,6.000000,19.006944444
1332.000000,12.180365265,49.609387685,70.315188192,6.000000,19.000000000
1332.500000,12.185791767,49.599621687,70.316253499,6.000000,18.993055556
1333.000000,12.191217744,49.589855541,70.317318871,6.000000,18.986111111
1333.500000,12.196643198,49.580089246,70.318384309,6.000000,18.979166667
1334.000000,12.202068129,49.570322804,70.319449812,6.000000,18.972222222
1334.500000,12.207492536,49.560556214,70.320515380,6.000000,18.965277778
1335.000000,12.212916419,49.550789476,70.321581014,6.000000,18.958333333
1335.500000,12.218339779,49.541022589,70.322646713,6.000000,18.951388889
1336.000000,12.223762616,49.531255555,70.323712477,6.000000,18.944444444
1336.500000,12.229184929,49.521488373,70.324778307,6.000000,18.937500000
1337.000000,12.234606719,49.511721042,70.325844202,6.000000,18.930555556
1337.500000,12.240027986,49.501953564,70.326910163,6.000000,18.923611111
1338.000000,12.245448730,49.492185938,70.327976189,6.000000,18.916666667
1338.500000,12.250868950,49.482418163,70.329042280,6.000000,18.909722222
1339.000000,12.256288648,49.472650241,70.330108437,6.000000,18.902777778
1339.500000,12.261707822,49.462882170,70.331174659,6.000000,18.895833333
1340.000000,12.267126474,49.453113951,70.332240947,6.000000,18.888888889
1340.500000,12.272544603,49.443345584,70.333307300,6.000000,18.881944444
1341.000000,12.277962208,49.433577070,70.334373718,6.000000,18.875000000
1341.500000,12.283379291,49.423808407,70.335440202,6.000000,18.868055556
1342.000000,12.288795852,49.414039595,70.336506751,6.000000,18.861111111
1342.500000,12.294211889,49.404270636,70.337573366,6.000000,18.854166667
1343.000000,12.299627404,49.394501529,70.338640046,6.000000,18.847222222
1343.500000,12.305042396,49.384732273,70.339706792,6.000000,18.840277778
1344.000000,12.310456866,49.374962869,70.340773603,6.000000,18.833333333
1344.500000,12.315870813,49.365193318,70.341840479,6.000000,18.826388889
1345.000000,12.321284238,49.355423618,70.342907421,6.000000,18.819444444
1345.500000,12.326697141,49.345653769,70.343974429,6.000000,18.812500000
1346.000000,12.332109521,49.335883773,70.345041502,6.000000,18.805555556
1346.500000,12.337521378,49.326113628,70.346108640,6.000000,18.798611111
1347.000000,12.342932714,49.316343335,70.347175844,6.000000,18.791666667
1347.500000,12.348343527,49.306572894,70.348243113,6.000000,18.784722222
1348.000000,12.353753819,49.296802305,70.349310448,6.000000,18.777777778
1348.500000,12.359163588,49.287031567,70.350377848,6.000000,18.770833333
1349.000000,12.364572835,49.277260682,70.351445314,6.000000,18.763888889
1349.500000,12.369981560,49.267489647,70.352512845,6.000000,18.756944444
1350.000000,12.375389763,49.257718465,70.353580442,6.000000,18.750000000
1350.500000,12.380797444,49.247947134,70.354648105,6.000000,18.743055556
1351.000000,12.386204604,49.238175656,70.355715832,6.000000,18.736111111
1351.500000,12.391611241,49.228404028,70.356783626,6.000000,18.729166667
1352.000000,12.397017357,49.218632253,70.357851484,6.000000,18.722222222
1352.500000,12.402422951,49.208860329,70.358919409,6.000000,18.715277778
1353.000000,12.407828024,49.199088257,70.359987399,6.000000,18.708333333
1353.500000,12.413232575,49.189316036,70.361055454,6.000000,18.701388889
1354.000000,12.418636604,49.179543668,70.362123575,6.000000,18.694444444
1354.500000,12.424040112,49.169771150,70.363191762,6.000000,18.687500000
1355.000000,12.429443099,49.159998485,70.364260014,6.000000,18.680555556
1355.500000,12.434845564,49.150225671,70.365328331,6.000000,18.673611111
1356.000000,12.440247508,49.140452709,70.366396714,6.000000,18.666666667
1356.500000,12.445648931,49.130679598,70.367465163,6.000000,18.659722222
1357.000000,12.451049832,49.120906339,70.368533677,6.000000,18.652777778
1357.500000,12.456450212,49.111132932,70.369602257,6.000000,18.645833333
1358.000000,12.461850071,49.101359376,70.370670902,6.000000,18.638888889
1358.500000,12.467249409,49.091585671,70.371739613,6.000000,18.631944444
1359.000000,12.472648226,49.081811819,70.372808390,6.000000,18.625000000
1359.500000,12.478046522,49.072037818,70.373877232,6.000000,18.618055556
1360.000000,12.483444297,49.062263668,70.374946139,6.000000,18.611111111
1360.500000,12.488841551,49.052489370,70.376015113,6.000000,18.604166667
1361.000000,12.494238284,49.042714923,70.377084152,6.000000,18.597222222
1361.500000,12.499634497,49.032940328,70.378153256,6.000000,18.590277778
1362.000000,12.505030189,49.023165585,70.379222426,6.000000,18.583333333
1362.500000,12.510425360,49.013390693,70.380291662,6.000000,18.576388889
1363.000000,12.515820010,49.003615652,70.381360963,6.000000,18.569444444
1363.500000,12.521214140,48.993840463,70.382430330,6.000000,18.562500000
1364.000000,12.526607750,48.984065126,70.383499762,6.000000,18.555555556
1364.500000,12.532000839,48.974289640,70.384569261,6.000000,18.548611111
1365.000000,12.537393407,48.964514005,70.385638824,6.000000,18.541666667
1365.500000,12.542785456,48.954738222,70.386708454,6.000000,18.534722222
1366.000000,12.548176984,48.944962290,70.387778149,6.000000,18.527777778
1366.500000,12.553567991,48.935186210,70.388847909,6.000000,18.520833333
1367.000000,12.558958479,48.925409981,70.389917736,6.000000,18.513888889
1367.500000,12.564348446,48.915633603,70.390987628,6.000000,18.506944444
1368.000000,12.569737893,48.905857077,70.392057585,6.000000,18.500000000
1368.500000,12.575126820,48.896080403,70.393127609,6.000000,18.493055556
1369.000000,12.580515227,48.886303579,70.394197698,6.000000,18.486111111
1369.500000,12.585903114,48.876526608,70.395267852,6.000000,18.479166667
1370.000000,12.591290481,48.866749487,70.396338072,6.000000,18.472222222
1370.500000,12.596677329,48.856972218,70.397408358,6.000000,18.465277778
1371.000000,12.602063656,48.847194800,70.398478710,6.000000,18.458333333
1371.500000,12.607449464,48.837417234,70.399549127,6.000000,18.451388889
1372.000000,12.612834752,48.827639518,70.400619610,6.000000,18.444444444
1372.500000,12.618219521,48.817861655,70.401690159,6.000000,18.437500000
1373.000000,12.623603769,48.808083642,70.402760773,6.000000,18.430555556
1373.500000,12.628987499,48.798305481,70.403831454,6.000000,18.423611111
1374.000000,12.634370708,48.788527171,70.404902199,6.000000,18.416666667
1374.500000,12.639753399,48.778748712,70.405973011,6.000000,18.409722222
1375.000000,12.645135569,48.768970105,70.407043888,6.000000,18.402777778
1375.500000,12.650517221,48.759191349,70.408114831,6.000000,18.395833333
1376.000000,12.655898353,48.749412444,70.409185840,6.000000,18.388888889
1376.500000,12.661278966,48.739633390,70.410256914,6.000000,18.381944444
1377.000000,12.666659060,48.729854188,70.411328054,6.000000,18.375000000
1377.500000,12.672038635,48.720074837,70.412399260,6.000000,18.368055556
1378.000000,12.677417690,48.710295337,70.413470532,6.000000,18.361111111
1378.500000,12.682796226,48.700515688,70.414541869,6.000000,18.354166667
1379.000000,12.688174244,48.690735891,70.415613272,6.000000,18.347222222
1379.500000,12.693551742,48.680955945,70.416684741,6.000000,18.340277778
1380.000000,12.698928722,48.671175849,70.417756276,6.000000,18.333333333
1380.500000,12.704305183,48.661395606,70.418827876,6.000000,18.326388889
1381.000000,12.709681125,48.651615213,70.419899542,6.000000,18.319444444
1381.500000,12.715056548,48.641834671,70.420971274,6.000000,18.312500000
1382.000000,12.720431452,48.632053981,70.422043072,6.000000,18.305555556
1382.500000,12.725805838,48.622273141,70.423114935,6.000000,18.298611111
1383.000000,12.731179706,48.612492153,70.424186864,6.000000,18.291666667
1383.500000,12.736553054,48.602711016,70.425258859,6.000000,18.284722222
1384.000000,12.741925884,48.592929730,70.426330920,6.000000,18.277777778
1384.500000,12.747298196,48.583148295,70.427403047,6.000000,18.270833333
1385.000000,12.752669990,48.573366712,70.428475239,6.000000,18.263888889
1385.500000,12.758041265,48.563584979,70.429547498,6.000000,18.256944444
1386.000000,12.763412021,48.553803097,70.430619822,6.000000,18.250000000
1386.500000,12.768782260,48.544021067,70.431692211,6.000000,18.243055556
1387.000000,12.774151980,48.534238887,70.432764667,6.000000,18.236111111
1387.500000,12.779521182,48.524456559,70.433837189,6.000000,18.229166667
1388.000000,12.784889866,48.514674082,70.434909776,6.000000,18.222222222
1388.500000,12.790258033,48.504891455,70.435982429,6.000000,18.215277778
1389.000000,12.795625681,48.495108680,70.437055148,6.000000,18.208333333
1389.500000,12.800992811,48.485325755,70.438127933,6.000000,18.201388889
1390.000000,12.806359423,48.475542682,70.439200783,6.000000,18.194444444
1390.500000,12.811725517,48.465759460,70.440273700,6.000000,18.187500000
1391.000000,12.817091094,48.455976088,70.441346682,6.000000,18.180555556
1391.500000,12.822456153,48.446192568,70.442419731,6.000000,18.173611111
1392.000000,12.827820694,48.436408899,70.443492845,6.000000,18.166666667
1392.500000,12.833184717,48.426625080,70.444566025,6.000000,18.159722222
1393.000000,12.838548223,48.416841113,70.445639270,6.000000,18.152777778
1393.500000,12.843911212,48.407056996,70.446712582,6.000000,18.145833333
1394.000000,12.849273683,48.397272731,70.447785960,6.000000,18.138888889
1394.500000,12.854635636,48.387488316,70.448859403,6.000000,18.131944444
1395.000000,12.859997072,48.377703752,70.449932912,6.000000,18.125000000
1395.500000,12.865357991,48.367919039,70.451006488,6.000000,18.118055556
1396.000000,12.870718392,48.358134177,70.452080129,6.000000,18.111111111
1396.500000,12.876078276,48.348349166,70.453153836,6.000000,18.104166667
1397.000000,12.881437644,48.338564006,70.454227609,6.000000,18.097222222
1397.500000,12.886796493,48.328778696,70.455301448,6.000000,18.090277778
1398.000000,12.892154826,48.318993238,70.456375352,6.000000,18.083333333
1398.500000,12.897512642,48.309207630,70.457449323,6.000000,18.076388889
1399.000000,12.902869941,48.299421873,70.458523360,6.000000,18.069444444
1399.500000,12.908226723,48.289635967,70.459597462,6.000000,18.062500000
1400.000000,12.913582988,48.279849912,70.460671631,6.000000,18.055555556
1400.500000,12.918938736,48.270063708,70.461745865,6.000000,18.048611111
1401.000000,12.924293967,48.260277354,70.462820165,6.000000,18.041666667
1401.500000,12.929648682,48.250490851,70.463894532,6.000000,18.034722222
1402.000000,12.935002880,48.240704199,70.464968964,6.000000,18.027777778
1402.500000,12.940356561,48.230917398,70.466043462,6.000000,18.020833333
1403.000000,12.945709726,48.221130448,70.467118026,6.000000,18.013888889
1403.500000,12.951062374,48.211343348,70.468192656,6.000000,18.006944444
1404.000000,12.956414506,48.201556099,70.469267352,6.000000,18.000000000
1404.500000,12.961766121,48.191768701,70.470342114,6.000000,17.993055556
1405.000000,12.967117220,48.181981153,70.471416942,6.000000,17.986111111
1405.500000,12.972467803,48.172193456,70.472491836,6.000000,17.979166667
1406.000000,12.977817869,48.162405610,70.473566796,6.000000,17.972222222
1406.500000,12.983167419,48.152617615,70.474641822,6.000000,17.965277778
1407.000000,12.988516453,48.142829470,70.475716914,6.000000,17.958333333
1407.500000,12.993864971,48.133041176,70.476792072,6.000000,17.951388889
1408.000000,12.999212972,48.123252733,70.477867296,6.000000,17.944444444
1408.500000,13.004560458,48.113464140,70.478942586,6.000000,17.937500000
1409.000000,13.009907428,48.103675398,70.480017942,6.000000,17.930555556
1409.500000,13.015253881,48.093886507,70.481093364,6.000000,17.923611111
1410.000000,13.020599819,48.084097466,70.482168852,6.000000,17.916666667
1410.500000,13.025945241,48.074308276,70.483244406,6.000000,17.909722222
1411.000000,13.031290148,48.064518936,70.484320026,6.000000,17.902777778
1411.500000,13.036634538,48.054729447,70.485395712,6.000000,17.895833333
1412.000000,13.041978413,48.044939809,70.486471464,6.000000,17.888888889
1412.500000,13.047321772,48.035150021,70.487547282,6.000000,17.881944444
1413.000000,13.052664616,48.025360084,70.488623166,6.000000,17.875000000
1413.500000,13.058006944,48.015569998,70.489699117,6.000000,17.868055556
1414.000000,13.063348757,48.005779762,70.490775133,6.000000,17.861111111
1414.500000,13.068690054,47.995989376,70.491851215,6.000000,17.854166667
1415.000000,13.074030836,47.986198841,70.492927364,6.000000,17.847222222
1415.500000,13.079371102,47.976408157,70.494003578,6.000000,17.840277778
1416.000000,13.084710854,47.966617323,70.495079859,6.000000,17.833333333
1416.500000,13.090050090,47.956826340,70.496156205,6.000000,17.826388889
1417.000000,13.095388811,47.947035207,70.497232618,6.000000,17.819444444
1417.500000,13.100727016,47.937243925,70.498309097,6.000000,17.812500000
1418.000000,13.106064707,47.927452493,70.499385642,6.000000,17.805555556
1418.500000,13.111401883,47.917660912,70.500462252,6.000000,17.798611111
1419.000000,13.116738543,47.907869181,70.501538930,6.000000,17.791666667
1419.500000,13.122074689,47.898077300,70.502615673,6.000000,17.784722222
1420.000000,13.127410320,47.888285270,70.503692482,6.000000,17.777777778
1420.500000,13.132745436,47.878493091,70.504769357,6.000000,17.770833333
1421.000000,13.138080037,47.868700762,70.505846299,6.000000,17.763888889
1421.500000,13.143414124,47.858908283,70.506923306,6.000000,17.756944444
1422.000000,13.148747696,47.849115655,70.508000380,6.000000,17.750000000
1422.500000,13.154080753,47.839322877,70.509077520,6.000000,17.743055556
1423.000000,13.159413295,47.829529950,70.510154726,6.000000,17.736111111
1423.500000,13.164745324,47.819736873,70.511231998,6.000000,17.729166667
1424.000000,13.170076837,47.809943646,70.512309336,6.000000,17.722222222
1424.500000,13.175407837,47.800150270,70.513386741,6.000000,17.715277778
1425.000000,13.180738321,47.790356744,70.514464211,6.000000,17.708333333
1425.500000,13.186068292,47.780563068,70.515541748,6.000000,17.701388889
1426.000000,13.191397748,47.770769243,70.516619351,6.000000,17.694444444
1426.500000,13.196726690,47.760975268,70.517697020,6.000000,17.687500000
1427.000000,13.202055118,47.751181143,70.518774755,6.000000,17.680555556
1427.500000,13.207383032,47.741386869,70.519852556,6.000000,17.673611111
1428.000000,13.212710432,47.731592445,70.520930424,6.000000,17.666666667
1428.500000,13.218037317,47.721797871,70.522008357,6.000000,17.659722222
1429.000000,13.223363689,47.712003148,70.523086357,6.000000,17.652777778
1429.500000,13.228689547,47.702208275,70.524164423,6.000000,17.645833333
1430.000000,13.234014891,47.692413252,70.525242556,6.000000,17.638888889
1430.500000,13.239339721,47.682618080,70.526320754,6.000000,17.631944444
1431.000000,13.244664037,47.672822757,70.527399019,6.000000,17.625000000
1431.500000,13.249987840,47.663027285,70.528477350,6.000000,17.618055556
1432.000000,13.255311128,47.653231663,70.529555747,6.000000,17.611111111
1432.500000,13.260633904,47.643435892,70.530634210,6.000000,17.604166667
1433.000000,13.265956165,47.633639970,70.531712740,6.000000,17.597222222
1433.500000,13.271277914,47.623843899,70.532791335,6.000000,17.590277778
1434.000000,13.276599148,47.614047678,70.533869997,6.000000,17.583333333
1434.500000,13.281919870,47.604251307,70.534948725,6.000000,17.576388889
1435.000000,13.287240078,47.594454787,70.536027520,6.000000,17.569444444
1435.500000,13.292559772,47.584658116,70.537106381,6.000000,17.562500000
1436.000000,13.297878953,47.574861296,70.538185307,6.000000,17.555555556
1436.500000,13.303197622,47.565064326,70.539264301,6.000000,17.548611111
1437.000000,13.308515777,47.555267205,70.540343360,6.000000,17.541666667
1437.500000,13.313833418,47.545469936,70.541422486,6.000000,17.534722222
1438.000000,13.319150547,47.535672516,70.542501678,6.000000,17.527777778
1438.500000,13.324467163,47.525874946,70.543580936,6.000000,17.520833333
1439.000000,13.329783265,47.516077227,70.544660260,6.000000,17.513888889
1439.500000,13.335098855,47.506279357,70.545739651,6.000000,17.506944444
1440.000000,13.340413932,47.496481338,70.546819108,6.000000,17.500000000
1440.500000,13.345728496,47.486683168,70.547898631,6.000000,17.493055556
1441.000000,13.351042548,47.476884849,70.548978221,6.000000,17.486111111
1441.500000,13.356356086,47.467086380,70.550057877,6.000000,17.479166667
1442.000000,13.361669112,47.457287761,70.551137599,6.000000,17.472222222
1442.500000,13.366981626,47.447488992,70.552217388,6.000000,17.465277778
1443.000000,13.372293626,47.437690073,70.553297243,6.000000,17.458333333
1443.500000,13.377605115,47.427891003,70.554377164,6.000000,17.451388889
1444.000000,13.382916090,47.418091784,70.555457151,6.000000,17.444444444
1444.500000,13.388226554,47.408292415,70.556537205,6.000000,17.437500000
1445.000000,13.393536505,47.398492896,70.557617325,6.000000,17.430555556
1445.500000,13.398845943,47.388693227,70.558697511,6.000000,17.423611111
1446.000000,13.404154870,47.378893408,70.559777764,6.000000,17.416666667
1446.500000,13.409463284,47.369093439,70.560858083,6.000000,17.409722222
1447.000000,13.414771186,47.359293320,70.561938469,6.000000,17.402777778
1447.500000,13.420078575,47.349493051,70.563018920,6.000000,17.395833333
1448.000000,13.425385453,47.339692631,70.564099438,6.000000,17.388888889
1448.500000,13.430691819,47.329892062,70.565180023,6.000000,17.381944444
1449.000000,13.435997673,47.320091342,70.566260674,6.000000,17.375000000
1449.500000,13.441303014,47.310290473,70.567341391,6.000000,17.368055556
1450.000000,13.446607844,47.300489453,70.568422175,6.000000,17.361111111
1450.500000,13.451912163,47.290688284,70.569503024,6.000000,17.354166667
1451.000000,13.457215969,47.280886964,70.570583941,6.000000,17.347222222
1451.500000,13.462519264,47.271085494,70.571664923,6.000000,17.340277778
1452.000000,13.467822046,47.261283874,70.572745973,6.000000,17.333333333
1452.500000,13.473124318,47.251482103,70.573827088,6.000000,17.326388889
1453.000000,13.478426078,47.241680183,70.574908270,6.000000,17.319444444
1453.500000,13.483727326,47.231878112,70.575989518,6.000000,17.312500000
1454.000000,13.489028062,47.222075892,70.577070833,6.000000,17.305555556
1454.500000,13.494328288,47.212273521,70.578152214,6.000000,17.298611111
1455.000000,13.499628002,47.202470999,70.579233661,6.000000,17.291666667
1455.500000,13.504927204,47.192668328,70.580315175,6.000000,17.284722222
1456.000000,13.510225896,47.182865507,70.581396756,6.000000,17.277777778
1456.500000,13.515524076,47.173062535,70.582478402,6.000000,17.270833333
1457.000000,13.520821745,47.163259413,70.583560116,6.000000,17.263888889
1457.500000,13.526118902,47.153456141,70.584641895,6.000000,17.256944444
1458.000000,13.531415549,47.143652718,70.585723741,6.000000,17.250000000
1458.500000,13.536711685,47.133849145,70.586805654,6.000000,17.243055556
1459.000000,13.542007310,47.124045422,70.587887633,6.000000,17.236111111
1459.500000,13.547302423,47.114241549,70.588969678,6.000000,17.229166667
1460.000000,13.552597026,47.104437525,70.590051790,6.000000,17.222222222
1460.500000,13.557891118,47.094633352,70.591133968,6.000000,17.215277778
1461.000000,13.563184700,47.084829027,70.592216213,6.000000,17.208333333
1461.500000,13.568477770,47.075024553,70.593298524,6.000000,17.201388889
1462.000000,13.573770330,47.065219928,70.594380902,6.000000,17.194444444
1462.500000,13.579062379,47.055415153,70.595463346,6.000000,17.187500000
1463.000000,13.584353918,47.045610228,70.596545857,6.000000,17.180555556
1463.500000,13.589644946,47.035805152,70.597628434,6.000000,17.173611111
1464.000000,13.594935464,47.025999926,70.598711078,6.000000,17.166666667
1464.500000,13.600225471,47.016194549,70.599793788,6.000000,17.159722222
1465.000000,13.605514968,47.006389022,70.600876565,6.000000,17.152777778
1465.500000,13.610803954,46.996583345,70.601959408,6.000000,17.145833333
1466.000000,13.616092430,46.986777517,70.603042317,6.000000,17.138888889
1466.500000,13.621380396,46.976971539,70.604125294,6.000000,17.131944444
1467.000000,13.626667852,46.967165411,70.605208336,6.000000,17.125000000
1467.500000,13.631954798,46.957359132,70.606291446,6.000000,17.118055556
1468.000000,13.637241233,46.947552702,70.607374621,6.000000,17.111111111
1468.500000,13.642527159,46.937746122,70.608457864,6.000000,17.104166667
1469.000000,13.647812575,46.927939392,70.609541173,6.000000,17.097222222
1469.500000,13.653097480,46.918132511,70.610624548,6.000000,17.090277778
1470.000000,13.658381876,46.908325480,70.611707990,6.000000,17.083333333
1470.500000,13.663665762,46.898518299,70.612791498,6.000000,17.076388889
1471.000000,13.668949138,46.888710966,70.613875073,6.000000,17.069444444
1471.500000,13.674232004,46.878903484,70.614958715,6.000000,17.062500000
1472.000000,13.679514361,46.869095851,70.616042423,6.000000,17.055555556
1472.500000,13.684796208,46.859288067,70.617126198,6.000000,17.048611111
1473.000000,13.690077545,46.849480133,70.618210039,6.000000,17.041666667
1473.500000,13.695358373,46.839672048,70.619293947,6.000000,17.034722222
1474.000000,13.700638692,46.829863813,70.620377921,6.000000,17.027777778
1474.500000,13.705918501,46.820055427,70.621461962,6.000000,17.020833333
1475.000000,13.711197800,46.810246891,70.622546070,6.000000,17.013888889
1475.500000,13.716476591,46.800438204,70.623630244,6.000000,17.006944444
1476.000000,13.721754872,46.790629366,56.978952831,6.000000,17.000000000
1476.500000,13.726412794,46.782715623,56.979653514,6.000000,16.986111111
1477.000000,13.731070125,46.774801782,56.980354236,6.000000,16.972222222
1477.500000,13.735726865,46.766887844,56.981054998,6.000000,16.958333333
1478.000000,13.740383015,46.758973808,56.981755800,6.000000,16.944444444
1478.500000,13.745038573,46.751059676,56.982456642,6.000000,16.930555556
1479.000000,13.749693540,46.743145446,56.983157524,6.000000,16.916666667
1479.500000,13.754347917,46.735231118,56.983858446,6.000000,16.902777778
1480.000000,13.759001703,46.727316693,56.984559408,6.000000,16.888888889
1480.500000,13.763654899,46.719402171,56.985260409,6.000000,16.875000000
1481.000000,13.768307503,46.711487552,56.985961451,6.000000,16.861111111
1481.500000,13.772959518,46.703572835,56.986662533,6.000000,16.847222222
1482.000000,13.777610942,46.695658021,56.987363655,6.000000,16.833333333
1482.500000,13.782261776,46.687743109,56.988064816,6.000000,16.819444444
1483.000000,13.786912020,46.679828100,56.988766018,6.000000,16.805555556
1483.500000,13.791561673,46.671912994,56.989467260,6.000000,16.791666667
1484.000000,13.796210736,46.663997790,56.990168541,6.000000,16.777777778
1484.500000,13.800859210,46.656082489,56.990869863,6.000000,16.763888889
1485.000000,13.805507093,46.648167090,56.991571225,6.000000,16.750000000
1485.500000,13.810154387,46.640251594,56.992272626,6.000000,16.736111111
1486.000000,13.814801091,46.632336001,56.992974068,6.000000,16.722222222
1486.500000,13.819447205,46.624420310,56.993675549,6.000000,16.708333333
1487.000000,13.824092730,46.616504521,56.994377071,6.000000,16.694444444
1487.500000,13.828737665,46.608588636,56.995078632,6.000000,16.680555556
1488.000000,13.833382010,46.600672653,56.995780234,6.000000,16.666666667
1488.500000,13.838025766,46.592756572,56.996481875,6.000000,16.652777778
1489.000000,13.842668933,46.584840394,56.997183557,6.000000,16.638888889
1489.500000,13.847311511,46.576924118,56.997885278,6.000000,16.625000000
1490.000000,13.851953499,46.569007745,56.998587040,6.000000,16.611111111
1490.500000,13.856594899,46.561091275,56.999288841,6.000000,16.597222222
1491.000000,13.861235709,46.553174707,56.999990682,6.000000,16.583333333
1491.500000,13.865875931,46.545258042,57.000692564,6.000000,16.569444444
1492.000000,13.870515563,46.537341279,57.001394485,6.000000,16.555555556
1492.500000,13.875154607,46.529424419,57.002096446,6.000000,16.541666667
1493.000000,13.879793062,46.521507461,57.002798448,6.000000,16.527777778
1493.500000,13.884430928,46.513590405,57.003500489,6.000000,16.513888889
1494.000000,13.889068206,46.505673253,57.004202571,6.000000,16.500000000
1494.500000,13.893704896,46.497756002,57.004904692,6.000000,16.486111111
1495.000000,13.898340997,46.489838654,57.005606853,6.000000,16.472222222
1495.500000,13.902976509,46.481921209,57.006309055,6.000000,16.458333333
1496.000000,13.907611434,46.474003666,57.007011296,6.000000,16.444444444
1496.500000,13.912245770,46.466086026,57.007713578,6.000000,16.430555556
1497.000000,13.916879518,46.458168288,57.008415899,6.000000,16.416666667
1497.500000,13.921512678,46.450250452,57.009118260,6.000000,16.402777778
1498.000000,13.926145250,46.442332519,57.009820662,6.000000,16.388888889
1498.500000,13.930777234,46.434414488,57.010523103,6.000000,16.375000000
1499.000000,13.935408631,46.426496360,57.011225585,6.000000,16.361111111
1499.500000,13.940039439,46.418578134,57.011928106,6.000000,16.347222222
1500.000000,13.944669660,46.410659811,57.012630668,6.000000,16.333333333
1500.500000,13.949299294,46.402741390,57.013333269,6.000000,16.319444444
1501.000000,13.953928340,46.394822872,57.014035911,6.000000,16.305555556
1501.500000,13.958556798,46.386904255,57.014738592,6.000000,16.291666667
1502.000000,13.963184669,46.378985542,57.015441314,6.000000,16.277777778
1502.500000,13.967811953,46.371066730,57.016144075,6.000000,16.263888889
1503.000000,13.972438650,46.363147822,57.016846877,6.000000,16.250000000
1503.500000,13.977064759,46.355228815,57.017549718,6.000000,16.236111111
1504.000000,13.981690281,46.347309711,57.018252600,6.000000,16.222222222
1504.500000,13.986315217,46.339390509,57.018955522,6.000000,16.208333333
1505.000000,13.990939565,46.331471210,57.019658483,6.000000,16.194444444
1505.500000,13.995563327,46.323551813,57.020361485,6.000000,16.180555556
1506.000000,14.000186502,46.315632318,57.021064527,6.000000,16.166666667
1506.500000,14.004809090,46.307712726,57.021767609,6.000000,16.152777778
1507.000000,14.009431092,46.299793036,57.022470730,6.000000,16.138888889
1507.500000,14.014052507,46.291873248,57.023173892,6.000000,16.125000000
1508.000000,14.018673335,46.283953363,57.023877094,6.000000,16.111111111
1508.500000,14.023293578,46.276033380,57.024580336,6.000000,16.097222222
1509.000000,14.027913233,46.268113299,57.025283618,6.000000,16.083333333
1509.500000,14.032532303,46.260193121,57.025986940,6.000000,16.069444444
1510.000000,14.037150787,46.252272845,57.026690302,6.000000,16.055555556
1510.500000,14.041768684,46.244352472,57.027393704,6.000000,16.041666667
1511.000000,14.046385996,46.236432000,57.028097146,6.000000,16.027777778
1511.500000,14.051002721,46.228511431,57.028800629,6.000000,16.013888889
1512.000000,14.055618861,46.220590764,57.029504151,6.000000,16.000000000
1512.500000,14.060234414,46.212670000,57.030207713,6.000000,15.986111111
1513.000000,14.064849383,46.204749138,57.030911315,6.000000,15.972222222
1513.500000,14.069463765,46.196828178,57.031614958,6.000000,15.958333333
1514.000000,14.074077562,46.188907120,57.032318640,6.000000,15.944444444
1514.500000,14.078690773,46.180985965,57.033022363,6.000000,15.930555556
1515.000000,14.083303399,46.173064712,57.033726125,6.000000,15.916666667
1515.500000,14.087915440,46.165143361,57.034429928,6.000000,15.902777778
1516.000000,14.092526895,46.157221912,57.035133770,6.000000,15.888888889
1516.500000,14.097137766,46.149300366,57.035837653,6.000000,15.875000000
1517.000000,14.101748051,46.141378722,57.036541576,6.000000,15.861111111
1517.500000,14.106357751,46.133456980,57.037245539,6.000000,15.847222222
1518.000000,14.110966866,46.125535140,57.037949541,6.000000,15.833333333
1518.500000,14.115575396,46.117613203,57.038653584,6.000000,15.819444444
1519.000000,14.120183341,46.109691168,57.039357667,6.000000,15.805555556
1519.500000,14.124790702,46.101769035,57.040061790,6.000000,15.791666667
1520.000000,14.129397478,46.093846804,57.040765954,6.000000,15.777777778
1520.500000,14.134003669,46.085924475,57.041470157,6.000000,15.763888889
1521.000000,14.138609276,46.078002049,57.042174400,6.000000,15.750000000
1521.500000,14.143214299,46.070079525,57.042878683,6.000000,15.736111111
1522.000000,14.147818737,46.062156903,57.043583007,6.000000,15.722222222
1522.500000,14.152422591,46.054234183,57.044287370,6.000000,15.708333333
1523.000000,14.157025860,46.046311365,57.044991774,6.000000,15.694444444
1523.500000,14.161628545,46.038388449,57.045696218,6.000000,15.680555556
1524.000000,14.166230647,46.030465436,57.046400701,6.000000,15.666666667
1524.500000,14.170832164,46.022542325,57.047105225,6.000000,15.652777778
1525.000000,14.175433098,46.014619116,57.047809789,6.000000,15.638888889
1525.500000,14.180033447,46.006695809,57.048514393,6.000000,15.625000000
1526.000000,14.184633213,45.998772404,57.049219037,6.000000,15.611111111
1526.500000,14.189232395,45.990848902,57.049923721,6.000000,15.597222222
1527.000000,14.193830993,45.982925301,57.050628445,6.000000,15.583333333
1527.500000,14.198429008,45.975001603,57.051333210,6.000000,15.569444444
1528.000000,14.203026440,45.967077806,57.052038014,6.000000,15.555555556
1528.500000,14.207623288,45.959153912,57.052742858,6.000000,15.541666667
1529.000000,14.212219553,45.951229920,57.053447743,6.000000,15.527777778
1529.500000,14.216815234,45.943305830,57.054152668,6.000000,15.513888889
1530.000000,14.221410332,45.935381642,57.054857632,6.000000,15.500000000
1530.500000,14.226004848,45.927457356,57.055562637,6.000000,15.486111111
1531.000000,14.230598780,45.919532973,57.056267682,6.000000,15.472222222
1531.500000,14.235192129,45.911608491,57.056972767,6.000000,15.458333333
1532.000000,14.239784895,45.903683912,57.057677892,6.000000,15.444444444
1532.500000,14.244377079,45.895759234,57.058383058,6.000000,15.430555556
1533.000000,14.248968680,45.887834459,57.059088263,6.000000,15.416666667
1533.500000,14.253559698,45.879909585,57.059793508,6.000000,15.402777778
1534.000000,14.258150133,45.871984614,57.060498794,6.000000,15.388888889
1534.500000,14.262739986,45.864059545,57.061204120,6.000000,15.375000000
1535.000000,14.267329257,45.856134377,57.061909485,6.000000,15.361111111
1535.500000,14.271917945,45.848209112,57.062614891,6.000000,15.347222222
1536.000000,14.276506051,45.840283749,57.063320337,6.000000,15.333333333
1536.500000,14.281093575,45.832358288,57.064025823,6.000000,15.319444444
1537.000000,14.285680517,45.824432729,57.064731350,6.000000,15.305555556
1537.500000,14.290266876,45.816507072,57.065436916,6.000000,15.291666667
1538.000000,14.294852654,45.808581317,57.066142522,6.000000,15.277777778
1538.500000,14.299437850,45.800655463,57.066848169,6.000000,15.263888889
1539.000000,14.304022464,45.792729512,57.067553856,6.000000,15.250000000
1539.500000,14.308606496,45.784803463,57.068259582,6.000000,15.236111111
1540.000000,14.313189946,45.776877316,57.068965349,6.000000,15.222222222
1540.500000,14.317772815,45.768951071,57.069671156,6.000000,15.208333333
1541.000000,14.322355102,45.761024728,57.070377003,6.000000,15.194444444
1541.500000,14.326936808,45.753098286,57.071082891,6.000000,15.180555556
1542.000000,14.331517932,45.745171747,57.071788818,6.000000,15.166666667
1542.500000,14.336098475,45.737245110,57.072494786,6.000000,15.152777778
1543.000000,14.340678437,45.729318374,57.073200793,6.000000,15.138888889
1543.500000,14.345257818,45.721391541,57.073906841,6.000000,15.125000000
1544.000000,14.349836617,45.713464609,57.074612929,6.000000,15.111111111
1544.500000,14.354414836,45.705537580,57.075319057,6.000000,15.097222222
1545.000000,14.358992474,45.697610452,57.076025225,6.000000,15.083333333
1545.500000,14.363569530,45.689683226,57.076731433,6.000000,15.069444444
1546.000000,14.368146006,45.681755903,57.077437682,6.000000,15.055555556
1546.500000,14.372721902,45.673828481,57.078143970,6.000000,15.041666667
1547.000000,14.377297216,45.665900961,57.078850299,6.000000,15.027777778
1547.500000,14.381871950,45.657973343,57.079556668,6.000000,15.013888889
1548.000000,14.386446104,45.650045626,57.080263077,6.000000,15.000000000
1548.500000,14.391019677,45.642117812,57.080969526,6.000000,14.986111111
1549.000000,14.395592669,45.634189900,57.081676015,6.000000,14.972222222
1549.500000,14.400165082,45.626261889,57.082382545,6.000000,14.958333333
1550.000000,14.404736914,45.618333780,57.083089114,6.000000,14.944444444
1550.500000,14.409308166,45.610405574,57.083795724,6.000000,14.930555556
1551.000000,14.413878838,45.602477269,57.084502374,6.000000,14.916666667
1551.500000,14.418448930,45.594548866,57.085209064,6.000000,14.902777778
1552.000000,14.423018442,45.586620364,57.085915794,6.000000,14.888888889
1552.500000,14.427587375,45.578691765,57.086622565,6.000000,14.875000000
1553.000000,14.432155727,45.570763067,57.087329375,6.000000,14.861111111
1553.500000,14.436723500,45.562834272,57.088036226,6.000000,14.847222222
1554.000000,14.441290693,45.554905378,57.088743117,6.000000,14.833333333
1554.500000,14.445857307,45.546976385,57.089450048,6.000000,14.819444444
1555.000000,14.450423341,45.539047295,57.090157019,6.000000,14.805555556
1555.500000,14.454988796,45.531118107,57.090864030,6.000000,14.791666667
1556.000000,14.459553672,45.523188820,57.091571081,6.000000,14.777777778
1556.500000,14.464117968,45.515259435,57.092278173,6.000000,14.763888889
1557.000000,14.468681685,45.507329952,57.092985305,6.000000,14.750000000
1557.500000,14.473244823,45.499400371,57.093692477,6.000000,14.736111111
1558.000000,14.477807382,45.491470691,57.094399689,6.000000,14.722222222
1558.500000,14.482369362,45.483540914,57.095106941,6.000000,14.708333333
1559.000000,14.486930764,45.475611038,57.095814234,6.000000,14.694444444
1559.500000,14.491491586,45.467681063,57.096521566,6.000000,14.680555556
1560.000000,14.496051830,45.459750991,57.097228939,6.000000,14.666666667
1560.500000,14.500611495,45.451820820,57.097936352,6.000000,14.652777778
1561.000000,14.505170581,45.443890551,57.098643805,6.000000,14.638888889
1561.500000,14.509729089,45.435960184,57.099351298,6.000000,14.625000000
1562.000000,14.514287019,45.428029719,57.100058832,6.000000,14.611111111
1562.500000,14.518844370,45.420099155,57.100766406,6.000000,14.597222222
1563.000000,14.523401143,45.412168493,57.101474019,6.000000,14.583333333
1563.500000,14.527957337,45.404237733,57.102181673,6.000000,14.569444444
1564.000000,14.532512954,45.396306874,57.102889368,6.000000,14.555555556
1564.500000,14.537067992,45.388375917,57.103597102,6.000000,14.541666667
1565.000000,14.541622453,45.380444862,57.104304877,6.000000,14.527777778
1565.500000,14.546176336,45.372513709,57.105012691,6.000000,14.513888889
1566.000000,14.550729640,45.364582457,57.105720546,6.000000,14.500000000
1566.500000,14.555282367,45.356651107,57.106428442,6.000000,14.486111111
1567.000000,14.559834517,45.348719658,57.107136377,6.000000,14.472222222
1567.500000,14.564386088,45.340788112,57.107844352,6.000000,14.458333333
1568.000000,14.568937082,45.332856467,57.108552368,6.000000,14.444444444
1568.500000,14.573487499,45.324924723,57.109260424,6.000000,14.430555556
1569.000000,14.578037338,45.316992882,57.109968520,6.000000,14.416666667
1569.500000,14.582586600,45.309060941,57.110676657,6.000000,14.402777778
1570.000000,14.587135285,45.301128903,57.111384833,6.000000,14.388888889
1570.500000,14.591683393,45.293196766,57.112093050,6.000000,14.375000000
1571.000000,14.596230923,45.285264531,57.112801307,6.000000,14.361111111
1571.500000,14.600777876,45.277332198,57.113509604,6.000000,14.347222222
1572.000000,14.605324253,45.269399766,57.114217941,6.000000,14.333333333
1572.500000,14.609870052,45.261467235,57.114926319,6.000000,14.319444444
1573.000000,14.614415275,45.253534607,57.115634737,6.000000,14.305555556
1573.500000,14.618959921,45.245601880,57.116343195,6.000000,14.291666667
1574.000000,14.623503991,45.237669054,57.117051693,6.000000,14.277777778
1574.500000,14.628047483,45.229736130,57.117760231,6.000000,14.263888889
1575.000000,14.632590400,45.221803108,57.118468810,6.000000,14.250000000
1575.500000,14.637132739,45.213869988,57.119177429,6.000000,14.236111111
1576.000000,14.641674503,45.205936768,57.119886088,6.000000,14.222222222
1576.500000,14.646215690,45.198003451,57.120594787,6.000000,14.208333333
1577.000000,14.650756301,45.190070035,57.121303527,6.000000,14.194444444
1577.500000,14.655296336,45.182136521,57.122012306,6.000000,14.180555556
1578.000000,14.659835795,45.174202908,57.122721126,6.000000,14.166666667
1578.500000,14.664374677,45.166269197,57.123429986,6.000000,14.152777778
1579.000000,14.668912984,45.158335387,57.124138887,6.000000,14.138888889
1579.500000,14.673450715,45.150401479,57.124847827,6.000000,14.125000000
1580.000000,14.677987870,45.142467472,57.125556808,6.000000,14.111111111
1580.500000,14.682524450,45.134533367,57.126265829,6.000000,14.097222222
1581.000000,14.687060454,45.126599163,57.126974890,6.000000,14.083333333
1581.500000,14.691595882,45.118664861,57.127683992,6.000000,14.069444444
1582.000000,14.696130735,45.110730461,57.128393134,6.000000,14.055555556
1582.500000,14.700665012,45.102795962,57.129102316,6.000000,14.041666667
1583.000000,14.705198714,45.094861364,57.129811538,6.000000,14.027777778
1583.500000,14.709731841,45.086926668,57.130520800,6.000000,14.013888889
1584.000000,14.714264393,45.078991873,57.131230103,6.000000,14.000000000
1584.500000,14.718796369,45.071056980,57.131939446,6.000000,13.986111111
1585.000000,14.723327771,45.063121989,57.132648829,6.000000,13.972222222
1585.500000,14.727858597,45.055186899,57.133358253,6.000000,13.958333333
1586.000000,14.732388849,45.047251710,57.134067716,6.000000,13.944444444
1586.500000,14.736918526,45.039316423,57.134777220,6.000000,13.930555556
1587.000000,14.741447628,45.031381037,57.135486764,6.000000,13.916666667
1587.500000,14.745976155,45.023445553,57.136196349,6.000000,13.902777778
1588.000000,14.750504108,45.015509970,57.136905973,6.000000,13.888888889
1588.500000,14.755031486,45.007574289,57.137615638,6.000000,13.875000000
1589.000000,14.759558290,44.999638509,57.138325343,6.000000,13.861111111
1589.500000,14.764084519,44.991702630,57.139035089,6.000000,13.847222222
1590.000000,14.768610175,44.983766653,57.139744874,6.000000,13.833333333
1590.500000,14.773135255,44.975830577,57.140454700,6.000000,13.819444444
1591.000000,14.777659762,44.967894403,57.141164566,6.000000,13.805555556
1591.500000,14.782183695,44.959958130,57.141874473,6.000000,13.791666667
1592.000000,14.786707053,44.952021759,57.142584420,6.000000,13.777777778
1592.500000,14.791229838,44.944085289,57.143294407,6.000000,13.763888889
1593.000000,14.795752049,44.936148720,57.144004434,6.000000,13.750000000
1593.500000,14.800273686,44.928212053,57.144714501,6.000000,13.736111111
1594.000000,14.804794749,44.920275287,57.145424609,6.000000,13.722222222
1594.500000,14.809315239,44.912338422,57.146134757,6.000000,13.708333333
1595.000000,14.813835155,44.904401459,57.146844945,6.000000,13.694444444
1595.500000,14.818354498,44.896464397,57.147555174,6.000000,13.680555556
1596.000000,14.822873267,44.888527237,57.148265443,6.000000,13.666666667
1596.500000,14.827391462,44.880589978,57.148975752,6.000000,13.652777778
1597.000000,14.831909085,44.872652620,57.149686101,6.000000,13.638888889
1597.500000,14.836426134,44.864715164,57.150396491,6.000000,13.625000000
1598.000000,14.840942610,44.856777609,57.151106921,6.000000,13.611111111
1598.500000,14.845458514,44.848839955,57.151817391,6.000000,13.597222222
1599.000000,14.849973844,44.840902203,57.152527901,6.000000,13.583333333
1599.500000,14.854488601,44.832964351,57.153238452,6.000000,13.569444444
1600.000000,14.859002785,44.825026402,57.153949043,6.000000,13.555555556
1600.500000,14.863516397,44.817088353,57.154659674,6.000000,13.541666667
1601.000000,14.868029436,44.809150206,57.155370346,6.000000,13.527777778
1601.500000,14.872541902,44.801211960,57.156081058,6.000000,13.513888889
1602.000000,14.877053796,44.793273616,57.156791810,6.000000,13.500000000
1602.500000,14.881565117,44.785335172,57.157502602,6.000000,13.486111111
1603.000000,14.886075866,44.777396630,57.158213435,6.000000,13.472222222
1603.500000,14.890586042,44.769457989,57.158924308,6.000000,13.458333333
1604.000000,14.895095646,44.761519250,57.159635221,6.000000,13.444444444
1604.500000,14.899604679,44.753580412,57.160346175,6.000000,13.430555556
1605.000000,14.904113139,44.745641475,57.161057169,6.000000,13.416666667
1605.500000,14.908621026,44.737702439,57.161768203,6.000000,13.402777778
1606.000000,14.913128342,44.729763305,57.162479278,6.000000,13.388888889
1606.500000,14.917635086,44.721824071,57.163190393,6.000000,13.375000000
1607.000000,14.922141259,44.713884739,57.163901548,6.000000,13.361111111
1607.500000,14.926646859,44.705945309,57.164612743,6.000000,13.347222222
1608.000000,14.931151888,44.698005779,57.165323979,6.000000,13.333333333
1608.500000,14.935656345,44.690066151,57.166035255,6.000000,13.319444444
1609.000000,14.940160231,44.682126424,57.166746571,6.000000,13.305555556
1609.500000,14.944663545,44.674186598,57.167457928,6.000000,13.291666667
1610.000000,14.949166288,44.666246673,57.168169325,6.000000,13.277777778
1610.500000,14.953668460,44.658306649,57.168880762,6.000000,13.263888889
1611.000000,14.958170060,44.650366527,57.169592239,6.000000,13.250000000
1611.500000,14.962671089,44.642426306,57.170303757,6.000000,13.236111111
1612.000000,14.967171547,44.634485986,57.171015316,6.000000,13.222222222
1612.500000,14.971671434,44.626545567,57.171726914,6.000000,13.208333333
1613.000000,14.976170750,44.618605050,57.172438553,6.000000,13.194444444
1613.500000,14.980669496,44.610664433,57.173150232,6.000000,13.180555556
1614.000000,14.985167670,44.602723718,57.173861952,6.000000,13.166666667
1614.500000,14.989665274,44.594782904,57.174573711,6.000000,13.152777778
1615.000000,14.994162307,44.586841991,57.175285511,6.000000,13.138888889
1615.500000,14.998658769,44.578900979,57.175997352,6.000000,13.125000000
1616.000000,15.003154661,44.570959868,57.176709233,6.000000,13.111111111
1616.500000,15.007649983,44.563018658,57.177421154,6.000000,13.097222222
1617.000000,15.012144734,44.555077350,57.178133115,6.000000,13.083333333
1617.500000,15.016638915,44.547135943,57.178845117,6.000000,13.069444444
1618.000000,15.021132526,44.539194436,57.179557159,6.000000,13.055555556
1618.500000,15.025625566,44.531252831,57.180269241,6.000000,13.041666667
1619.000000,15.030118037,44.523311127,57.180981364,6.000000,13.027777778
1619.500000,15.034609937,44.515369324,57.181693527,6.000000,13.013888889
1620.000000,15.039101268,44.507427422,57.182405731,6.000000,13.000000000
1620.500000,15.043592028,44.499485421,57.183117974,6.000000,12.986111111
1621.000000,15.048082219,44.491543322,57.183830258,6.000000,12.972222222
1621.500000,15.052571840,44.483601123,57.184542583,6.000000,12.958333333
1622.000000,15.057060892,44.475658825,57.185254948,6.000000,12.944444444
1622.500000,15.061549374,44.467716429,57.185967353,6.000000,12.930555556
1623.000000,15.066037287,44.459773933,57.186679798,6.000000,12.916666667
1623.500000,15.070524630,44.451831339,57.187392284,6.000000,12.902777778
1624.000000,15.075011404,44.443888646,57.188104810,6.000000,12.888888889
1624.500000,15.079497608,44.435945853,57.188817377,6.000000,12.875000000
1625.000000,15.083983243,44.428002962,57.189529983,6.000000,12.861111111
1625.500000,15.088468310,44.420059972,57.190242631,6.000000,12.847222222
1626.000000,15.092952807,44.412116882,57.190955318,6.000000,12.833333333
1626.500000,15.097436735,44.404173694,57.191668046,6.000000,12.819444444
1627.000000,15.101920094,44.396230407,57.192380814,6.000000,12.805555556
1627.500000,15.106402885,44.388287021,57.193093623,6.000000,12.791666667
1628.000000,15.110885106,44.380343536,57.193806472,6.000000,12.777777778
1628.500000,15.115366759,44.372399951,57.194519361,6.000000,12.763888889
1629.000000,15.119847844,44.364456268,57.195232291,6.000000,12.750000000
1629.500000,15.124328360,44.356512486,57.195945261,6.000000,12.736111111
1630.000000,15.128808307,44.348568605,57.196658272,6.000000,12.722222222
1630.500000,15.133287686,44.340624624,57.197371322,6.000000,12.708333333
1631.000000,15.137766496,44.332680545,57.198084414,6.000000,12.694444444
1631.500000,15.142244739,44.324736366,57.198797545,6.000000,12.680555556
1632.000000,15.146722413,44.316792089,57.199510717,6.000000,12.666666667
1632.500000,15.151199519,44.308847713,57.200223929,6.000000,12.652777778
1633.000000,15.155676057,44.300903237,57.200937182,6.000000,12.638888889
1633.500000,15.160152027,44.292958662,57.201650475,6.000000,12.625000000
1634.000000,15.164627430,44.285013989,57.202363808,6.000000,12.611111111
1634.500000,15.169102264,44.277069216,57.203077182,6.000000,12.597222222
1635.000000,15.173576531,44.269124344,57.203790596,6.000000,12.583333333
1635.500000,15.178050230,44.261179373,57.204504051,6.000000,12.569444444
1636.000000,15.182523361,44.253234303,57.205217546,6.000000,12.555555556
1636.500000,15.186995925,44.245289134,57.205931081,6.000000,12.541666667
1637.000000,15.191467921,44.237343866,57.206644657,6.000000,12.527777778
1637.500000,15.195939350,44.229398499,57.207358273,6.000000,12.513888889
1638.000000,15.200410212,44.221453032,57.208071929,6.000000,12.500000000
1638.500000,15.204880507,44.213507467,57.208785626,6.000000,12.486111111
1639.000000,15.209350234,44.205561802,57.209499363,6.000000,12.472222222
1639.500000,15.213819394,44.197616038,57.210213141,6.000000,12.458333333
1640.000000,15.218287987,44.189670175,57.210926959,6.000000,12.444444444
1640.500000,15.222756014,44.181724213,57.211640817,6.000000,12.430555556
1641.000000,15.227223473,44.173778152,57.212354716,6.000000,12.416666667
1641.500000,15.231690365,44.165831992,57.213068655,6.000000,12.402777778
1642.000000,15.236156691,44.157885732,57.213782635,6.000000,12.388888889
1642.500000,15.240622451,44.149939373,57.214496655,6.000000,12.375000000
1643.000000,15.245087643,44.141992915,57.215210715,6.000000,12.361111111
1643.500000,15.249552269,44.134046358,57.215924816,6.000000,12.347222222
1644.000000,15.254016329,44.126099702,57.216638957,6.000000,12.333333333
1644.500000,15.258479822,44.118152947,57.217353139,6.000000,12.319444444
1645.000000,15.262942749,44.110206092,57.218067361,6.000000,12.305555556
1645.500000,15.267405110,44.102259138,57.218781623,6.000000,12.291666667
1646.000000,15.271866905,44.094312085,57.219495926,6.000000,12.277777778
1646.500000,15.276328133,44.086364933,57.220210269,6.000000,12.263888889
1647.000000,15.280788796,44.078417682,57.220924653,6.000000,12.250000000
1647.500000,15.285248892,44.070470331,57.221639077,6.000000,12.236111111
1648.000000,15.289708423,44.062522881,57.222353541,6.000000,12.222222222
1648.500000,15.294167388,44.054575332,57.223068046,6.000000,12.208333333
1649.000000,15.298625787,44.046627684,57.223782592,6.000000,12.194444444
1649.500000,15.303083621,44.038679936,57.224497177,6.000000,12.180555556
1650.000000,15.307540889,44.030732089,57.225211803,6.000000,12.166666667
1650.500000,15.311997591,44.022784143,57.225926470,6.000000,12.152777778
1651.000000,15.316453728,44.014836098,57.226641177,6.000000,12.138888889
1651.500000,15.320909300,44.006887953,57.227355924,6.000000,12.125000000
1652.000000,15.325364307,43.998939709,57.228070712,6.000000,12.111111111
1652.500000,15.329818748,43.990991366,57.228785540,6.000000,12.097222222
1653.000000,15.334272624,43.983042924,57.229500409,6.000000,12.083333333
1653.500000,15.338725935,43.975094382,57.230215318,6.000000,12.069444444
1654.000000,15.343178681,43.967145741,57.230930268,6.000000,12.055555556
1654.500000,15.347630862,43.959197001,57.231645258,6.000000,12.041666667
1655.000000,15.352082478,43.951248161,57.232360288,6.000000,12.027777778
1655.500000,15.356533530,43.943299222,57.233075359,6.000000,12.013888889
1656.000000,15.360984017,43.935350184,57.233790470,6.000000,12.000000000
1656.500000,15.365433939,43.927401046,57.234505622,6.000000,11.986111111
1657.000000,15.369883296,43.919451810,57.235220814,6.000000,11.972222222
1657.500000,15.374332089,43.911502473,57.235936047,6.000000,11.958333333
1658.000000,15.378780318,43.903553038,57.236651320,6.000000,11.944444444
1658.500000,15.383227982,43.895603503,57.237366633,6.000000,11.930555556
1659.000000,15.387675083,43.887653869,57.238081987,6.000000,11.916666667
1659.500000,15.392121618,43.879704135,57.238797382,6.000000,11.902777778
1660.000000,15.396567590,43.871754302,57.239512816,6.000000,11.888888889
1660.500000,15.401012998,43.863804370,57.240228292,6.000000,11.875000000
1661.000000,15.405457841,43.855854338,57.240943807,6.000000,11.861111111
1661.500000,15.409902121,43.847904207,57.241659364,6.000000,11.847222222
1662.000000,15.414345837,43.839953976,57.242374960,6.000000,11.833333333
1662.500000,15.418788989,43.832003647,57.243090597,6.000000,11.819444444
1663.000000,15.423231578,43.824053217,57.243806275,6.000000,11.805555556
1663.500000,15.427673603,43.816102689,57.244521993,6.000000,11.791666667
1664.000000,15.432115064,43.808152061,57.245237751,6.000000,11.777777778
1664.500000,15.436555962,43.800201333,57.245953550,6.000000,11.763888889
1665.000000,15.440996296,43.792250506,57.246669390,6.000000,11.750000000
1665.500000,15.445436067,43.784299580,57.247385270,6.000000,11.736111111
1666.000000,15.449875275,43.776348554,57.248101190,6.000000,11.722222222
1666.500000,15.454313919,43.768397429,57.248817151,6.000000,11.708333333
1667.000000,15.458752001,43.760446204,57.249533152,6.000000,11.694444444
1667.500000,15.463189519,43.752494880,57.250249194,6.000000,11.680555556
1668.000000,15.467626475,43.744543457,57.250965276,6.000000,11.666666667
1668.500000,15.472062867,43.736591934,57.251681399,6.000000,11.652777778
1669.000000,15.476498697,43.728640312,57.252397562,6.000000,11.638888889
1669.500000,15.480933964,43.720688590,57.253113765,6.000000,11.625000000
1670.000000,15.485368668,43.712736768,57.253830009,6.000000,11.611111111
1670.500000,15.489802810,43.704784847,57.254546294,6.000000,11.597222222
1671.000000,15.494236389,43.696832827,57.255262619,6.000000,11.583333333
1671.500000,15.498669405,43.688880707,57.255978984,6.000000,11.569444444
1672.000000,15.503101860,43.680928488,57.256695390,6.000000,11.555555556
1672.500000,15.507533751,43.672976169,57.257411837,6.000000,11.541666667
1673.000000,15.511965081,43.665023751,57.258128324,6.000000,11.527777778
1673.500000,15.516395848,43.657071233,57.258844851,6.000000,11.513888889
1674.000000,15.520826054,43.649118616,57.259561419,6.000000,11.500000000
1674.500000,15.525255697,43.641165899,57.260278028,6.000000,11.486111111
1675.000000,15.529684778,43.633213082,57.260994677,6.000000,11.472222222
1675.500000,15.534113298,43.625260167,57.261711366,6.000000,11.458333333
1676.000000,15.538541255,43.617307151,57.262428096,6.000000,11.444444444
1676.500000,15.542968651,43.609354036,57.263144866,6.000000,11.430555556
1677.000000,15.547395485,43.601400822,57.263861677,6.000000,11.416666667
1677.500000,15.551821758,43.593447507,57.264578529,6.000000,11.402777778
1678.000000,15.556247469,43.585494094,57.265295421,6.000000,11.388888889
1678.500000,15.560672618,43.577540580,57.266012353,6.000000,11.375000000
1679.000000,15.565097206,43.569586968,57.266729326,6.000000,11.361111111
1679.500000,15.569521233,43.561633255,57.267446339,6.000000,11.347222222
1680.000000,15.573944699,43.553679443,57.268163393,6.000000,11.333333333
1680.500000,15.578367603,43.545725532,57.268880488,6.000000,11.319444444
1681.000000,15.582789946,43.537771520,57.269597623,6.000000,11.305555556
1681.500000,15.587211728,43.529817410,57.270314798,6.000000,11.291666667
1682.000000,15.591632949,43.521863199,57.271032014,6.000000,11.277777778
1682.500000,15.596053610,43.513908889,57.271749270,6.000000,11.263888889
1683.000000,15.600473709,43.505954480,57.272466567,6.000000,11.250000000
1683.500000,15.604893248,43.497999970,57.273183905,6.000000,11.236111111
1684.000000,15.609312226,43.490045362,57.273901283,6.000000,11.222222222
1684.500000,15.613730643,43.482090653,57.274618701,6.000000,11.208333333
1685.000000,15.618148500,43.474135845,57.275336160,6.000000,11.194444444
1685.500000,15.622565797,43.466180937,57.276053660,6.000000,11.180555556
1686.000000,15.626982533,43.458225930,57.276771200,6.000000,11.166666667
1686.500000,15.631398708,43.450270823,57.277488781,6.000000,11.152777778
1687.000000,15.635814324,43.442315616,57.278206402,6.000000,11.138888889
1687.500000,15.640229379,43.434360309,57.278924063,6.000000,11.125000000
1688.000000,15.644643874,43.426404903,57.279641766,6.000000,11.111111111
1688.500000,15.649057810,43.418449397,57.280359508,6.000000,11.097222222
1689.000000,15.653471185,43.410493792,57.281077292,6.000000,11.083333333
1689.500000,15.657884000,43.402538087,57.281795115,6.000000,11.069444444
1690.000000,15.662296255,43.394582282,57.282512980,6.000000,11.055555556
1690.500000,15.666707951,43.386626377,57.283230884,6.000000,11.041666667
1691.000000,15.671119087,43.378670373,57.283948830,6.000000,11.027777778
1691.500000,15.675529664,43.370714269,57.284666816,6.000000,11.013888889
1692.000000,15.679939680,43.362758065,57.285384842,6.000000,11.000000000
1692.500000,15.684349138,43.354801762,57.286102909,6.000000,10.986111111
1693.000000,15.688758036,43.346845359,57.286821017,6.000000,10.972222222
1693.500000,15.693166375,43.338888856,57.287539165,6.000000,10.958333333
1694.000000,15.697574154,43.330932253,57.288257353,6.000000,10.944444444
1694.500000,15.701981374,43.322975551,57.288975582,6.000000,10.930555556
1695.000000,15.706388035,43.315018748,57.289693852,6.000000,10.916666667
1695.500000,15.710794137,43.307061847,57.290412162,6.000000,10.902777778
1696.000000,15.715199681,43.299104845,57.291130513,6.000000,10.888888889
1696.500000,15.719604665,43.291147743,57.291848905,6.000000,10.875000000
1697.000000,15.724009090,43.283190542,57.292567337,6.000000,10.861111111
1697.500000,15.728412957,43.275233241,57.293285809,6.000000,10.847222222
1698.000000,15.732816265,43.267275840,57.294004322,6.000000,10.833333333
1698.500000,15.737219014,43.259318340,57.294722876,6.000000,10.819444444
1699.000000,15.741621205,43.251360739,57.295441470,6.000000,10.805555556
1699.500000,15.746022838,43.243403039,57.296160104,6.000000,10.791666667
1700.000000,15.750423912,43.235445239,57.296878780,6.000000,10.777777778
1700.500000,15.754824427,43.227487339,57.297597496,6.000000,10.763888889
1701.000000,15.759224385,43.219529340,57.298316252,6.000000,10.750000000
1701.500000,15.763623784,43.211571240,57.299035049,6.000000,10.736111111
1702.000000,15.768022625,43.203613041,57.299753886,6.000000,10.722222222
1702.500000,15.772420908,43.195654742,57.300472764,6.000000,10.708333333
1703.000000,15.776818633,43.187696343,57.301191683,6.000000,10.694444444
1703.500000,15.781215800,43.179737844,57.301910642,6.000000,10.680555556
1704.000000,15.785612410,43.171779245,57.302629642,6.000000,10.666666667
1704.500000,15.790008461,43.163820547,57.303348683,6.000000,10.652777778
1705.000000,15.794403955,43.155861748,57.304067763,6.000000,10.638888889
1705.500000,15.798798892,43.147902850,57.304786885,6.000000,10.625000000
1706.000000,15.803193271,43.139943852,57.305506047,6.000000,10.611111111
1706.500000,15.807587092,43.131984754,57.306225250,6.000000,10.597222222
1707.000000,15.811980356,43.124025556,57.306944493,6.000000,10.583333333
1707.500000,15.816373062,43.116066258,57.307663777,6.000000,10.569444444
1708.000000,15.820765212,43.108106860,57.308383101,6.000000,10.555555556
1708.500000,15.825156804,43.100147362,57.309102466,6.000000,10.541666667
1709.000000,15.829547839,43.092187765,57.309821872,6.000000,10.527777778
1709.500000,15.833938317,43.084228067,57.310541318,6.000000,10.513888889
1710.000000,15.838328238,43.076268270,57.311260805,6.000000,10.500000000
1710.500000,15.842717602,43.068308373,57.311980332,6.000000,10.486111111
1711.000000,15.847106410,43.060348375,57.312699900,6.000000,10.472222222
1711.500000,15.851494660,43.052388278,57.313419509,6.000000,10.458333333
1712.000000,15.855882354,43.044428081,57.314139158,6.000000,10.444444444
1712.500000,15.860269491,43.036467784,57.314858848,6.000000,10.430555556
1713.000000,15.864656072,43.028507387,57.315578578,6.000000,10.416666667
1713.500000,15.869042096,43.020546890,57.316298349,6.000000,10.402777778
1714.000000,15.873427564,43.012586293,57.317018161,6.000000,10.388888889
1714.500000,15.877812476,43.004625596,57.317738013,6.000000,10.375000000
1715.000000,15.882196831,42.996664799,57.318457906,6.000000,10.361111111
1715.500000,15.886580630,42.988703902,57.319177839,6.000000,10.347222222
1716.000000,15.890963873,42.980742905,57.319897813,6.000000,10.333333333
1716.500000,15.895346560,42.972781808,57.320617828,6.000000,10.319444444
1717.000000,15.899728691,42.964820611,57.321337883,6.000000,10.305555556
1717.500000,15.904110266,42.956859314,57.322057979,6.000000,10.291666667
1718.000000,15.908491285,42.948897917,57.322778115,6.000000,10.277777778
1718.500000,15.912871749,42.940936420,57.323498292,6.000000,10.263888889
1719.000000,15.917251656,42.932974823,57.324218510,6.000000,10.250000000
1719.500000,15.921631008,42.925013126,57.324938768,6.000000,10.236111111
1720.000000,15.926009805,42.917051329,57.325659067,6.000000,10.222222222
1720.500000,15.930388046,42.909089432,57.326379407,6.000000,10.208333333
1721.000000,15.934765732,42.901127435,57.327099787,6.000000,10.194444444
1721.500000,15.939142862,42.893165338,57.327820208,6.000000,10.180555556
1722.000000,15.943519437,42.885203141,57.328540669,6.000000,10.166666667
1722.500000,15.947895457,42.877240843,57.329261171,6.000000,10.152777778
1723.000000,15.952270922,42.869278446,57.329981714,6.000000,10.138888889
1723.500000,15.956645832,42.861315948,57.330702297,6.000000,10.125000000
1724.000000,15.961020186,42.853353351,57.331422921,6.000000,10.111111111
1724.500000,15.965393986,42.845390653,57.332143585,6.000000,10.097222222
1725.000000,15.969767231,42.837427856,57.332864290,6.000000,10.083333333
1725.500000,15.974139921,42.829464958,57.333585036,6.000000,10.069444444
1726.000000,15.978512057,42.821501960,57.334305823,6.000000,10.055555556
1726.500000,15.982883638,42.813538862,57.335026650,6.000000,10.041666667
1727.000000,15.987254664,42.805575664,57.335747518,6.000000,10.027777778
1727.500000,15.991625136,42.797612365,57.336468426,6.000000,10.013888889
1728.000000,15.995995053,42.789648967,57.337189375,6.000000,10.000000000
1728.500000,16.000364416,42.781685468,57.337910365,6.000000,9.986111111
1729.000000,16.004733225,42.773721870,57.338631395,6.000000,9.972222222
1729.500000,16.009101480,42.765758171,57.339352466,6.000000,9.958333333
1730.000000,16.013469180,42.757794372,57.340073577,6.000000,9.944444444
1730.500000,16.017836327,42.749830473,57.340794730,6.000000,9.930555556
1731.000000,16.022202919,42.741866474,57.341515923,6.000000,9.916666667
1731.500000,16.026568958,42.733902374,57.342237156,6.000000,9.902777778
1732.000000,16.030934442,42.725938175,57.342958430,6.000000,9.888888889
1732.500000,16.035299373,42.717973875,57.343679745,6.000000,9.875000000
1733.000000,16.039663750,42.710009475,57.344401101,6.000000,9.861111111
1733.500000,16.044027574,42.702044975,57.345122497,6.000000,9.847222222
1734.000000,16.048390844,42.694080374,57.345843934,6.000000,9.833333333
1734.500000,16.052753560,42.686115674,57.346565411,6.000000,9.819444444
1735.000000,16.057115724,42.678150873,57.347286929,6.000000,9.805555556
1735.500000,16.061477333,42.670185972,57.348008488,6.000000,9.791666667
1736.000000,16.065838390,42.662220971,57.348730088,6.000000,9.777777778
1736.500000,16.070198893,42.654255870,57.349451728,6.000000,9.763888889
1737.000000,16.074558843,42.646290668,57.350173409,6.000000,9.750000000
1737.500000,16.078918240,42.638325366,57.350895130,6.000000,9.736111111
1738.000000,16.083277084,42.630359964,57.351616892,6.000000,9.722222222
1738.500000,16.087635375,42.622394462,57.352338695,6.000000,9.708333333
1739.000000,16.091993113,42.614428859,57.353060539,6.000000,9.694444444
1739.500000,16.096350299,42.606463156,57.353782423,6.000000,9.680555556
1740.000000,16.100706931,42.598497353,57.354504348,6.000000,9.666666667
1740.500000,16.105063011,42.590531450,57.355226313,6.000000,9.652777778
1741.000000,16.109418539,42.582565446,57.355948319,6.000000,9.638888889
1741.500000,16.113773514,42.574599342,57.356670366,6.000000,9.625000000
1742.000000,16.118127936,42.566633138,57.357392454,6.000000,9.611111111
1742.500000,16.122481806,42.558666833,57.358114582,6.000000,9.597222222
1743.000000,16.126835124,42.550700429,57.358836751,6.000000,9.583333333
1743.500000,16.131187890,42.542733923,57.359558961,6.000000,9.569444444
1744.000000,16.135540104,42.534767318,57.360281211,6.000000,9.555555556
1744.500000,16.139891765,42.526800612,57.361003502,6.000000,9.541666667
1745.000000,16.144242874,42.518833806,57.361725834,6.000000,9.527777778
1745.500000,16.148593432,42.510866900,57.362448206,6.000000,9.513888889
1746.000000,16.152943437,42.502899893,57.363170619,6.000000,9.500000000
1746.500000,16.157292891,42.494932786,57.363893073,6.000000,9.486111111
1747.000000,16.161641793,42.486965579,57.364615568,6.000000,9.472222222
1747.500000,16.165990144,42.478998271,57.365338103,6.000000,9.458333333
1748.000000,16.170337942,42.471030863,57.366060679,6.000000,9.444444444
1748.500000,16.174685190,42.463063355,57.366783295,6.000000,9.430555556
1749.000000,16.179031886,42.455095746,57.367505953,6.000000,9.416666667
1749.500000,16.183378030,42.447128037,57.368228651,6.000000,9.402777778
1750.000000,16.187723623,42.439160227,57.368951390,6.000000,9.388888889
1750.500000,16.192068665,42.431192317,57.369674169,6.000000,9.375000000
1751.000000,16.196413156,42.423224307,57.370396989,6.000000,9.361111111
1751.500000,16.200757095,42.415256196,57.371119850,6.000000,9.347222222
1752.000000,16.205100484,42.407287985,57.371842752,6.000000,9.333333333
1752.500000,16.209443322,42.399319674,57.372565694,6.000000,9.319444444
1753.000000,16.213785609,42.391351262,57.373288677,6.000000,9.305555556
1753.500000,16.218127345,42.383382749,57.374011701,6.000000,9.291666667
1754.000000,16.222468530,42.375414137,57.374734765,6.000000,9.277777778
1754.500000,16.226809164,42.367445424,57.375457870,6.000000,9.263888889
1755.000000,16.231149248,42.359476610,57.376181016,6.000000,9.250000000
1755.500000,16.235488782,42.351507696,57.376904203,6.000000,9.236111111
1756.000000,16.239827765,42.343538681,57.377627430,6.000000,9.222222222
1756.500000,16.244166197,42.335569567,57.378350698,6.000000,9.208333333
1757.000000,16.248504079,42.327600351,57.379074007,6.000000,9.194444444
1757.500000,16.252841411,42.319631035,57.379797356,6.000000,9.180555556
1758.000000,16.257178193,42.311661619,57.380520746,6.000000,9.166666667
1758.500000,16.261514425,42.303692102,57.381244177,6.000000,9.152777778
1759.000000,16.265850107,42.295722485,57.381967649,6.000000,9.138888889
1759.500000,16.270185238,42.287752767,57.382691162,6.000000,9.125000000
1760.000000,16.274519820,42.279782949,57.383414715,6.000000,9.111111111
1760.500000,16.278853852,42.271813030,57.384138309,6.000000,9.097222222
1761.000000,16.283187334,42.263843011,57.384861943,6.000000,9.083333333
1761.500000,16.287520267,42.255872891,57.385585619,6.000000,9.069444444
1762.000000,16.291852650,42.247902671,57.386309335,6.000000,9.055555556
1762.500000,16.296184483,42.239932350,57.387033092,6.000000,9.041666667
1763.000000,16.300515767,42.231961929,57.387756889,6.000000,9.027777778
1763.500000,16.304846501,42.223991407,57.388480728,6.000000,9.013888889
1764.000000,16.309176686,42.216020785,57.389204607,6.000000,9.000000000
1764.500000,16.313506322,42.208050062,57.389928527,6.000000,8.986111111
1765.000000,16.317835409,42.200079239,57.390652487,6.000000,8.972222222
1765.500000,16.322163946,42.192108315,57.391376489,6.000000,8.958333333
1766.000000,16.326491935,42.184137290,57.392100531,6.000000,8.944444444
1766.500000,16.330819374,42.176166165,57.392824614,6.000000,8.930555556
1767.000000,16.335146265,42.168194940,57.393548737,6.000000,8.916666667
1767.500000,16.339472606,42.160223613,57.394272902,6.000000,8.902777778
1768.000000,16.343798399,42.152252187,57.394997107,6.000000,8.888888889
1768.500000,16.348123643,42.144280659,57.395721353,6.000000,8.875000000
1769.000000,16.352448339,42.136309031,57.396445639,6.000000,8.861111111
1769.500000,16.356772486,42.128337303,57.397169967,6.000000,8.847222222
1770.000000,16.361096085,42.120365474,57.397894335,6.000000,8.833333333
1770.500000,16.365419135,42.112393544,57.398618744,6.000000,8.819444444
1771.000000,16.369741636,42.104421513,57.399343194,6.000000,8.805555556
1771.500000,16.374063590,42.096449382,57.400067684,6.000000,8.791666667
1772.000000,16.378384995,42.088477151,57.400792215,6.000000,8.777777778
1772.500000,16.382705852,42.080504819,57.401516787,6.000000,8.763888889
1773.000000,16.387026161,42.072532386,57.402241400,6.000000,8.750000000
1773.500000,16.391345922,42.064559852,57.402966054,6.000000,8.736111111
1774.000000,16.395665135,42.056587218,57.403690748,6.000000,8.722222222
1774.500000,16.399983800,42.048614483,57.404415483,6.000000,8.708333333
1775.000000,16.404301918,42.040641648,57.405140259,6.000000,8.694444444
1775.500000,16.408619487,42.032668711,57.405865076,6.000000,8.680555556
1776.000000,16.412936509,42.024695675,57.406589934,6.000000,8.666666667
1776.500000,16.417252984,42.016722537,57.407314832,6.000000,8.652777778
1777.000000,16.421568910,42.008749299,57.408039771,6.000000,8.638888889
1777.500000,16.425884290,42.000775960,57.408764751,6.000000,8.625000000
1778.000000,16.430199122,41.992802521,57.409489771,6.000000,8.611111111
1778.500000,16.434513407,41.984828980,57.410214833,6.000000,8.597222222
1779.000000,16.438827144,41.976855339,57.410939935,6.000000,8.583333333
1779.500000,16.443140335,41.968881598,57.411665078,6.000000,8.569444444
1780.000000,16.447452978,41.960907755,57.412390262,6.000000,8.555555556
1780.500000,16.451765074,41.952933812,57.413115487,6.000000,8.541666667
1781.000000,16.456076623,41.944959768,57.413840752,6.000000,8.527777778
1781.500000,16.460387626,41.936985624,57.414566058,6.000000,8.513888889
1782.000000,16.464698081,41.929011379,57.415291405,6.000000,8.500000000
1782.500000,16.469007990,41.921037033,57.416016793,6.000000,8.486111111
1783.000000,16.473317352,41.913062586,57.416742222,6.000000,8.472222222
1783.500000,16.477626168,41.905088038,57.417467691,6.000000,8.458333333
1784.000000,16.481934437,41.897113390,57.418193201,6.000000,8.444444444
1784.500000,16.486242159,41.889138641,57.418918752,6.000000,8.430555556
1785.000000,16.490549335,41.881163791,57.419644344,6.000000,8.416666667
1785.500000,16.494855965,41.873188841,57.420369977,6.000000,8.402777778
1786.000000,16.499162048,41.865213789,57.421095651,6.000000,8.388888889
1786.500000,16.503467586,41.857238637,57.421821365,6.000000,8.375000000
1787.000000,16.507772577,41.849263384,57.422547120,6.000000,8.361111111
1787.500000,16.512077022,41.841288030,57.423272916,6.000000,8.347222222
1788.000000,16.516380921,41.833312576,57.423998753,6.000000,8.333333333
1788.500000,16.520684275,41.825337020,57.424724630,6.000000,8.319444444
1789.000000,16.524987082,41.817361364,57.425450549,6.000000,8.305555556
1789.500000,16.529289344,41.809385607,57.426176508,6.000000,8.291666667
1790.000000,16.533591060,41.801409749,57.426902508,6.000000,8.277777778
1790.500000,16.537892230,41.793433791,57.427628549,6.000000,8.263888889
1791.000000,16.542192855,41.785457731,57.428354630,6.000000,8.250000000
1791.500000,16.546492934,41.777481571,57.429080753,6.000000,8.236111111
1792.000000,16.550792468,41.769505309,57.429806916,6.000000,8.222222222
1792.500000,16.555091456,41.761528947,57.430533121,6.000000,8.208333333
1793.000000,16.559389899,41.753552484,57.431259366,6.000000,8.194444444
1793.500000,16.563687797,41.745575921,57.431985651,6.000000,8.180555556
1794.000000,16.567985150,41.737599256,57.432711978,6.000000,8.166666667
1794.500000,16.572281958,41.729622490,57.433438346,6.000000,8.152777778
1795.000000,16.576578221,41.721645624,57.434164754,6.000000,8.138888889
1795.500000,16.580873939,41.713668657,57.434891203,6.000000,8.125000000
1796.000000,16.585169112,41.705691588,57.435617693,6.000000,8.111111111
1796.500000,16.589463740,41.697714419,57.436344224,6.000000,8.097222222
1797.000000,16.593757823,41.689737149,57.437070796,6.000000,8.083333333
1797.500000,16.598051362,41.681759778,57.437797409,6.000000,8.069444444
1798.000000,16.602344356,41.673782306,57.438524062,6.000000,8.055555556
1798.500000,16.606636806,41.665804734,57.439250756,6.000000,8.041666667
1799.000000,16.610928711,41.657827060,57.439977492,6.000000,8.027777778
1799.500000,16.615220072,41.649849285,57.440704268,6.000000,8.013888889
1800.000000,16.619510888,41.641871410,57.441431084,6.000000,8.000000000
1800.500000,16.623801161,41.633893433,57.442157942,6.000000,7.986111111
1801.000000,16.628090889,41.625915356,57.442884841,6.000000,7.972222222
1801.500000,16.632380073,41.617937177,57.443611780,6.000000,7.958333333
1802.000000,16.636668713,41.609958898,57.444338761,6.000000,7.944444444
1802.500000,16.640956809,41.601980517,57.445065782,6.000000,7.930555556
1803.000000,16.645244361,41.594002036,57.445792844,6.000000,7.916666667
1803.500000,16.649531369,41.586023454,57.446519947,6.000000,7.902777778
1804.000000,16.653817834,41.578044770,57.447247090,6.000000,7.888888889
1804.500000,16.658103755,41.570065986,57.447974275,6.000000,7.875000000
1805.000000,16.662389132,41.562087101,57.448701501,6.000000,7.861111111
1805.500000,16.666673966,41.554108114,57.449428767,6.000000,7.847222222
1806.000000,16.670958256,41.546129027,57.450156074,6.000000,7.833333333
1806.500000,16.675242003,41.538149839,57.450883422,6.000000,7.819444444
1807.000000,16.679525206,41.530170549,57.451610811,6.000000,7.805555556
1807.500000,16.683807866,41.522191159,57.452338241,6.000000,7.791666667
1808.000000,16.688089983,41.514211668,57.453065712,6.000000,7.777777778
1808.500000,16.692371557,41.506232075,57.453793224,6.000000,7.763888889
1809.000000,16.696652588,41.498252382,57.454520776,6.000000,7.750000000
1809.500000,16.700933076,41.490272587,57.455248370,6.000000,7.736111111
1810.000000,16.705213021,41.482292691,57.455976004,6.000000,7.722222222
1810.500000,16.709492423,41.474312695,57.456703679,6.000000,7.708333333
1811.000000,16.713771282,41.466332597,57.457431395,6.000000,7.694444444
1811.500000,16.718049599,41.458352398,57.458159152,6.000000,7.680555556
1812.000000,16.722327373,41.450372098,57.458886950,6.000000,7.666666667
1812.500000,16.726604604,41.442391697,57.459614789,6.000000,7.652777778
1813.000000,16.730881293,41.434411195,57.460342668,6.000000,7.638888889
1813.500000,16.735157439,41.426430592,57.461070589,6.000000,7.625000000
1814.000000,16.739433043,41.418449888,57.461798550,6.000000,7.611111111
1814.500000,16.743708105,41.410469083,57.462526553,6.000000,7.597222222
1815.000000,16.747982625,41.402488176,57.463254596,6.000000,7.583333333
1815.500000,16.752256602,41.394507169,57.463982680,6.000000,7.569444444
1816.000000,16.756530037,41.386526060,57.464710805,6.000000,7.555555556
1816.500000,16.760802930,41.378544850,57.465438971,6.000000,7.541666667
1817.000000,16.765075282,41.370563539,57.466167178,6.000000,7.527777778
1817.500000,16.769347091,41.362582127,57.466895425,6.000000,7.513888889
1818.000000,16.773618359,41.354600614,57.467623714,6.000000,7.500000000
1818.500000,16.777889085,41.346618999,57.468352044,6.000000,7.486111111
1819.000000,16.782159269,41.338637284,57.469080414,6.000000,7.472222222
1819.500000,16.786428912,41.330655467,57.469808826,6.000000,7.458333333
1820.000000,16.790698013,41.322673549,57.470537278,6.000000,7.444444444
1820.500000,16.794966572,41.314691530,57.471265771,6.000000,7.430555556
1821.000000,16.799234590,41.306709410,57.471994305,6.000000,7.416666667
1821.500000,16.803502067,41.298727188,57.472722880,6.000000,7.402777778
1822.000000,16.807769003,41.290744866,57.473451496,6.000000,7.388888889
1822.500000,16.812035397,41.282762442,57.474180153,6.000000,7.375000000
1823.000000,16.816301251,41.274779917,57.474908851,6.000000,7.361111111
1823.500000,16.820566563,41.266797291,57.475637590,6.000000,7.347222222
1824.000000,16.824831334,41.258814563,57.476366370,6.000000,7.333333333
1824.500000,16.829095564,41.250831735,57.477095190,6.000000,7.319444444
1825.000000,16.833359254,41.242848805,57.477824052,6.000000,7.305555556
1825.500000,16.837622403,41.234865774,57.478552954,6.000000,7.291666667
1826.000000,16.841885011,41.226882641,57.479281898,6.000000,7.277777778
1826.500000,16.846147078,41.218899408,57.480010882,6.000000,7.263888889
1827.000000,16.850408605,41.210916073,57.480739907,6.000000,7.250000000
1827.500000,16.854669591,41.202932637,57.481468974,6.000000,7.236111111
1828.000000,16.858930037,41.194949099,57.482198081,6.000000,7.222222222
1828.500000,16.863189943,41.186965461,57.482927229,6.000000,7.208333333
1829.000000,16.867449308,41.178981721,57.483656418,6.000000,7.194444444
1829.500000,16.871708133,41.170997880,57.484385648,6.000000,7.180555556
1830.000000,16.875966418,41.163013937,57.485114919,6.000000,7.166666667
1830.500000,16.880224163,41.155029893,57.485844231,6.000000,7.152777778
1831.000000,16.884481367,41.147045748,57.486573584,6.000000,7.138888889
1831.500000,16.888738032,41.139061502,57.487302977,6.000000,7.125000000
1832.000000,16.892994157,41.131077154,57.488032412,6.000000,7.111111111
1832.500000,16.897249742,41.123092705,57.488761888,6.000000,7.097222222
1833.000000,16.901504788,41.115108155,57.489491404,6.000000,7.083333333
1833.500000,16.905759293,41.107123504,57.490220962,6.000000,7.069444444
1834.000000,16.910013259,41.099138751,57.490950561,6.000000,7.055555556
1834.500000,16.914266686,41.091153896,57.491680200,6.000000,7.041666667
1835.000000,16.918519573,41.083168941,57.492409881,6.000000,7.027777778
1835.500000,16.922771921,41.075183884,57.493139602,6.000000,7.013888889
1836.000000,16.927023729,41.067198726,43.758198723,6.000000,7.000000000
1836.500000,16.931461842,41.061121198,43.758604339,6.000000,6.990277778
1837.000000,16.935899477,41.055043614,43.759009973,6.000000,6.980555556
1837.500000,16.940336636,41.048965974,43.759415628,6.000000,6.970833333
1838.000000,16.944773316,41.042888277,43.759821301,6.000000,6.961111111
1838.500000,16.949209520,41.036810524,43.760226994,6.000000,6.951388889
1839.000000,16.953645247,41.030732715,43.760632707,6.000000,6.941666667
1839.500000,16.958080496,41.024654849,43.761038439,6.000000,6.931944444
1840.000000,16.962515269,41.018576927,43.761444190,6.000000,6.922222222
1840.500000,16.966949564,41.012498949,43.761849961,6.000000,6.912500000
1841.000000,16.971383383,41.006420914,43.762255751,6.000000,6.902777778
1841.500000,16.975816724,41.000342823,43.762661561,6.000000,6.893055556
1842.000000,16.980249589,40.994264676,43.763067390,6.000000,6.883333333
1842.500000,16.984681977,40.988186472,43.763473238,6.000000,6.873611111
1843.000000,16.989113889,40.982108212,43.763879106,6.000000,6.863888889
1843.500000,16.993545323,40.976029895,43.764284993,6.000000,6.854166667
1844.000000,16.997976281,40.969951522,43.764690900,6.000000,6.844444444
1844.500000,17.002406763,40.963873093,43.765096826,6.000000,6.834722222
1845.000000,17.006836768,40.957794607,43.765502772,6.000000,6.825000000
1845.500000,17.011266297,40.951716065,43.765908737,6.000000,6.815277778
1846.000000,17.015695349,40.945637467,43.766314721,6.000000,6.805555556
1846.500000,17.020123925,40.939558812,43.766720725,6.000000,6.795833333
1847.000000,17.024552024,40.933480101,43.767126749,6.000000,6.786111111
1847.500000,17.028979647,40.927401333,43.767532791,6.000000,6.776388889
1848.000000,17.033406794,40.921322509,43.767938854,6.000000,6.766666667
1848.500000,17.037833465,40.915243629,43.768344935,6.000000,6.756944444
1849.000000,17.042259660,40.909164692,43.768751036,6.000000,6.747222222
1849.500000,17.046685379,40.903085699,43.769157157,6.000000,6.737500000
1850.000000,17.051110621,40.897006649,43.769563297,6.000000,6.727777778
1850.500000,17.055535388,40.890927543,43.769969456,6.000000,6.718055556
1851.000000,17.059959679,40.884848381,43.770375635,6.000000,6.708333333
1851.500000,17.064383494,40.878769162,43.770781833,6.000000,6.698611111
1852.000000,17.068806833,40.872689887,43.771188051,6.000000,6.688888889
1852.500000,17.073229697,40.866610555,43.771594288,6.000000,6.679166667
1853.000000,17.077652085,40.860531167,43.772000544,6.000000,6.669444444
1853.500000,17.082073997,40.854451722,43.772406820,6.000000,6.659722222
1854.000000,17.086495433,40.848372221,43.772813116,6.000000,6.650000000
1854.500000,17.090916394,40.842292664,43.773219430,6.000000,6.640277778
1855.000000,17.095336880,40.836213050,43.773625765,6.000000,6.630555556
1855.500000,17.099756890,40.830133380,43.774032118,6.000000,6.620833333
1856.000000,17.104176425,40.824053653,43.774438492,6.000000,6.611111111
1856.500000,17.108595484,40.817973870,43.774844884,6.000000,6.601388889
1857.000000,17.113014068,40.811894031,43.775251296,6.000000,6.591666667
1857.500000,17.117432177,40.805814135,43.775657728,6.000000,6.581944444
1858.000000,17.121849811,40.799734182,43.776064178,6.000000,6.572222222
1858.500000,17.126266969,40.793654173,43.776470649,6.000000,6.562500000
1859.000000,17.130683653,40.787574108,43.776877138,6.000000,6.552777778
1859.500000,17.135099861,40.781493986,43.777283648,6.000000,6.543055556
1860.000000,17.139515595,40.775413808,43.777690176,6.000000,6.533333333
1860.500000,17.143930854,40.769333573,43.778096724,6.000000,6.523611111
1861.000000,17.148345637,40.763253282,43.778503292,6.000000,6.513888889
1861.500000,17.152759946,40.757172934,43.778909879,6.000000,6.504166667
1862.000000,17.157173780,40.751092530,43.779316485,6.000000,6.494444444
1862.500000,17.161587140,40.745012069,43.779723111,6.000000,6.484722222
1863.000000,17.166000024,40.738931552,43.780129756,6.000000,6.475000000
1863.500000,17.170412435,40.732850979,43.780536421,6.000000,6.465277778
1864.000000,17.174824370,40.726770349,43.780943105,6.000000,6.455555556
1864.500000,17.179235831,40.720689662,43.781349809,6.000000,6.445833333
1865.000000,17.183646818,40.714608919,43.781756532,6.000000,6.436111111
1865.500000,17.188057330,40.708528120,43.782163274,6.000000,6.426388889
1866.000000,17.192467368,40.702447264,43.782570036,6.000000,6.416666667
1866.500000,17.196876931,40.696366351,43.782976817,6.000000,6.406944444
1867.000000,17.201286021,40.690285382,43.783383618,6.000000,6.397222222
1867.500000,17.205694636,40.684204357,43.783790438,6.000000,6.387500000
1868.000000,17.210102776,40.678123275,43.784197278,6.000000,6.377777778
1868.500000,17.214510443,40.672042136,43.784604137,6.000000,6.368055556
1869.000000,17.218917636,40.665960941,43.785011016,6.000000,6.358333333
1869.500000,17.223324355,40.659879689,43.785417914,6.000000,6.348611111
1870.000000,17.227730599,40.653798381,43.785824831,6.000000,6.338888889
1870.500000,17.232136370,40.647717017,43.786231768,6.000000,6.329166667
1871.000000,17.236541667,40.641635596,43.786638724,6.000000,6.319444444
1871.500000,17.240946491,40.635554118,43.787045700,6.000000,6.309722222
1872.000000,17.245350840,40.629472584,43.787452695,6.000000,6.300000000
1872.500000,17.249754716,40.623390993,43.787859710,6.000000,6.290277778
1873.000000,17.254158118,40.617309346,43.788266744,6.000000,6.280555556
1873.500000,17.258561047,40.611227643,43.788673797,6.000000,6.270833333
1874.000000,17.262963502,40.605145882,43.789080870,6.000000,6.261111111
1874.500000,17.267365483,40.599064065,43.789487963,6.000000,6.251388889
1875.000000,17.271766991,40.592982192,43.789895075,6.000000,6.241666667
1875.500000,17.276168026,40.586900262,43.790302206,6.000000,6.231944444
1876.000000,17.280568587,40.580818276,43.790709357,6.000000,6.222222222
1876.500000,17.284968675,40.574736233,43.791116527,6.000000,6.212500000
1877.000000,17.289368290,40.568654133,43.791523717,6.000000,6.202777778
1877.500000,17.293767432,40.562571977,43.791930926,6.000000,6.193055556
1878.000000,17.298166100,40.556489765,43.792338154,6.000000,6.183333333
1878.500000,17.302564296,40.550407495,43.792745403,6.000000,6.173611111
1879.000000,17.306962018,40.544325170,43.793152670,6.000000,6.163888889
1879.500000,17.311359268,40.538242787,43.793559957,6.000000,6.154166667
1880.000000,17.315756044,40.532160349,43.793967263,6.000000,6.144444444
1880.500000,17.320152348,40.526077853,43.794374589,6.000000,6.134722222
1881.000000,17.324548178,40.519995301,43.794781934,6.000000,6.125000000
1881.500000,17.328943536,40.513912692,43.795189299,6.000000,6.115277778
1882.000000,17.333338422,40.507830027,43.795596683,6.000000,6.105555556
1882.500000,17.337732834,40.501747306,43.796004087,6.000000,6.095833333
1883.000000,17.342126774,40.495664527,43.796411510,6.000000,6.086111111
1883.500000,17.346520242,40.489581692,43.796818952,6.000000,6.076388889
1884.000000,17.350913237,40.483498801,43.797226414,6.000000,6.066666667
1884.500000,17.355305759,40.477415853,43.797633896,6.000000,6.056944444
1885.000000,17.359697809,40.471332848,43.798041397,6.000000,6.047222222
1885.500000,17.364089387,40.465249787,43.798448917,6.000000,6.037500000
1886.000000,17.368480492,40.459166669,43.798856457,6.000000,6.027777778
1886.500000,17.372871125,40.453083494,43.799264016,6.000000,6.018055556
1887.000000,17.377261286,40.447000263,43.799671595,6.000000,6.008333333
1887.500000,17.381650974,40.440916975,43.800079193,6.000000,5.998611111
1888.000000,17.386040191,40.434833631,43.800486811,6.000000,5.988888889
1888.500000,17.390428935,40.428750230,43.800894448,6.000000,5.979166667
1889.000000,17.394817208,40.422666772,43.801302104,6.000000,5.969444444
1889.500000,17.399205008,40.416583258,43.801709780,6.000000,5.959722222
1890.000000,17.403592337,40.410499688,43.802117475,6.000000,5.950000000
1890.500000,17.407979194,40.404416060,43.802525190,6.000000,5.940277778
1891.000000,17.412365579,40.398332376,43.802932925,6.000000,5.930555556
1891.500000,17.416751492,40.392248635,43.803340678,6.000000,5.920833333
1892.000000,17.421136933,40.386164838,43.803748452,6.000000,5.911111111
1892.500000,17.425521903,40.380080984,43.804156244,6.000000,5.901388889
1893.000000,17.429906401,40.373997073,43.804564057,6.000000,5.891666667
1893.500000,17.434290428,40.367913106,43.804971888,6.000000,5.881944444
1894.000000,17.438673983,40.361829082,43.805379739,6.000000,5.872222222
1894.500000,17.443057067,40.355745002,43.805787610,6.000000,5.862500000
1895.000000,17.447439679,40.349660865,43.806195500,6.000000,5.852777778
1895.500000,17.451821820,40.343576671,43.806603409,6.000000,5.843055556
1896.000000,17.456203490,40.337492420,43.807011338,6.000000,5.833333333
1896.500000,17.460584688,40.331408113,43.807419287,6.000000,5.823611111
1897.000000,17.464965415,40.325323749,43.807827254,6.000000,5.813888889
1897.500000,17.469345671,40.319239329,43.808235242,6.000000,5.804166667
1898.000000,17.473725456,40.313154852,43.808643248,6.000000,5.794444444
1898.500000,17.478104770,40.307070318,43.809051275,6.000000,5.784722222
1899.000000,17.482483613,40.300985728,43.809459320,6.000000,5.775000000
1899.500000,17.486861985,40.294901081,43.809867385,6.000000,5.765277778
1900.000000,17.491239886,40.288816377,43.810275470,6.000000,5.755555556
1900.500000,17.495617316,40.282731616,43.810683574,6.000000,5.745833333
1901.000000,17.499994275,40.276646799,43.811091698,6.000000,5.736111111
1901.500000,17.504370764,40.270561925,43.811499841,6.000000,5.726388889
1902.000000,17.508746782,40.264476995,43.811908003,6.000000,5.716666667
1902.500000,17.513122329,40.258392007,43.812316185,6.000000,5.706944444
1903.000000,17.517497406,40.252306964,43.812724386,6.000000,5.697222222
1903.500000,17.521872012,40.246221863,43.813132607,6.000000,5.687500000
1904.000000,17.526246148,40.240136706,43.813540847,6.000000,5.677777778
1904.500000,17.530619813,40.234051492,43.813949107,6.000000,5.668055556
1905.000000,17.534993008,40.227966221,43.814357386,6.000000,5.658333333
1905.500000,17.539365733,40.221880894,43.814765685,6.000000,5.648611111
1906.000000,17.543737987,40.215795509,43.815174003,6.000000,5.638888889
1906.500000,17.548109771,40.209710069,43.815582341,6.000000,5.629166667
1907.000000,17.552481085,40.203624571,43.815990698,6.000000,5.619444444
1907.500000,17.556851928,40.197539017,43.816399074,6.000000,5.609722222
1908.000000,17.561222302,40.191453406,43.816807471,6.000000,5.600000000
1908.500000,17.565592206,40.185367738,43.817215886,6.000000,5.590277778
1909.000000,17.569961639,40.179282014,43.817624321,6.000000,5.580555556
1909.500000,17.574330603,40.173196232,43.818032775,6.000000,5.570833333
1910.000000,17.578699097,40.167110395,43.818441249,6.000000,5.561111111
1910.500000,17.583067121,40.161024500,43.818849743,6.000000,5.551388889
1911.000000,17.587434675,40.154938549,43.819258255,6.000000,5.541666667
1911.500000,17.591801759,40.148852541,43.819666788,6.000000,5.531944444
1912.000000,17.596168374,40.142766476,43.820075339,6.000000,5.522222222
1912.500000,17.600534519,40.136680354,43.820483911,6.000000,5.512500000
1913.000000,17.604900195,40.130594176,43.820892501,6.000000,5.502777778
1913.500000,17.609265401,40.124507941,43.821301112,6.000000,5.493055556
1914.000000,17.613630137,40.118421649,43.821709741,6.000000,5.483333333
1914.500000,17.617994404,40.112335300,43.822118390,6.000000,5.473611111
1915.000000,17.622358202,40.106248895,43.822527059,6.000000,5.463888889
1915.500000,17.626721531,40.100162433,43.822935747,6.000000,5.454166667
1916.000000,17.631084390,40.094075914,43.823344454,6.000000,5.444444444
1916.500000,17.635446780,40.087989338,43.823753181,6.000000,5.434722222
1917.000000,17.639808701,40.081902706,43.824161928,6.000000,5.425000000
1917.500000,17.644170152,40.075816017,43.824570694,6.000000,5.415277778
1918.000000,17.648531135,40.069729271,43.824979479,6.000000,5.405555556
1918.500000,17.652891648,40.063642468,43.825388284,6.000000,5.395833333
1919.000000,17.657251693,40.057555609,43.825797109,6.000000,5.386111111
1919.500000,17.661611269,40.051468693,43.826205952,6.000000,5.376388889
1920.000000,17.665970375,40.045381719,43.826614816,6.000000,5.366666667
1920.500000,17.670329013,40.039294690,43.827023698,6.000000,5.356944444
1921.000000,17.674687183,40.033207603,43.827432601,6.000000,5.347222222
1921.500000,17.679044883,40.027120460,43.827841522,6.000000,5.337500000
1922.000000,17.683402115,40.021033259,43.828250464,6.000000,5.327777778
1922.500000,17.687758878,40.014946002,43.828659424,6.000000,5.318055556
1923.000000,17.692115173,40.008858689,43.829068404,6.000000,5.308333333
1923.500000,17.696470999,40.002771318,43.829477404,6.000000,5.298611111
1924.000000,17.700826357,39.996683891,43.829886423,6.000000,5.288888889
1924.500000,17.705181246,39.990596406,43.830295462,6.000000,5.279166667
1925.000000,17.709535667,39.984508865,43.830704520,6.000000,5.269444444
1925.500000,17.713889619,39.978421267,43.831113597,6.000000,5.259722222
1926.000000,17.718243104,39.972333613,43.831522694,6.000000,5.250000000
1926.500000,17.722596120,39.966245901,43.831931811,6.000000,5.240277778
1927.000000,17.726948668,39.960158133,43.832340947,6.000000,5.230555556
1927.500000,17.731300748,39.954070308,43.832750102,6.000000,5.220833333
1928.000000,17.735652359,39.947982426,43.833159277,6.000000,5.211111111
1928.500000,17.740003503,39.941894487,43.833568472,6.000000,5.201388889
1929.000000,17.744354179,39.935806491,43.833977685,6.000000,5.191666667
1929.500000,17.748704387,39.929718439,43.834386919,6.000000,5.181944444
1930.000000,17.753054127,39.923630330,43.834796172,6.000000,5.172222222
1930.500000,17.757403399,39.917542164,43.835205444,6.000000,5.162500000
1931.000000,17.761752204,39.911453941,43.835614736,6.000000,5.152777778
1931.500000,17.766100540,39.905365661,43.836024047,6.000000,5.143055556
1932.000000,17.770448409,39.899277324,43.836433378,6.000000,5.133333333
1932.500000,17.774795811,39.893188931,43.836842728,6.000000,5.123611111
1933.000000,17.779142745,39.887100480,43.837252098,6.000000,5.113888889
1933.500000,17.783489211,39.881011973,43.837661487,6.000000,5.104166667
1934.000000,17.787835210,39.874923409,43.838070896,6.000000,5.094444444
1934.500000,17.792180742,39.868834788,43.838480324,6.000000,5.084722222
1935.000000,17.796525806,39.862746110,43.838889771,6.000000,5.075000000
1935.500000,17.800870403,39.856657375,43.839299239,6.000000,5.065277778
1936.000000,17.805214533,39.850568584,43.839708725,6.000000,5.055555556
1936.500000,17.809558195,39.844479735,43.840118231,6.000000,5.045833333
1937.000000,17.813901390,39.838390830,43.840527757,6.000000,5.036111111
1937.500000,17.818244119,39.832301868,43.840937302,6.000000,5.026388889
1938.000000,17.822586380,39.826212849,43.841346867,6.000000,5.016666667
1938.500000,17.826928174,39.820123773,43.841756451,6.000000,5.006944444
1939.000000,17.831269501,39.814034640,43.842166054,6.000000,4.997222222
1939.500000,17.835610361,39.807945450,43.842575677,6.000000,4.987500000
1940.000000,17.839950755,39.801856204,43.842985320,6.000000,4.977777778
1940.500000,17.844290682,39.795766900,43.843394982,6.000000,4.968055556
1941.000000,17.848630141,39.789677540,43.843804663,6.000000,4.958333333
1941.500000,17.852969135,39.783588122,43.844214364,6.000000,4.948611111
1942.000000,17.857307661,39.777498648,43.844624084,6.000000,4.938888889
1942.500000,17.861645721,39.771409117,43.845033824,6.000000,4.929166667
1943.000000,17.865983315,39.765319529,43.845443584,6.000000,4.919444444
1943.500000,17.870320441,39.759229884,43.845853363,6.000000,4.909722222
1944.000000,17.874657102,39.753140182,43.846263161,6.000000,4.900000000
1944.500000,17.878993296,39.747050424,43.846672979,6.000000,4.890277778
1945.000000,17.883329024,39.740960608,43.847082816,6.000000,4.880555556
1945.500000,17.887664285,39.734870735,43.847492673,6.000000,4.870833333
1946.000000,17.891999080,39.728780806,43.847902550,6.000000,4.861111111
1946.500000,17.896333409,39.722690819,43.848312445,6.000000,4.851388889
1947.000000,17.900667272,39.716600776,43.848722361,6.000000,4.841666667
1947.500000,17.905000669,39.710510675,43.849132296,6.000000,4.831944444
1948.000000,17.909333599,39.704420518,43.849542250,6.000000,4.822222222
1948.500000,17.913666064,39.698330304,43.849952224,6.000000,4.812500000
1949.000000,17.917998063,39.692240033,43.850362217,6.000000,4.802777778
1949.500000,17.922329596,39.686149705,43.850772230,6.000000,4.793055556
1950.000000,17.926660662,39.680059320,43.851182262,6.000000,4.783333333
1950.500000,17.930991264,39.673968878,43.851592314,6.000000,4.773611111
1951.000000,17.935321399,39.667878379,43.852002385,6.000000,4.763888889
1951.500000,17.939651069,39.661787823,43.852412476,6.000000,4.754166667
1952.000000,17.943980273,39.655697210,43.852822586,6.000000,4.744444444
1952.500000,17.948309011,39.649606540,43.853232716,6.000000,4.734722222
1953.000000,17.952637284,39.643515814,43.853642865,6.000000,4.725000000
1953.500000,17.956965092,39.637425030,43.854053034,6.000000,4.715277778
1954.000000,17.961292434,39.631334189,43.854463222,6.000000,4.705555556
1954.500000,17.965619311,39.625243291,43.854873430,6.000000,4.695833333
1955.000000,17.969945722,39.619152337,43.855283657,6.000000,4.686111111
1955.500000,17.974271668,39.613061325,43.855693904,6.000000,4.676388889
1956.000000,17.978597149,39.606970257,43.856104170,6.000000,4.666666667
1956.500000,17.982922164,39.600879131,43.856514456,6.000000,4.656944444
1957.000000,17.987246715,39.594787948,43.856924761,6.000000,4.647222222
1957.500000,17.991570800,39.588696709,43.857335086,6.000000,4.637500000
1958.000000,17.995894420,39.582605412,43.857745430,6.000000,4.627777778
1958.500000,18.000217575,39.576514059,43.858155794,6.000000,4.618055556
1959.000000,18.004540266,39.570422648,43.858566177,6.000000,4.608333333
1959.500000,18.008862491,39.564331181,43.858976580,6.000000,4.598611111
1960.000000,18.013184252,39.558239656,43.859387002,6.000000,4.588888889
1960.500000,18.017505548,39.552148075,43.859797443,6.000000,4.579166667
1961.000000,18.021826379,39.546056436,43.860207905,6.000000,4.569444444
1961.500000,18.026146745,39.539964741,43.860618385,6.000000,4.559722222
1962.000000,18.030466647,39.533872988,43.861028886,6.000000,4.550000000
1962.500000,18.034786084,39.527781179,43.861439405,6.000000,4.540277778
1963.000000,18.039105057,39.521689312,43.861849944,6.000000,4.530555556
1963.500000,18.043423565,39.515597388,43.862260503,6.000000,4.520833333
1964.000000,18.047741608,39.509505408,43.862671081,6.000000,4.511111111
1964.500000,18.052059188,39.503413370,43.863081679,6.000000,4.501388889
1965.000000,18.056376303,39.497321275,43.863492296,6.000000,4.491666667
1965.500000,18.060692953,39.491229124,43.863902933,6.000000,4.481944444
1966.000000,18.065009140,39.485136915,43.864313589,6.000000,4.472222222
1966.500000,18.069324862,39.479044649,43.864724265,6.000000,4.462500000
1967.000000,18.073640120,39.472952326,43.865134960,6.000000,4.452777778
1967.500000,18.077954914,39.466859946,43.865545675,6.000000,4.443055556
1968.000000,18.082269244,39.460767510,43.865956409,6.000000,4.433333333
1968.500000,18.086583110,39.454675016,43.866367163,6.000000,4.423611111
1969.000000,18.090896512,39.448582465,43.866777936,6.000000,4.413888889
1969.500000,18.095209450,39.442489857,43.867188729,6.000000,4.404166667
1970.000000,18.099521924,39.436397191,43.867599541,6.000000,4.394444444
1970.500000,18.103833935,39.430304469,43.868010373,6.000000,4.384722222
1971.000000,18.108145482,39.424211690,43.868421224,6.000000,4.375000000
1971.500000,18.112456565,39.418118854,43.868832095,6.000000,4.365277778
1972.000000,18.116767184,39.412025960,43.869242985,6.000000,4.355555556
1972.500000,18.121077340,39.405933010,43.869653895,6.000000,4.345833333
1973.000000,18.125387032,39.399840003,43.870064824,6.000000,4.336111111
1973.500000,18.129696261,39.393746938,43.870475773,6.000000,4.326388889
1974.000000,18.134005026,39.387653816,43.870886741,6.000000,4.316666667
1974.500000,18.138313328,39.381560638,43.871297729,6.000000,4.306944444
1975.000000,18.142621167,39.375467402,43.871708736,6.000000,4.297222222
1975.500000,18.146928542,39.369374109,43.872119763,6.000000,4.287500000
1976.000000,18.151235454,39.363280759,43.872530809,6.000000,4.277777778
1976.500000,18.155541903,39.357187352,43.872941875,6.000000,4.268055556
1977.000000,18.159847889,39.351093888,43.873352960,6.000000,4.258333333
1977.500000,18.164153412,39.345000367,43.873764065,6.000000,4.248611111
1978.000000,18.168458471,39.338906788,43.874175189,6.000000,4.238888889
1978.500000,18.172763068,39.332813153,43.874586333,6.000000,4.229166667
1979.000000,18.177067201,39.326719460,43.874997497,6.000000,4.219444444
1979.500000,18.181370872,39.320625711,43.875408680,6.000000,4.209722222
1980.000000,18.185674080,39.314531904,43.875819882,6.000000,4.200000000
1980.500000,18.189976825,39.308438040,43.876231104,6.000000,4.190277778
1981.000000,18.194279108,39.302344119,43.876642345,6.000000,4.180555556
1981.500000,18.198580928,39.296250141,43.877053606,6.000000,4.170833333
1982.000000,18.202882285,39.290156106,43.877464887,6.000000,4.161111111
1982.500000,18.207183179,39.284062013,43.877876187,6.000000,4.151388889
1983.000000,18.211483611,39.277967864,43.878287506,6.000000,4.141666667
1983.500000,18.215783580,39.271873657,43.878698845,6.000000,4.131944444
1984.000000,18.220083087,39.265779394,43.879110204,6.000000,4.122222222
1984.500000,18.224382132,39.259685073,43.879521582,6.000000,4.112500000
1985.000000,18.228680714,39.253590695,43.879932979,6.000000,4.102777778
1985.500000,18.232978834,39.247496260,43.880344396,6.000000,4.093055556
1986.000000,18.237276492,39.241401767,43.880755833,6.000000,4.083333333
1986.500000,18.241573688,39.235307218,43.881167289,6.000000,4.073611111
1987.000000,18.245870421,39.229212611,43.881578764,6.000000,4.063888889
1987.500000,18.250166692,39.223117948,43.881990260,6.000000,4.054166667
1988.000000,18.254462502,39.217023227,43.882401774,6.000000,4.044444444
1988.500000,18.258757849,39.210928449,43.882813308,6.000000,4.034722222
1989.000000,18.263052734,39.204833613,43.883224862,6.000000,4.025000000
1989.500000,18.267347158,39.198738721,43.883636435,6.000000,4.015277778
1990.000000,18.271641119,39.192643772,43.884048028,6.000000,4.005555556
1990.500000,18.275934619,39.186548765,43.884459640,6.000000,3.995833333
1991.000000,18.280227657,39.180453701,43.884871272,6.000000,3.986111111
1991.500000,18.284520233,39.174358580,43.885282923,6.000000,3.976388889
1992.000000,18.288812348,39.168263402,43.885694594,6.000000,3.966666667
1992.500000,18.293104001,39.162168167,43.886106284,6.000000,3.956944444
1993.000000,18.297395193,39.156072874,43.886517994,6.000000,3.947222222
1993.500000,18.301685923,39.149977524,43.886929723,6.000000,3.937500000
1994.000000,18.305976191,39.143882117,43.887341472,6.000000,3.927777778
1994.500000,18.310265999,39.137786653,43.887753240,6.000000,3.918055556
1995.000000,18.314555345,39.131691132,43.888165028,6.000000,3.908333333
1995.500000,18.318844229,39.125595554,43.888576836,6.000000,3.898611111
1996.000000,18.323132652,39.119499918,43.888988663,6.000000,3.888888889
1996.500000,18.327420615,39.113404225,43.889400509,6.000000,3.879166667
1997.000000,18.331708116,39.107308475,43.889812375,6.000000,3.869444444
1997.500000,18.335995155,39.101212668,43.890224260,6.000000,3.859722222
1998.000000,18.340281734,39.095116803,43.890636165,6.000000,3.850000000
1998.500000,18.344567852,39.089020881,43.891048090,6.000000,3.840277778
1999.000000,18.348853509,39.082924903,43.891460034,6.000000,3.830555556
1999.500000,18.353138705,39.076828866,43.891871998,6.000000,3.820833333
2000.000000,18.357423440,39.070732773,43.892283981,6.000000,3.811111111
2000.500000,18.361707714,39.064636623,43.892695983,6.000000,3.801388889
2001.000000,18.365991528,39.058540415,43.893108006,6.000000,3.791666667
2001.500000,18.370274881,39.052444150,43.893520047,6.000000,3.781944444
2002.000000,18.374557773,39.046347828,43.893932108,6.000000,3.772222222
2002.500000,18.378840205,39.040251448,43.894344189,6.000000,3.762500000
2003.000000,18.383122176,39.034155011,43.894756289,6.000000,3.752777778
2003.500000,18.387403686,39.028058517,43.895168409,6.000000,3.743055556
2004.000000,18.391684736,39.021961966,43.895580549,6.000000,3.733333333
2004.500000,18.395965326,39.015865358,43.895992707,6.000000,3.723611111
2005.000000,18.400245456,39.009768692,43.896404886,6.000000,3.713888889
2005.500000,18.404525125,39.003671969,43.896817084,6.000000,3.704166667
2006.000000,18.408804333,38.997575189,43.897229301,6.000000,3.694444444
2006.500000,18.413083082,38.991478352,43.897641538,6.000000,3.684722222
2007.000000,18.417361370,38.985381457,43.898053794,6.000000,3.675000000
2007.500000,18.421639199,38.979284505,43.898466070,6.000000,3.665277778
2008.000000,18.425916567,38.973187496,43.898878366,6.000000,3.655555556
2008.500000,18.430193475,38.967090430,43.899290681,6.000000,3.645833333
2009.000000,18.434469924,38.960993306,43.899703016,6.000000,3.636111111
2009.500000,18.438745912,38.954896125,43.900115370,6.000000,3.626388889
2010.000000,18.443021441,38.948798887,43.900527743,6.000000,3.616666667
2010.500000,18.447296509,38.942701591,43.900940137,6.000000,3.606944444
2011.000000,18.451571118,38.936604238,43.901352549,6.000000,3.597222222
2011.500000,18.455845268,38.930506828,43.901764982,6.000000,3.587500000
2012.000000,18.460118957,38.924409361,43.902177433,6.000000,3.577777778
2012.500000,18.464392187,38.918311836,43.902589905,6.000000,3.568055556
2013.000000,18.468664958,38.912214254,43.903002396,6.000000,3.558333333
2013.500000,18.472937269,38.906116615,43.903414906,6.000000,3.548611111
2014.000000,18.477209120,38.900018919,43.903827436,6.000000,3.538888889
2014.500000,18.481480512,38.893921165,43.904239985,6.000000,3.529166667
2015.000000,18.485751445,38.887823354,43.904652554,6.000000,3.519444444
2015.500000,18.490021918,38.881725485,43.905065143,6.000000,3.509722222
2016.000000,18.494291932,38.875627560,43.905477751,6.000000,3.500000000
2016.500000,18.498561487,38.869529577,43.905890378,6.000000,3.490277778
2017.000000,18.502830583,38.863431536,43.906303026,6.000000,3.480555556
2017.500000,18.507099220,38.857333439,43.906715692,6.000000,3.470833333
2018.000000,18.511367397,38.851235284,43.907128378,6.000000,3.461111111
2018.500000,18.515635116,38.845137071,43.907541084,6.000000,3.451388889
2019.000000,18.519902375,38.839038802,43.907953809,6.000000,3.441666667
2019.500000,18.524169176,38.832940475,43.908366554,6.000000,3.431944444
2020.000000,18.528435518,38.826842091,43.908779319,6.000000,3.422222222
2020.500000,18.532701401,38.820743649,43.909192102,6.000000,3.412500000
2021.000000,18.536966825,38.814645150,43.909604906,6.000000,3.402777778
2021.500000,18.541231790,38.808546594,43.910017729,6.000000,3.393055556
2022.000000,18.545496297,38.802447980,43.910430571,6.000000,3.383333333
2022.500000,18.549760345,38.796349309,43.910843433,6.000000,3.373611111
2023.000000,18.554023935,38.790250581,43.911256315,6.000000,3.363888889
2023.500000,18.558287066,38.784151796,43.911669216,6.000000,3.354166667
2024.000000,18.562549739,38.778052953,43.912082137,6.000000,3.344444444
2024.500000,18.566811953,38.771954052,43.912495077,6.000000,3.334722222
2025.000000,18.571073709,38.765855095,43.912908037,6.000000,3.325000000
2025.500000,18.575335006,38.759756080,43.913321016,6.000000,3.315277778
2026.000000,18.579595846,38.753657007,43.913734015,6.000000,3.305555556
2026.500000,18.583856227,38.747557878,43.914147033,6.000000,3.295833333
2027.000000,18.588116150,38.741458690,43.914560071,6.000000,3.286111111
2027.500000,18.592375614,38.735359446,43.914973128,6.000000,3.276388889
2028.000000,18.596634621,38.729260144,43.915386205,6.000000,3.266666667
2028.500000,18.600893170,38.723160785,43.915799302,6.000000,3.256944444
2029.000000,18.605151260,38.717061368,43.916212418,6.000000,3.247222222
2029.500000,18.609408893,38.710961894,43.916625554,6.000000,3.237500000
2030.000000,18.613666068,38.704862363,43.917038709,6.000000,3.227777778
2030.500000,18.617922785,38.698762774,43.917451883,6.000000,3.218055556
2031.000000,18.622179044,38.692663128,43.917865078,6.000000,3.208333333
2031.500000,18.626434845,38.686563425,43.918278291,6.000000,3.198611111
2032.000000,18.630690189,38.680463664,43.918691525,6.000000,3.188888889
2032.500000,18.634945075,38.674363846,43.919104778,6.000000,3.179166667
2033.000000,18.639199504,38.668263970,43.919518050,6.000000,3.169444444
2033.500000,18.643453475,38.662164037,43.919931342,6.000000,3.159722222
2034.000000,18.647706989,38.656064047,43.920344653,6.000000,3.150000000
2034.500000,18.651960045,38.649963999,43.920757985,6.000000,3.140277778
2035.000000,18.656212644,38.643863893,43.921171335,6.000000,3.130555556
2035.500000,18.660464785,38.637763731,43.921584705,6.000000,3.120833333
2036.000000,18.664716469,38.631663511,43.921998095,6.000000,3.111111111
2036.500000,18.668967696,38.625563233,43.922411504,6.000000,3.101388889
2037.000000,18.673218466,38.619462898,43.922824933,6.000000,3.091666667
2037.500000,18.677468778,38.613362506,43.923238381,6.000000,3.081944444
2038.000000,18.681718634,38.607262056,43.923651849,6.000000,3.072222222
2038.500000,18.685968032,38.601161549,43.924065337,6.000000,3.062500000
2039.000000,18.690216974,38.595060984,43.924478844,6.000000,3.052777778
2039.500000,18.694465458,38.588960362,43.924892370,6.000000,3.043055556
2040.000000,18.698713486,38.582859683,43.925305916,6.000000,3.033333333
2040.500000,18.702961057,38.576758946,43.925719482,6.000000,3.023611111
2041.000000,18.707208171,38.570658151,43.926133067,6.000000,3.013888889
2041.500000,18.711454828,38.564557300,43.926546672,6.000000,3.004166667
2042.000000,18.715701028,38.558456390,43.926960296,6.000000,2.994444444
2042.500000,18.719946772,38.552355424,43.927373940,6.000000,2.984722222
2043.000000,18.724192060,38.546254399,43.927787604,6.000000,2.975000000
2043.500000,18.728436890,38.540153318,43.928201286,6.000000,2.965277778
2044.000000,18.732681265,38.534052179,43.928614989,6.000000,2.955555556
2044.500000,18.736925182,38.527950982,43.929028711,6.000000,2.945833333
2045.000000,18.741168644,38.521849728,43.929442453,6.000000,2.936111111
2045.500000,18.745411649,38.515748417,43.929856214,6.000000,2.926388889
2046.000000,18.749654198,38.509647048,43.930269995,6.000000,2.916666667
2046.500000,18.753896290,38.503545621,43.930683795,6.000000,2.906944444
2047.000000,18.758137926,38.497444138,43.931097615,6.000000,2.897222222
2047.500000,18.762379107,38.491342596,43.931511454,6.000000,2.887500000
2048.000000,18.766619831,38.485240997,43.931925313,6.000000,2.877777778
2048.500000,18.770860099,38.479139341,43.932339192,6.000000,2.868055556
2049.000000,18.775099911,38.473037627,43.932753090,6.000000,2.858333333
2049.500000,18.779339267,38.466935856,43.933167007,6.000000,2.848611111
2050.000000,18.783578167,38.460834027,43.933580944,6.000000,2.838888889
2050.500000,18.787816611,38.454732141,43.933994901,6.000000,2.829166667
2051.000000,18.792054599,38.448630197,43.934408877,6.000000,2.819444444
2051.500000,18.796292132,38.442528196,43.934822873,6.000000,2.809722222
2052.000000,18.800529209,38.436426137,43.935236889,6.000000,2.800000000
2052.500000,18.804765830,38.430324021,43.935650924,6.000000,2.790277778
2053.000000,18.809001996,38.424221847,43.936064978,6.000000,2.780555556
2053.500000,18.813237706,38.418119616,43.936479052,6.000000,2.770833333
2054.000000,18.817472961,38.412017327,43.936893146,6.000000,2.761111111
2054.500000,18.821707760,38.405914981,43.937307259,6.000000,2.751388889
2055.000000,18.825942104,38.399812577,43.937721392,6.000000,2.741666667
2055.500000,18.830175992,38.393710116,43.938135544,6.000000,2.731944444
2056.000000,18.834409425,38.387607597,43.938549716,6.000000,2.722222222
2056.500000,18.838642403,38.381505021,43.938963907,6.000000,2.712500000
2057.000000,18.842874925,38.375402387,43.939378118,6.000000,2.702777778
2057.500000,18.847106993,38.369299696,43.939792349,6.000000,2.693055556
2058.000000,18.851338605,38.363196947,43.940206599,6.000000,2.683333333
2058.500000,18.855569762,38.357094140,43.940620869,6.000000,2.673611111
2059.000000,18.859800464,38.350991276,43.941035158,6.000000,2.663888889
2059.500000,18.864030712,38.344888355,43.941449467,6.000000,2.654166667
2060.000000,18.868260504,38.338785376,43.941863795,6.000000,2.644444444
2060.500000,18.872489841,38.332682339,43.942278143,6.000000,2.634722222
2061.000000,18.876718724,38.326579245,43.942692511,6.000000,2.625000000
2061.500000,18.880947151,38.320476093,43.943106898,6.000000,2.615277778
2062.000000,18.885175124,38.314372884,43.943521304,6.000000,2.605555556
2062.500000,18.889402643,38.308269617,43.943935731,6.000000,2.595833333
2063.000000,18.893629707,38.302166292,43.944350176,6.000000,2.586111111
2063.500000,18.897856316,38.296062910,43.944764642,6.000000,2.576388889
2064.000000,18.902082470,38.289959471,43.945179127,6.000000,2.566666667
2064.500000,18.906308170,38.283855974,43.945593631,6.000000,2.556944444
2065.000000,18.910533416,38.277752419,43.946008155,6.000000,2.547222222
2065.500000,18.914758207,38.271648807,43.946422699,6.000000,2.537500000
2066.000000,18.918982544,38.265545137,43.946837262,6.000000,2.527777778
2066.500000,18.923206427,38.259441410,43.947251845,6.000000,2.518055556
2067.000000,18.927429855,38.253337625,43.947666447,6.000000,2.508333333
2067.500000,18.931652830,38.247233782,43.948081069,6.000000,2.498611111
2068.000000,18.935875350,38.241129882,43.948495710,6.000000,2.488888889
2068.500000,18.940097416,38.235025924,43.948910371,6.000000,2.479166667
2069.000000,18.944319028,38.228921909,43.949325052,6.000000,2.469444444
2069.500000,18.948540186,38.222817836,43.949739752,6.000000,2.459722222
2070.000000,18.952760890,38.216713706,43.950154472,6.000000,2.450000000
2070.500000,18.956981140,38.210609517,43.950569211,6.000000,2.440277778
2071.000000,18.961200936,38.204505272,43.950983970,6.000000,2.430555556
2071.500000,18.965420279,38.198400968,43.951398748,6.000000,2.420833333
2072.000000,18.969639167,38.192296607,43.951813546,6.000000,2.411111111
2072.500000,18.973857602,38.186192189,43.952228364,6.000000,2.401388889
2073.000000,18.978075584,38.180087713,43.952643201,6.000000,2.391666667
2073.500000,18.982293111,38.173983179,43.953058058,6.000000,2.381944444
2074.000000,18.986510186,38.167878588,43.953472934,6.000000,2.372222222
2074.500000,18.990726806,38.161773938,43.953887830,6.000000,2.362500000
2075.000000,18.994942974,38.155669232,43.954302746,6.000000,2.352777778
2075.500000,18.999158687,38.149564468,43.954717681,6.000000,2.343055556
2076.000000,19.003373948,38.143459646,43.955132635,6.000000,2.333333333
2076.500000,19.007588755,38.137354766,43.955547609,6.000000,2.323611111
2077.000000,19.011803109,38.131249829,43.955962603,6.000000,2.313888889
2077.500000,19.016017010,38.125144834,43.956377617,6.000000,2.304166667
2078.000000,19.020230457,38.119039782,43.956792649,6.000000,2.294444444
2078.500000,19.024443452,38.112934672,43.957207702,6.000000,2.284722222
2079.000000,19.028655993,38.106829504,43.957622774,6.000000,2.275000000
2079.500000,19.032868081,38.100724279,43.958037866,6.000000,2.265277778
2080.000000,19.037079717,38.094618995,43.958452977,6.000000,2.255555556
2080.500000,19.041290899,38.088513655,43.958868108,6.000000,2.245833333
2081.000000,19.045501629,38.082408256,43.959283258,6.000000,2.236111111
2081.500000,19.049711905,38.076302800,43.959698428,6.000000,2.226388889
2082.000000,19.053921729,38.070197287,43.960113617,6.000000,2.216666667
2082.500000,19.058131101,38.064091715,43.960528827,6.000000,2.206944444
2083.000000,19.062340019,38.057986086,43.960944055,6.000000,2.197222222
2083.500000,19.066548485,38.051880400,43.961359303,6.000000,2.187500000
2084.000000,19.070756499,38.045774655,43.961774571,6.000000,2.177777778
2084.500000,19.074964059,38.039668853,43.962189859,6.000000,2.168055556
2085.000000,19.079171168,38.033562994,43.962605166,6.000000,2.158333333
2085.500000,19.083377824,38.027457076,43.963020492,6.000000,2.148611111
2086.000000,19.087584027,38.021351101,43.963435838,6.000000,2.138888889
2086.500000,19.091789778,38.015245068,43.963851204,6.000000,2.129166667
2087.000000,19.095995077,38.009138978,43.964266590,6.000000,2.119444444
2087.500000,19.100199924,38.003032830,43.964681994,6.000000,2.109722222
2088.000000,19.104404319,37.996926624,43.965097419,6.000000,2.100000000
2088.500000,19.108608261,37.990820361,43.965512863,6.000000,2.090277778
2089.000000,19.112811751,37.984714039,43.965928327,6.000000,2.080555556
2089.500000,19.117014789,37.978607660,43.966343810,6.000000,2.070833333
2090.000000,19.121217376,37.972501224,43.966759313,6.000000,2.061111111
2090.500000,19.125419510,37.966394729,43.967174835,6.000000,2.051388889
2091.000000,19.129621192,37.960288177,43.967590377,6.000000,2.041666667
2091.500000,19.133822423,37.954181568,43.968005939,6.000000,2.031944444
2092.000000,19.138023202,37.948074900,43.968421520,6.000000,2.022222222
2092.500000,19.142223529,37.941968175,43.968837121,6.000000,2.012500000
2093.000000,19.146423404,37.935861392,43.969252741,6.000000,2.002777778
2093.500000,19.150622828,37.929754551,43.969668381,6.000000,1.993055556
2094.000000,19.154821800,37.923647653,43.970084041,6.000000,1.983333333
2094.500000,19.159020320,37.917540697,43.970499720,6.000000,1.973611111
2095.000000,19.163218389,37.911433683,43.970915418,6.000000,1.963888889
2095.500000,19.167416007,37.905326611,43.971331137,6.000000,1.954166667
2096.000000,19.171613173,37.899219482,43.971746874,6.000000,1.944444444
2096.500000,19.175809887,37.893112295,43.972162632,6.000000,1.934722222
2097.000000,19.180006151,37.887005050,43.972578409,6.000000,1.925000000
2097.500000,19.184201963,37.880897748,43.972994206,6.000000,1.915277778
2098.000000,19.188397324,37.874790387,43.973410022,6.000000,1.905555556
2098.500000,19.192592234,37.868682969,43.973825858,6.000000,1.895833333
2099.000000,19.196786693,37.862575493,43.974241713,6.000000,1.886111111
2099.500000,19.200980700,37.856467960,43.974657588,6.000000,1.876388889
2100.000000,19.205174257,37.850360368,43.975073483,6.000000,1.866666667
2100.500000,19.209367362,37.844252719,43.975489397,6.000000,1.856944444
2101.000000,19.213560017,37.838145013,43.975905331,6.000000,1.847222222
2101.500000,19.217752221,37.832037248,43.976321284,6.000000,1.837500000
2102.000000,19.221943974,37.825929425,43.976737257,6.000000,1.827777778
2102.500000,19.226135276,37.819821545,43.977153249,6.000000,1.818055556
2103.000000,19.230326128,37.813713607,43.977569262,6.000000,1.808333333
2103.500000,19.234516528,37.807605612,43.977985293,6.000000,1.798611111
2104.000000,19.238706479,37.801497558,43.978401345,6.000000,1.788888889
2104.500000,19.242895978,37.795389447,43.978817416,6.000000,1.779166667
2105.000000,19.247085027,37.789281278,43.979233506,6.000000,1.769444444
2105.500000,19.251273626,37.783173051,43.979649616,6.000000,1.759722222
2106.000000,19.255461774,37.777064766,43.980065746,6.000000,1.750000000
2106.500000,19.259649472,37.770956424,43.980481895,6.000000,1.740277778
2107.000000,19.263836719,37.764848023,43.980898064,6.000000,1.730555556
2107.500000,19.268023516,37.758739565,43.981314253,6.000000,1.720833333
2108.000000,19.272209863,37.752631050,43.981730461,6.000000,1.711111111
2108.500000,19.276395760,37.746522476,43.982146688,6.000000,1.701388889
2109.000000,19.280581207,37.740413844,43.982562936,6.000000,1.691666667
2109.500000,19.284766203,37.734305155,43.982979203,6.000000,1.681944444
2110.000000,19.288950749,37.728196408,43.983395489,6.000000,1.672222222
2110.500000,19.293134846,37.722087603,43.983811795,6.000000,1.662500000
2111.000000,19.297318492,37.715978740,43.984228121,6.000000,1.652777778
2111.500000,19.301501689,37.709869820,43.984644466,6.000000,1.643055556
2112.000000,19.305684436,37.703760841,43.985060831,6.000000,1.633333333
2112.500000,19.309866733,37.697651805,43.985477215,6.000000,1.623611111
2113.000000,19.314048580,37.691542711,43.985893620,6.000000,1.613888889
2113.500000,19.318229977,37.685433559,43.986310043,6.000000,1.604166667
2114.000000,19.322410925,37.679324349,43.986726486,6.000000,1.594444444
2114.500000,19.326591423,37.673215082,43.987142949,6.000000,1.584722222
2115.000000,19.330771472,37.667105756,43.987559432,6.000000,1.575000000
2115.500000,19.334951071,37.660996373,43.987975934,6.000000,1.565277778
2116.000000,19.339130220,37.654886932,43.988392456,6.000000,1.555555556
2116.500000,19.343308921,37.648777433,43.988808997,6.000000,1.545833333
2117.000000,19.347487171,37.642667876,43.989225558,6.000000,1.536111111
2117.500000,19.351664973,37.636558262,43.989642138,6.000000,1.526388889
2118.000000,19.355842325,37.630448589,43.990058738,6.000000,1.516666667
2118.500000,19.360019228,37.624338859,43.990475358,6.000000,1.506944444
2119.000000,19.364195682,37.618229071,43.990891997,6.000000,1.497222222
2119.500000,19.368371687,37.612119224,43.991308656,6.000000,1.487500000
2120.000000,19.372547242,37.606009320,43.991725335,6.000000,1.477777778
2120.500000,19.376722349,37.599899359,43.992142033,6.000000,1.468055556
2121.000000,19.380897007,37.593789339,43.992558751,6.000000,1.458333333
2121.500000,19.385071215,37.587679261,43.992975488,6.000000,1.448611111
2122.000000,19.389244975,37.581569126,43.993392245,6.000000,1.438888889
2122.500000,19.393418286,37.575458932,43.993809021,6.000000,1.429166667
2123.000000,19.397591148,37.569348681,43.994225818,6.000000,1.419444444
2123.500000,19.401763562,37.563238372,43.994642633,6.000000,1.409722222
2124.000000,19.405935527,37.557128005,43.995059469,6.000000,1.400000000
2124.500000,19.410107043,37.551017580,43.995476324,6.000000,1.390277778
2125.000000,19.414278110,37.544907097,43.995893198,6.000000,1.380555556
2125.500000,19.418448729,37.538796556,43.996310093,6.000000,1.370833333
2126.000000,19.422618900,37.532685958,43.996727006,6.000000,1.361111111
2126.500000,19.426788622,37.526575301,43.997143940,6.000000,1.351388889
2127.000000,19.430957895,37.520464587,43.997560893,6.000000,1.341666667
2127.500000,19.435126721,37.514353815,43.997977865,6.000000,1.331944444
2128.000000,19.439295098,37.508242984,43.998394858,6.000000,1.322222222
2128.500000,19.443463026,37.502132096,43.998811869,6.000000,1.312500000
2129.000000,19.447630507,37.496021150,43.999228901,6.000000,1.302777778
2129.500000,19.451797539,37.489910146,43.999645952,6.000000,1.293055556
2130.000000,19.455964123,37.483799084,44.000063023,6.000000,1.283333333
2130.500000,19.460130260,37.477687964,44.000480113,6.000000,1.273611111
2131.000000,19.464295948,37.471576786,44.000897223,6.000000,1.263888889
2131.500000,19.468461188,37.465465551,44.001314352,6.000000,1.254166667
2132.000000,19.472625980,37.459354257,44.001731502,6.000000,1.244444444
2132.500000,19.476790325,37.453242905,44.002148670,6.000000,1.234722222
2133.000000,19.480954221,37.447131496,44.002565859,6.000000,1.225000000
2133.500000,19.485117670,37.441020028,44.002983067,6.000000,1.215277778
2134.000000,19.489280671,37.434908503,44.003400294,6.000000,1.205555556
2134.500000,19.493443224,37.428796920,44.003817542,6.000000,1.195833333
2135.000000,19.497605330,37.422685278,44.004234808,6.000000,1.186111111
2135.500000,19.501766988,37.416573579,44.004652095,6.000000,1.176388889
2136.000000,19.505928199,37.410461822,44.005069401,6.000000,1.166666667
2136.500000,19.510088962,37.404350007,44.005486727,6.000000,1.156944444
2137.000000,19.514249278,37.398238133,44.005904072,6.000000,1.147222222
2137.500000,19.518409146,37.392126202,44.006321437,6.000000,1.137500000
2138.000000,19.522568567,37.386014213,44.006738821,6.000000,1.127777778
2138.500000,19.526727541,37.379902166,44.007156225,6.000000,1.118055556
2139.000000,19.530886068,37.373790061,44.007573649,6.000000,1.108333333
2139.500000,19.535044147,37.367677898,44.007991093,6.000000,1.098611111
2140.000000,19.539201779,37.361565677,44.008408556,6.000000,1.088888889
2140.500000,19.543358964,37.355453398,44.008826038,6.000000,1.079166667
2141.000000,19.547515702,37.349341061,44.009243540,6.000000,1.069444444
2141.500000,19.551671993,37.343228666,44.009661062,6.000000,1.059722222
2142.000000,19.555827837,37.337116213,44.010078604,6.000000,1.050000000
2142.500000,19.559983234,37.331003702,44.010496165,6.000000,1.040277778
2143.000000,19.564138185,37.324891134,44.010913746,6.000000,1.030555556
2143.500000,19.568292688,37.318778507,44.011331346,6.000000,1.020833333
2144.000000,19.572446745,37.312665822,44.011748966,6.000000,1.011111111
2144.500000,19.576600355,37.306553079,44.012166606,6.000000,1.001388889
2145.000000,19.580753518,37.300440278,44.012584265,6.000000,0.991666667
2145.500000,19.584906235,37.294327419,44.013001944,6.000000,0.981944444
2146.000000,19.589058505,37.288214502,44.013419642,6.000000,0.972222222
2146.500000,19.593210329,37.282101527,44.013837360,6.000000,0.962500000
2147.000000,19.597361706,37.275988494,44.014255098,6.000000,0.952777778
2147.500000,19.601512637,37.269875403,44.014672855,6.000000,0.943055556
2148.000000,19.605663121,37.263762254,44.015090632,6.000000,0.933333333
2148.500000,19.609813159,37.257649047,44.015508429,6.000000,0.923611111
2149.000000,19.613962751,37.251535782,44.015926245,6.000000,0.913888889
2149.500000,19.618111896,37.245422459,44.016344081,6.000000,0.904166667
2150.000000,19.622260596,37.239309078,44.016761936,6.000000,0.894444444
2150.500000,19.626408849,37.233195639,44.017179811,6.000000,0.884722222
2151.000000,19.630556656,37.227082141,44.017597706,6.000000,0.875000000
2151.500000,19.634704017,37.220968586,44.018015620,6.000000,0.865277778
2152.000000,19.638850932,37.214854973,44.018433554,6.000000,0.855555556
2152.500000,19.642997401,37.208741302,44.018851508,6.000000,0.845833333
2153.000000,19.647143425,37.202627572,44.019269481,6.000000,0.836111111
2153.500000,19.651289002,37.196513785,44.019687474,6.000000,0.826388889
2154.000000,19.655434134,37.190399939,44.020105487,6.000000,0.816666667
2154.500000,19.659578820,37.184286036,44.020523519,6.000000,0.806944444
2155.000000,19.663723060,37.178172074,44.020941570,6.000000,0.797222222
2155.500000,19.667866854,37.172058055,44.021359642,6.000000,0.787500000
2156.000000,19.672010203,37.165943977,44.021777733,6.000000,0.777777778
2156.500000,19.676153106,37.159829841,44.022195843,6.000000,0.768055556
2157.000000,19.680295564,37.153715647,44.022613974,6.000000,0.758333333
2157.500000,19.684437577,37.147601395,44.023032124,6.000000,0.748611111
2158.000000,19.688579144,37.141487085,44.023450293,6.000000,0.738888889
2158.500000,19.692720265,37.135372717,44.023868482,6.000000,0.729166667
2159.000000,19.696860942,37.129258291,44.024286691,6.000000,0.719444444
2159.500000,19.701001173,37.123143807,44.024704920,6.000000,0.709722222
2160.000000,19.705140958,37.117029264,44.025123168,6.000000,0.700000000
2160.500000,19.709280299,37.110914664,44.025541435,6.000000,0.690277778
2161.000000,19.713419194,37.104800005,44.025959723,6.000000,0.680555556
2161.500000,19.717557645,37.098685289,44.026378030,6.000000,0.670833333
2162.000000,19.721695650,37.092570514,44.026796356,6.000000,0.661111111
2162.500000,19.725833211,37.086455681,44.027214702,6.000000,0.651388889
2163.000000,19.729970326,37.080340790,44.027633068,6.000000,0.641666667
2163.500000,19.734106997,37.074225841,44.028051454,6.000000,0.631944444
2164.000000,19.738243223,37.068110834,44.028469859,6.000000,0.622222222
2164.500000,19.742379003,37.061995769,44.028888284,6.000000,0.612500000
2165.000000,19.746514340,37.055880645,44.029306728,6.000000,0.602777778
2165.500000,19.750649231,37.049765464,44.029725192,6.000000,0.593055556
2166.000000,19.754783678,37.043650224,44.030143676,6.000000,0.583333333
2166.500000,19.758917680,37.037534927,44.030562179,6.000000,0.573611111
2167.000000,19.763051238,37.031419571,44.030980702,6.000000,0.563888889
2167.500000,19.767184351,37.025304157,44.031399245,6.000000,0.554166667
2168.000000,19.771317020,37.019188685,44.031817807,6.000000,0.544444444
2168.500000,19.775449244,37.013073154,44.032236389,6.000000,0.534722222
2169.000000,19.779581025,37.006957566,44.032654991,6.000000,0.525000000
2169.500000,19.783712360,37.000841919,44.033073612,6.000000,0.515277778
2170.000000,19.787843252,36.994726215,44.033492253,6.000000,0.505555556
2170.500000,19.791973699,36.988610452,44.033910913,6.000000,0.495833333
2171.000000,19.796103702,36.982494631,44.034329593,6.000000,0.486111111
2171.500000,19.800233261,36.976378752,44.034748293,6.000000,0.476388889
2172.000000,19.804362376,36.970262815,44.035167012,6.000000,0.466666667
2172.500000,19.808491047,36.964146819,44.035585751,6.000000,0.456944444
2173.000000,19.812619273,36.958030766,44.036004510,6.000000,0.447222222
2173.500000,19.816747056,36.951914654,44.036423288,6.000000,0.437500000
2174.000000,19.820874395,36.945798484,44.036842086,6.000000,0.427777778
2174.500000,19.825001291,36.939682256,44.037260904,6.000000,0.418055556
2175.000000,19.829127742,36.933565970,44.037679741,6.000000,0.408333333
2175.500000,19.833253750,36.927449625,44.038098598,6.000000,0.398611111
2176.000000,19.837379314,36.921333223,44.038517474,6.000000,0.388888889
2176.500000,19.841504434,36.915216762,44.038936370,6.000000,0.379166667
2177.000000,19.845629111,36.909100243,44.039355286,6.000000,0.369444444
2177.500000,19.849753344,36.902983666,44.039774222,6.000000,0.359722222
2178.000000,19.853877134,36.896867031,44.040193177,6.000000,0.350000000
2178.500000,19.858000480,36.890750337,44.040612152,6.000000,0.340277778
2179.000000,19.862123383,36.884633585,44.041031146,6.000000,0.330555556
2179.500000,19.866245843,36.878516775,44.041450160,6.000000,0.320833333
2180.000000,19.870367859,36.872399907,44.041869194,6.000000,0.311111111
2180.500000,19.874489432,36.866282981,44.042288247,6.000000,0.301388889
2181.000000,19.878610562,36.860165997,44.042707320,6.000000,0.291666667
2181.500000,19.882731248,36.854048954,44.043126413,6.000000,0.281944444
2182.000000,19.886851492,36.847931853,44.043545525,6.000000,0.272222222
2182.500000,19.890971292,36.841814694,44.043964657,6.000000,0.262500000
2183.000000,19.895090650,36.835697477,44.044383809,6.000000,0.252777778
2183.500000,19.899209564,36.829580201,44.044802980,6.000000,0.243055556
2184.000000,19.903328036,36.823462867,44.045222171,6.000000,0.233333333
2184.500000,19.907446064,36.817345475,44.045641381,6.000000,0.223611111
2185.000000,19.911563650,36.811228025,44.046060611,6.000000,0.213888889
2185.500000,19.915680793,36.805110517,44.046479861,6.000000,0.204166667
2186.000000,19.919797493,36.798992950,44.046899131,6.000000,0.194444444
2186.500000,19.923913751,36.792875325,44.047318420,6.000000,0.184722222
2187.000000,19.928029566,36.786757642,44.047737729,6.000000,0.175000000
2187.500000,19.932144938,36.780639901,44.048157057,6.000000,0.165277778
2188.000000,19.936259868,36.774522101,44.048576405,6.000000,0.155555556
2188.500000,19.940374356,36.768404243,44.048995773,6.000000,0.145833333
2189.000000,19.944488401,36.762286327,44.049415161,6.000000,0.136111111
2189.500000,19.948602003,36.756168353,44.049834568,6.000000,0.126388889
2190.000000,19.952715163,36.750050320,44.050253994,6.000000,0.116666667
2190.500000,19.956827881,36.743932230,44.050673441,6.000000,0.106944444
2191.000000,19.960940157,36.737814080,44.051092907,6.000000,0.097222222
2191.500000,19.965051990,36.731695873,44.051512392,6.000000,0.087500000
2192.000000,19.969163381,36.725577608,44.051931898,6.000000,0.077777778
2192.500000,19.973274331,36.719459284,44.052351423,6.000000,0.068055556
2193.000000,19.977384838,36.713340901,44.052770968,6.000000,0.058333333
2193.500000,19.981494903,36.707222461,44.053190532,6.000000,0.048611111
2194.000000,19.985604526,36.701103962,44.053610116,6.000000,0.038888889
2194.500000,19.989713707,36.694985405,44.054029719,6.000000,0.029166667
2195.000000,19.993822446,36.688866790,44.054449343,6.000000,0.019444444
2195.500000,19.997930744,36.682748117,44.054868986,6.000000,0.009722222
2196.000000,20.002038599,36.676629385,44.054868986,6.000000,0.000000000
