time_s,temp_c,soc_pct,current_a,heating_kw,remaining_km
0.000000,5.000000000,65.000000000,39.788536218,0.000000,40.000000000
0.500000,4.999018701,64.994473814,39.788856211,0.000000,39.995833333
1.000000,4.998037486,64.988947584,39.789176211,0.000000,39.991666667
1.500000,4.997056355,64.983421310,39.789496216,0.000000,39.987500000
2.000000,4.996075308,64.977894991,39.789816227,0.000000,39.983333333
2.500000,4.995094345,64.972368628,39.790136244,0.000000,39.979166667
3.000000,4.994113466,64.966842220,39.790456266,0.000000,39.975000000
3.500000,4.993132671,64.961315768,39.790776294,0.000000,39.970833333
4.000000,4.992151960,64.955789271,39.791096327,0.000000,39.966666667
4.500000,4.991171332,64.950262730,39.791416367,0.000000,39.962500000
5.000000,4.990190789,64.944736144,39.791736412,0.000000,39.958333333
5.500000,4.989210329,64.939209514,39.792056463,0.000000,39.954166667
6.000000,4.988229953,64.933682840,39.792376519,0.000000,39.950000000
6.500000,4.987249661,64.928156121,39.792696581,0.000000,39.945833333
7.000000,4.986269453,64.922629357,39.793016649,0.000000,39.941666667
7.500000,4.985289329,64.917102549,39.793336722,0.000000,39.937500000
8.000000,4.984309288,64.911575697,39.793656802,0.000000,39.933333333
8.500000,4.983329332,64.906048800,39.793976887,0.000000,39.929166667
9.000000,4.982349459,64.900521859,39.794296977,0.000000,39.925000000
9.500000,4.981369670,64.894994873,39.794617073,0.000000,39.920833333
10.000000,4.980389965,64.889467843,39.794937175,0.000000,39.916666667
10.500000,4.979410344,64.883940768,39.795257283,0.000000,39.912500000
11.000000,4.978430806,64.878413649,39.795577397,0.000000,39.908333333
11.500000,4.977451353,64.872886486,39.795897516,0.000000,39.904166667
12.000000,4.976471983,64.867359278,39.796217640,0.000000,39.900000000
12.500000,4.975492697,64.861832025,39.796537771,0.000000,39.895833333
13.000000,4.974513494,64.856304729,39.796857907,0.000000,39.891666667
13.500000,4.973534376,64.850777387,39.797178049,0.000000,39.887500000
14.000000,4.972555341,64.845250001,39.797498197,0.000000,39.883333333
14.500000,4.971576390,64.839722571,39.797818350,0.000000,39.879166667
15.000000,4.970597523,64.834195096,39.798138509,0.000000,39.875000000
15.500000,4.969618739,64.828667577,39.798458673,0.000000,39.870833333
16.000000,4.968640040,64.823140013,39.798778844,0.000000,39.866666667
16.500000,4.967661424,64.817612405,39.799099020,0.000000,39.862500000
17.000000,4.966682891,64.812084753,39.799419202,0.000000,39.858333333
17.500000,4.965704443,64.806557055,39.799739389,0.000000,39.854166667
18.000000,4.964726078,64.801029314,39.800059582,0.000000,39.850000000
18.500000,4.963747797,64.795501528,39.800379781,0.000000,39.845833333
19.000000,4.962769599,64.789973697,39.800699986,0.000000,39.841666667
19.500000,4.961791485,64.784445822,39.801020196,0.000000,39.837500000
20.000000,4.960813455,64.778917903,39.801340412,0.000000,39.833333333
20.500000,4.959835509,64.773389939,39.801660634,0.000000,39.829166667
21.000000,4.958857646,64.767861930,39.801980861,0.000000,39.825000000
21.500000,4.957879867,64.762333877,39.802301094,0.000000,39.820833333
22.000000,4.956902171,64.756805780,39.802621333,0.000000,39.816666667
22.500000,4.955924560,64.751277638,39.802941578,0.000000,39.812500000
23.000000,4.954947031,64.745749452,39.803261828,0.000000,39.808333333
23.500000,4.953969587,64.740221221,39.803582084,0.000000,39.804166667
24.000000,4.952992226,64.734692946,39.803902346,0.000000,39.800000000
24.500000,4.952014949,64.729164626,39.804222613,0.000000,39.795833333
25.000000,4.951037755,64.723636262,39.804542886,0.000000,39.791666667
25.500000,4.950060645,64.718107853,39.804863165,0.000000,39.787500000
26.000000,4.949083619,64.712579400,39.805183449,0.000000,39.783333333
26.500000,4.948106676,64.707050902,39.805503739,0.000000,39.779166667
27.000000,4.947129817,64.701522360,39.805824035,0.000000,39.775000000
27.500000,4.946153041,64.695993773,39.806144337,0.000000,39.770833333
28.000000,4.945176349,64.690465142,39.806464644,0.000000,39.766666667
28.500000,4.944199740,64.684936467,39.806784957,0.000000,39.762500000
29.000000,4.943223215,64.679407746,39.807105276,0.000000,39.758333333
29.500000,4.942246774,64.673878982,39.807425601,0.000000,39.754166667
30.000000,4.941270416,64.668350173,39.807745931,0.000000,39.750000000
30.500000,4.940294142,64.662821319,39.808066267,0.000000,39.745833333
31.000000,4.939317951,64.657292421,39.808386608,0.000000,39.741666667
31.500000,4.938341844,64.651763478,39.808706955,0.000000,39.737500000
32.000000,4.937365820,64.646234491,39.809027308,0.000000,39.733333333
32.500000,4.936389880,64.640705460,39.809347667,0.000000,39.729166667
33.000000,4.935414023,64.635176384,39.809668032,0.000000,39.725000000
33.500000,4.934438250,64.629647263,39.809988402,0.000000,39.720833333
34.000000,4.933462561,64.624118098,39.810308778,0.000000,39.716666667
34.500000,4.932486954,64.618588888,39.810629159,0.000000,39.712500000
35.000000,4.931511432,64.613059634,39.810949546,0.000000,39.708333333
35.500000,4.930535992,64.607530336,39.811269939,0.000000,39.704166667
36.000000,4.929560637,64.602000993,39.811590338,0.000000,39.700000000
36.500000,4.928585364,64.596471605,39.811910743,0.000000,39.695833333
37.000000,4.927610175,64.590942173,39.812231153,0.000000,39.691666667
37.500000,4.926635070,64.585412697,39.812551569,0.000000,39.687500000
38.000000,4.925660048,64.579883176,39.812871990,0.000000,39.683333333
38.500000,4.924685110,64.574353610,39.813192417,0.000000,39.679166667
39.000000,4.923710254,64.568824000,39.813512850,0.000000,39.675000000
39.500000,4.922735483,64.563294345,39.813833289,0.000000,39.670833333
40.000000,4.921760795,64.557764646,39.814153734,0.000000,39.666666667
40.500000,4.920786190,64.552234903,39.814474184,0.000000,39.662500000
41.000000,4.919811668,64.546705115,39.814794640,0.000000,39.658333333
41.500000,4.918837230,64.541175282,39.815115101,0.000000,39.654166667
42.000000,4.917862875,64.535645405,39.815435569,0.000000,39.650000000
42.500000,4.916888604,64.530115483,39.815756042,0.000000,39.645833333
43.000000,4.915914416,64.524585517,39.816076520,0.000000,39.641666667
43.500000,4.914940312,64.519055507,39.816397005,0.000000,39.637500000
44.000000,4.913966291,64.513525452,39.816717495,0.000000,39.633333333
44.500000,4.912992353,64.507995352,39.817037991,0.000000,39.629166667
45.000000,4.912018498,64.502465208,39.817358493,0.000000,39.625000000
45.500000,4.911044727,64.496935019,39.817679000,0.000000,39.620833333
46.000000,4.910071039,64.491404786,39.817999513,0.000000,39.616666667
46.500000,4.909097435,64.485874508,39.818320032,0.000000,39.612500000
47.000000,4.908123914,64.480344186,39.818640556,0.000000,39.608333333
47.500000,4.907150476,64.474813819,39.818961087,0.000000,39.604166667
48.000000,4.906177121,64.469283408,39.819281623,0.000000,39.600000000
48.500000,4.905203850,64.463752952,39.819602164,0.000000,39.595833333
49.000000,4.904230662,64.458222452,39.819922712,0.000000,39.591666667
49.500000,4.903257557,64.452691907,39.820243265,0.000000,39.587500000
50.000000,4.902284536,64.447161318,39.820563824,0.000000,39.583333333
50.500000,4.901311598,64.441630684,39.820884388,0.000000,39.579166667
51.000000,4.900338743,64.436100005,39.821204959,0.000000,39.575000000
51.500000,4.899365972,64.430569283,39.821525535,0.000000,39.570833333
52.000000,4.898393283,64.425038515,39.821846116,0.000000,39.566666667
52.500000,4.897420678,64.419507703,39.822166704,0.000000,39.562500000
53.000000,4.896448156,64.413976847,39.822487297,0.000000,39.558333333
53.500000,4.895475718,64.408445946,39.822807896,0.000000,39.554166667
54.000000,4.894503362,64.402915000,39.823128501,0.000000,39.550000000
54.500000,4.893531090,64.397384010,39.823449111,0.000000,39.545833333
55.000000,4.892558901,64.391852975,39.823769727,0.000000,39.541666667
55.500000,4.891586796,64.386321896,39.824090349,0.000000,39.537500000
56.000000,4.890614773,64.380790773,39.824410977,0.000000,39.533333333
56.500000,4.889642834,64.375259604,39.824731610,0.000000,39.529166667
57.000000,4.888670978,64.369728392,39.825052249,0.000000,39.525000000
57.500000,4.887699205,64.364197134,39.825372894,0.000000,39.520833333
58.000000,4.886727515,64.358665833,39.825693544,0.000000,39.516666667
58.500000,4.885755908,64.353134486,39.826014201,0.000000,39.512500000
59.000000,4.884784385,64.347603095,39.826334863,0.000000,39.508333333
59.500000,4.883812944,64.342071660,39.826655530,0.000000,39.504166667
60.000000,4.882841587,64.336540180,39.826976204,0.000000,39.500000000
60.500000,4.881870313,64.331008656,39.827296883,0.000000,39.495833333
61.000000,4.880899122,64.325477087,39.827617568,0.000000,39.491666667
61.500000,4.879928015,64.319945473,39.827938258,0.000000,39.487500000
62.000000,4.878956990,64.314413815,39.828258955,0.000000,39.483333333
62.500000,4.877986048,64.308882112,39.828579657,0.000000,39.479166667
63.000000,4.877015190,64.303350365,39.828900365,0.000000,39.475000000
63.500000,4.876044415,64.297818573,39.829221078,0.000000,39.470833333
64.000000,4.875073722,64.292286737,39.829541798,0.000000,39.466666667
64.500000,4.874103113,64.286754856,39.829862523,0.000000,39.462500000
65.000000,4.873132587,64.281222931,39.830183253,0.000000,39.458333333
65.500000,4.872162144,64.275690961,39.830503990,0.000000,39.454166667
66.000000,4.871191784,64.270158947,39.830824732,0.000000,39.450000000
66.500000,4.870221507,64.264626888,39.831145480,0.000000,39.445833333
67.000000,4.869251314,64.259094784,39.831466234,0.000000,39.441666667
67.500000,4.868281203,64.253562636,39.831786993,0.000000,39.437500000
68.000000,4.867311175,64.248030443,39.832107758,0.000000,39.433333333
68.500000,4.866341230,64.242498206,39.832428529,0.000000,39.429166667
69.000000,4.865371369,64.236965925,39.832749306,0.000000,39.425000000
69.500000,4.864401590,64.231433598,39.833070088,0.000000,39.420833333
70.000000,4.863431894,64.225901227,39.833390876,0.000000,39.416666667
70.500000,4.862462282,64.220368812,39.833711670,0.000000,39.412500000
71.000000,4.861492752,64.214836352,39.834032470,0.000000,39.408333333
71.500000,4.860523305,64.209303848,39.834353275,0.000000,39.404166667
72.000000,4.859553942,64.203771298,39.834674086,0.000000,39.400000000
72.500000,4.858584661,64.198238705,39.834994903,0.000000,39.395833333
73.000000,4.857615463,64.192706067,39.835315726,0.000000,39.391666667
73.500000,4.856646349,64.187173384,39.835636554,0.000000,39.387500000
74.000000,4.855677317,64.181640657,39.835957388,0.000000,39.383333333
74.500000,4.854708368,64.176107885,39.836278228,0.000000,39.379166667
75.000000,4.853739502,64.170575068,39.836599073,0.000000,39.375000000
75.500000,4.852770719,64.165042207,39.836919925,0.000000,39.370833333
76.000000,4.851802019,64.159509302,39.837240782,0.000000,39.366666667
76.500000,4.850833402,64.153976352,39.837561644,0.000000,39.362500000
77.000000,4.849864868,64.148443357,39.837882513,0.000000,39.358333333
77.500000,4.848896417,64.142910318,39.838203387,0.000000,39.354166667
78.000000,4.847928048,64.137377234,39.838524267,0.000000,39.350000000
78.500000,4.846959763,64.131844106,39.838845153,0.000000,39.345833333
79.000000,4.845991560,64.126310933,39.839166044,0.000000,39.341666667
79.500000,4.845023441,64.120777715,39.839486942,0.000000,39.337500000
80.000000,4.844055404,64.115244453,39.839807845,0.000000,39.333333333
80.500000,4.843087450,64.109711146,39.840128753,0.000000,39.329166667
81.000000,4.842119579,64.104177795,39.840449668,0.000000,39.325000000
81.500000,4.841151791,64.098644399,39.840770588,0.000000,39.320833333
82.000000,4.840184085,64.093110959,39.841091514,0.000000,39.316666667
82.500000,4.839216463,64.087577474,39.841412446,0.000000,39.312500000
83.000000,4.838248923,64.082043945,39.841733383,0.000000,39.308333333
83.500000,4.837281466,64.076510371,39.842054326,0.000000,39.304166667
84.000000,4.836314092,64.070976752,39.842375275,0.000000,39.300000000
84.500000,4.835346801,64.065443089,39.842696230,0.000000,39.295833333
85.000000,4.834379593,64.059909381,39.843017190,0.000000,39.291666667
85.500000,4.833412467,64.054375629,39.843338156,0.000000,39.287500000
86.000000,4.832445424,64.048841832,39.843659128,0.000000,39.283333333
86.500000,4.831478464,64.043307990,39.843980106,0.000000,39.279166667
87.000000,4.830511587,64.037774104,39.844301089,0.000000,39.275000000
87.500000,4.829544793,64.032240173,39.844622079,0.000000,39.270833333
88.000000,4.828578081,64.026706198,39.844943074,0.000000,39.266666667
88.500000,4.827611452,64.021172178,39.845264074,0.000000,39.262500000
89.000000,4.826644906,64.015638114,39.845585081,0.000000,39.258333333
89.500000,4.825678443,64.010104005,39.845906093,0.000000,39.254166667
90.000000,4.824712062,64.004569851,39.846227111,0.000000,39.250000000
90.500000,4.823745764,63.999035653,39.846548134,0.000000,39.245833333
91.000000,4.822779549,63.993501410,39.846869164,0.000000,39.241666667
91.500000,4.821813417,63.987967122,39.847190199,0.000000,39.237500000
92.000000,4.820847367,63.982432791,39.847511240,0.000000,39.233333333
92.500000,4.819881400,63.976898414,39.847832287,0.000000,39.229166667
93.000000,4.818915516,63.971363993,39.848153339,0.000000,39.225000000
93.500000,4.817949714,63.965829527,39.848474397,0.000000,39.220833333
94.000000,4.816983995,63.960295017,39.848795461,0.000000,39.216666667
94.500000,4.816018359,63.954760462,39.849116531,0.000000,39.212500000
95.000000,4.815052806,63.949225862,39.849437607,0.000000,39.208333333
95.500000,4.814087335,63.943691218,39.849758688,0.000000,39.204166667
96.000000,4.813121947,63.938156529,39.850079775,0.000000,39.200000000
96.500000,4.812156641,63.932621796,39.850400867,0.000000,39.195833333
97.000000,4.811191418,63.927087018,39.850721966,0.000000,39.191666667
97.500000,4.810226278,63.921552196,39.851043070,0.000000,39.187500000
98.000000,4.809261220,63.916017329,39.851364180,0.000000,39.183333333
98.500000,4.808296245,63.910482417,39.851685296,0.000000,39.179166667
99.000000,4.807331353,63.904947461,39.852006418,0.000000,39.175000000
99.500000,4.806366543,63.899412460,39.852327545,0.000000,39.170833333
100.000000,4.805401816,63.893877414,39.852648678,0.000000,39.166666667
100.500000,4.804437172,63.888342324,39.852969817,0.000000,39.162500000
101.000000,4.803472610,63.882807190,39.853290961,0.000000,39.158333333
101.500000,4.802508130,63.877272010,39.853612112,0.000000,39.154166667
102.000000,4.801543734,63.871736786,39.853933268,0.000000,39.150000000
102.500000,4.800579420,63.866201518,39.854254429,0.000000,39.145833333
103.000000,4.799615188,63.860666205,39.854575597,0.000000,39.141666667
103.500000,4.798651039,63.855130847,39.854896770,0.000000,39.137500000
104.000000,4.797686973,63.849595445,39.855217950,0.000000,39.133333333
104.500000,4.796722989,63.844059998,39.855539134,0.000000,39.129166667
105.000000,4.795759087,63.838524506,39.855860325,0.000000,39.125000000
105.500000,4.794795269,63.832988970,39.856181522,0.000000,39.120833333
106.000000,4.793831532,63.827453389,39.856502724,0.000000,39.116666667
106.500000,4.792867878,63.821917764,39.856823932,0.000000,39.112500000
107.000000,4.791904307,63.816382094,39.857145145,0.000000,39.108333333
107.500000,4.790940819,63.810846379,39.857466365,0.000000,39.104166667
108.000000,4.789977412,63.805310620,39.857787590,0.000000,39.100000000
108.500000,4.789014089,63.799774816,39.858108821,0.000000,39.095833333
109.000000,4.788050847,63.794238968,39.858430058,0.000000,39.091666667
109.500000,4.787087689,63.788703075,39.858751300,0.000000,39.087500000
110.000000,4.786124612,63.783167137,39.859072549,0.000000,39.083333333
110.500000,4.785161619,63.777631155,39.859393803,0.000000,39.079166667
111.000000,4.784198707,63.772095128,39.859715062,0.000000,39.075000000
111.500000,4.783235878,63.766559056,39.860036328,0.000000,39.070833333
112.000000,4.782273132,63.761022940,39.860357599,0.000000,39.066666667
112.500000,4.781310468,63.755486779,39.860678877,0.000000,39.062500000
113.000000,4.780347886,63.749950574,39.861000159,0.000000,39.058333333
113.500000,4.779385387,63.744414324,39.861321448,0.000000,39.054166667
114.000000,4.778422971,63.738878029,39.861642743,0.000000,39.050000000
114.500000,4.777460636,63.733341690,39.861964043,0.000000,39.045833333
115.000000,4.776498385,63.727805306,39.862285349,0.000000,39.041666667
115.500000,4.775536215,63.722268878,39.862606660,0.000000,39.037500000
116.000000,4.774574128,63.716732404,39.862927978,0.000000,39.033333333
116.500000,4.773612124,63.711195887,39.863249301,0.000000,39.029166667
117.000000,4.772650201,63.705659324,39.863570630,0.000000,39.025000000
117.500000,4.771688361,63.700122717,39.863891965,0.000000,39.020833333
118.000000,4.770726604,63.694586066,39.864213306,0.000000,39.016666667
118.500000,4.769764929,63.689049369,39.864534652,0.000000,39.012500000
119.000000,4.768803336,63.683512628,39.864856004,0.000000,39.008333333
119.500000,4.767841826,63.677975843,39.865177362,0.000000,39.004166667
120.000000,4.766880398,63.672439013,39.865498726,0.000000,39.000000000
120.500000,4.765919052,63.666902138,39.865820095,0.000000,38.995833333
121.000000,4.764957788,63.661365218,39.866141470,0.000000,38.991666667
121.500000,4.763996607,63.655828254,39.866462851,0.000000,38.987500000
122.000000,4.763035509,63.650291246,39.866784238,0.000000,38.983333333
122.500000,4.762074492,63.644754192,39.867105631,0.000000,38.979166667
123.000000,4.761113558,63.639217094,39.867427029,0.000000,38.975000000
123.500000,4.760152706,63.633679951,39.867748433,0.000000,38.970833333
124.000000,4.759191937,63.628142764,39.868069843,0.000000,38.966666667
124.500000,4.758231249,63.622605532,39.868391259,0.000000,38.962500000
125.000000,4.757270644,63.617068256,39.868712680,0.000000,38.958333333
125.500000,4.756310122,63.611530935,39.869034107,0.000000,38.954166667
126.000000,4.755349681,63.605993569,39.869355540,0.000000,38.950000000
126.500000,4.754389323,63.600456158,39.869676979,0.000000,38.945833333
127.000000,4.753429047,63.594918703,39.869998423,0.000000,38.941666667
127.500000,4.752468854,63.589381203,39.870319874,0.000000,38.937500000
128.000000,4.751508742,63.583843659,39.870641330,0.000000,38.933333333
128.500000,4.750548713,63.578306070,39.870962792,0.000000,38.929166667
129.000000,4.749588766,63.572768436,39.871284259,0.000000,38.925000000
129.500000,4.748628901,63.567230758,39.871605733,0.000000,38.920833333
130.000000,4.747669119,63.561693035,39.871927212,0.000000,38.916666667
130.500000,4.746709418,63.556155267,39.872248697,0.000000,38.912500000
131.000000,4.745749800,63.550617455,39.872570188,0.000000,38.908333333
131.500000,4.744790264,63.545079598,39.872891684,0.000000,38.904166667
132.000000,4.743830811,63.539541696,39.873213186,0.000000,38.900000000
132.500000,4.742871439,63.534003750,39.873534695,0.000000,38.895833333
133.000000,4.741912150,63.528465759,39.873856208,0.000000,38.891666667
133.500000,4.740952942,63.522927723,39.874177728,0.000000,38.887500000
134.000000,4.739993817,63.517389643,39.874499254,0.000000,38.883333333
134.500000,4.739034774,63.511851518,39.874820785,0.000000,38.879166667
135.000000,4.738075814,63.506313349,39.875142322,0.000000,38.875000000
135.500000,4.737116935,63.500775134,39.875463865,0.000000,38.870833333
136.000000,4.736158139,63.495236876,39.875785413,0.000000,38.866666667
136.500000,4.735199424,63.489698572,39.876106967,0.000000,38.862500000
137.000000,4.734240792,63.484160224,39.876428528,0.000000,38.858333333
137.500000,4.733282242,63.478621831,39.876750094,0.000000,38.854166667
138.000000,4.732323774,63.473083393,39.877071665,0.000000,38.850000000
138.500000,4.731365388,63.467544911,39.877393243,0.000000,38.845833333
139.000000,4.730407084,63.462006384,39.877714826,0.000000,38.841666667
139.500000,4.729448862,63.456467813,39.878036415,0.000000,38.837500000
140.000000,4.728490723,63.450929197,39.878358010,0.000000,38.833333333
140.500000,4.727532665,63.445390536,39.878679611,0.000000,38.829166667
141.000000,4.726574690,63.439851830,39.879001217,0.000000,38.825000000
141.500000,4.725616796,63.434313080,39.879322829,0.000000,38.820833333
142.000000,4.724658985,63.428774285,39.879644447,0.000000,38.816666667
142.500000,4.723701255,63.423235446,39.879966071,0.000000,38.812500000
143.000000,4.722743608,63.417696562,39.880287701,0.000000,38.808333333
143.500000,4.721786043,63.412157633,39.880609336,0.000000,38.804166667
144.000000,4.720828560,63.406618659,39.880930977,0.000000,38.800000000
144.500000,4.719871158,63.401079641,39.881252624,0.000000,38.795833333
145.000000,4.718913839,63.395540578,39.881574277,0.000000,38.791666667
145.500000,4.717956602,63.390001471,39.881895935,0.000000,38.787500000
146.000000,4.716999447,63.384462319,39.882217600,0.000000,38.783333333
146.500000,4.716042374,63.378923122,39.882539270,0.000000,38.779166667
147.000000,4.715085382,63.373383880,39.882860946,0.000000,38.775000000
147.500000,4.714128473,63.367844594,39.883182627,0.000000,38.770833333
148.000000,4.713171646,63.362305263,39.883504315,0.000000,38.766666667
148.500000,4.712214901,63.356765887,39.883826008,0.000000,38.762500000
149.000000,4.711258237,63.351226467,39.884147707,0.000000,38.758333333
149.500000,4.710301656,63.345687002,39.884469412,0.000000,38.754166667
150.000000,4.709345157,63.340147492,39.884791123,0.000000,38.750000000
150.500000,4.708388739,63.334607938,39.885112839,0.000000,38.745833333
151.000000,4.707432404,63.329068339,39.885434561,0.000000,38.741666667
151.500000,4.706476150,63.323528695,39.885756289,0.000000,38.737500000
152.000000,4.705519978,63.317989007,39.886078023,0.000000,38.733333333
152.500000,4.704563889,63.312449274,39.886399763,0.000000,38.729166667
153.000000,4.703607881,63.306909496,39.886721508,0.000000,38.725000000
153.500000,4.702651955,63.301369674,39.887043259,0.000000,38.720833333
154.000000,4.701696111,63.295829807,39.887365016,0.000000,38.716666667
154.500000,4.700740349,63.290289895,39.887686779,0.000000,38.712500000
155.000000,4.699784668,63.284749938,39.888008548,0.000000,38.708333333
155.500000,4.698829070,63.279209937,39.888330322,0.000000,38.704166667
156.000000,4.697873553,63.273669891,39.888652102,0.000000,38.700000000
156.500000,4.696918119,63.268129801,39.888973888,0.000000,38.695833333
157.000000,4.695962766,63.262589666,39.889295680,0.000000,38.691666667
157.500000,4.695007495,63.257049486,39.889617478,0.000000,38.687500000
158.000000,4.694052306,63.251509261,39.889939281,0.000000,38.683333333
158.500000,4.693097199,63.245968992,39.890261090,0.000000,38.679166667
159.000000,4.692142173,63.240428678,39.890582905,0.000000,38.675000000
159.500000,4.691187229,63.234888319,39.890904726,0.000000,38.670833333
160.000000,4.690232368,63.229347915,39.891226553,0.000000,38.666666667
160.500000,4.689277588,63.223807467,39.891548385,0.000000,38.662500000
161.000000,4.688322889,63.218266974,39.891870223,0.000000,38.658333333
161.500000,4.687368273,63.212726437,39.892192067,0.000000,38.654166667
162.000000,4.686413738,63.207185855,39.892513917,0.000000,38.650000000
162.500000,4.685459286,63.201645228,39.892835772,0.000000,38.645833333
163.000000,4.684504915,63.196104556,39.893157634,0.000000,38.641666667
163.500000,4.683550625,63.190563840,39.893479501,0.000000,38.637500000
164.000000,4.682596418,63.185023079,39.893801374,0.000000,38.633333333
164.500000,4.681642292,63.179482273,39.894123253,0.000000,38.629166667
165.000000,4.680688248,63.173941422,39.894445137,0.000000,38.625000000
165.500000,4.679734286,63.168400527,39.894767028,0.000000,38.620833333
166.000000,4.678780405,63.162859587,39.895088924,0.000000,38.616666667
166.500000,4.677826607,63.157318603,39.895410826,0.000000,38.612500000
167.000000,4.676872890,63.151777574,39.895732734,0.000000,38.608333333
167.500000,4.675919254,63.146236500,39.896054647,0.000000,38.604166667
168.000000,4.674965701,63.140695381,39.896376567,0.000000,38.600000000
168.500000,4.674012229,63.135154217,39.896698492,0.000000,38.595833333
169.000000,4.673058838,63.129613009,39.897020423,0.000000,38.591666667
169.500000,4.672105530,63.124071757,39.897342360,0.000000,38.587500000
170.000000,4.671152303,63.118530459,39.897664303,0.000000,38.583333333
170.500000,4.670199158,63.112989117,39.897986251,0.000000,38.579166667
171.000000,4.669246094,63.107447730,39.898308205,0.000000,38.575000000
171.500000,4.668293113,63.101906298,39.898630165,0.000000,38.570833333
172.000000,4.667340212,63.096364822,39.898952131,0.000000,38.566666667
172.500000,4.666387394,63.090823300,39.899274103,0.000000,38.562500000
173.000000,4.665434657,63.085281735,39.899596080,0.000000,38.558333333
173.500000,4.664482002,63.079740124,39.899918064,0.000000,38.554166667
174.000000,4.663529428,63.074198469,39.900240053,0.000000,38.550000000
174.500000,4.662576936,63.068656769,39.900562048,0.000000,38.545833333
175.000000,4.661624526,63.063115024,39.900884049,0.000000,38.541666667
175.500000,4.660672197,63.057573235,39.901206055,0.000000,38.537500000
176.000000,4.659719950,63.052031400,39.901528067,0.000000,38.533333333
176.500000,4.658767784,63.046489522,39.901850086,0.000000,38.529166667
177.000000,4.657815701,63.040947598,39.902172110,0.000000,38.525000000
177.500000,4.656863698,63.035405630,39.902494139,0.000000,38.520833333
178.000000,4.655911777,63.029863616,39.902816175,0.000000,38.516666667
178.500000,4.654959938,63.024321559,39.903138216,0.000000,38.512500000
179.000000,4.654008181,63.018779456,39.903460264,0.000000,38.508333333
179.500000,4.653056505,63.013237309,39.903782317,0.000000,38.504166667
180.000000,4.652104910,63.007695117,39.904104376,0.000000,38.500000000
180.500000,4.651153397,63.002152880,39.904426440,0.000000,38.495833333
181.000000,4.650201966,62.996610599,39.904748511,0.000000,38.491666667
181.500000,4.649250616,62.991068273,39.905070587,0.000000,38.487500000
182.000000,4.648299347,62.985525902,39.905392669,0.000000,38.483333333
182.500000,4.647348161,62.979983486,39.905714757,0.000000,38.479166667
183.000000,4.646397055,62.974441026,39.906036851,0.000000,38.475000000
183.500000,4.645446031,62.968898520,39.906358950,0.000000,38.470833333
184.000000,4.644495089,62.963355971,39.906681056,0.000000,38.466666667
184.500000,4.643544228,62.957813376,39.907003167,0.000000,38.462500000
185.000000,4.642593449,62.952270737,39.907325284,0.000000,38.458333333
185.500000,4.641642751,62.946728053,39.907647407,0.000000,38.454166667
186.000000,4.640692135,62.941185324,39.907969535,0.000000,38.450000000
186.500000,4.639741600,62.935642550,39.908291670,0.000000,38.445833333
187.000000,4.638791146,62.930099732,39.908613810,0.000000,38.441666667
187.500000,4.637840774,62.924556869,39.908935956,0.000000,38.437500000
188.000000,4.636890484,62.919013961,39.909258108,0.000000,38.433333333
188.500000,4.635940275,62.913471009,39.909580266,0.000000,38.429166667
189.000000,4.634990147,62.907928011,39.909902430,0.000000,38.425000000
189.500000,4.634040101,62.902384969,39.910224599,0.000000,38.420833333
190.000000,4.633090136,62.896841883,39.910546774,0.000000,38.416666667
190.500000,4.632140253,62.891298751,39.910868955,0.000000,38.412500000
191.000000,4.631190451,62.885755575,39.911191142,0.000000,38.408333333
191.500000,4.630240730,62.880212354,39.911513335,0.000000,38.404166667
192.000000,4.629291091,62.874669088,39.911835533,0.000000,38.400000000
192.500000,4.628341533,62.869125778,39.912157737,0.000000,38.395833333
193.000000,4.627392057,62.863582422,39.912479948,0.000000,38.391666667
193.500000,4.626442662,62.858039022,39.912802164,0.000000,38.387500000
194.000000,4.625493348,62.852495578,39.913124385,0.000000,38.383333333
194.500000,4.624544116,62.846952088,39.913446613,0.000000,38.379166667
195.000000,4.623594965,62.841408554,39.913768846,0.000000,38.375000000
195.500000,4.622645895,62.835864975,39.914091086,0.000000,38.370833333
196.000000,4.621696907,62.830321351,39.914413331,0.000000,38.366666667
196.500000,4.620748000,62.824777683,39.914735582,0.000000,38.362500000
197.000000,4.619799174,62.819233969,39.915057838,0.000000,38.358333333
197.500000,4.618850430,62.813690211,39.915380101,0.000000,38.354166667
198.000000,4.617901767,62.808146409,39.915702369,0.000000,38.350000000
198.500000,4.616953186,62.802602561,39.916024643,0.000000,38.345833333
199.000000,4.616004685,62.797058669,39.916346924,0.000000,38.341666667
199.500000,4.615056266,62.791514732,39.916669209,0.000000,38.337500000
200.000000,4.614107928,62.785970750,39.916991501,0.000000,38.333333333
200.500000,4.613159672,62.780426723,39.917313799,0.000000,38.329166667
201.000000,4.612211497,62.774882652,39.917636102,0.000000,38.325000000
201.500000,4.611263403,62.769338536,39.917958411,0.000000,38.320833333
202.000000,4.610315390,62.763794375,39.918280726,0.000000,38.316666667
202.500000,4.609367459,62.758250169,39.918603047,0.000000,38.312500000
203.000000,4.608419609,62.752705919,39.918925374,0.000000,38.308333333
203.500000,4.607471840,62.747161624,39.919247706,0.000000,38.304166667
204.000000,4.606524152,62.741617284,39.919570044,0.000000,38.300000000
204.500000,4.605576546,62.736072899,39.919892389,0.000000,38.295833333
205.000000,4.604629021,62.730528469,39.920214739,0.000000,38.291666667
205.500000,4.603681577,62.724983995,39.920537094,0.000000,38.287500000
206.000000,4.602734214,62.719439476,39.920859456,0.000000,38.283333333
206.500000,4.601786933,62.713894912,39.921181823,0.000000,38.279166667
207.000000,4.600839732,62.708350304,39.921504197,0.000000,38.275000000
207.500000,4.599892613,62.702805650,39.921826576,0.000000,38.270833333
208.000000,4.598945575,62.697260952,39.922148961,0.000000,38.266666667
208.500000,4.597998618,62.691716209,39.922471352,0.000000,38.262500000
209.000000,4.597051743,62.686171422,39.922793748,0.000000,38.258333333
209.500000,4.596104948,62.680626589,39.923116151,0.000000,38.254166667
210.000000,4.595158235,62.675081712,39.923438559,0.000000,38.250000000
210.500000,4.594211603,62.669536790,39.923760973,0.000000,38.245833333
211.000000,4.593265052,62.663991823,39.924083393,0.000000,38.241666667
211.500000,4.592318582,62.658446811,39.924405819,0.000000,38.237500000
212.000000,4.591372193,62.652901755,39.924728251,0.000000,38.233333333
212.500000,4.590425886,62.647356654,39.925050688,0.000000,38.229166667
213.000000,4.589479659,62.641811508,39.925373131,0.000000,38.225000000
213.500000,4.588533514,62.636266317,39.925695581,0.000000,38.220833333
214.000000,4.587587450,62.630721082,39.926018036,0.000000,38.216666667
214.500000,4.586641467,62.625175802,39.926340496,0.000000,38.212500000
215.000000,4.585695565,62.619630476,39.926662963,0.000000,38.208333333
215.500000,4.584749744,62.614085107,39.926985436,0.000000,38.204166667
216.000000,4.583804004,62.608539692,39.927307914,0.000000,38.200000000
216.500000,4.582858345,62.602994233,39.927630398,0.000000,38.195833333
217.000000,4.581912768,62.597448728,39.927952888,0.000000,38.191666667
217.500000,4.580967271,62.591903179,39.928275384,0.000000,38.187500000
218.000000,4.580021855,62.586357586,39.928597886,0.000000,38.183333333
218.500000,4.579076521,62.580811947,39.928920393,0.000000,38.179166667
219.000000,4.578131267,62.575266264,39.929242907,0.000000,38.175000000
219.500000,4.577186095,62.569720535,39.929565426,0.000000,38.170833333
220.000000,4.576241003,62.564174762,39.929887951,0.000000,38.166666667
220.500000,4.575295993,62.558628945,39.930210482,0.000000,38.162500000
221.000000,4.574351064,62.553083082,39.930533019,0.000000,38.158333333
221.500000,4.573406215,62.547537175,39.930855561,0.000000,38.154166667
222.000000,4.572461448,62.541991223,39.931178110,0.000000,38.150000000
222.500000,4.571516762,62.536445226,39.931500664,0.000000,38.145833333
223.000000,4.570572156,62.530899184,39.931823224,0.000000,38.141666667
223.500000,4.569627632,62.525353097,39.932145790,0.000000,38.137500000
224.000000,4.568683188,62.519806966,39.932468362,0.000000,38.133333333
224.500000,4.567738826,62.514260790,39.932790940,0.000000,38.129166667
225.000000,4.566794544,62.508714569,39.933113523,0.000000,38.125000000
225.500000,4.565850344,62.503168303,39.933436112,0.000000,38.120833333
226.000000,4.564906224,62.497621992,39.933758708,0.000000,38.116666667
226.500000,4.563962186,62.492075637,39.934081309,0.000000,38.112500000
227.000000,4.563018228,62.486529237,39.934403915,0.000000,38.108333333
227.500000,4.562074351,62.480982792,39.934726528,0.000000,38.104166667
228.000000,4.561130555,62.475436302,39.935049147,0.000000,38.100000000
228.500000,4.560186841,62.469889767,39.935371771,0.000000,38.095833333
229.000000,4.559243207,62.464343188,39.935694401,0.000000,38.091666667
229.500000,4.558299653,62.458796564,39.936017038,0.000000,38.087500000
230.000000,4.557356181,62.453249895,39.936339680,0.000000,38.083333333
230.500000,4.556412790,62.447703181,39.936662327,0.000000,38.079166667
231.000000,4.555469480,62.442156422,39.936984981,0.000000,38.075000000
231.500000,4.554526250,62.436609619,39.937307641,0.000000,38.070833333
232.000000,4.553583101,62.431062771,39.937630306,0.000000,38.066666667
232.500000,4.552640034,62.425515877,39.937952977,0.000000,38.062500000
233.000000,4.551697047,62.419968940,39.938275654,0.000000,38.058333333
233.500000,4.550754141,62.414421957,39.938598337,0.000000,38.054166667
234.000000,4.549811315,62.408874929,39.938921026,0.000000,38.050000000
234.500000,4.548868571,62.403327857,39.939243720,0.000000,38.045833333
235.000000,4.547925907,62.397780740,39.939566421,0.000000,38.041666667
235.500000,4.546983325,62.392233578,39.939889127,0.000000,38.037500000
236.000000,4.546040823,62.386686371,39.940211839,0.000000,38.033333333
236.500000,4.545098402,62.381139119,39.940534557,0.000000,38.029166667
237.000000,4.544156061,62.375591823,39.940857281,0.000000,38.025000000
237.500000,4.543213802,62.370044481,39.941180011,0.000000,38.020833333
238.000000,4.542271623,62.364497095,39.941502747,0.000000,38.016666667
238.500000,4.541329525,62.358949664,39.941825488,0.000000,38.012500000
239.000000,4.540387508,62.353402189,39.942148235,0.000000,38.008333333
239.500000,4.539445572,62.347854668,39.942470988,0.000000,38.004166667
240.000000,4.538503716,62.342307103,58.695902955,0.000000,38.000000000
240.500000,4.537316096,62.334154894,58.696600917,0.000000,37.991666667
241.000000,4.536128606,62.326002588,58.697298900,0.000000,37.983333333
241.500000,4.534941248,62.317850186,58.697996904,0.000000,37.975000000
242.000000,4.533754022,62.309697686,58.698694927,0.000000,37.966666667
242.500000,4.532566926,62.301545090,58.699392971,0.000000,37.958333333
243.000000,4.531379961,62.293392396,58.700091035,0.000000,37.950000000
243.500000,4.530193128,62.285239606,58.700789119,0.000000,37.941666667
244.000000,4.529006426,62.277086718,58.701487224,0.000000,37.933333333
244.500000,4.527819855,62.268933734,58.702185348,0.000000,37.925000000
245.000000,4.526633415,62.260780653,58.702883493,0.000000,37.916666667
245.500000,4.525447107,62.252627474,58.703581658,0.000000,37.908333333
246.000000,4.524260929,62.244474199,58.704279844,0.000000,37.900000000
246.500000,4.523074883,62.236320827,58.704978049,0.000000,37.891666667
247.000000,4.521888968,62.228167358,58.705676275,0.000000,37.883333333
247.500000,4.520703183,62.220013792,58.706374521,0.000000,37.875000000
248.000000,4.519517530,62.211860128,58.707072787,0.000000,37.866666667
248.500000,4.518332008,62.203706368,58.707771074,0.000000,37.858333333
249.000000,4.517146617,62.195552511,58.708469381,0.000000,37.850000000
249.500000,4.515961357,62.187398557,58.709167708,0.000000,37.841666667
250.000000,4.514776228,62.179244506,58.709866055,0.000000,37.833333333
250.500000,4.513591230,62.171090358,58.710564422,0.000000,37.825000000
251.000000,4.512406363,62.162936113,58.711262810,0.000000,37.816666667
251.500000,4.511221627,62.154781771,58.711961218,0.000000,37.808333333
252.000000,4.510037022,62.146627332,58.712659647,0.000000,37.800000000
252.500000,4.508852548,62.138472796,58.713358095,0.000000,37.791666667
253.000000,4.507668205,62.130318163,58.714056564,0.000000,37.783333333
253.500000,4.506483993,62.122163433,58.714755053,0.000000,37.775000000
254.000000,4.505299912,62.114008606,58.715453562,0.000000,37.766666667
254.500000,4.504115961,62.105853681,58.716152092,0.000000,37.758333333
255.000000,4.502932142,62.097698660,58.716850642,0.000000,37.750000000
255.500000,4.501748453,62.089543542,58.717549212,0.000000,37.741666667
256.000000,4.500564896,62.081388327,58.718247802,0.000000,37.733333333
256.500000,4.499381469,62.073233015,58.718946413,0.000000,37.725000000
257.000000,4.498198173,62.065077606,58.719645044,0.000000,37.716666667
257.500000,4.497015008,62.056922099,58.720343695,0.000000,37.708333333
258.000000,4.495831973,62.048766496,58.721042366,0.000000,37.700000000
258.500000,4.494649070,62.040610796,58.721741058,0.000000,37.691666667
259.000000,4.493466297,62.032454998,58.722439770,0.000000,37.683333333
259.500000,4.492283655,62.024299104,58.723138502,0.000000,37.675000000
260.000000,4.491101144,62.016143113,58.723837255,0.000000,37.666666667
260.500000,4.489918763,62.007987024,58.724536027,0.000000,37.658333333
261.000000,4.488736514,61.999830838,58.725234821,0.000000,37.650000000
261.500000,4.487554395,61.991674556,58.725933634,0.000000,37.641666667
262.000000,4.486372407,61.983518176,58.726632468,0.000000,37.633333333
262.500000,4.485190549,61.975361699,58.727331322,0.000000,37.625000000
263.000000,4.484008822,61.967205126,58.728030196,0.000000,37.616666667
263.500000,4.482827226,61.959048455,58.728729090,0.000000,37.608333333
264.000000,4.481645760,61.950891687,58.729428005,0.000000,37.600000000
264.500000,4.480464426,61.942734822,58.730126940,0.000000,37.591666667
265.000000,4.479283221,61.934577860,58.730825896,0.000000,37.583333333
265.500000,4.478102148,61.926420801,58.731524871,0.000000,37.575000000
266.000000,4.476921205,61.918263644,58.732223867,0.000000,37.566666667
266.500000,4.475740392,61.910106391,58.732922883,0.000000,37.558333333
267.000000,4.474559711,61.901949041,58.733621920,0.000000,37.550000000
267.500000,4.473379159,61.893791593,58.734320977,0.000000,37.541666667
268.000000,4.472198739,61.885634049,58.735020054,0.000000,37.533333333
268.500000,4.471018449,61.877476407,58.735719151,0.000000,37.525000000
269.000000,4.469838289,61.869318668,58.736418269,0.000000,37.516666667
269.500000,4.468658260,61.861160832,58.737117407,0.000000,37.508333333
270.000000,4.467478362,61.853002899,58.737816566,0.000000,37.500000000
270.500000,4.466298594,61.844844869,58.738515744,0.000000,37.491666667
271.000000,4.465118956,61.836686742,58.739214943,0.000000,37.483333333
271.500000,4.463939449,61.828528518,58.739914163,0.000000,37.475000000
272.000000,4.462760073,61.820370196,58.740613402,0.000000,37.466666667
272.500000,4.461580826,61.812211778,58.741312662,0.000000,37.458333333
273.000000,4.460401711,61.804053262,58.742011942,0.000000,37.450000000
273.500000,4.459222725,61.795894649,58.742711243,0.000000,37.441666667
274.000000,4.458043871,61.787735939,58.743410564,0.000000,37.433333333
274.500000,4.456865146,61.779577132,58.744109905,0.000000,37.425000000
275.000000,4.455686552,61.771418228,58.744809267,0.000000,37.416666667
275.500000,4.454508088,61.763259227,58.745508648,0.000000,37.408333333
276.000000,4.453329755,61.755100129,58.746208051,0.000000,37.400000000
276.500000,4.452151552,61.746940933,58.746907473,0.000000,37.391666667
277.000000,4.450973480,61.738781640,58.747606916,0.000000,37.383333333
277.500000,4.449795537,61.730622250,58.748306379,0.000000,37.375000000
278.000000,4.448617725,61.722462763,58.749005863,0.000000,37.366666667
278.500000,4.447440044,61.714303179,58.749705366,0.000000,37.358333333
279.000000,4.446262492,61.706143498,58.750404890,0.000000,37.350000000
279.500000,4.445085071,61.697983720,58.751104435,0.000000,37.341666667
280.000000,4.443907780,61.689823844,58.751804000,0.000000,37.333333333
280.500000,4.442730619,61.681663871,58.752503585,0.000000,37.325000000
281.000000,4.441553589,61.673503801,58.753203190,0.000000,37.316666667
281.500000,4.440376689,61.665343634,58.753902816,0.000000,37.308333333
282.000000,4.439199919,61.657183370,58.754602462,0.000000,37.300000000
282.500000,4.438023279,61.649023008,58.755302129,0.000000,37.291666667
283.000000,4.436846770,61.640862550,58.756001816,0.000000,37.283333333
283.500000,4.435670390,61.632701994,58.756701523,0.000000,37.275000000
284.000000,4.434494141,61.624541341,58.757401251,0.000000,37.266666667
284.500000,4.433318022,61.616380591,58.758100999,0.000000,37.258333333
285.000000,4.432142033,61.608219743,58.758800767,0.000000,37.250000000
285.500000,4.430966174,61.600058799,58.759500555,0.000000,37.241666667
286.000000,4.429790445,61.591897757,58.760200364,0.000000,37.233333333
286.500000,4.428614847,61.583736618,58.760900194,0.000000,37.225000000
287.000000,4.427439378,61.575575382,58.761600043,0.000000,37.216666667
287.500000,4.426264040,61.567414049,58.762299913,0.000000,37.208333333
288.000000,4.425088831,61.559252618,58.762999804,0.000000,37.200000000
288.500000,4.423913753,61.551091090,58.763699715,0.000000,37.191666667
289.000000,4.422738805,61.542929465,58.764399646,0.000000,37.183333333
289.500000,4.421563986,61.534767743,58.765099597,0.000000,37.175000000
290.000000,4.420389298,61.526605924,58.765799569,0.000000,37.166666667
290.500000,4.419214740,61.518444007,58.766499561,0.000000,37.158333333
291.000000,4.418040311,61.510281993,58.767199574,0.000000,37.150000000
291.500000,4.416866013,61.502119882,58.767899607,0.000000,37.141666667
292.000000,4.415691844,61.493957674,58.768599660,0.000000,37.133333333
292.500000,4.414517806,61.485795369,58.769299734,0.000000,37.125000000
293.000000,4.413343897,61.477632966,58.769999828,0.000000,37.116666667
293.500000,4.412170119,61.469470466,58.770699942,0.000000,37.108333333
294.000000,4.410996470,61.461307869,58.771400077,0.000000,37.100000000
294.500000,4.409822951,61.453145174,58.772100232,0.000000,37.091666667
295.000000,4.408649562,61.444982383,58.772800408,0.000000,37.083333333
295.500000,4.407476303,61.436819494,58.773500604,0.000000,37.075000000
296.000000,4.406303174,61.428656507,58.774200820,0.000000,37.066666667
296.500000,4.405130175,61.420493424,58.774901057,0.000000,37.058333333
297.000000,4.403957305,61.412330243,58.775601314,0.000000,37.050000000
297.500000,4.402784566,61.404166965,58.776301592,0.000000,37.041666667
298.000000,4.401611956,61.396003590,58.777001890,0.000000,37.033333333
298.500000,4.400439476,61.387840118,58.777702208,0.000000,37.025000000
299.000000,4.399267125,61.379676548,58.778402547,0.000000,37.016666667
299.500000,4.398094905,61.371512881,58.779102906,0.000000,37.008333333
300.000000,4.396922814,61.363349117,58.779803285,0.000000,37.000000000
300.500000,4.395750853,61.355185255,58.780503685,0.000000,36.991666667
301.000000,4.394579022,61.347021296,58.781204106,0.000000,36.983333333
301.500000,4.393407320,61.338857240,58.781904546,0.000000,36.975000000
302.000000,4.392235748,61.330693087,58.782605007,0.000000,36.966666667
302.500000,4.391064306,61.322528836,58.783305489,0.000000,36.958333333
303.000000,4.389892993,61.314364488,58.784005991,0.000000,36.950000000
303.500000,4.388721810,61.306200043,58.784706513,0.000000,36.941666667
304.000000,4.387550757,61.298035500,58.785407056,0.000000,36.933333333
304.500000,4.386379834,61.289870860,58.786107619,0.000000,36.925000000
305.000000,4.385209040,61.281706123,58.786808202,0.000000,36.916666667
305.500000,4.384038375,61.273541289,58.787508806,0.000000,36.908333333
306.000000,4.382867841,61.265376357,58.788209431,0.000000,36.900000000
306.500000,4.381697436,61.257211328,58.788910076,0.000000,36.891666667
307.000000,4.380527160,61.249046201,58.789610741,0.000000,36.883333333
307.500000,4.379357014,61.240880978,58.790311426,0.000000,36.875000000
308.000000,4.378186998,61.232715657,58.791012132,0.000000,36.866666667
308.500000,4.377017111,61.224550238,58.791712859,0.000000,36.858333333
309.000000,4.375847353,61.216384723,58.792413606,0.000000,36.850000000
309.500000,4.374677726,61.208219110,58.793114373,0.000000,36.841666667
310.000000,4.373508227,61.200053399,58.793815161,0.000000,36.833333333
310.500000,4.372338858,61.191887592,58.794515969,0.000000,36.825000000
311.000000,4.371169619,61.183721687,58.795216798,0.000000,36.816666667
311.500000,4.370000509,61.175555684,58.795917647,0.000000,36.808333333
312.000000,4.368831529,61.167389585,58.796618516,0.000000,36.800000000
312.500000,4.367662678,61.159223388,58.797319406,0.000000,36.791666667
313.000000,4.366493956,61.151057093,58.798020316,0.000000,36.783333333
313.500000,4.365325364,61.142890701,58.798721247,0.000000,36.775000000
314.000000,4.364156901,61.134724212,58.799422198,0.000000,36.766666667
314.500000,4.362988568,61.126557626,58.800123170,0.000000,36.758333333
315.000000,4.361820364,61.118390942,58.800824162,0.000000,36.750000000
315.500000,4.360652289,61.110224161,58.801525174,0.000000,36.741666667
316.000000,4.359484344,61.102057283,58.802226207,0.000000,36.733333333
316.500000,4.358316528,61.093890307,58.802927261,0.000000,36.725000000
317.000000,4.357148842,61.085723233,58.803628335,0.000000,36.716666667
317.500000,4.355981284,61.077556063,58.804329429,0.000000,36.708333333
318.000000,4.354813856,61.069388795,58.805030544,0.000000,36.700000000
318.500000,4.353646558,61.061221430,58.805731679,0.000000,36.691666667
319.000000,4.352479388,61.053053967,58.806432835,0.000000,36.683333333
319.500000,4.351312348,61.044886407,58.807134011,0.000000,36.675000000
320.000000,4.350145437,61.036718749,58.807835207,0.000000,36.666666667
320.500000,4.348978656,61.028550994,58.808536424,0.000000,36.658333333
321.000000,4.347812003,61.020383142,58.809237662,0.000000,36.650000000
321.500000,4.346645480,61.012215192,58.809938920,0.000000,36.641666667
322.000000,4.345479086,61.004047145,58.810640198,0.000000,36.633333333
322.500000,4.344312821,60.995879001,58.811341497,0.000000,36.625000000
323.000000,4.343146686,60.987710759,58.812042816,0.000000,36.616666667
323.500000,4.341980679,60.979542420,58.812744156,0.000000,36.608333333
324.000000,4.340814802,60.971373983,58.813445516,0.000000,36.600000000
324.500000,4.339649054,60.963205449,58.814146897,0.000000,36.591666667
325.000000,4.338483435,60.955036817,58.814848298,0.000000,36.583333333
325.500000,4.337317945,60.946868088,58.815549720,0.000000,36.575000000
326.000000,4.336152584,60.938699262,58.816251162,0.000000,36.566666667
326.500000,4.334987352,60.930530338,58.816952625,0.000000,36.558333333
327.000000,4.333822249,60.922361317,58.817654108,0.000000,36.550000000
327.500000,4.332657276,60.914192198,58.818355611,0.000000,36.541666667
328.000000,4.331492431,60.906022982,58.819057136,0.000000,36.533333333
328.500000,4.330327716,60.897853669,58.819758680,0.000000,36.525000000
329.000000,4.329163129,60.889684258,58.820460245,0.000000,36.516666667
329.500000,4.327998672,60.881514750,58.821161831,0.000000,36.508333333
330.000000,4.326834343,60.873345144,58.821863437,0.000000,36.500000000
330.500000,4.325670144,60.865175441,58.822565063,0.000000,36.491666667
331.000000,4.324506074,60.857005640,58.823266710,0.000000,36.483333333
331.500000,4.323342132,60.848835742,58.823968378,0.000000,36.475000000
332.000000,4.322178319,60.840665746,58.824670066,0.000000,36.466666667
332.500000,4.321014636,60.832495653,58.825371774,0.000000,36.458333333
333.000000,4.319851081,60.824325462,58.826073503,0.000000,36.450000000
333.500000,4.318687655,60.816155175,58.826775252,0.000000,36.441666667
334.000000,4.317524358,60.807984789,58.827477022,0.000000,36.433333333
334.500000,4.316361190,60.799814306,58.828178813,0.000000,36.425000000
335.000000,4.315198151,60.791643726,58.828880624,0.000000,36.416666667
335.500000,4.314035241,60.783473048,58.829582455,0.000000,36.408333333
336.000000,4.312872460,60.775302273,58.830284307,0.000000,36.400000000
336.500000,4.311709807,60.767131400,58.830986180,0.000000,36.391666667
337.000000,4.310547283,60.758960429,58.831688073,0.000000,36.383333333
337.500000,4.309384888,60.750789362,58.832389986,0.000000,36.375000000
338.000000,4.308222622,60.742618196,58.833091920,0.000000,36.366666667
338.500000,4.307060485,60.734446934,58.833793875,0.000000,36.358333333
339.000000,4.305898476,60.726275573,58.834495850,0.000000,36.350000000
339.500000,4.304736597,60.718104116,58.835197845,0.000000,36.341666667
340.000000,4.303574846,60.709932560,58.835899861,0.000000,36.333333333
340.500000,4.302413223,60.701760908,58.836601898,0.000000,36.325000000
341.000000,4.301251730,60.693589157,58.837303955,0.000000,36.316666667
341.500000,4.300090365,60.685417310,58.838006032,0.000000,36.308333333
342.000000,4.298929129,60.677245364,58.838708130,0.000000,36.300000000
342.500000,4.297768021,60.669073321,58.839410249,0.000000,36.291666667
343.000000,4.296607042,60.660901181,58.840112388,0.000000,36.283333333
343.500000,4.295446192,60.652728943,58.840814548,0.000000,36.275000000
344.000000,4.294285471,60.644556608,58.841516728,0.000000,36.266666667
344.500000,4.293124878,60.636384175,58.842218929,0.000000,36.258333333
345.000000,4.291964414,60.628211645,58.842921150,0.000000,36.250000000
345.500000,4.290804078,60.620039017,58.843623392,0.000000,36.241666667
346.000000,4.289643871,60.611866291,58.844325654,0.000000,36.233333333
346.500000,4.288483793,60.603693468,58.845027937,0.000000,36.225000000
347.000000,4.287323843,60.595520548,58.845730241,0.000000,36.216666667
347.500000,4.286164022,60.587347530,58.846432565,0.000000,36.208333333
348.000000,4.285004329,60.579174414,58.847134909,0.000000,36.200000000
348.500000,4.283844765,60.571001201,58.847837274,0.000000,36.191666667
349.000000,4.282685329,60.562827890,58.848539660,0.000000,36.183333333
349.500000,4.281526022,60.554654482,58.849242066,0.000000,36.175000000
350.000000,4.280366843,60.546480976,58.849944493,0.000000,36.166666667
350.500000,4.279207793,60.538307373,58.850646940,0.000000,36.158333333
351.000000,4.278048872,60.530133672,58.851349408,0.000000,36.150000000
351.500000,4.276890078,60.521959873,58.852051896,0.000000,36.141666667
352.000000,4.275731414,60.513785977,58.852754405,0.000000,36.133333333
352.500000,4.274572877,60.505611983,58.853456934,0.000000,36.125000000
353.000000,4.273414470,60.497437892,58.854159484,0.000000,36.116666667
353.500000,4.272256190,60.489263703,58.854862055,0.000000,36.108333333
354.000000,4.271098039,60.481089417,58.855564646,0.000000,36.100000000
354.500000,4.269940016,60.472915033,58.856267258,0.000000,36.091666667
355.000000,4.268782122,60.464740551,58.856969890,0.000000,36.083333333
355.500000,4.267624356,60.456565972,58.857672543,0.000000,36.075000000
356.000000,4.266466719,60.448391295,58.858375216,0.000000,36.066666667
356.500000,4.265309209,60.440216521,58.859077910,0.000000,36.058333333
357.000000,4.264151829,60.432041649,58.859780624,0.000000,36.050000000
357.500000,4.262994576,60.423866680,58.860483360,0.000000,36.041666667
358.000000,4.261837452,60.415691612,58.861186115,0.000000,36.033333333
358.500000,4.260680456,60.407516448,58.861888891,0.000000,36.025000000
359.000000,4.259523588,60.399341185,58.862591688,0.000000,36.016666667
359.500000,4.258366849,60.391165825,58.863294505,0.000000,36.008333333
360.000000,4.257210237,60.382990368,58.863997343,0.000000,36.000000000
360.500000,4.256053754,60.374814813,58.864700202,0.000000,35.991666667
361.000000,4.254897400,60.366639160,58.865403081,0.000000,35.983333333
361.500000,4.253741173,60.358463409,58.866105981,0.000000,35.975000000
362.000000,4.252585075,60.350287561,58.866808901,0.000000,35.966666667
362.500000,4.251429105,60.342111616,58.867511842,0.000000,35.958333333
363.000000,4.250273263,60.333935572,58.868214803,0.000000,35.950000000
363.500000,4.249117549,60.325759431,58.868917785,0.000000,35.941666667
364.000000,4.247961963,60.317583193,58.869620788,0.000000,35.933333333
364.500000,4.246806506,60.309406857,58.870323811,0.000000,35.925000000
365.000000,4.245651177,60.301230423,58.871026855,0.000000,35.916666667
365.500000,4.244495975,60.293053891,58.871729919,0.000000,35.908333333
366.000000,4.243340902,60.284877262,58.872433004,0.000000,35.900000000
366.500000,4.242185957,60.276700535,58.873136110,0.000000,35.891666667
367.000000,4.241031140,60.268523711,58.873839236,0.000000,35.883333333
367.500000,4.239876451,60.260346789,58.874542382,0.000000,35.875000000
368.000000,4.238721891,60.252169769,58.875245550,0.000000,35.866666667
368.500000,4.237567458,60.243992652,58.875948738,0.000000,35.858333333
369.000000,4.236413153,60.235815436,58.876651946,0.000000,35.850000000
369.500000,4.235258976,60.227638124,58.877355175,0.000000,35.841666667
370.000000,4.234104928,60.219460713,58.878058425,0.000000,35.833333333
370.500000,4.232951007,60.211283205,58.878761696,0.000000,35.825000000
371.000000,4.231797214,60.203105599,58.879464987,0.000000,35.816666667
371.500000,4.230643549,60.194927896,58.880168298,0.000000,35.808333333
372.000000,4.229490012,60.186750095,58.880871630,0.000000,35.800000000
372.500000,4.228336603,60.178572196,58.881574983,0.000000,35.791666667
373.000000,4.227183322,60.170394199,58.882278357,0.000000,35.783333333
373.500000,4.226030169,60.162216105,58.882981751,0.000000,35.775000000
374.000000,4.224877144,60.154037913,58.883685165,0.000000,35.766666667
374.500000,4.223724247,60.145859624,58.884388601,0.000000,35.758333333
375.000000,4.222571478,60.137681236,58.885092057,0.000000,35.750000000
375.500000,4.221418836,60.129502751,58.885795533,0.000000,35.741666667
376.000000,4.220266322,60.121324169,58.886499030,0.000000,35.733333333
376.500000,4.219113937,60.113145488,58.887202548,0.000000,35.725000000
377.000000,4.217961679,60.104966710,58.887906087,0.000000,35.716666667
377.500000,4.216809548,60.096787834,58.888609646,0.000000,35.708333333
378.000000,4.215657546,60.088608861,58.889313225,0.000000,35.700000000
378.500000,4.214505672,60.080429789,58.890016826,0.000000,35.691666667
379.000000,4.213353925,60.072250620,58.890720447,0.000000,35.683333333
379.500000,4.212202306,60.064071354,58.891424088,0.000000,35.675000000
380.000000,4.211050815,60.055891989,58.892127750,0.000000,35.666666667
380.500000,4.209899451,60.047712527,58.892831433,0.000000,35.658333333
381.000000,4.208748215,60.039532967,58.893535137,0.000000,35.650000000
381.500000,4.207597107,60.031353309,58.894238861,0.000000,35.641666667
382.000000,4.206446127,60.023173554,58.894942606,0.000000,35.633333333
382.500000,4.205295274,60.014993701,58.895646371,0.000000,35.625000000
383.000000,4.204144549,60.006813750,58.896350157,0.000000,35.616666667
383.500000,4.202993952,59.998633701,58.897053964,0.000000,35.608333333
384.000000,4.201843482,59.990453555,58.897757791,0.000000,35.600000000
384.500000,4.200693140,59.982273311,58.898461639,0.000000,35.591666667
385.000000,4.199542926,59.974092969,58.899165508,0.000000,35.583333333
385.500000,4.198392839,59.965912529,58.899869397,0.000000,35.575000000
386.000000,4.197242880,59.957731992,58.900573307,0.000000,35.566666667
386.500000,4.196093048,59.949551357,58.901277238,0.000000,35.558333333
387.000000,4.194943344,59.941370624,58.901981189,0.000000,35.550000000
387.500000,4.193793768,59.933189793,58.902685161,0.000000,35.541666667
388.000000,4.192644319,59.925008864,58.903389154,0.000000,35.533333333
388.500000,4.191494998,59.916827838,58.904093167,0.000000,35.525000000
389.000000,4.190345804,59.908646714,58.904797201,0.000000,35.516666667
389.500000,4.189196738,59.900465492,58.905501255,0.000000,35.508333333
390.000000,4.188047799,59.892284173,58.906205331,0.000000,35.500000000
390.500000,4.186898988,59.884102755,58.906909427,0.000000,35.491666667
391.000000,4.185750304,59.875921240,58.907613543,0.000000,35.483333333
391.500000,4.184601748,59.867739627,58.908317681,0.000000,35.475000000
392.000000,4.183453319,59.859557916,58.909021839,0.000000,35.466666667
392.500000,4.182305018,59.851376108,58.909726017,0.000000,35.458333333
393.000000,4.181156844,59.843194201,58.910430216,0.000000,35.450000000
393.500000,4.180008797,59.835012197,58.911134436,0.000000,35.441666667
394.000000,4.178860878,59.826830095,58.911838677,0.000000,35.433333333
394.500000,4.177713086,59.818647895,58.912542938,0.000000,35.425000000
395.000000,4.176565422,59.810465598,58.913247220,0.000000,35.416666667
395.500000,4.175417885,59.802283202,58.913951523,0.000000,35.408333333
396.000000,4.174270475,59.794100709,58.914655847,0.000000,35.400000000
396.500000,4.173123193,59.785918118,58.915360191,0.000000,35.391666667
397.000000,4.171976038,59.777735429,58.916064555,0.000000,35.383333333
397.500000,4.170829011,59.769552642,58.916768941,0.000000,35.375000000
398.000000,4.169682110,59.761369758,58.917473347,0.000000,35.366666667
398.500000,4.168535337,59.753186775,58.918177774,0.000000,35.358333333
399.000000,4.167388692,59.745003695,58.918882221,0.000000,35.350000000
399.500000,4.166242173,59.736820517,58.919586690,0.000000,35.341666667
400.000000,4.165095782,59.728637241,58.920291179,0.000000,35.333333333
400.500000,4.163949518,59.720453867,58.920995688,0.000000,35.325000000
401.000000,4.162803382,59.712270396,58.921700219,0.000000,35.316666667
401.500000,4.161657372,59.704086826,58.922404770,0.000000,35.308333333
402.000000,4.160511490,59.695903159,58.923109341,0.000000,35.300000000
402.500000,4.159365735,59.687719394,58.923813934,0.000000,35.291666667
403.000000,4.158220107,59.679535531,58.924518547,0.000000,35.283333333
403.500000,4.157074606,59.671351570,58.925223181,0.000000,35.275000000
404.000000,4.155929233,59.663167511,58.925927835,0.000000,35.266666667
404.500000,4.154783987,59.654983354,58.926632511,0.000000,35.258333333
405.000000,4.153638867,59.646799100,58.927337207,0.000000,35.250000000
405.500000,4.152493875,59.638614747,58.928041923,0.000000,35.241666667
406.000000,4.151349010,59.630430297,58.928746661,0.000000,35.233333333
406.500000,4.150204272,59.622245749,58.929451419,0.000000,35.225000000
407.000000,4.149059662,59.614061103,58.930156198,0.000000,35.216666667
407.500000,4.147915178,59.605876359,58.930860997,0.000000,35.208333333
408.000000,4.146770821,59.597691517,58.931565818,0.000000,35.200000000
408.500000,4.145626592,59.589506577,58.932270659,0.000000,35.191666667
409.000000,4.144482489,59.581321540,58.932975520,0.000000,35.183333333
409.500000,4.143338514,59.573136404,58.933680403,0.000000,35.175000000
410.000000,4.142194665,59.564951171,58.934385306,0.000000,35.166666667
410.500000,4.141050943,59.556765840,58.935090230,0.000000,35.158333333
411.000000,4.139907349,59.548580410,58.935795175,0.000000,35.150000000
411.500000,4.138763881,59.540394883,58.936500140,0.000000,35.141666667
412.000000,4.137620541,59.532209258,58.937205126,0.000000,35.133333333
412.500000,4.136477327,59.524023535,58.937910133,0.000000,35.125000000
413.000000,4.135334241,59.515837715,58.938615161,0.000000,35.116666667
413.500000,4.134191281,59.507651796,58.939320209,0.000000,35.108333333
414.000000,4.133048448,59.499465779,58.940025278,0.000000,35.100000000
414.500000,4.131905742,59.491279664,58.940730368,0.000000,35.091666667
415.000000,4.130763163,59.483093452,58.941435478,0.000000,35.083333333
415.500000,4.129620711,59.474907141,58.942140610,0.000000,35.075000000
416.000000,4.128478385,59.466720733,58.942845762,0.000000,35.066666667
416.500000,4.127336187,59.458534227,58.943550934,0.000000,35.058333333
417.000000,4.126194115,59.450347622,58.944256128,0.000000,35.050000000
417.500000,4.125052171,59.442160920,58.944961342,0.000000,35.041666667
418.000000,4.123910353,59.433974120,58.945666577,0.000000,35.033333333
418.500000,4.122768662,59.425787222,58.946371833,0.000000,35.025000000
419.000000,4.121627097,59.417600226,58.947077110,0.000000,35.016666667
419.500000,4.120485660,59.409413132,58.947782407,0.000000,35.008333333
420.000000,4.119344349,59.401225940,58.948487725,0.000000,35.000000000
420.500000,4.118203165,59.393038650,58.949193064,0.000000,34.991666667
421.000000,4.117062107,59.384851262,58.949898424,0.000000,34.983333333
421.500000,4.115921177,59.376663776,58.950603804,0.000000,34.975000000
422.000000,4.114780373,59.368476192,58.951309205,0.000000,34.966666667
422.500000,4.113639696,59.360288510,58.952014627,0.000000,34.958333333
423.000000,4.112499145,59.352100730,58.952720070,0.000000,34.950000000
423.500000,4.111358722,59.343912853,58.953425533,0.000000,34.941666667
424.000000,4.110218425,59.335724877,58.954131017,0.000000,34.933333333
424.500000,4.109078254,59.327536803,58.954836522,0.000000,34.925000000
425.000000,4.107938210,59.319348631,58.955542048,0.000000,34.916666667
425.500000,4.106798293,59.311160362,58.956247594,0.000000,34.908333333
426.000000,4.105658503,59.302971994,58.956953162,0.000000,34.900000000
426.500000,4.104518839,59.294783528,58.957658750,0.000000,34.891666667
427.000000,4.103379301,59.286594964,58.958364358,0.000000,34.883333333
427.500000,4.102239891,59.278406303,58.959069988,0.000000,34.875000000
428.000000,4.101100606,59.270217543,58.959775639,0.000000,34.866666667
428.500000,4.099961449,59.262028685,58.960481310,0.000000,34.858333333
429.000000,4.098822418,59.253839730,58.961187002,0.000000,34.850000000
429.500000,4.097683513,59.245650676,58.961892714,0.000000,34.841666667
430.000000,4.096544735,59.237461524,58.962598448,0.000000,34.833333333
430.500000,4.095406084,59.229272274,58.963304202,0.000000,34.825000000
431.000000,4.094267559,59.221082926,58.964009977,0.000000,34.816666667
431.500000,4.093129160,59.212893481,58.964715773,0.000000,34.808333333
432.000000,4.091990888,59.204703937,58.965421590,0.000000,34.800000000
432.500000,4.090852743,59.196514295,58.966127428,0.000000,34.791666667
433.000000,4.089714723,59.188324555,58.966833286,0.000000,34.783333333
433.500000,4.088576831,59.180134717,58.967539165,0.000000,34.775000000
434.000000,4.087439064,59.171944781,58.968245065,0.000000,34.766666667
434.500000,4.086301425,59.163754747,58.968950986,0.000000,34.758333333
435.000000,4.085163911,59.155564615,58.969656927,0.000000,34.750000000
435.500000,4.084026524,59.147374385,58.970362889,0.000000,34.741666667
436.000000,4.082889263,59.139184057,58.971068873,0.000000,34.733333333
436.500000,4.081752129,59.130993630,58.971774877,0.000000,34.725000000
437.000000,4.080615121,59.122803106,58.972480901,0.000000,34.716666667
437.500000,4.079478239,59.114612484,58.973186947,0.000000,34.708333333
438.000000,4.078341484,59.106421763,58.973893013,0.000000,34.700000000
438.500000,4.077204855,59.098230945,58.974599100,0.000000,34.691666667
439.000000,4.076068352,59.090040028,58.975305208,0.000000,34.683333333
439.500000,4.074931976,59.081849014,58.976011337,0.000000,34.675000000
440.000000,4.073795726,59.073657901,58.976717487,0.000000,34.666666667
440.500000,4.072659602,59.065466690,58.977423657,0.000000,34.658333333
441.000000,4.071523604,59.057275381,58.978129849,0.000000,34.650000000
441.500000,4.070387733,59.049083974,58.978836061,0.000000,34.641666667
442.000000,4.069251988,59.040892469,58.979542294,0.000000,34.633333333
442.500000,4.068116369,59.032700866,58.980248547,0.000000,34.625000000
443.000000,4.066980876,59.024509165,58.980954822,0.000000,34.616666667
443.500000,4.065845510,59.016317366,58.981661117,0.000000,34.608333333
444.000000,4.064710269,59.008125468,58.982367434,0.000000,34.600000000
444.500000,4.063575155,58.999933473,58.983073771,0.000000,34.591666667
445.000000,4.062440167,58.991741379,58.983780129,0.000000,34.583333333
445.500000,4.061305305,58.983549188,58.984486507,0.000000,34.575000000
446.000000,4.060170570,58.975356898,58.985192907,0.000000,34.566666667
446.500000,4.059035960,58.967164510,58.985899327,0.000000,34.558333333
447.000000,4.057901476,58.958972024,58.986605769,0.000000,34.550000000
447.500000,4.056767119,58.950779440,58.987312231,0.000000,34.541666667
448.000000,4.055632888,58.942586758,58.988018714,0.000000,34.533333333
448.500000,4.054498782,58.934393977,58.988725217,0.000000,34.525000000
449.000000,4.053364803,58.926201099,58.989431742,0.000000,34.516666667
449.500000,4.052230950,58.918008122,58.990138288,0.000000,34.508333333
450.000000,4.051097223,58.909815047,58.990844854,0.000000,34.500000000
450.500000,4.049963622,58.901621874,58.991551441,0.000000,34.491666667
451.000000,4.048830147,58.893428603,58.992258049,0.000000,34.483333333
451.500000,4.047696798,58.885235234,58.992964678,0.000000,34.475000000
452.000000,4.046563574,58.877041767,58.993671328,0.000000,34.466666667
452.500000,4.045430477,58.868848202,58.994377998,0.000000,34.458333333
453.000000,4.044297506,58.860654538,58.995084690,0.000000,34.450000000
453.500000,4.043164661,58.852460776,58.995791402,0.000000,34.441666667
454.000000,4.042031941,58.844266916,58.996498135,0.000000,34.433333333
454.500000,4.040899348,58.836072958,58.997204889,0.000000,34.425000000
455.000000,4.039766881,58.827878902,58.997911664,0.000000,34.416666667
455.500000,4.038634539,58.819684748,58.998618460,0.000000,34.408333333
456.000000,4.037502323,58.811490495,58.999325277,0.000000,34.400000000
456.500000,4.036370234,58.803296144,59.000032114,0.000000,34.391666667
457.000000,4.035238270,58.795101695,59.000738973,0.000000,34.383333333
457.500000,4.034106431,58.786907148,59.001445852,0.000000,34.375000000
458.000000,4.032974719,58.778712503,59.002152752,0.000000,34.366666667
458.500000,4.031843133,58.770517760,59.002859673,0.000000,34.358333333
459.000000,4.030711672,58.762322918,59.003566615,0.000000,34.350000000
459.500000,4.029580337,58.754127978,59.004273578,0.000000,34.341666667
460.000000,4.028449128,58.745932940,59.004980561,0.000000,34.333333333
460.500000,4.027318045,58.737737804,59.005687566,0.000000,34.325000000
461.000000,4.026187088,58.729542570,59.006394591,0.000000,34.316666667
461.500000,4.025056256,58.721347237,59.007101638,0.000000,34.308333333
462.000000,4.023925550,58.713151806,59.007808705,0.000000,34.300000000
462.500000,4.022794969,58.704956277,59.008515793,0.000000,34.291666667
463.000000,4.021664515,58.696760650,59.009222902,0.000000,34.283333333
463.500000,4.020534186,58.688564925,59.009930032,0.000000,34.275000000
464.000000,4.019403983,58.680369101,59.010637182,0.000000,34.266666667
464.500000,4.018273905,58.672173179,59.011344354,0.000000,34.258333333
465.000000,4.017143954,58.663977159,59.012051546,0.000000,34.250000000
465.500000,4.016014127,58.655781041,59.012758760,0.000000,34.241666667
466.000000,4.014884427,58.647584824,59.013465994,0.000000,34.233333333
466.500000,4.013754852,58.639388510,59.014173249,0.000000,34.225000000
467.000000,4.012625403,58.631192097,59.014880526,0.000000,34.216666667
467.500000,4.011496079,58.622995585,59.015587823,0.000000,34.208333333
468.000000,4.010366881,58.614798976,59.016295140,0.000000,34.200000000
468.500000,4.009237809,58.606602268,59.017002479,0.000000,34.191666667
469.000000,4.008108862,58.598405462,59.017709839,0.000000,34.183333333
469.500000,4.006980040,58.590208558,59.018417220,0.000000,34.175000000
470.000000,4.005851344,58.582011556,59.019124621,0.000000,34.166666667
470.500000,4.004722774,58.573814455,59.019832044,0.000000,34.158333333
471.000000,4.003594329,58.565617256,59.020539487,0.000000,34.150000000
471.500000,4.002466010,58.557419959,59.021246951,0.000000,34.141666667
472.000000,4.001337816,58.549222564,59.021954437,0.000000,34.133333333
472.500000,4.000209748,58.541025070,59.022661943,0.000000,34.125000000
473.000000,3.999081805,58.532827478,59.023369470,0.000000,34.116666667
473.500000,3.997953988,58.524629788,59.024077018,0.000000,34.108333333
474.000000,3.996826296,58.516432000,59.024784587,0.000000,34.100000000
474.500000,3.995698730,58.508234113,59.025492176,0.000000,34.091666667
475.000000,3.994571289,58.500036128,59.026199787,0.000000,34.083333333
475.500000,3.993443973,58.491838044,59.026907419,0.000000,34.075000000
476.000000,3.992316783,58.483639863,59.027615071,0.000000,34.066666667
476.500000,3.991189718,58.475441583,59.028322745,0.000000,34.058333333
477.000000,3.990062779,58.467243205,59.029030439,0.000000,34.050000000
477.500000,3.988935964,58.459044728,59.029738155,0.000000,34.041666667
478.000000,3.987809276,58.450846154,59.030445891,0.000000,34.033333333
478.500000,3.986682712,58.442647481,59.031153648,0.000000,34.025000000
479.000000,3.985556274,58.434448709,59.031861427,0.000000,34.016666667
479.500000,3.984429961,58.426249840,59.032569226,0.000000,34.008333333
480.000000,3.983303774,58.418050872,59.033277046,0.000000,34.000000000
480.500000,3.982177712,58.409851805,59.033984887,0.000000,33.991666667
481.000000,3.981051775,58.401652641,59.034692749,0.000000,33.983333333
481.500000,3.979925963,58.393453378,59.035400632,0.000000,33.975000000
482.000000,3.978800277,58.385254017,59.036108536,0.000000,33.966666667
482.500000,3.977674716,58.377054557,59.036816461,0.000000,33.958333333
483.000000,3.976549280,58.368854999,59.037524406,0.000000,33.950000000
483.500000,3.975423969,58.360655343,59.038232373,0.000000,33.941666667
484.000000,3.974298784,58.352455589,59.038940361,0.000000,33.933333333
484.500000,3.973173723,58.344255736,59.039648369,0.000000,33.925000000
485.000000,3.972048788,58.336055785,59.040356399,0.000000,33.916666667
485.500000,3.970923978,58.327855735,59.041064449,0.000000,33.908333333
486.000000,3.969799294,58.319655587,59.041772521,0.000000,33.900000000
486.500000,3.968674734,58.311455341,59.042480613,0.000000,33.891666667
487.000000,3.967550300,58.303254997,59.043188727,0.000000,33.883333333
487.500000,3.966425990,58.295054554,59.043896861,0.000000,33.875000000
488.000000,3.965301806,58.286854013,59.044605017,0.000000,33.866666667
488.500000,3.964177747,58.278653373,59.045313193,0.000000,33.858333333
489.000000,3.963053813,58.270452635,59.046021390,0.000000,33.850000000
489.500000,3.961930004,58.262251799,59.046729608,0.000000,33.841666667
490.000000,3.960806320,58.254050864,59.047437848,0.000000,33.833333333
490.500000,3.959682761,58.245849831,59.048146108,0.000000,33.825000000
491.000000,3.958559327,58.237648700,59.048854389,0.000000,33.816666667
491.500000,3.957436018,58.229447470,59.049562691,0.000000,33.808333333
492.000000,3.956312834,58.221246142,59.050271014,0.000000,33.800000000
492.500000,3.955189775,58.213044715,59.050979358,0.000000,33.791666667
493.000000,3.954066841,58.204843190,59.051687724,0.000000,33.783333333
493.500000,3.952944033,58.196641567,59.052396110,0.000000,33.775000000
494.000000,3.951821349,58.188439845,59.053104517,0.000000,33.766666667
494.500000,3.950698790,58.180238025,59.053812945,0.000000,33.758333333
495.000000,3.949576356,58.172036107,59.054521394,0.000000,33.750000000
495.500000,3.948454046,58.163834090,59.055229864,0.000000,33.741666667
496.000000,3.947331862,58.155631975,59.055938355,0.000000,33.733333333
496.500000,3.946209803,58.147429761,59.056646867,0.000000,33.725000000
497.000000,3.945087869,58.139227449,59.057355400,0.000000,33.716666667
497.500000,3.943966059,58.131025038,59.058063954,0.000000,33.708333333
498.000000,3.942844374,58.122822530,59.058772529,0.000000,33.700000000
498.500000,3.941722815,58.114619922,59.059481125,0.000000,33.691666667
499.000000,3.940601380,58.106417217,59.060189742,0.000000,33.683333333
499.500000,3.939480070,58.098214412,59.060898380,0.000000,33.675000000
500.000000,3.938358884,58.090011510,59.061607039,0.000000,33.666666667
500.500000,3.937237824,58.081808509,59.062315719,0.000000,33.658333333
501.000000,3.936116888,58.073605410,59.063024420,0.000000,33.650000000
501.500000,3.934996077,58.065402212,59.063733142,0.000000,33.641666667
502.000000,3.933875391,58.057198915,59.064441885,0.000000,33.633333333
502.500000,3.932754830,58.048995521,59.065150649,0.000000,33.625000000
503.000000,3.931634393,58.040792028,59.065859434,0.000000,33.616666667
503.500000,3.930514081,58.032588436,59.066568240,0.000000,33.608333333
504.000000,3.929393894,58.024384746,59.067277067,0.000000,33.600000000
504.500000,3.928273831,58.016180957,59.067985915,0.000000,33.591666667
505.000000,3.927153893,58.007977071,59.068694784,0.000000,33.583333333
505.500000,3.926034080,57.999773085,59.069403674,0.000000,33.575000000
506.000000,3.924914392,57.991569001,59.070112585,0.000000,33.566666667
506.500000,3.923794828,57.983364819,59.070821517,0.000000,33.558333333
507.000000,3.922675389,57.975160538,59.071530470,0.000000,33.550000000
507.500000,3.921556074,57.966956159,59.072239445,0.000000,33.541666667
508.000000,3.920436885,57.958751681,59.072948440,0.000000,33.533333333
508.500000,3.919317819,57.950547105,59.073657456,0.000000,33.525000000
509.000000,3.918198879,57.942342430,59.074366493,0.000000,33.516666667
509.500000,3.917080063,57.934137657,59.075075552,0.000000,33.508333333
510.000000,3.915961371,57.925932786,59.075784631,0.000000,33.500000000
510.500000,3.914842804,57.917727816,59.076493731,0.000000,33.491666667
511.000000,3.913724362,57.909522747,59.077202853,0.000000,33.483333333
511.500000,3.912606044,57.901317580,59.077911995,0.000000,33.475000000
512.000000,3.911487851,57.893112314,59.078621159,0.000000,33.466666667
512.500000,3.910369782,57.884906950,59.079330343,0.000000,33.458333333
513.000000,3.909251837,57.876701488,59.080039549,0.000000,33.450000000
513.500000,3.908134018,57.868495927,59.080748776,0.000000,33.441666667
514.000000,3.907016322,57.860290267,59.081458023,0.000000,33.433333333
514.500000,3.905898751,57.852084509,59.082167292,0.000000,33.425000000
515.000000,3.904781305,57.843878653,59.082876582,0.000000,33.416666667
515.500000,3.903663983,57.835672698,59.083585893,0.000000,33.408333333
516.000000,3.902546786,57.827466644,59.084295224,0.000000,33.400000000
516.500000,3.901429712,57.819260492,59.085004577,0.000000,33.391666667
517.000000,3.900312764,57.811054241,59.085713951,0.000000,33.383333333
517.500000,3.899195939,57.802847892,59.086423346,0.000000,33.375000000
518.000000,3.898079240,57.794641444,59.087132762,0.000000,33.366666667
518.500000,3.896962664,57.786434898,59.087842200,0.000000,33.358333333
519.000000,3.895846213,57.778228253,59.088551658,0.000000,33.350000000
519.500000,3.894729886,57.770021510,59.089261137,0.000000,33.341666667
520.000000,3.893613683,57.761814668,59.089970637,0.000000,33.333333333
520.500000,3.892497605,57.753607728,59.090680159,0.000000,33.325000000
521.000000,3.891381651,57.745400689,59.091389701,0.000000,33.316666667
521.500000,3.890265822,57.737193552,59.092099265,0.000000,33.308333333
522.000000,3.889150116,57.728986316,59.092808849,0.000000,33.300000000
522.500000,3.888034535,57.720778981,59.093518455,0.000000,33.291666667
523.000000,3.886919079,57.712571548,59.094228082,0.000000,33.283333333
523.500000,3.885803746,57.704364016,59.094937730,0.000000,33.275000000
524.000000,3.884688538,57.696156386,59.095647399,0.000000,33.266666667
524.500000,3.883573454,57.687948657,59.096357088,0.000000,33.258333333
525.000000,3.882458494,57.679740830,59.097066800,0.000000,33.250000000
525.500000,3.881343658,57.671532904,59.097776532,0.000000,33.241666667
526.000000,3.880228947,57.663324879,59.098486285,0.000000,33.233333333
526.500000,3.879114360,57.655116756,59.099196059,0.000000,33.225000000
527.000000,3.877999897,57.646908535,59.099905855,0.000000,33.216666667
527.500000,3.876885558,57.638700214,59.100615671,0.000000,33.208333333
528.000000,3.875771343,57.630491795,59.101325509,0.000000,33.200000000
528.500000,3.874657252,57.622283278,59.102035367,0.000000,33.191666667
529.000000,3.873543286,57.614074662,59.102745247,0.000000,33.183333333
529.500000,3.872429443,57.605865947,59.103455148,0.000000,33.175000000
530.000000,3.871315725,57.597657134,59.104165070,0.000000,33.166666667
530.500000,3.870202131,57.589448222,59.104875013,0.000000,33.158333333
531.000000,3.869088660,57.581239212,59.105584977,0.000000,33.150000000
531.500000,3.867975314,57.573030103,59.106294962,0.000000,33.141666667
532.000000,3.866862092,57.564820895,59.107004968,0.000000,33.133333333
532.500000,3.865748994,57.556611589,59.107714996,0.000000,33.125000000
533.000000,3.864636020,57.548402184,59.108425044,0.000000,33.116666667
533.500000,3.863523170,57.540192681,59.109135114,0.000000,33.108333333
534.000000,3.862410444,57.531983079,59.109845205,0.000000,33.100000000
534.500000,3.861297842,57.523773378,59.110555317,0.000000,33.091666667
535.000000,3.860185364,57.515563579,59.111265450,0.000000,33.083333333
535.500000,3.859073010,57.507353681,59.111975604,0.000000,33.075000000
536.000000,3.857960780,57.499143684,59.112685779,0.000000,33.066666667
536.500000,3.856848673,57.490933589,59.113395975,0.000000,33.058333333
537.000000,3.855736691,57.482723395,59.114106193,0.000000,33.050000000
537.500000,3.854624833,57.474513102,59.114816431,0.000000,33.041666667
538.000000,3.853513098,57.466302711,59.115526691,0.000000,33.033333333
538.500000,3.852401488,57.458092221,59.116236972,0.000000,33.025000000
539.000000,3.851290001,57.449881633,59.116947273,0.000000,33.016666667
539.500000,3.850178638,57.441670946,59.117657596,0.000000,33.008333333
540.000000,3.849067399,57.433460160,67.238327480,0.000000,33.000000000
540.500000,3.847734190,57.424121503,67.239254805,0.000000,32.988888889
541.000000,3.846401150,57.414782718,67.240182162,0.000000,32.977777778
541.500000,3.845068280,57.405443804,67.241109549,0.000000,32.966666667
542.000000,3.843735578,57.396104761,67.242036968,0.000000,32.955555556
542.500000,3.842403046,57.386765589,67.242964419,0.000000,32.944444444
543.000000,3.841070683,57.377426288,67.243891900,0.000000,32.933333333
543.500000,3.839738489,57.368086859,67.244819414,0.000000,32.922222222
544.000000,3.838406464,57.358747301,67.245746958,0.000000,32.911111111
544.500000,3.837074608,57.349407614,67.246674534,0.000000,32.900000000
545.000000,3.835742921,57.340067798,67.247602141,0.000000,32.888888889
545.500000,3.834411403,57.330727853,67.248529780,0.000000,32.877777778
546.000000,3.833080055,57.321387779,67.249457450,0.000000,32.866666667
546.500000,3.831748875,57.312047577,67.250385151,0.000000,32.855555556
547.000000,3.830417864,57.302707246,67.251312884,0.000000,32.844444444
547.500000,3.829087023,57.293366786,67.252240648,0.000000,32.833333333
548.000000,3.827756350,57.284026197,67.253168443,0.000000,32.822222222
548.500000,3.826425846,57.274685479,67.254096270,0.000000,32.811111111
549.000000,3.825095511,57.265344632,67.255024128,0.000000,32.800000000
549.500000,3.823765345,57.256003656,67.255952018,0.000000,32.788888889
550.000000,3.822435348,57.246662552,67.256879939,0.000000,32.777777778
550.500000,3.821105520,57.237321319,67.257807892,0.000000,32.766666667
551.000000,3.819775860,57.227979956,67.258735876,0.000000,32.755555556
551.500000,3.818446369,57.218638465,67.259663891,0.000000,32.744444444
552.000000,3.817117048,57.209296845,67.260591938,0.000000,32.733333333
552.500000,3.815787895,57.199955096,67.261520016,0.000000,32.722222222
553.000000,3.814458910,57.190613219,67.262448125,0.000000,32.711111111
553.500000,3.813130095,57.181271212,67.263376266,0.000000,32.700000000
554.000000,3.811801448,57.171929076,67.264304438,0.000000,32.688888889
554.500000,3.810472970,57.162586812,67.265232642,0.000000,32.677777778
555.000000,3.809144661,57.153244418,67.266160877,0.000000,32.666666667
555.500000,3.807816520,57.143901896,67.267089144,0.000000,32.655555556
556.000000,3.806488548,57.134559245,67.268017442,0.000000,32.644444444
556.500000,3.805160745,57.125216465,67.268945772,0.000000,32.633333333
557.000000,3.803833110,57.115873556,67.269874133,0.000000,32.622222222
557.500000,3.802505644,57.106530517,67.270802525,0.000000,32.611111111
558.000000,3.801178346,57.097187350,67.271730949,0.000000,32.600000000
558.500000,3.799851217,57.087844054,67.272659404,0.000000,32.588888889
559.000000,3.798524257,57.078500630,67.273587891,0.000000,32.577777778
559.500000,3.797197465,57.069157076,67.274516409,0.000000,32.566666667
560.000000,3.795870841,57.059813393,67.275444958,0.000000,32.555555556
560.500000,3.794544387,57.050469581,67.276373540,0.000000,32.544444444
561.000000,3.793218100,57.041125640,67.277302152,0.000000,32.533333333
561.500000,3.791891982,57.031781571,67.278230796,0.000000,32.522222222
562.000000,3.790566033,57.022437372,67.279159471,0.000000,32.511111111
562.500000,3.789240252,57.013093044,67.280088178,0.000000,32.500000000
563.000000,3.787914639,57.003748587,67.281016917,0.000000,32.488888889
563.500000,3.786589195,56.994404002,67.281945686,0.000000,32.477777778
564.000000,3.785263919,56.985059287,67.282874488,0.000000,32.466666667
564.500000,3.783938811,56.975714443,67.283803321,0.000000,32.455555556
565.000000,3.782613872,56.966369471,67.284732185,0.000000,32.444444444
565.500000,3.781289101,56.957024369,67.285661081,0.000000,32.433333333
566.000000,3.779964498,56.947679138,67.286590008,0.000000,32.422222222
566.500000,3.778640064,56.938333779,67.287518966,0.000000,32.411111111
567.000000,3.777315798,56.928988290,67.288447957,0.000000,32.400000000
567.500000,3.775991700,56.919642672,67.289376978,0.000000,32.388888889
568.000000,3.774667770,56.910296925,67.290306032,0.000000,32.377777778
568.500000,3.773344009,56.900951049,67.291235116,0.000000,32.366666667
569.000000,3.772020415,56.891605045,67.292164232,0.000000,32.355555556
569.500000,3.770696990,56.882258911,67.293093380,0.000000,32.344444444
570.000000,3.769373733,56.872912648,67.294022559,0.000000,32.333333333
570.500000,3.768050645,56.863566256,67.294951770,0.000000,32.322222222
571.000000,3.766727724,56.854219735,67.295881012,0.000000,32.311111111
571.500000,3.765404971,56.844873084,67.296810286,0.000000,32.300000000
572.000000,3.764082387,56.835526305,67.297739591,0.000000,32.288888889
572.500000,3.762759970,56.826179397,67.298668928,0.000000,32.277777778
573.000000,3.761437722,56.816832360,67.299598296,0.000000,32.266666667
573.500000,3.760115641,56.807485193,67.300527696,0.000000,32.255555556
574.000000,3.758793729,56.798137898,67.301457127,0.000000,32.244444444
574.500000,3.757471985,56.788790473,67.302386590,0.000000,32.233333333
575.000000,3.756150408,56.779442919,67.303316084,0.000000,32.222222222
575.500000,3.754829000,56.770095237,67.304245610,0.000000,32.211111111
576.000000,3.753507759,56.760747425,67.305175168,0.000000,32.200000000
576.500000,3.752186686,56.751399484,67.306104756,0.000000,32.188888889
577.000000,3.750865781,56.742051414,67.307034377,0.000000,32.177777778
577.500000,3.749545045,56.732703214,67.307964029,0.000000,32.166666667
578.000000,3.748224476,56.723354886,67.308893713,0.000000,32.155555556
578.500000,3.746904074,56.714006429,67.309823428,0.000000,32.144444444
579.000000,3.745583841,56.704657842,67.310753174,0.000000,32.133333333
579.500000,3.744263775,56.695309126,67.311682953,0.000000,32.122222222
580.000000,3.742943878,56.685960281,67.312612762,0.000000,32.111111111
580.500000,3.741624147,56.676611307,67.313542604,0.000000,32.100000000
581.000000,3.740304585,56.667262204,67.314472477,0.000000,32.088888889
581.500000,3.738985191,56.657912972,67.315402381,0.000000,32.077777778
582.000000,3.737665964,56.648563611,67.316332317,0.000000,32.066666667
582.500000,3.736346905,56.639214120,67.317262285,0.000000,32.055555556
583.000000,3.735028013,56.629864500,67.318192284,0.000000,32.044444444
583.500000,3.733709289,56.620514751,67.319122315,0.000000,32.033333333
584.000000,3.732390733,56.611164873,67.320052377,0.000000,32.022222222
584.500000,3.731072345,56.601814866,67.320982471,0.000000,32.011111111
585.000000,3.729754124,56.592464729,67.321912597,0.000000,32.000000000
585.500000,3.728436070,56.583114464,67.322842754,0.000000,31.988888889
586.000000,3.727118184,56.573764069,67.323772942,0.000000,31.977777778
586.500000,3.725800466,56.564413545,67.324703163,0.000000,31.966666667
587.000000,3.724482915,56.555062892,67.325633415,0.000000,31.955555556
587.500000,3.723165532,56.545712109,67.326563698,0.000000,31.944444444
588.000000,3.721848316,56.536361198,67.327494013,0.000000,31.933333333
588.500000,3.720531268,56.527010157,67.328424360,0.000000,31.922222222
589.000000,3.719214387,56.517658987,67.329354738,0.000000,31.911111111
589.500000,3.717897674,56.508307688,67.330285148,0.000000,31.900000000
590.000000,3.716581128,56.498956259,83.637673432,6.000000,31.888888889
590.500000,3.722512872,56.487339915,83.638611986,6.000000,31.877777778
591.000000,3.728443904,56.475723442,83.639550609,6.000000,31.866666667
591.500000,3.734374224,56.464106837,83.640489301,6.000000,31.855555556
592.000000,3.740303832,56.452490103,83.641428062,6.000000,31.844444444
592.500000,3.746232729,56.440873238,83.642366891,6.000000,31.833333333
593.000000,3.752160915,56.429256242,83.643305790,6.000000,31.822222222
593.500000,3.758088389,56.417639117,83.644244757,6.000000,31.811111111
594.000000,3.764015152,56.406021860,83.645183794,6.000000,31.800000000
594.500000,3.769941204,56.394404474,83.646122899,6.000000,31.788888889
595.000000,3.775866545,56.382786957,83.647062073,6.000000,31.777777778
595.500000,3.781791174,56.371169309,83.648001315,6.000000,31.766666667
596.000000,3.787715093,56.359551531,83.648940627,6.000000,31.755555556
596.500000,3.793638301,56.347933623,83.649880008,6.000000,31.744444444
597.000000,3.799560798,56.336315584,83.650819457,6.000000,31.733333333
597.500000,3.805482584,56.324697414,83.651758976,6.000000,31.722222222
598.000000,3.811403660,56.313079115,83.652698563,6.000000,31.711111111
598.500000,3.817324025,56.301460684,83.653638219,6.000000,31.700000000
599.000000,3.823243679,56.289842123,83.654577944,6.000000,31.688888889
599.500000,3.829162623,56.278223432,83.655517738,6.000000,31.677777778
600.000000,3.835080857,56.266604610,83.656457601,6.000000,31.666666667
600.500000,3.840998381,56.254985658,83.657397533,6.000000,31.655555556
601.000000,3.846915194,56.243366575,83.658337534,6.000000,31.644444444
601.500000,3.852831297,56.231747361,83.659277603,6.000000,31.633333333
602.000000,3.858746691,56.220128017,83.660217742,6.000000,31.622222222
602.500000,3.864661374,56.208508542,83.661157949,6.000000,31.611111111
603.000000,3.870575348,56.196888937,83.662098225,6.000000,31.600000000
603.500000,3.876488611,56.185269201,83.663038570,6.000000,31.588888889
604.000000,3.882401166,56.173649335,83.663978984,6.000000,31.577777778
604.500000,3.888313010,56.162029338,83.664919467,6.000000,31.566666667
605.000000,3.894224145,56.150409210,83.665860019,6.000000,31.555555556
605.500000,3.900134570,56.138788952,83.666800640,6.000000,31.544444444
606.000000,3.906044287,56.127168563,83.667741330,6.000000,31.533333333
606.500000,3.911953293,56.115548043,83.668682088,6.000000,31.522222222
607.000000,3.917861591,56.103927393,83.669622916,6.000000,31.511111111
607.500000,3.923769179,56.092306612,83.670563812,6.000000,31.500000000
608.000000,3.929676059,56.080685700,83.671504778,6.000000,31.488888889
608.500000,3.935582229,56.069064658,83.672445812,6.000000,31.477777778
609.000000,3.941487691,56.057443485,83.673386915,6.000000,31.466666667
609.500000,3.947392444,56.045822181,83.674328088,6.000000,31.455555556
610.000000,3.953296488,56.034200747,83.675269329,6.000000,31.444444444
610.500000,3.959199823,56.022579181,83.676210639,6.000000,31.433333333
611.000000,3.965102450,56.010957485,83.677152018,6.000000,31.422222222
611.500000,3.971004368,55.999335659,83.678093466,6.000000,31.411111111
612.000000,3.976905578,55.987713701,83.679034982,6.000000,31.400000000
612.500000,3.982806079,55.976091613,83.679976568,6.000000,31.388888889
613.000000,3.988705873,55.964469394,83.680918223,6.000000,31.377777778
613.500000,3.994604958,55.952847044,83.681859946,6.000000,31.366666667
614.000000,4.000503335,55.941224564,83.682801739,6.000000,31.355555556
614.500000,4.006401004,55.929601952,83.683743601,6.000000,31.344444444
615.000000,4.012297965,55.917979210,83.684685531,6.000000,31.333333333
615.500000,4.018194218,55.906356337,83.685627530,6.000000,31.322222222
616.000000,4.024089763,55.894733334,83.686569599,6.000000,31.311111111
616.500000,4.029984601,55.883110199,83.687511736,6.000000,31.300000000
617.000000,4.035878731,55.871486933,83.688453942,6.000000,31.288888889
617.500000,4.041772154,55.859863537,83.689396218,6.000000,31.277777778
618.000000,4.047664869,55.848240010,83.690338562,6.000000,31.266666667
618.500000,4.053556876,55.836616352,83.691280975,6.000000,31.255555556
619.000000,4.059448177,55.824992563,83.692223457,6.000000,31.244444444
619.500000,4.065338770,55.813368643,83.693166008,6.000000,31.233333333
620.000000,4.071228656,55.801744592,83.694108628,6.000000,31.222222222
620.500000,4.077117834,55.790120410,83.695051317,6.000000,31.211111111
621.000000,4.083006306,55.778496097,83.695994075,6.000000,31.200000000
621.500000,4.088894071,55.766871654,83.696936902,6.000000,31.188888889
622.000000,4.094781129,55.755247079,83.697879798,6.000000,31.177777778
622.500000,4.100667481,55.743622374,83.698822762,6.000000,31.166666667
623.000000,4.106553126,55.731997537,83.699765796,6.000000,31.155555556
623.500000,4.112438064,55.720372570,83.700708899,6.000000,31.144444444
624.000000,4.118322295,55.708747471,83.701652071,6.000000,31.133333333
624.500000,4.124205820,55.697122242,83.702595311,6.000000,31.122222222
625.000000,4.130088639,55.685496881,83.703538621,6.000000,31.111111111
625.500000,4.135970752,55.673871390,83.704482000,6.000000,31.100000000
626.000000,4.141852158,55.662245767,83.705425447,6.000000,31.088888889
626.500000,4.147732858,55.650620014,83.706368964,6.000000,31.077777778
627.000000,4.153612852,55.638994129,83.707312550,6.000000,31.066666667
627.500000,4.159492141,55.627368114,83.708256204,6.000000,31.055555556
628.000000,4.165370723,55.615741967,83.709199928,6.000000,31.044444444
628.500000,4.171248600,55.604115689,83.710143720,6.000000,31.033333333
629.000000,4.177125770,55.592489280,83.711087582,6.000000,31.022222222
629.500000,4.183002235,55.580862740,83.712031512,6.000000,31.011111111
630.000000,4.188877995,55.569236069,83.712975512,6.000000,31.000000000
630.500000,4.194753049,55.557609267,83.713919580,6.000000,30.988888889
631.000000,4.200627398,55.545982334,83.714863718,6.000000,30.977777778
631.500000,4.206501041,55.534355269,83.715807925,6.000000,30.966666667
632.000000,4.212373979,55.522728074,83.716752200,6.000000,30.955555556
632.500000,4.218246212,55.511100747,83.717696545,6.000000,30.944444444
633.000000,4.224117740,55.499473289,83.718640958,6.000000,30.933333333
633.500000,4.229988563,55.487845700,83.719585441,6.000000,30.922222222
634.000000,4.235858681,55.476217980,83.720529992,6.000000,30.911111111
634.500000,4.241728094,55.464590129,83.721474613,6.000000,30.900000000
635.000000,4.247596802,55.452962146,83.722419302,6.000000,30.888888889
635.500000,4.253464805,55.441334032,83.723364061,6.000000,30.877777778
636.000000,4.259332104,55.429705787,83.724308889,6.000000,30.866666667
636.500000,4.265198699,55.418077411,83.725253785,6.000000,30.855555556
637.000000,4.271064589,55.406448904,83.726198751,6.000000,30.844444444
637.500000,4.276929774,55.394820265,83.727143785,6.000000,30.833333333
638.000000,4.282794256,55.383191495,83.728088889,6.000000,30.822222222
638.500000,4.288658033,55.371562594,83.729034062,6.000000,30.811111111
639.000000,4.294521105,55.359933561,83.729979304,6.000000,30.800000000
639.500000,4.300383474,55.348304397,83.730924614,6.000000,30.788888889
640.000000,4.306245139,55.336675102,83.731869994,6.000000,30.777777778
640.500000,4.312106100,55.325045676,83.732815443,6.000000,30.766666667
641.000000,4.317966357,55.313416118,83.733760961,6.000000,30.755555556
641.500000,4.323825910,55.301786429,83.734706548,6.000000,30.744444444
642.000000,4.329684760,55.290156609,83.735652203,6.000000,30.733333333
642.500000,4.335542906,55.278526657,83.736597928,6.000000,30.722222222
643.000000,4.341400349,55.266896574,83.737543722,6.000000,30.711111111
643.500000,4.347257088,55.255266360,83.738489585,6.000000,30.700000000
644.000000,4.353113123,55.243636014,83.739435517,6.000000,30.688888889
644.500000,4.358968456,55.232005537,83.740381518,6.000000,30.677777778
645.000000,4.364823085,55.220374928,83.741327589,6.000000,30.666666667
645.500000,4.370677011,55.208744188,83.742273728,6.000000,30.655555556
646.000000,4.376530234,55.197113317,83.743219936,6.000000,30.644444444
646.500000,4.382382754,55.185482314,83.744166213,6.000000,30.633333333
647.000000,4.388234572,55.173851180,83.745112560,6.000000,30.622222222
647.500000,4.394085686,55.162219914,83.746058975,6.000000,30.611111111
648.000000,4.399936098,55.150588517,83.747005459,6.000000,30.600000000
648.500000,4.405785807,55.138956989,83.747952013,6.000000,30.588888889
649.000000,4.411634813,55.127325329,83.748898635,6.000000,30.577777778
649.500000,4.417483117,55.115693537,83.749845327,6.000000,30.566666667
650.000000,4.423330719,55.104061614,83.750792088,6.000000,30.555555556
650.500000,4.429177618,55.092429560,83.751738917,6.000000,30.544444444
651.000000,4.435023815,55.080797374,83.752685816,6.000000,30.533333333
651.500000,4.440869310,55.069165056,83.753632784,6.000000,30.522222222
652.000000,4.446714103,55.057532607,83.754579821,6.000000,30.511111111
652.500000,4.452558193,55.045900027,83.755526927,6.000000,30.500000000
653.000000,4.458401582,55.034267315,83.756474102,6.000000,30.488888889
653.500000,4.464244269,55.022634471,83.757421346,6.000000,30.477777778
654.000000,4.470086254,55.011001496,83.758368659,6.000000,30.466666667
654.500000,4.475927538,54.999368389,83.759316042,6.000000,30.455555556
655.000000,4.481768119,54.987735151,83.760263493,6.000000,30.444444444
655.500000,4.487608000,54.976101781,83.761211013,6.000000,30.433333333
656.000000,4.493447178,54.964468279,83.762158603,6.000000,30.422222222
656.500000,4.499285656,54.952834646,83.763106261,6.000000,30.411111111
657.000000,4.505123432,54.941200882,83.764053989,6.000000,30.400000000
657.500000,4.510960507,54.929566985,83.765001786,6.000000,30.388888889
658.000000,4.516796880,54.917932957,83.765949652,6.000000,30.377777778
658.500000,4.522632553,54.906298797,83.766897587,6.000000,30.366666667
659.000000,4.528467524,54.894664506,83.767845591,6.000000,30.355555556
659.500000,4.534301795,54.883030083,83.768793664,6.000000,30.344444444
660.000000,4.540135365,54.871395528,83.769741806,6.000000,30.333333333
660.500000,4.545968234,54.859760842,83.770690017,6.000000,30.322222222
661.000000,4.551800402,54.848126024,83.771638298,6.000000,30.311111111
661.500000,4.557631870,54.836491074,83.772586647,6.000000,30.300000000
662.000000,4.563462637,54.824855993,83.773535066,6.000000,30.288888889
662.500000,4.569292704,54.813220780,83.774483554,6.000000,30.277777778
663.000000,4.575122071,54.801585435,83.775432110,6.000000,30.266666667
663.500000,4.580950737,54.789949958,83.776380736,6.000000,30.255555556
664.000000,4.586778703,54.778314350,83.777329431,6.000000,30.244444444
664.500000,4.592605968,54.766678609,83.778278196,6.000000,30.233333333
665.000000,4.598432534,54.755042737,83.779227029,6.000000,30.222222222
665.500000,4.604258400,54.743406734,83.780175931,6.000000,30.211111111
666.000000,4.610083566,54.731770598,83.781124903,6.000000,30.200000000
666.500000,4.615908032,54.720134331,83.782073943,6.000000,30.188888889
667.000000,4.621731798,54.708497932,83.783023053,6.000000,30.177777778
667.500000,4.627554865,54.696861401,83.783972232,6.000000,30.166666667
668.000000,4.633377232,54.685224738,83.784921480,6.000000,30.155555556
668.500000,4.639198899,54.673587943,83.785870797,6.000000,30.144444444
669.000000,4.645019867,54.661951017,83.786820183,6.000000,30.133333333
669.500000,4.650840136,54.650313958,83.787769638,6.000000,30.122222222
670.000000,4.656659706,54.638676768,83.788719163,6.000000,30.111111111
670.500000,4.662478576,54.627039446,83.789668757,6.000000,30.100000000
671.000000,4.668296747,54.615401992,83.790618419,6.000000,30.088888889
671.500000,4.674114219,54.603764406,83.791568151,6.000000,30.077777778
672.000000,4.679930992,54.592126688,83.792517952,6.000000,30.066666667
672.500000,4.685747067,54.580488839,83.793467822,6.000000,30.055555556
673.000000,4.691562442,54.568850857,83.794417761,6.000000,30.044444444
673.500000,4.697377119,54.557212743,83.795367770,6.000000,30.033333333
674.000000,4.703191097,54.545574498,83.796317847,6.000000,30.022222222
674.500000,4.709004376,54.533936120,83.797267994,6.000000,30.011111111
675.000000,4.714816957,54.522297611,83.798218210,6.000000,30.000000000
675.500000,4.720628840,54.510658969,83.799168495,6.000000,29.988888889
676.000000,4.726440024,54.499020196,83.800118849,6.000000,29.977777778
676.500000,4.732250510,54.487381291,83.801069272,6.000000,29.966666667
677.000000,4.738060298,54.475742253,83.802019765,6.000000,29.955555556
677.500000,4.743869388,54.464103084,83.802970326,6.000000,29.944444444
678.000000,4.749677780,54.452463782,83.803920957,6.000000,29.933333333
678.500000,4.755485474,54.440824349,83.804871657,6.000000,29.922222222
679.000000,4.761292470,54.429184783,83.805822426,6.000000,29.911111111
679.500000,4.767098768,54.417545086,83.806773264,6.000000,29.900000000
680.000000,4.772904368,54.405905256,83.807724172,6.000000,29.888888889
680.500000,4.778709271,54.394265295,83.808675148,6.000000,29.877777778
681.000000,4.784513476,54.382625201,83.809626194,6.000000,29.866666667
681.500000,4.790316984,54.370984975,83.810577309,6.000000,29.855555556
682.000000,4.796119794,54.359344617,83.811528493,6.000000,29.844444444
682.500000,4.801921907,54.347704127,83.812479746,6.000000,29.833333333
683.000000,4.807723323,54.336063505,83.813431069,6.000000,29.822222222
683.500000,4.813524042,54.324422750,83.814382460,6.000000,29.811111111
684.000000,4.819324064,54.312781864,83.815333921,6.000000,29.800000000
684.500000,4.825123388,54.301140845,83.816285451,6.000000,29.788888889
685.000000,4.830922016,54.289499695,83.817237050,6.000000,29.777777778
685.500000,4.836719947,54.277858412,83.818188718,6.000000,29.766666667
686.000000,4.842517181,54.266216997,83.819140456,6.000000,29.755555556
686.500000,4.848313718,54.254575449,83.820092262,6.000000,29.744444444
687.000000,4.854109559,54.242933770,83.821044138,6.000000,29.733333333
687.500000,4.859904703,54.231291958,83.821996083,6.000000,29.722222222
688.000000,4.865699151,54.219650014,83.822948098,6.000000,29.711111111
688.500000,4.871492902,54.208007938,83.823900181,6.000000,29.700000000
689.000000,4.877285957,54.196365730,83.824852334,6.000000,29.688888889
689.500000,4.883078316,54.184723389,83.825804555,6.000000,29.677777778
690.000000,4.888869978,54.173080916,83.826756846,6.000000,29.666666667
690.500000,4.894660945,54.161438311,83.827709207,6.000000,29.655555556
691.000000,4.900451216,54.149795574,83.828661636,6.000000,29.644444444
691.500000,4.906240790,54.138152704,83.829614135,6.000000,29.633333333
692.000000,4.912029669,54.126509702,83.830566702,6.000000,29.622222222
692.500000,4.917817852,54.114866568,83.831519339,6.000000,29.611111111
693.000000,4.923605340,54.103223301,83.832472046,6.000000,29.600000000
693.500000,4.929392131,54.091579902,83.833424821,6.000000,29.588888889
694.000000,4.935178228,54.079936371,83.834377666,6.000000,29.577777778
694.500000,4.940963629,54.068292708,83.835330580,6.000000,29.566666667
695.000000,4.946748334,54.056648912,83.836283563,6.000000,29.555555556
695.500000,4.952532344,54.045004983,83.837236615,6.000000,29.544444444
696.000000,4.958315659,54.033360923,83.838189736,6.000000,29.533333333
696.500000,4.964098279,54.021716730,83.839142927,6.000000,29.522222222
697.000000,4.969880204,54.010072404,83.840096187,6.000000,29.511111111
697.500000,4.975661434,53.998427947,83.841049516,6.000000,29.500000000
698.000000,4.981441969,53.986783356,83.842002915,6.000000,29.488888889
698.500000,4.987221809,53.975138634,83.842956382,6.000000,29.477777778
699.000000,4.993000954,53.963493779,83.843909919,6.000000,29.466666667
699.500000,4.998779405,53.951848791,83.844863525,6.000000,29.455555556
700.000000,5.004557161,53.940203671,83.845817201,6.000000,29.444444444
700.500000,5.010334222,53.928558419,83.846770945,6.000000,29.433333333
701.000000,5.016110589,53.916913034,83.847724759,6.000000,29.422222222
701.500000,5.021886262,53.905267517,83.848678642,6.000000,29.411111111
702.000000,5.027661241,53.893621867,83.849632594,6.000000,29.400000000
702.500000,5.033435525,53.881976085,83.850586616,6.000000,29.388888889
703.000000,5.039209115,53.870330170,83.851540706,6.000000,29.377777778
703.500000,5.044982011,53.858684122,83.852494866,6.000000,29.366666667
704.000000,5.050754214,53.847037943,83.853449096,6.000000,29.355555556
704.500000,5.056525722,53.835391630,83.854403394,6.000000,29.344444444
705.000000,5.062296536,53.823745185,83.855357762,6.000000,29.333333333
705.500000,5.068066657,53.812098608,83.856312199,6.000000,29.322222222
706.000000,5.073836084,53.800451898,83.857266705,6.000000,29.311111111
706.500000,5.079604818,53.788805055,83.858221280,6.000000,29.300000000
707.000000,5.085372858,53.777158080,83.859175925,6.000000,29.288888889
707.500000,5.091140204,53.765510972,83.860130639,6.000000,29.277777778
708.000000,5.096906857,53.753863732,83.861085422,6.000000,29.266666667
708.500000,5.102672817,53.742216359,83.862040275,6.000000,29.255555556
709.000000,5.108438084,53.730568853,83.862995197,6.000000,29.244444444
709.500000,5.114202658,53.718921215,83.863950188,6.000000,29.233333333
710.000000,5.119966538,53.707273444,83.864905248,6.000000,29.222222222
710.500000,5.125729726,53.695625541,83.865860378,6.000000,29.211111111
711.000000,5.131492221,53.683977505,83.866815577,6.000000,29.200000000
711.500000,5.137254023,53.672329336,83.867770845,6.000000,29.188888889
712.000000,5.143015132,53.660681034,83.868726182,6.000000,29.177777778
712.500000,5.148775549,53.649032600,83.869681589,6.000000,29.166666667
713.000000,5.154535273,53.637384033,83.870637065,6.000000,29.155555556
713.500000,5.160294304,53.625735334,83.871592610,6.000000,29.144444444
714.000000,5.166052643,53.614086501,83.872548224,6.000000,29.133333333
714.500000,5.171810290,53.602437536,83.873503908,6.000000,29.122222222
715.000000,5.177567245,53.590788438,83.874459661,6.000000,29.111111111
715.500000,5.183323507,53.579139208,83.875415484,6.000000,29.100000000
716.000000,5.189079077,53.567489845,83.876371375,6.000000,29.088888889
716.500000,5.194833955,53.555840349,83.877327336,6.000000,29.077777778
717.000000,5.200588142,53.544190720,83.878283366,6.000000,29.066666667
717.500000,5.206341636,53.532540958,83.879239466,6.000000,29.055555556
718.000000,5.212094439,53.520891064,83.880195635,6.000000,29.044444444
718.500000,5.217846549,53.509241037,83.881151873,6.000000,29.033333333
719.000000,5.223597969,53.497590877,83.882108180,6.000000,29.022222222
719.500000,5.229348696,53.485940584,83.883064557,6.000000,29.011111111
720.000000,5.235098733,53.474290158,83.884021003,6.000000,29.000000000
720.500000,5.240848077,53.462639600,83.884977518,6.000000,28.988888889
721.000000,5.246596731,53.450988909,83.885934103,6.000000,28.977777778
721.500000,5.252344693,53.439338084,83.886890757,6.000000,28.966666667
722.000000,5.258091964,53.427687127,83.887847480,6.000000,28.955555556
722.500000,5.263838544,53.416036037,83.888804273,6.000000,28.944444444
723.000000,5.269584433,53.404384815,83.889761135,6.000000,28.933333333
723.500000,5.275329631,53.392733459,83.890718066,6.000000,28.922222222
724.000000,5.281074138,53.381081970,83.891675066,6.000000,28.911111111
724.500000,5.286817954,53.369430349,83.892632136,6.000000,28.900000000
725.000000,5.292561080,53.357778594,83.893589275,6.000000,28.888888889
725.500000,5.298303515,53.346126707,83.894546484,6.000000,28.877777778
726.000000,5.304045259,53.334474686,83.895503761,6.000000,28.866666667
726.500000,5.309786313,53.322822533,83.896461108,6.000000,28.855555556
727.000000,5.315526677,53.311170247,83.897418525,6.000000,28.844444444
727.500000,5.321266350,53.299517828,83.898376011,6.000000,28.833333333
728.000000,5.327005333,53.287865275,83.899333566,6.000000,28.822222222
728.500000,5.332743626,53.276212590,83.900291190,6.000000,28.811111111
729.000000,5.338481228,53.264559772,83.901248884,6.000000,28.800000000
729.500000,5.344218141,53.252906821,83.902206647,6.000000,28.788888889
730.000000,5.349954364,53.241253737,83.903164479,6.000000,28.777777778
730.500000,5.355689897,53.229600519,83.904122381,6.000000,28.766666667
731.000000,5.361424740,53.217947169,83.905080352,6.000000,28.755555556
731.500000,5.367158893,53.206293686,83.906038393,6.000000,28.744444444
732.000000,5.372892357,53.194640069,83.906996502,6.000000,28.733333333
732.500000,5.378625131,53.182986320,83.907954682,6.000000,28.722222222
733.000000,5.384357216,53.171332437,83.908912930,6.000000,28.711111111
733.500000,5.390088611,53.159678421,83.909871248,6.000000,28.700000000
734.000000,5.395819317,53.148024272,83.910829635,6.000000,28.688888889
734.500000,5.401549334,53.136369991,83.911788092,6.000000,28.677777778
735.000000,5.407278662,53.124715576,83.912746617,6.000000,28.666666667
735.500000,5.413007300,53.113061027,83.913705213,6.000000,28.655555556
736.000000,5.418735250,53.101406346,83.914663877,6.000000,28.644444444
736.500000,5.424462510,53.089751532,83.915622611,6.000000,28.633333333
737.000000,5.430189082,53.078096584,83.916581415,6.000000,28.622222222
737.500000,5.435914965,53.066441503,83.917540287,6.000000,28.611111111
738.000000,5.441640159,53.054786289,83.918499229,6.000000,28.600000000
738.500000,5.447364665,53.043130942,83.919458241,6.000000,28.588888889
739.000000,5.453088482,53.031475462,83.920417322,6.000000,28.577777778
739.500000,5.458811610,53.019819849,83.921376472,6.000000,28.566666667
740.000000,5.464534051,53.008164102,83.922335691,6.000000,28.555555556
740.500000,5.470255803,52.996508222,83.923294980,6.000000,28.544444444
741.000000,5.475976866,52.984852209,83.924254338,6.000000,28.533333333
741.500000,5.481697242,52.973196062,83.925213766,6.000000,28.522222222
742.000000,5.487416929,52.961539783,83.926173263,6.000000,28.511111111
742.500000,5.493135928,52.949883370,83.927132830,6.000000,28.500000000
743.000000,5.498854240,52.938226823,83.928092465,6.000000,28.488888889
743.500000,5.504571864,52.926570144,83.929052171,6.000000,28.477777778
744.000000,5.510288799,52.914913331,83.930011945,6.000000,28.466666667
744.500000,5.516005048,52.903256385,83.930971789,6.000000,28.455555556
745.000000,5.521720608,52.891599306,83.931931702,6.000000,28.444444444
745.500000,5.527435481,52.879942093,83.932891685,6.000000,28.433333333
746.000000,5.533149666,52.868284747,83.933851737,6.000000,28.422222222
746.500000,5.538863165,52.856627267,83.934811859,6.000000,28.411111111
747.000000,5.544575975,52.844969655,83.935772050,6.000000,28.400000000
747.500000,5.550288099,52.833311908,83.936732310,6.000000,28.388888889
748.000000,5.555999535,52.821654029,83.937692640,6.000000,28.377777778
748.500000,5.561710285,52.809996016,83.938653039,6.000000,28.366666667
749.000000,5.567420347,52.798337870,83.939613508,6.000000,28.355555556
749.500000,5.573129722,52.786679590,83.940574046,6.000000,28.344444444
750.000000,5.578838411,52.775021177,83.941534653,6.000000,28.333333333
750.500000,5.584546412,52.763362631,83.942495330,6.000000,28.322222222
751.000000,5.590253727,52.751703951,83.943456076,6.000000,28.311111111
751.500000,5.595960356,52.740045137,83.944416891,6.000000,28.300000000
752.000000,5.601666298,52.728386191,83.945377776,6.000000,28.288888889
752.500000,5.607371553,52.716727110,83.946338731,6.000000,28.277777778
753.000000,5.613076122,52.705067897,83.947299755,6.000000,28.266666667
753.500000,5.618780005,52.693408549,83.948260848,6.000000,28.255555556
754.000000,5.624483201,52.681749069,83.949222011,6.000000,28.244444444
754.500000,5.630185712,52.670089455,83.950183243,6.000000,28.233333333
755.000000,5.635887536,52.658429707,83.951144544,6.000000,28.222222222
755.500000,5.641588674,52.646769826,83.952105915,6.000000,28.211111111
756.000000,5.647289126,52.635109811,83.953067356,6.000000,28.200000000
756.500000,5.652988893,52.623449663,83.954028866,6.000000,28.188888889
757.000000,5.658687973,52.611789381,83.954990445,6.000000,28.177777778
757.500000,5.664386368,52.600128966,83.955952094,6.000000,28.166666667
758.000000,5.670084077,52.588468417,83.956913812,6.000000,28.155555556
758.500000,5.675781101,52.576807734,83.957875599,6.000000,28.144444444
759.000000,5.681477440,52.565146918,83.958837456,6.000000,28.133333333
759.500000,5.687173092,52.553485969,83.959799383,6.000000,28.122222222
760.000000,5.692868060,52.541824885,83.960761379,6.000000,28.111111111
760.500000,5.698562342,52.530163668,83.961723444,6.000000,28.100000000
761.000000,5.704255940,52.518502318,83.962685579,6.000000,28.088888889
761.500000,5.709948852,52.506840834,83.963647783,6.000000,28.077777778
762.000000,5.715641079,52.495179216,83.964610057,6.000000,28.066666667
762.500000,5.721332621,52.483517465,83.965572400,6.000000,28.055555556
763.000000,5.727023478,52.471855580,83.966534813,6.000000,28.044444444
763.500000,5.732713651,52.460193561,83.967497295,6.000000,28.033333333
764.000000,5.738403138,52.448531409,83.968459846,6.000000,28.022222222
764.500000,5.744091942,52.436869122,83.969422467,6.000000,28.011111111
765.000000,5.749780060,52.425206703,83.970385158,6.000000,28.000000000
765.500000,5.755467494,52.413544149,83.971347918,6.000000,27.988888889
766.000000,5.761154244,52.401881462,83.972310747,6.000000,27.977777778
766.500000,5.766840310,52.390218641,83.973273646,6.000000,27.966666667
767.000000,5.772525691,52.378555686,83.974236614,6.000000,27.955555556
767.500000,5.778210388,52.366892598,83.975199652,6.000000,27.944444444
768.000000,5.783894401,52.355229376,83.976162759,6.000000,27.933333333
768.500000,5.789577730,52.343566020,83.977125936,6.000000,27.922222222
769.000000,5.795260375,52.331902530,83.978089182,6.000000,27.911111111
769.500000,5.800942336,52.320238907,83.979052498,6.000000,27.900000000
770.000000,5.806623613,52.308575149,83.980015883,6.000000,27.888888889
770.500000,5.812304207,52.296911258,83.980979338,6.000000,27.877777778
771.000000,5.817984117,52.285247233,83.981942862,6.000000,27.866666667
771.500000,5.823663343,52.273583075,83.982906455,6.000000,27.855555556
772.000000,5.829341886,52.261918782,83.983870119,6.000000,27.844444444
772.500000,5.835019746,52.250254356,83.984833851,6.000000,27.833333333
773.000000,5.840696922,52.238589795,83.985797653,6.000000,27.822222222
773.500000,5.846373415,52.226925101,83.986761525,6.000000,27.811111111
774.000000,5.852049225,52.215260273,83.987725466,6.000000,27.800000000
774.500000,5.857724352,52.203595311,83.988689477,6.000000,27.788888889
775.000000,5.863398795,52.191930216,83.989653557,6.000000,27.777777778
775.500000,5.869072556,52.180264986,83.990617706,6.000000,27.766666667
776.000000,5.874745634,52.168599622,83.991581925,6.000000,27.755555556
776.500000,5.880418029,52.156934125,83.992546214,6.000000,27.744444444
777.000000,5.886089741,52.145268493,83.993510572,6.000000,27.733333333
777.500000,5.891760771,52.133602728,83.994475000,6.000000,27.722222222
778.000000,5.897431118,52.121936829,83.995439497,6.000000,27.711111111
778.500000,5.903100783,52.110270796,83.996404063,6.000000,27.700000000
779.000000,5.908769766,52.098604628,83.997368700,6.000000,27.688888889
779.500000,5.914438066,52.086938327,83.998333405,6.000000,27.677777778
780.000000,5.920105683,52.075271892,83.999298180,6.000000,27.666666667
780.500000,5.925772619,52.063605323,84.000263025,6.000000,27.655555556
781.000000,5.931438872,52.051938620,84.001227939,6.000000,27.644444444
781.500000,5.937104444,52.040271782,84.002192923,6.000000,27.633333333
782.000000,5.942769333,52.028604811,84.003157976,6.000000,27.622222222
782.500000,5.948433541,52.016937706,84.004123099,6.000000,27.611111111
783.000000,5.954097067,52.005270466,84.005088291,6.000000,27.600000000
783.500000,5.959759911,51.993603093,84.006053553,6.000000,27.588888889
784.000000,5.965422073,51.981935586,84.007018885,6.000000,27.577777778
784.500000,5.971083554,51.970267944,84.007984285,6.000000,27.566666667
785.000000,5.976744354,51.958600169,84.008949756,6.000000,27.555555556
785.500000,5.982404472,51.946932259,84.009915296,6.000000,27.544444444
786.000000,5.988063908,51.935264215,84.010880905,6.000000,27.533333333
786.500000,5.993722664,51.923596037,84.011846584,6.000000,27.522222222
787.000000,5.999380738,51.911927725,84.012812333,6.000000,27.511111111
787.500000,6.005038131,51.900259279,84.013778151,6.000000,27.500000000
788.000000,6.010694843,51.888590699,84.014744039,6.000000,27.488888889
788.500000,6.016350874,51.876921984,84.015709996,6.000000,27.477777778
789.000000,6.022006224,51.865253136,84.016676023,6.000000,27.466666667
789.500000,6.027660894,51.853584153,84.017642119,6.000000,27.455555556
790.000000,6.033314882,51.841915036,84.018608285,6.000000,27.444444444
790.500000,6.038968190,51.830245785,84.019574521,6.000000,27.433333333
791.000000,6.044620818,51.818576399,84.020540826,6.000000,27.422222222
791.500000,6.050272765,51.806906880,84.021507200,6.000000,27.411111111
792.000000,6.055924031,51.795237226,84.022473644,6.000000,27.400000000
792.500000,6.061574618,51.783567438,84.023440158,6.000000,27.388888889
793.000000,6.067224524,51.771897516,84.024406741,6.000000,27.377777778
793.500000,6.072873749,51.760227459,84.025373394,6.000000,27.366666667
794.000000,6.078522295,51.748557269,84.026340117,6.000000,27.355555556
794.500000,6.084170161,51.736886944,84.027306909,6.000000,27.344444444
795.000000,6.089817346,51.725216484,84.028273770,6.000000,27.333333333
795.500000,6.095463852,51.713545891,84.029240701,6.000000,27.322222222
796.000000,6.101109678,51.701875163,84.030207702,6.000000,27.311111111
796.500000,6.106754824,51.690204301,84.031174772,6.000000,27.300000000
797.000000,6.112399291,51.678533304,84.032141912,6.000000,27.288888889
797.500000,6.118043077,51.666862173,84.033109121,6.000000,27.277777778
798.000000,6.123686185,51.655190908,84.034076400,6.000000,27.266666667
798.500000,6.129328613,51.643519509,84.035043749,6.000000,27.255555556
799.000000,6.134970362,51.631847975,84.036011167,6.000000,27.244444444
799.500000,6.140611431,51.620176307,84.036978655,6.000000,27.233333333
800.000000,6.146251821,51.608504504,84.037946212,6.000000,27.222222222
800.500000,6.151891532,51.596832567,84.038913839,6.000000,27.211111111
801.000000,6.157530564,51.585160496,84.039881536,6.000000,27.200000000
801.500000,6.163168917,51.573488290,84.040849302,6.000000,27.188888889
802.000000,6.168806591,51.561815950,84.041817138,6.000000,27.177777778
802.500000,6.174443586,51.550143475,84.042785043,6.000000,27.166666667
803.000000,6.180079903,51.538470866,84.043753018,6.000000,27.155555556
803.500000,6.185715541,51.526798123,84.044721063,6.000000,27.144444444
804.000000,6.191350500,51.515125245,84.045689177,6.000000,27.133333333
804.500000,6.196984781,51.503452232,84.046657361,6.000000,27.122222222
805.000000,6.202618383,51.491779085,84.047625614,6.000000,27.111111111
805.500000,6.208251307,51.480105804,84.048593937,6.000000,27.100000000
806.000000,6.213883553,51.468432388,84.049562330,6.000000,27.088888889
806.500000,6.219515120,51.456758838,84.050530792,6.000000,27.077777778
807.000000,6.225146009,51.445085153,84.051499324,6.000000,27.066666667
807.500000,6.230776220,51.433411334,84.052467925,6.000000,27.055555556
808.000000,6.236405754,51.421737380,84.053436596,6.000000,27.044444444
808.500000,6.242034609,51.410063291,84.054405337,6.000000,27.033333333
809.000000,6.247662786,51.398389068,84.055374147,6.000000,27.022222222
809.500000,6.253290286,51.386714711,84.056343027,6.000000,27.011111111
810.000000,6.258917108,51.375040219,84.057311977,6.000000,27.000000000
810.500000,6.264543253,51.363365592,84.058280996,6.000000,26.988888889
811.000000,6.270168719,51.351690831,84.059250085,6.000000,26.977777778
811.500000,6.275793509,51.340015935,84.060219243,6.000000,26.966666667
812.000000,6.281417621,51.328340905,84.061188471,6.000000,26.955555556
812.500000,6.287041056,51.316665740,84.062157769,6.000000,26.944444444
813.000000,6.292663813,51.304990440,84.063127136,6.000000,26.933333333
813.500000,6.298285894,51.293315006,84.064096573,6.000000,26.922222222
814.000000,6.303907297,51.281639437,84.065066080,6.000000,26.911111111
814.500000,6.309528023,51.269963733,84.066035656,6.000000,26.900000000
815.000000,6.315148072,51.258287895,84.067005302,6.000000,26.888888889
815.500000,6.320767445,51.246611922,84.067975018,6.000000,26.877777778
816.000000,6.326386141,51.234935814,84.068944803,6.000000,26.866666667
816.500000,6.332004160,51.223259572,84.069914658,6.000000,26.855555556
817.000000,6.337621502,51.211583195,84.070884582,6.000000,26.844444444
817.500000,6.343238168,51.199906683,84.071854577,6.000000,26.833333333
818.000000,6.348854157,51.188230037,84.072824641,6.000000,26.822222222
818.500000,6.354469470,51.176553255,84.073794774,6.000000,26.811111111
819.000000,6.360084107,51.164876339,84.074764977,6.000000,26.800000000
819.500000,6.365698067,51.153199289,84.075735250,6.000000,26.788888889
820.000000,6.371311352,51.141522103,84.076705593,6.000000,26.777777778
820.500000,6.376923960,51.129844783,84.077676005,6.000000,26.766666667
821.000000,6.382535892,51.118167328,84.078646487,6.000000,26.755555556
821.500000,6.388147148,51.106489738,84.079617038,6.000000,26.744444444
822.000000,6.393757729,51.094812014,84.080587659,6.000000,26.733333333
822.500000,6.399367633,51.083134154,84.081558350,6.000000,26.722222222
823.000000,6.404976862,51.071456160,84.082529111,6.000000,26.711111111
823.500000,6.410585415,51.059778031,84.083499941,6.000000,26.700000000
824.000000,6.416193293,51.048099767,84.084470841,6.000000,26.688888889
824.500000,6.421800495,51.036421368,84.085441810,6.000000,26.677777778
825.000000,6.427407022,51.024742835,84.086412850,6.000000,26.666666667
825.500000,6.433012873,51.013064166,84.087383959,6.000000,26.655555556
826.000000,6.438618049,51.001385363,84.088355137,6.000000,26.644444444
826.500000,6.444222550,50.989706425,84.089326386,6.000000,26.633333333
827.000000,6.449826376,50.978027352,84.090297704,6.000000,26.622222222
827.500000,6.455429527,50.966348144,84.091269091,6.000000,26.611111111
828.000000,6.461032003,50.954668801,84.092240549,6.000000,26.600000000
828.500000,6.466633804,50.942989323,84.093212076,6.000000,26.588888889
829.000000,6.472234930,50.931309710,84.094183673,6.000000,26.577777778
829.500000,6.477835381,50.919629962,84.095155339,6.000000,26.566666667
830.000000,6.483435158,50.907950080,84.096127075,6.000000,26.555555556
830.500000,6.489034260,50.896270062,84.097098881,6.000000,26.544444444
831.000000,6.494632688,50.884589909,84.098070757,6.000000,26.533333333
831.500000,6.500230441,50.872909622,84.099042702,6.000000,26.522222222
832.000000,6.505827520,50.861229199,84.100014717,6.000000,26.511111111
832.500000,6.511423925,50.849548642,84.100986802,6.000000,26.500000000
833.000000,6.517019655,50.837867949,84.101958957,6.000000,26.488888889
833.500000,6.522614711,50.826187121,84.102931181,6.000000,26.477777778
834.000000,6.528209094,50.814506159,84.103903475,6.000000,26.466666667
834.500000,6.533802802,50.802825061,84.104875838,6.000000,26.455555556
835.000000,6.539395836,50.791143828,84.105848272,6.000000,26.444444444
835.500000,6.544988197,50.779462460,84.106820775,6.000000,26.433333333
836.000000,6.550579884,50.767780958,84.107793347,6.000000,26.422222222
836.500000,6.556170897,50.756099320,84.108765990,6.000000,26.411111111
837.000000,6.561761236,50.744417547,84.109738702,6.000000,26.400000000
837.500000,6.567350902,50.732735638,84.110711484,6.000000,26.388888889
838.000000,6.572939895,50.721053595,84.111684336,6.000000,26.377777778
838.500000,6.578528214,50.709371417,84.112657257,6.000000,26.366666667
839.000000,6.584115860,50.697689103,84.113630249,6.000000,26.355555556
839.500000,6.589702832,50.686006655,84.114603309,6.000000,26.344444444
840.000000,6.595289132,50.674324071,84.115576440,6.000000,26.333333333
840.500000,6.600874758,50.662641352,84.116549641,6.000000,26.322222222
841.000000,6.606459712,50.650958498,84.117522911,6.000000,26.311111111
841.500000,6.612043992,50.639275508,84.118496251,6.000000,26.300000000
842.000000,6.617627600,50.627592384,84.119469660,6.000000,26.288888889
842.500000,6.623210535,50.615909124,84.120443140,6.000000,26.277777778
843.000000,6.628792797,50.604225729,84.121416689,6.000000,26.266666667
843.500000,6.634374387,50.592542199,84.122390308,6.000000,26.255555556
844.000000,6.639955304,50.580858534,84.123363996,6.000000,26.244444444
844.500000,6.645535548,50.569174733,84.124337755,6.000000,26.233333333
845.000000,6.651115121,50.557490798,84.125311583,6.000000,26.222222222
845.500000,6.656694020,50.545806727,84.126285481,6.000000,26.211111111
846.000000,6.662272248,50.534122520,84.127259448,6.000000,26.200000000
846.500000,6.667849803,50.522438179,84.128233486,6.000000,26.188888889
847.000000,6.673426687,50.510753702,84.129207593,6.000000,26.177777778
847.500000,6.679002898,50.499069090,84.130181770,6.000000,26.166666667
848.000000,6.684578438,50.487384342,84.131156017,6.000000,26.155555556
848.500000,6.690153305,50.475699459,84.132130333,6.000000,26.144444444
849.000000,6.695727501,50.464014441,84.133104720,6.000000,26.133333333
849.500000,6.701301025,50.452329288,84.134079176,6.000000,26.122222222
850.000000,6.706873877,50.440643999,84.135053702,6.000000,26.111111111
850.500000,6.712446058,50.428958575,84.136028297,6.000000,26.100000000
851.000000,6.718017568,50.417273015,84.137002963,6.000000,26.088888889
851.500000,6.723588405,50.405587321,84.137977698,6.000000,26.077777778
852.000000,6.729158572,50.393901490,84.138952503,6.000000,26.066666667
852.500000,6.734728067,50.382215525,84.139927378,6.000000,26.055555556
853.000000,6.740296891,50.370529424,84.140902322,6.000000,26.044444444
853.500000,6.745865044,50.358843187,84.141877337,6.000000,26.033333333
854.000000,6.751432526,50.347156815,84.142852421,6.000000,26.022222222
854.500000,6.756999337,50.335470308,84.143827575,6.000000,26.011111111
855.000000,6.762565478,50.323783665,84.144802799,6.000000,26.000000000
855.500000,6.768130947,50.312096887,84.145778092,6.000000,25.988888889
856.000000,6.773695745,50.300409974,84.146753456,6.000000,25.977777778
856.500000,6.779259873,50.288722925,84.147728889,6.000000,25.966666667
857.000000,6.784823331,50.277035740,84.148704392,6.000000,25.955555556
857.500000,6.790386117,50.265348420,84.149679964,6.000000,25.944444444
858.000000,6.795948234,50.253660964,84.150655607,6.000000,25.933333333
858.500000,6.801509680,50.241973373,84.151631319,6.000000,25.922222222
859.000000,6.807070456,50.230285647,84.152607102,6.000000,25.911111111
859.500000,6.812630561,50.218597785,84.153582954,6.000000,25.900000000
860.000000,6.818189996,50.206909787,84.154558875,6.000000,25.888888889
860.500000,6.823748762,50.195221654,84.155534867,6.000000,25.877777778
861.000000,6.829306857,50.183533385,84.156510929,6.000000,25.866666667
861.500000,6.834864282,50.171844981,84.157487060,6.000000,25.855555556
862.000000,6.840421038,50.160156441,84.158463261,6.000000,25.844444444
862.500000,6.845977124,50.148467765,84.159439532,6.000000,25.833333333
863.000000,6.851532540,50.136778954,84.160415873,6.000000,25.822222222
863.500000,6.857087286,50.125090008,84.161392283,6.000000,25.811111111
864.000000,6.862641363,50.113400926,84.162368764,6.000000,25.800000000
864.500000,6.868194771,50.101711708,84.163345314,6.000000,25.788888889
865.000000,6.873747509,50.090022354,84.164321934,6.000000,25.777777778
865.500000,6.879299578,50.078332865,84.165298624,6.000000,25.766666667
866.000000,6.884850977,50.066643240,84.166275384,6.000000,25.755555556
866.500000,6.890401708,50.054953480,84.167252213,6.000000,25.744444444
867.000000,6.895951769,50.043263584,84.168229113,6.000000,25.733333333
867.500000,6.901501161,50.031573552,84.169206082,6.000000,25.722222222
868.000000,6.907049885,50.019883384,84.170183121,6.000000,25.711111111
868.500000,6.912597939,50.008193081,84.171160230,6.000000,25.700000000
869.000000,6.918145325,49.996502642,84.172261712,6.000000,25.688888889
869.500000,6.923692044,49.984812050,84.173654485,6.000000,25.677777778
870.000000,6.929238104,49.973121265,84.175047364,6.000000,25.666666667
870.500000,6.934783503,49.961430286,84.176440348,6.000000,25.655555556
871.000000,6.940328242,49.949739114,84.177833438,6.000000,25.644444444
871.500000,6.945872320,49.938047748,84.179226633,6.000000,25.633333333
872.000000,6.951415739,49.926356189,84.180619935,6.000000,25.622222222
872.500000,6.956958499,49.914664436,84.182013342,6.000000,25.611111111
873.000000,6.962500598,49.902972490,84.183406855,6.000000,25.600000000
873.500000,6.968042037,49.891280350,84.184800474,6.000000,25.588888889
874.000000,6.973582817,49.879588016,84.186194198,6.000000,25.577777778
874.500000,6.979122937,49.867895489,84.187588028,6.000000,25.566666667
875.000000,6.984662398,49.856202769,84.188981965,6.000000,25.555555556
875.500000,6.990201199,49.844509855,84.190376006,6.000000,25.544444444
876.000000,6.995739341,49.832816747,84.191770154,6.000000,25.533333333
876.500000,7.001276824,49.821123446,84.193164407,6.000000,25.522222222
877.000000,7.006813647,49.809429951,84.194558767,6.000000,25.511111111
877.500000,7.012349812,49.797736262,84.195953232,6.000000,25.500000000
878.000000,7.017885317,49.786042379,84.197347803,6.000000,25.488888889
878.500000,7.023420163,49.774348303,84.198742480,6.000000,25.477777778
879.000000,7.028954350,49.762654034,84.200137262,6.000000,25.466666667
879.500000,7.034487879,49.750959570,84.201532151,6.000000,25.455555556
880.000000,7.040020748,49.739264913,84.202927145,6.000000,25.444444444
880.500000,7.045552959,49.727570062,84.204322245,6.000000,25.433333333
881.000000,7.051084511,49.715875017,84.205717451,6.000000,25.422222222
881.500000,7.056615405,49.704179779,84.207112763,6.000000,25.411111111
882.000000,7.062145640,49.692484346,84.208508181,6.000000,25.400000000
882.500000,7.067675217,49.680788720,84.209903705,6.000000,25.388888889
883.000000,7.073204136,49.669092900,84.211299335,6.000000,25.377777778
883.500000,7.078732396,49.657396886,84.212695070,6.000000,25.366666667
884.000000,7.084259998,49.645700679,84.214090912,6.000000,25.355555556
884.500000,7.089786942,49.634004277,84.215486859,6.000000,25.344444444
885.000000,7.095313228,49.622307682,84.216882913,6.000000,25.333333333
885.500000,7.100838855,49.610610892,84.218279072,6.000000,25.322222222
886.000000,7.106363825,49.598913909,84.219675337,6.000000,25.311111111
886.500000,7.111888137,49.587216732,84.221071708,6.000000,25.300000000
887.000000,7.117411792,49.575519361,84.222468185,6.000000,25.288888889
887.500000,7.122934788,49.563821796,84.223864769,6.000000,25.277777778
888.000000,7.128457128,49.552124037,84.225261458,6.000000,25.266666667
888.500000,7.133978809,49.540426084,84.226658253,6.000000,25.255555556
889.000000,7.139499833,49.528727937,84.228055154,6.000000,25.244444444
889.500000,7.145020200,49.517029596,84.229452161,6.000000,25.233333333
890.000000,7.150539909,49.505331061,84.230849274,6.000000,25.222222222
890.500000,7.156058961,49.493632332,84.232246493,6.000000,25.211111111
891.000000,7.161577356,49.481933409,84.233643818,6.000000,25.200000000
891.500000,7.167095094,49.470234292,84.235041249,6.000000,25.188888889
892.000000,7.172612175,49.458534980,84.236438786,6.000000,25.177777778
892.500000,7.178128599,49.446835475,84.237836430,6.000000,25.166666667
893.000000,7.183644366,49.435135775,84.239234179,6.000000,25.155555556
893.500000,7.189159476,49.423435882,84.240632034,6.000000,25.144444444
894.000000,7.194673930,49.411735794,84.242029996,6.000000,25.133333333
894.500000,7.200187726,49.400035512,84.243428063,6.000000,25.122222222
895.000000,7.205700867,49.388335036,84.244826237,6.000000,25.111111111
895.500000,7.211213350,49.376634366,84.246224516,6.000000,25.100000000
896.000000,7.216725178,49.364933501,84.247622902,6.000000,25.088888889
896.500000,7.222236349,49.353232442,84.249021394,6.000000,25.077777778
897.000000,7.227746863,49.341531189,84.250419992,6.000000,25.066666667
897.500000,7.233256722,49.329829742,84.251818696,6.000000,25.055555556
898.000000,7.238765924,49.318128101,84.253217506,6.000000,25.044444444
898.500000,7.244274470,49.306426265,84.254616422,6.000000,25.033333333
899.000000,7.249782360,49.294724235,84.256015444,6.000000,25.022222222
899.500000,7.255289595,49.283022011,84.257414573,6.000000,25.011111111
900.000000,7.260796173,49.271319592,70.573205360,6.000000,25.000000000
900.500000,7.266716902,49.261517758,70.574124126,6.000000,24.993055556
901.000000,7.272637045,49.251715796,70.575042953,6.000000,24.986111111
901.500000,7.278556601,49.241913707,70.575961844,6.000000,24.979166667
902.000000,7.284475570,49.232111490,70.576880797,6.000000,24.972222222
902.500000,7.290393954,49.222309145,70.577799812,6.000000,24.965277778
903.000000,7.296311750,49.212506673,70.578718890,6.000000,24.958333333
903.500000,7.302228961,49.202704073,70.579638030,6.000000,24.951388889
904.000000,7.308145585,49.192901346,70.580557233,6.000000,24.944444444
904.500000,7.314061623,49.183098491,70.581476499,6.000000,24.937500000
905.000000,7.319977074,49.173295508,70.582395827,6.000000,24.930555556
905.500000,7.325891940,49.163492397,70.583315217,6.000000,24.923611111
906.000000,7.331806219,49.153689159,70.584234670,6.000000,24.916666667
906.500000,7.337719913,49.143885793,70.585154186,6.000000,24.909722222
907.000000,7.343633020,49.134082299,70.586073764,6.000000,24.902777778
907.500000,7.349545542,49.124278678,70.586993404,6.000000,24.895833333
908.000000,7.355457478,49.114474929,70.587913108,6.000000,24.888888889
908.500000,7.361368828,49.104671052,70.588832873,6.000000,24.881944444
909.000000,7.367279592,49.094867048,70.589752702,6.000000,24.875000000
909.500000,7.373189771,49.085062915,70.590672593,6.000000,24.868055556
910.000000,7.379099364,49.075258655,70.591592546,6.000000,24.861111111
910.500000,7.385008371,49.065454267,70.592512562,6.000000,24.854166667
911.000000,7.390916793,49.055649752,70.593432640,6.000000,24.847222222
911.500000,7.396824630,49.045845108,70.594352781,6.000000,24.840277778
912.000000,7.402731881,49.036040337,70.595272985,6.000000,24.833333333
912.500000,7.408638546,49.026235438,70.596193251,6.000000,24.826388889
913.000000,7.414544627,49.016430411,70.597113580,6.000000,24.819444444
913.500000,7.420450122,49.006625257,70.598033972,6.000000,24.812500000
914.000000,7.426355032,48.996819974,70.598954426,6.000000,24.805555556
914.500000,7.432259357,48.987014564,70.599874942,6.000000,24.798611111
915.000000,7.438163096,48.977209026,70.600795521,6.000000,24.791666667
915.500000,7.444066251,48.967403359,70.601716163,6.000000,24.784722222
916.000000,7.449968821,48.957597566,70.602636867,6.000000,24.777777778
916.500000,7.455870806,48.947791644,70.603557634,6.000000,24.770833333
917.000000,7.461772205,48.937985594,70.604478464,6.000000,24.763888889
917.500000,7.467673021,48.928179417,70.605399356,6.000000,24.756944444
918.000000,7.473573251,48.918373111,70.606320310,6.000000,24.750000000
918.500000,7.479472897,48.908566678,70.607241328,6.000000,24.743055556
919.000000,7.485371958,48.898760116,70.608162408,6.000000,24.736111111
919.500000,7.491270434,48.888953427,70.609083550,6.000000,24.729166667
920.000000,7.497168326,48.879146610,70.610004755,6.000000,24.722222222
920.500000,7.503065633,48.869339665,70.610926023,6.000000,24.715277778
921.000000,7.508962356,48.859532592,70.611847354,6.000000,24.708333333
921.500000,7.514858495,48.849725391,70.612768747,6.000000,24.701388889
922.000000,7.520754049,48.839918062,70.613690202,6.000000,24.694444444
922.500000,7.526649019,48.830110605,70.614611720,6.000000,24.687500000
923.000000,7.532543405,48.820303020,70.615533301,6.000000,24.680555556
923.500000,7.538437206,48.810495307,70.616454945,6.000000,24.673611111
924.000000,7.544330424,48.800687466,70.617376651,6.000000,24.666666667
924.500000,7.550223057,48.790879497,70.618298420,6.000000,24.659722222
925.000000,7.556115107,48.781071400,70.619220251,6.000000,24.652777778
925.500000,7.562006572,48.771263175,70.620142146,6.000000,24.645833333
926.000000,7.567897454,48.761454822,70.621064102,6.000000,24.638888889
926.500000,7.573787752,48.751646341,70.621986122,6.000000,24.631944444
927.000000,7.579677465,48.741837732,70.622908204,6.000000,24.625000000
927.500000,7.585566596,48.732028994,70.623830349,6.000000,24.618055556
928.000000,7.591455142,48.722220129,70.624752556,6.000000,24.611111111
928.500000,7.597343105,48.712411136,70.625674826,6.000000,24.604166667
929.000000,7.603230485,48.702602014,70.626597159,6.000000,24.597222222
929.500000,7.609117281,48.692792765,70.627519554,6.000000,24.590277778
930.000000,7.615003493,48.682983387,70.628442012,6.000000,24.583333333
930.500000,7.620889122,48.673173881,70.629364533,6.000000,24.576388889
931.000000,7.626774168,48.663364247,70.630287117,6.000000,24.569444444
931.500000,7.632658630,48.653554485,70.631209763,6.000000,24.562500000
932.000000,7.638542509,48.643744595,70.632132472,6.000000,24.555555556
932.500000,7.644425805,48.633934576,70.633055243,6.000000,24.548611111
933.000000,7.650308518,48.624124430,70.633978077,6.000000,24.541666667
933.500000,7.656190648,48.614314155,70.634900974,6.000000,24.534722222
934.000000,7.662072194,48.604503752,70.635823934,6.000000,24.527777778
934.500000,7.667953158,48.594693221,70.636746956,6.000000,24.520833333
935.000000,7.673833539,48.584882562,70.637670041,6.000000,24.513888889
935.500000,7.679713337,48.575071774,70.638593189,6.000000,24.506944444
936.000000,7.685592552,48.565260858,70.639516399,6.000000,24.500000000
936.500000,7.691471184,48.555449814,70.640439672,6.000000,24.493055556
937.000000,7.697349234,48.545638642,70.641363008,6.000000,24.486111111
937.500000,7.703226701,48.535827342,70.642286407,6.000000,24.479166667
938.000000,7.709103585,48.526015913,70.643209868,6.000000,24.472222222
938.500000,7.714979887,48.516204356,70.644133392,6.000000,24.465277778
939.000000,7.720855607,48.506392671,70.645056979,6.000000,24.458333333
939.500000,7.726730744,48.496580858,70.645980629,6.000000,24.451388889
940.000000,7.732605298,48.486768916,70.646904341,6.000000,24.444444444
940.500000,7.738479271,48.476956846,70.647828116,6.000000,24.437500000
941.000000,7.744352661,48.467144647,70.648751953,6.000000,24.430555556
941.500000,7.750225468,48.457332321,70.649675854,6.000000,24.423611111
942.000000,7.756097694,48.447519866,70.650599817,6.000000,24.416666667
942.500000,7.761969338,48.437707283,70.651523843,6.000000,24.409722222
943.000000,7.767840399,48.427894571,70.652447932,6.000000,24.402777778
943.500000,7.773710878,48.418081731,70.653372083,6.000000,24.395833333
944.000000,7.779580776,48.408268763,70.654296298,6.000000,24.388888889
944.500000,7.785450092,48.398455666,70.655220575,6.000000,24.381944444
945.000000,7.791318825,48.388642441,70.656144914,6.000000,24.375000000
945.500000,7.797186977,48.378829087,70.657069317,6.000000,24.368055556
946.000000,7.803054548,48.369015605,70.657993782,6.000000,24.361111111
946.500000,7.808921536,48.359201995,70.658918310,6.000000,24.354166667
947.000000,7.814787943,48.349388257,70.659842901,6.000000,24.347222222
947.500000,7.820653769,48.339574389,70.660767555,6.000000,24.340277778
948.000000,7.826519013,48.329760394,70.661692271,6.000000,24.333333333
948.500000,7.832383675,48.319946270,70.662617050,6.000000,24.326388889
949.000000,7.838247756,48.310132018,70.663541892,6.000000,24.319444444
949.500000,7.844111256,48.300317637,70.664466797,6.000000,24.312500000
950.000000,7.849974174,48.290503128,70.665391765,6.000000,24.305555556
950.500000,7.855836511,48.280688490,70.666316795,6.000000,24.298611111
951.000000,7.861698267,48.270873724,70.667241888,6.000000,24.291666667
951.500000,7.867559442,48.261058829,70.668167044,6.000000,24.284722222
952.000000,7.873420036,48.251243806,70.669092263,6.000000,24.277777778
952.500000,7.879280049,48.241428654,70.670017545,6.000000,24.270833333
953.000000,7.885139480,48.231613374,70.670942889,6.000000,24.263888889
953.500000,7.890998331,48.221797965,70.671868296,6.000000,24.256944444
954.000000,7.896856601,48.211982428,70.672793766,6.000000,24.250000000
954.500000,7.902714290,48.202166762,70.673719299,6.000000,24.243055556
955.000000,7.908571399,48.192350968,70.674644895,6.000000,24.236111111
955.500000,7.914427926,48.182535045,70.675570554,6.000000,24.229166667
956.000000,7.920283873,48.172718993,70.676496275,6.000000,24.222222222
956.500000,7.926139240,48.162902813,70.677422059,6.000000,24.215277778
957.000000,7.931994026,48.153086505,70.678347906,6.000000,24.208333333
957.500000,7.937848231,48.143270067,70.679273816,6.000000,24.201388889
958.000000,7.943701856,48.133453502,70.680199789,6.000000,24.194444444
958.500000,7.949554900,48.123636807,70.681125824,6.000000,24.187500000
959.000000,7.955407365,48.113819984,70.682051923,6.000000,24.180555556
959.500000,7.961259249,48.104003032,70.682978084,6.000000,24.173611111
960.000000,7.967110552,48.094185952,70.683904308,6.000000,24.166666667
960.500000,7.972961276,48.084368743,70.684830595,6.000000,24.159722222
961.000000,7.978811419,48.074551406,70.685756945,6.000000,24.152777778
961.500000,7.984660983,48.064733939,70.686683358,6.000000,24.145833333
962.000000,7.990509966,48.054916345,70.687609833,6.000000,24.138888889
962.500000,7.996358370,48.045098621,70.688536372,6.000000,24.131944444
963.000000,8.002206193,48.035280769,70.689462973,6.000000,24.125000000
963.500000,8.008053437,48.025462788,70.690389637,6.000000,24.118055556
964.000000,8.013900101,48.015644678,70.691316364,6.000000,24.111111111
964.500000,8.019746185,48.005826440,70.692243154,6.000000,24.104166667
965.000000,8.025591689,47.996008073,70.693170007,6.000000,24.097222222
965.500000,8.031436614,47.986189577,70.694096923,6.000000,24.090277778
966.000000,8.037280959,47.976370952,70.695023902,6.000000,24.083333333
966.500000,8.043124725,47.966552199,70.695950943,6.000000,24.076388889
967.000000,8.048967911,47.956733317,70.696878048,6.000000,24.069444444
967.500000,8.054810518,47.946914306,70.697805215,6.000000,24.062500000
968.000000,8.060652546,47.937095166,70.698732445,6.000000,24.055555556
968.500000,8.066493994,47.927275898,70.699659738,6.000000,24.048611111
969.000000,8.072334863,47.917456501,70.700587094,6.000000,24.041666667
969.500000,8.078175153,47.907636975,70.701514513,6.000000,24.034722222
970.000000,8.084014863,47.897817320,70.702441995,6.000000,24.027777778
970.500000,8.089853995,47.887997536,70.703369540,6.000000,24.020833333
971.000000,8.095692547,47.878177624,70.704297148,6.000000,24.013888889
971.500000,8.101530521,47.868357583,70.705224819,6.000000,24.006944444
972.000000,8.107367915,47.858537413,70.706152552,6.000000,24.000000000
972.500000,8.113204731,47.848717114,70.707080349,6.000000,23.993055556
973.000000,8.119040968,47.838896686,70.708008208,6.000000,23.986111111
973.500000,8.124876626,47.829076129,70.708936131,6.000000,23.979166667
974.000000,8.130711705,47.819255443,70.709864116,6.000000,23.972222222
974.500000,8.136546206,47.809434629,70.710792164,6.000000,23.965277778
975.000000,8.142380128,47.799613686,70.711720275,6.000000,23.958333333
975.500000,8.148213472,47.789792613,70.712648450,6.000000,23.951388889
976.000000,8.154046237,47.779971412,70.713576687,6.000000,23.944444444
976.500000,8.159878423,47.770150082,70.714504987,6.000000,23.937500000
977.000000,8.165710031,47.760328623,70.715433350,6.000000,23.930555556
977.500000,8.171541061,47.750507035,70.716361776,6.000000,23.923611111
978.000000,8.177371513,47.740685318,70.717290265,6.000000,23.916666667
978.500000,8.183201386,47.730863472,70.718218817,6.000000,23.909722222
979.000000,8.189030681,47.721041497,70.719147432,6.000000,23.902777778
979.500000,8.194859398,47.711219394,70.720076110,6.000000,23.895833333
980.000000,8.200687537,47.701397161,70.721004851,6.000000,23.888888889
980.500000,8.206515098,47.691574799,70.721933654,6.000000,23.881944444
981.000000,8.212342081,47.681752308,70.722862521,6.000000,23.875000000
981.500000,8.218168486,47.671929689,70.723791451,6.000000,23.868055556
982.000000,8.223994313,47.662106940,70.724720444,6.000000,23.861111111
982.500000,8.229819562,47.652284062,70.725649500,6.000000,23.854166667
983.000000,8.235644234,47.642461055,70.726578618,6.000000,23.847222222
983.500000,8.241468328,47.632637919,70.727507800,6.000000,23.840277778
984.000000,8.247291844,47.622814654,70.728437045,6.000000,23.833333333
984.500000,8.253114783,47.612991260,70.729366353,6.000000,23.826388889
985.000000,8.258937144,47.603167737,70.730295724,6.000000,23.819444444
985.500000,8.264758928,47.593344085,70.731225158,6.000000,23.812500000
986.000000,8.270580134,47.583520304,70.732154654,6.000000,23.805555556
986.500000,8.276400763,47.573696393,70.733084214,6.000000,23.798611111
987.000000,8.282220814,47.563872354,70.734013837,6.000000,23.791666667
987.500000,8.288040288,47.554048185,70.734943523,6.000000,23.784722222
988.000000,8.293859186,47.544223887,70.735873272,6.000000,23.777777778
988.500000,8.299677505,47.534399461,70.736803084,6.000000,23.770833333
989.000000,8.305495248,47.524574905,70.737732959,6.000000,23.763888889
989.500000,8.311312414,47.514750219,70.738662897,6.000000,23.756944444
990.000000,8.317129003,47.504925405,70.739592898,6.000000,23.750000000
990.500000,8.322945014,47.495100462,70.740522962,6.000000,23.743055556
991.000000,8.328760449,47.485275389,70.741453089,6.000000,23.736111111
991.500000,8.334575307,47.475450187,70.742383279,6.000000,23.729166667
992.000000,8.340389588,47.465624856,70.743313533,6.000000,23.722222222
992.500000,8.346203293,47.455799396,70.744243849,6.000000,23.715277778
993.000000,8.352016421,47.445973807,70.745174228,6.000000,23.708333333
993.500000,8.357828972,47.436148088,70.746104671,6.000000,23.701388889
994.000000,8.363640946,47.426322240,70.747035176,6.000000,23.694444444
994.500000,8.369452344,47.416496263,70.747965745,6.000000,23.687500000
995.000000,8.375263166,47.406670157,70.748896377,6.000000,23.680555556
995.500000,8.381073411,47.396843921,70.749827071,6.000000,23.673611111
996.000000,8.386883080,47.387017556,70.750757829,6.000000,23.666666667
996.500000,8.392692173,47.377191062,70.751688650,6.000000,23.659722222
997.000000,8.398500689,47.367364439,70.752619534,6.000000,23.652777778
997.500000,8.404308629,47.357537686,70.753550481,6.000000,23.645833333
998.000000,8.410115993,47.347710804,70.754481491,6.000000,23.638888889
998.500000,8.415922781,47.337883792,70.755412564,6.000000,23.631944444
999.000000,8.421728992,47.328056652,70.756343700,6.000000,23.625000000
999.500000,8.427534628,47.318229382,70.757274900,6.000000,23.618055556
1000.000000,8.433339688,47.308401983,70.758206162,6.000000,23.611111111
1000.500000,8.439144172,47.298574454,70.759137488,6.000000,23.604166667
1001.000000,8.444948080,47.288746796,70.760068877,6.000000,23.597222222
1001.500000,8.450751413,47.278919009,70.761000328,6.000000,23.590277778
1002.000000,8.456554169,47.269091092,70.761931843,6.000000,23.583333333
1002.500000,8.462356350,47.259263046,70.762863421,6.000000,23.576388889
1003.000000,8.468157956,47.249434870,70.763795062,6.000000,23.569444444
1003.500000,8.473958985,47.239606565,70.764726767,6.000000,23.562500000
1004.000000,8.479759440,47.229778131,70.765658534,6.000000,23.555555556
1004.500000,8.485559319,47.219949568,70.766590365,6.000000,23.548611111
1005.000000,8.491358622,47.210120874,70.767522258,6.000000,23.541666667
1005.500000,8.497157350,47.200292052,70.768454215,6.000000,23.534722222
1006.000000,8.502955503,47.190463100,70.769386235,6.000000,23.527777778
1006.500000,8.508753080,47.180634019,70.770318318,6.000000,23.520833333
1007.000000,8.514550083,47.170804808,70.771250464,6.000000,23.513888889
1007.500000,8.520346510,47.160975467,70.772182674,6.000000,23.506944444
1008.000000,8.526142362,47.151145997,70.773114946,6.000000,23.500000000
1008.500000,8.531937639,47.141316398,70.774047282,6.000000,23.493055556
1009.000000,8.537732342,47.131486669,70.774979681,6.000000,23.486111111
1009.500000,8.543526469,47.121656811,70.775912143,6.000000,23.479166667
1010.000000,8.549320021,47.111826823,70.776844668,6.000000,23.472222222
1010.500000,8.555112999,47.101996706,70.777777256,6.000000,23.465277778
1011.000000,8.560905402,47.092166459,70.778709908,6.000000,23.458333333
1011.500000,8.566697230,47.082336083,70.779642622,6.000000,23.451388889
1012.000000,8.572488483,47.072505577,70.780575400,6.000000,23.444444444
1012.500000,8.578279162,47.062674941,70.781508241,6.000000,23.437500000
1013.000000,8.584069266,47.052844176,70.782441145,6.000000,23.430555556
1013.500000,8.589858796,47.043013282,70.783374113,6.000000,23.423611111
1014.000000,8.595647751,47.033182258,70.784307143,6.000000,23.416666667
1014.500000,8.601436132,47.023351104,70.785240237,6.000000,23.409722222
1015.000000,8.607223939,47.013519820,70.786173394,6.000000,23.402777778
1015.500000,8.613011171,47.003688407,70.787106614,6.000000,23.395833333
1016.000000,8.618797829,46.993856865,70.788039897,6.000000,23.388888889
1016.500000,8.624583913,46.984025193,70.788973244,6.000000,23.381944444
1017.000000,8.630369423,46.974193391,70.789906653,6.000000,23.375000000
1017.500000,8.636154359,46.964361459,70.790840126,6.000000,23.368055556
1018.000000,8.641938721,46.954529398,70.791773662,6.000000,23.361111111
1018.500000,8.647722508,46.944697207,70.792707262,6.000000,23.354166667
1019.000000,8.653505722,46.934864887,70.793640924,6.000000,23.347222222
1019.500000,8.659288362,46.925032437,70.794574650,6.000000,23.340277778
1020.000000,8.665070428,46.915199857,70.795508439,6.000000,23.333333333
1020.500000,8.670851921,46.905367148,70.796442291,6.000000,23.326388889
1021.000000,8.676632840,46.895534308,70.797376207,6.000000,23.319444444
1021.500000,8.682413185,46.885701339,70.798310186,6.000000,23.312500000
1022.000000,8.688192956,46.875868241,70.799244228,6.000000,23.305555556
1022.500000,8.693972154,46.866035012,70.800178333,6.000000,23.298611111
1023.000000,8.699750779,46.856201654,70.801112501,6.000000,23.291666667
1023.500000,8.705528830,46.846368166,70.802046733,6.000000,23.284722222
1024.000000,8.711306307,46.836534549,70.802981028,6.000000,23.277777778
1024.500000,8.717083212,46.826700801,70.803915386,6.000000,23.270833333
1025.000000,8.722859543,46.816866924,70.804849807,6.000000,23.263888889
1025.500000,8.728635301,46.807032917,70.805784292,6.000000,23.256944444
1026.000000,8.734410485,46.797198781,70.806718840,6.000000,23.250000000
1026.500000,8.740185097,46.787364514,70.807653451,6.000000,23.243055556
1027.000000,8.745959136,46.777530118,70.808588126,6.000000,23.236111111
1027.500000,8.751732601,46.767695592,70.809522863,6.000000,23.229166667
1028.000000,8.757505494,46.757860936,70.810457664,6.000000,23.222222222
1028.500000,8.763277813,46.748026150,70.811392529,6.000000,23.215277778
1029.000000,8.769049560,46.738191234,70.812327456,6.000000,23.208333333
1029.500000,8.774820734,46.728356189,70.813262447,6.000000,23.201388889
1030.000000,8.780591335,46.718521014,70.814197501,6.000000,23.194444444
1030.500000,8.786361364,46.708685708,70.815132618,6.000000,23.187500000
1031.000000,8.792130820,46.698850273,70.816067799,6.000000,23.180555556
1031.500000,8.797899703,46.689014708,70.817003043,6.000000,23.173611111
1032.000000,8.803668014,46.679179013,70.817938350,6.000000,23.166666667
1032.500000,8.809435753,46.669343189,70.818873721,6.000000,23.159722222
1033.000000,8.815202919,46.659507234,70.819809155,6.000000,23.152777778
1033.500000,8.820969512,46.649671149,70.820744652,6.000000,23.145833333
1034.000000,8.826735534,46.639834935,70.821680213,6.000000,23.138888889
1034.500000,8.832500983,46.629998590,70.822615837,6.000000,23.131944444
1035.000000,8.838265859,46.620162116,70.823551524,6.000000,23.125000000
1035.500000,8.844030164,46.610325512,70.824487274,6.000000,23.118055556
1036.000000,8.849793897,46.600488777,70.825423088,6.000000,23.111111111
1036.500000,8.855557057,46.590651913,70.826358965,6.000000,23.104166667
1037.000000,8.861319646,46.580814919,70.827294906,6.000000,23.097222222
1037.500000,8.867081662,46.570977794,70.828230909,6.000000,23.090277778
1038.000000,8.872843107,46.561140540,70.829166976,6.000000,23.083333333
1038.500000,8.878603980,46.551303156,70.830103107,6.000000,23.076388889
1039.000000,8.884364281,46.541465641,70.831039301,6.000000,23.069444444
1039.500000,8.890124010,46.531627997,70.831975558,6.000000,23.062500000
1040.000000,8.895883168,46.521790223,70.832911878,6.000000,23.055555556
1040.500000,8.901641754,46.511952318,70.833848262,6.000000,23.048611111
1041.000000,8.907399768,46.502114284,70.834784709,6.000000,23.041666667
1041.500000,8.913157211,46.492276119,70.835721220,6.000000,23.034722222
1042.000000,8.918914082,46.482437825,70.836657794,6.000000,23.027777778
1042.500000,8.924670382,46.472599400,70.837594431,6.000000,23.020833333
1043.000000,8.930426111,46.462760845,70.838531132,6.000000,23.013888889
1043.500000,8.936181268,46.452922160,70.839467896,6.000000,23.006944444
1044.000000,8.941935854,46.443083345,70.840404723,6.000000,23.000000000
1044.500000,8.947689869,46.433244400,70.841341614,6.000000,22.993055556
1045.000000,8.953443313,46.423405325,70.842278568,6.000000,22.986111111
1045.500000,8.959196186,46.413566120,70.843215585,6.000000,22.979166667
1046.000000,8.964948487,46.403726784,70.844152666,6.000000,22.972222222
1046.500000,8.970700218,46.393887318,70.845089811,6.000000,22.965277778
1047.000000,8.976451378,46.384047723,70.846027018,6.000000,22.958333333
1047.500000,8.982201966,46.374207997,70.846964289,6.000000,22.951388889
1048.000000,8.987951984,46.364368141,70.847901624,6.000000,22.944444444
1048.500000,8.993701431,46.354528154,70.848839022,6.000000,22.937500000
1049.000000,8.999450308,46.344688038,70.849776483,6.000000,22.930555556
1049.500000,9.005198614,46.334847791,70.850714008,6.000000,22.923611111
1050.000000,9.010946349,46.325007414,70.851651596,6.000000,22.916666667
1050.500000,9.016693513,46.315166907,70.852589247,6.000000,22.909722222
1051.000000,9.022440107,46.305326269,70.853526962,6.000000,22.902777778
1051.500000,9.028186131,46.295485502,70.854464740,6.000000,22.895833333
1052.000000,9.033931584,46.285644604,70.855402582,6.000000,22.888888889
1052.500000,9.039676467,46.275803576,70.856340487,6.000000,22.881944444
1053.000000,9.045420780,46.265962417,70.857278456,6.000000,22.875000000
1053.500000,9.051164522,46.256121129,70.858216488,6.000000,22.868055556
1054.000000,9.056907694,46.246279710,70.859154583,6.000000,22.861111111
1054.500000,9.062650296,46.236438160,70.860092742,6.000000,22.854166667
1055.000000,9.068392328,46.226596481,70.861030965,6.000000,22.847222222
1055.500000,9.074133789,46.216754671,70.861969250,6.000000,22.840277778
1056.000000,9.079874681,46.206912731,70.862907600,6.000000,22.833333333
1056.500000,9.085615003,46.197070660,70.863846012,6.000000,22.826388889
1057.000000,9.091354755,46.187228460,70.864784489,6.000000,22.819444444
1057.500000,9.097093937,46.177386128,70.865723028,6.000000,22.812500000
1058.000000,9.102832550,46.167543667,70.866661631,6.000000,22.805555556
1058.500000,9.108570592,46.157701075,70.867600298,6.000000,22.798611111
1059.000000,9.114308065,46.147858353,70.868539028,6.000000,22.791666667
1059.500000,9.120044969,46.138015500,70.869477821,6.000000,22.784722222
1060.000000,9.125781303,46.128172517,70.870416678,6.000000,22.777777778
1060.500000,9.131517067,46.118329404,70.871355599,6.000000,22.770833333
1061.000000,9.137252262,46.108486160,70.872294582,6.000000,22.763888889
1061.500000,9.142986887,46.098642786,70.873233630,6.000000,22.756944444
1062.000000,9.148720943,46.088799281,70.874172741,6.000000,22.750000000
1062.500000,9.154454430,46.078955646,70.875111915,6.000000,22.743055556
1063.000000,9.160187347,46.069111880,70.876051153,6.000000,22.736111111
1063.500000,9.165919696,46.059267984,70.876990454,6.000000,22.729166667
1064.000000,9.171651475,46.049423958,70.877929819,6.000000,22.722222222
1064.500000,9.177382685,46.039579801,70.878869247,6.000000,22.715277778
1065.000000,9.183113326,46.029735513,70.879808739,6.000000,22.708333333
1065.500000,9.188843398,46.019891096,70.880748294,6.000000,22.701388889
1066.000000,9.194572901,46.010046547,70.881687913,6.000000,22.694444444
1066.500000,9.200301836,46.000201868,70.882627596,6.000000,22.687500000
1067.000000,9.206030201,45.990357059,70.883567342,6.000000,22.680555556
1067.500000,9.211757998,45.980512119,70.884507151,6.000000,22.673611111
1068.000000,9.217485226,45.970667049,70.885447024,6.000000,22.666666667
1068.500000,9.223211885,45.960821848,70.886386960,6.000000,22.659722222
1069.000000,9.228937976,45.950976516,70.887326960,6.000000,22.652777778
1069.500000,9.234663498,45.941131054,70.888267024,6.000000,22.645833333
1070.000000,9.240388451,45.931285461,70.889207151,6.000000,22.638888889
1070.500000,9.246112837,45.921439738,70.890147341,6.000000,22.631944444
1071.000000,9.251836653,45.911593884,70.891087595,6.000000,22.625000000
1071.500000,9.257559902,45.901747900,70.892027913,6.000000,22.618055556
1072.000000,9.263282582,45.891901785,70.892968294,6.000000,22.611111111
1072.500000,9.269004694,45.882055539,70.893908739,6.000000,22.604166667
1073.000000,9.274726237,45.872209163,70.894849247,6.000000,22.597222222
1073.500000,9.280447213,45.862362656,70.895789819,6.000000,22.590277778
1074.000000,9.286167620,45.852516019,70.896730455,6.000000,22.583333333
1074.500000,9.291887459,45.842669251,70.897671154,6.000000,22.576388889
1075.000000,9.297606731,45.832822352,70.898611916,6.000000,22.569444444
1075.500000,9.303325434,45.822975323,70.899552742,6.000000,22.562500000
1076.000000,9.309043570,45.813128162,70.900493632,6.000000,22.555555556
1076.500000,9.314761138,45.803280872,70.901434585,6.000000,22.548611111
1077.000000,9.320478138,45.793433450,70.902375602,6.000000,22.541666667
1077.500000,9.326194570,45.783585898,70.903316683,6.000000,22.534722222
1078.000000,9.331910434,45.773738215,70.904257827,6.000000,22.527777778
1078.500000,9.337625731,45.763890402,70.905199034,6.000000,22.520833333
1079.000000,9.343340461,45.754042457,70.906140305,6.000000,22.513888889
1079.500000,9.349054623,45.744194382,70.907081640,6.000000,22.506944444
1080.000000,9.354768217,45.734346176,70.908023039,6.000000,22.500000000
1080.500000,9.360481244,45.724497840,70.908964501,6.000000,22.493055556
1081.000000,9.366193704,45.714649373,70.909906026,6.000000,22.486111111
1081.500000,9.371905596,45.704800775,70.910847615,6.000000,22.479166667
1082.000000,9.377616921,45.694952046,70.911789268,6.000000,22.472222222
1082.500000,9.383327679,45.685103186,70.912730985,6.000000,22.465277778
1083.000000,9.389037870,45.675254196,70.913672765,6.000000,22.458333333
1083.500000,9.394747494,45.665405074,70.914614608,6.000000,22.451388889
1084.000000,9.400456551,45.655555822,70.915556516,6.000000,22.444444444
1084.500000,9.406165040,45.645706440,70.916498487,6.000000,22.437500000
1085.000000,9.411872963,45.635856926,70.917440521,6.000000,22.430555556
1085.500000,9.417580319,45.626007281,70.918382619,6.000000,22.423611111
1086.000000,9.423287108,45.616157506,70.919324781,6.000000,22.416666667
1086.500000,9.428993330,45.606307600,70.920267007,6.000000,22.409722222
1087.000000,9.434698986,45.596457563,70.921209296,6.000000,22.402777778
1087.500000,9.440404075,45.586607395,70.922151648,6.000000,22.395833333
1088.000000,9.446108597,45.576757096,70.923094065,6.000000,22.388888889
1088.500000,9.451812553,45.566906666,70.924036545,6.000000,22.381944444
1089.000000,9.457515942,45.557056106,70.924979088,6.000000,22.375000000
1089.500000,9.463218765,45.547205414,70.925921696,6.000000,22.368055556
1090.000000,9.468921021,45.537354592,70.926864367,6.000000,22.361111111
1090.500000,9.474622711,45.527503638,70.927807102,6.000000,22.354166667
1091.000000,9.480323834,45.517652554,70.928749900,6.000000,22.347222222
1091.500000,9.486024392,45.507801339,70.929692762,6.000000,22.340277778
1092.000000,9.491724383,45.497949992,70.930635688,6.000000,22.333333333
1092.500000,9.497423808,45.488098515,70.931578677,6.000000,22.326388889
1093.000000,9.503122667,45.478246907,70.932521730,6.000000,22.319444444
1093.500000,9.508820960,45.468395168,70.933464847,6.000000,22.312500000
1094.000000,9.514518687,45.458543298,70.934408027,6.000000,22.305555556
1094.500000,9.520215848,45.448691297,70.935351271,6.000000,22.298611111
1095.000000,9.525912443,45.438839165,70.936294579,6.000000,22.291666667
1095.500000,9.531608473,45.428986901,70.937237951,6.000000,22.284722222
1096.000000,9.537303936,45.419134507,70.938181386,6.000000,22.277777778
1096.500000,9.542998834,45.409281982,70.939124885,6.000000,22.270833333
1097.000000,9.548693166,45.399429326,70.940068447,6.000000,22.263888889
1097.500000,9.554386933,45.389576539,70.941012074,6.000000,22.256944444
1098.000000,9.560080133,45.379723620,70.941955764,6.000000,22.250000000
1098.500000,9.565772769,45.369870571,70.942899517,6.000000,22.243055556
1099.000000,9.571464839,45.360017390,70.943843335,6.000000,22.236111111
1099.500000,9.577156343,45.350164079,70.944787216,6.000000,22.229166667
1100.000000,9.582847283,45.340310636,70.945731161,6.000000,22.222222222
1100.500000,9.588537656,45.330457062,70.946675169,6.000000,22.215277778
1101.000000,9.594227465,45.320603357,70.947619242,6.000000,22.208333333
1101.500000,9.599916709,45.310749521,70.948563378,6.000000,22.201388889
1102.000000,9.605605387,45.300895554,70.949507578,6.000000,22.194444444
1102.500000,9.611293500,45.291041456,70.950451841,6.000000,22.187500000
1103.000000,9.616981048,45.281187227,70.951396169,6.000000,22.180555556
1103.500000,9.622668031,45.271332866,70.952340560,6.000000,22.173611111
1104.000000,9.628354450,45.261478374,70.953285014,6.000000,22.166666667
1104.500000,9.634040303,45.251623751,70.954229533,6.000000,22.159722222
1105.000000,9.639725591,45.241768997,70.955174115,6.000000,22.152777778
1105.500000,9.645410315,45.231914112,70.956118761,6.000000,22.145833333
1106.000000,9.651094474,45.222059095,70.957063471,6.000000,22.138888889
1106.500000,9.656778068,45.212203948,70.958008245,6.000000,22.131944444
1107.000000,9.662461098,45.202348669,70.958953082,6.000000,22.125000000
1107.500000,9.668143563,45.192493259,70.959897983,6.000000,22.118055556
1108.000000,9.673825464,45.182637717,70.960842948,6.000000,22.111111111
1108.500000,9.679506800,45.172782045,70.961787977,6.000000,22.104166667
1109.000000,9.685187571,45.162926241,70.962733070,6.000000,22.097222222
1109.500000,9.690867779,45.153070306,70.963678226,6.000000,22.090277778
1110.000000,9.696547422,45.143214239,70.964623446,6.000000,22.083333333
1110.500000,9.702226501,45.133358041,70.965568730,6.000000,22.076388889
1111.000000,9.707905015,45.123501712,70.966514077,6.000000,22.069444444
1111.500000,9.713582965,45.113645252,70.967459489,6.000000,22.062500000
1112.000000,9.719260352,45.103788661,70.968404964,6.000000,22.055555556
1112.500000,9.724937174,45.093931938,70.969350503,6.000000,22.048611111
1113.000000,9.730613432,45.084075083,70.970296106,6.000000,22.041666667
1113.500000,9.736289127,45.074218098,70.971241773,6.000000,22.034722222
1114.000000,9.741964257,45.064360981,70.972187503,6.000000,22.027777778
1114.500000,9.747638823,45.054503733,70.973133297,6.000000,22.020833333
1115.000000,9.753312826,45.044646353,70.974079156,6.000000,22.013888889
1115.500000,9.758986265,45.034788842,70.975025077,6.000000,22.006944444
1116.000000,9.764659141,45.024931200,70.975971063,6.000000,22.000000000
1116.500000,9.770331452,45.015073426,70.976917113,6.000000,21.993055556
1117.000000,9.776003200,45.005215521,70.977863226,6.000000,21.986111111
1117.500000,9.781674385,44.995357484,70.978809404,6.000000,21.979166667
1118.000000,9.787345006,44.985499316,70.979755645,6.000000,21.972222222
1118.500000,9.793015064,44.975641017,70.980701950,6.000000,21.965277778
1119.000000,9.798684558,44.965782586,70.981648318,6.000000,21.958333333
1119.500000,9.804353489,44.955924024,70.982594751,6.000000,21.951388889
1120.000000,9.810021857,44.946065330,70.983541247,6.000000,21.944444444
1120.500000,9.815689662,44.936206505,70.984487808,6.000000,21.937500000
1121.000000,9.821356903,44.926347548,70.985434432,6.000000,21.930555556
1121.500000,9.827023581,44.916488460,70.986381120,6.000000,21.923611111
1122.000000,9.832689696,44.906629241,70.987327872,6.000000,21.916666667
1122.500000,9.838355249,44.896769889,70.988274688,6.000000,21.909722222
1123.000000,9.844020238,44.886910407,70.989221568,6.000000,21.902777778
1123.500000,9.849684664,44.877050793,70.990168511,6.000000,21.895833333
1124.000000,9.855348528,44.867191047,70.991115518,6.000000,21.888888889
1124.500000,9.861011828,44.857331170,70.992062590,6.000000,21.881944444
1125.000000,9.866674566,44.847471161,70.993009725,6.000000,21.875000000
1125.500000,9.872336741,44.837611021,70.993956924,6.000000,21.868055556
1126.000000,9.877998354,44.827750749,70.994904187,6.000000,21.861111111
1126.500000,9.883659404,44.817890346,70.995851514,6.000000,21.854166667
1127.000000,9.889319892,44.808029811,70.996798905,6.000000,21.847222222
1127.500000,9.894979817,44.798169144,70.997746359,6.000000,21.840277778
1128.000000,9.900639179,44.788308346,70.998693878,6.000000,21.833333333
1128.500000,9.906297979,44.778447417,70.999641460,6.000000,21.826388889
1129.000000,9.911956217,44.768586355,71.000589107,6.000000,21.819444444
1129.500000,9.917613893,44.758725162,71.001536817,6.000000,21.812500000
1130.000000,9.923271006,44.748863838,71.002484591,6.000000,21.805555556
1130.500000,9.928927557,44.739002382,71.003432429,6.000000,21.798611111
1131.000000,9.934583546,44.729140794,71.004380331,6.000000,21.791666667
1131.500000,9.940238973,44.719279074,71.005328297,6.000000,21.784722222
1132.000000,9.945893838,44.709417223,71.006276327,6.000000,21.777777778
1132.500000,9.951548141,44.699555240,71.007224421,6.000000,21.770833333
1133.000000,9.957201882,44.689693126,71.008172579,6.000000,21.763888889
1133.500000,9.962855062,44.679830880,71.009120801,6.000000,21.756944444
1134.000000,9.968507679,44.669968502,71.010069086,6.000000,21.750000000
1134.500000,9.974159735,44.660105992,71.011017436,6.000000,21.743055556
1135.000000,9.979811229,44.650243351,71.011965849,6.000000,21.736111111
1135.500000,9.985462161,44.640380578,71.012914327,6.000000,21.729166667
1136.000000,9.991112532,44.630517673,71.013862868,6.000000,21.722222222
1136.500000,9.996762341,44.620654636,71.014811474,6.000000,21.715277778
1137.000000,10.002411588,44.610791468,71.015821503,6.000000,21.708333333
1137.500000,10.008060281,44.600928160,71.016913973,6.000000,21.701388889
1138.000000,10.013708429,44.591064699,71.018006512,6.000000,21.694444444
1138.500000,10.019356032,44.581201087,71.019099119,6.000000,21.687500000
1139.000000,10.025003089,44.571337324,71.020191794,6.000000,21.680555556
1139.500000,10.030649601,44.561473408,71.021284538,6.000000,21.673611111
1140.000000,10.036295568,44.551609341,71.022377351,6.000000,21.666666667
1140.500000,10.041940990,44.541745122,71.023470232,6.000000,21.659722222
1141.000000,10.047585867,44.531880751,71.024563182,6.000000,21.652777778
1141.500000,10.053230199,44.522016228,71.025656200,6.000000,21.645833333
1142.000000,10.058873986,44.512151554,71.026749286,6.000000,21.638888889
1142.500000,10.064517228,44.502286727,71.027842442,6.000000,21.631944444
1143.000000,10.070159925,44.492421749,71.028935665,6.000000,21.625000000
1143.500000,10.075802078,44.482556619,71.030028958,6.000000,21.618055556
1144.000000,10.081443686,44.472691338,71.031122318,6.000000,21.611111111
1144.500000,10.087084749,44.462825904,71.032215748,6.000000,21.604166667
1145.000000,10.092725268,44.452960318,71.033309246,6.000000,21.597222222
1145.500000,10.098365242,44.443094581,71.034402812,6.000000,21.590277778
1146.000000,10.104004671,44.433228692,71.035496447,6.000000,21.583333333
1146.500000,10.109643557,44.423362651,71.036590151,6.000000,21.576388889
1147.000000,10.115281898,44.413496457,71.037683923,6.000000,21.569444444
1147.500000,10.120919694,44.403630112,71.038777764,6.000000,21.562500000
1148.000000,10.126556946,44.393763616,71.039871673,6.000000,21.555555556
1148.500000,10.132193654,44.383896967,71.040965651,6.000000,21.548611111
1149.000000,10.137829818,44.374030166,71.042059698,6.000000,21.541666667
1149.500000,10.143465438,44.364163213,71.043153813,6.000000,21.534722222
1150.000000,10.149100514,44.354296109,71.044247996,6.000000,21.527777778
1150.500000,10.154735046,44.344428852,71.045342249,6.000000,21.520833333
1151.000000,10.160369033,44.334561443,71.046436570,6.000000,21.513888889
1151.500000,10.166002477,44.324693883,71.047530959,6.000000,21.506944444
1152.000000,10.171635377,44.314826170,71.048625417,6.000000,21.500000000
1152.500000,10.177267734,44.304958305,71.049719944,6.000000,21.493055556
1153.000000,10.182899546,44.295090289,71.050814539,6.000000,21.486111111
1153.500000,10.188530815,44.285222120,71.051909203,6.000000,21.479166667
1154.000000,10.194161540,44.275353799,71.053003936,6.000000,21.472222222
1154.500000,10.199791722,44.265485326,71.054098737,6.000000,21.465277778
1155.000000,10.205421360,44.255616702,71.055193607,6.000000,21.458333333
1155.500000,10.211050454,44.245747925,71.056288546,6.000000,21.451388889
1156.000000,10.216679005,44.235878996,71.057383553,6.000000,21.444444444
1156.500000,10.222307013,44.226009915,71.058478629,6.000000,21.437500000
1157.000000,10.227934478,44.216140682,71.059573774,6.000000,21.430555556
1157.500000,10.233561399,44.206271296,71.060668987,6.000000,21.423611111
1158.000000,10.239187777,44.196401759,71.061764269,6.000000,21.416666667
1158.500000,10.244813612,44.186532069,71.062859619,6.000000,21.409722222
1159.000000,10.250438903,44.176662228,71.063955039,6.000000,21.402777778
1159.500000,10.256063652,44.166792234,71.065050527,6.000000,21.395833333
1160.000000,10.261687858,44.156922088,71.066146083,6.000000,21.388888889
1160.500000,10.267311521,44.147051790,71.067241709,6.000000,21.381944444
1161.000000,10.272934640,44.137181340,71.068337403,6.000000,21.375000000
1161.500000,10.278557218,44.127310737,71.069433165,6.000000,21.368055556
1162.000000,10.284179252,44.117439983,71.070528997,6.000000,21.361111111
1162.500000,10.289800743,44.107569076,71.071624897,6.000000,21.354166667
1163.000000,10.295421692,44.097698017,71.072720866,6.000000,21.347222222
1163.500000,10.301042098,44.087826806,71.073816904,6.000000,21.340277778
1164.000000,10.306661962,44.077955442,71.074913010,6.000000,21.333333333
1164.500000,10.312281283,44.068083927,71.076009185,6.000000,21.326388889
1165.000000,10.317900062,44.058212259,71.077105429,6.000000,21.319444444
1165.500000,10.323518298,44.048340439,71.078201741,6.000000,21.312500000
1166.000000,10.329135992,44.038468466,71.079298123,6.000000,21.305555556
1166.500000,10.334753143,44.028596341,71.080394573,6.000000,21.298611111
1167.000000,10.340369752,44.018724064,71.081491091,6.000000,21.291666667
1167.500000,10.345985819,44.008851635,71.082587679,6.000000,21.284722222
1168.000000,10.351601344,43.998979053,71.083684335,6.000000,21.277777778
1168.500000,10.357216327,43.989106319,71.084781060,6.000000,21.270833333
1169.000000,10.362830768,43.979233433,71.085877854,6.000000,21.263888889
1169.500000,10.368444667,43.969360395,71.086974717,6.000000,21.256944444
1170.000000,10.374058023,43.959487204,71.088071648,6.000000,21.250000000
1170.500000,10.379670838,43.949613860,71.089168648,6.000000,21.243055556
1171.000000,10.385283111,43.939740365,71.090265717,6.000000,21.236111111
1171.500000,10.390894843,43.929866717,71.091362855,6.000000,21.229166667
1172.000000,10.396506032,43.919992916,71.092460062,6.000000,21.222222222
1172.500000,10.402116680,43.910118964,71.093557337,6.000000,21.215277778
1173.000000,10.407726787,43.900244858,71.094654681,6.000000,21.208333333
1173.500000,10.413336351,43.890370601,71.095752095,6.000000,21.201388889
1174.000000,10.418945374,43.880496191,71.096849576,6.000000,21.194444444
1174.500000,10.424553856,43.870621628,71.097947127,6.000000,21.187500000
1175.000000,10.430161796,43.860746913,71.099044747,6.000000,21.180555556
1175.500000,10.435769195,43.850872046,71.100142435,6.000000,21.173611111
1176.000000,10.441376053,43.840997026,71.101240192,6.000000,21.166666667
1176.500000,10.446982369,43.831121854,71.102338018,6.000000,21.159722222
1177.000000,10.452588145,43.821246529,71.103435913,6.000000,21.152777778
1177.500000,10.458193379,43.811371052,71.104533877,6.000000,21.145833333
1178.000000,10.463798071,43.801495422,71.105631909,6.000000,21.138888889
1178.500000,10.469402223,43.791619640,71.106730011,6.000000,21.131944444
1179.000000,10.475005834,43.781743705,71.107828181,6.000000,21.125000000
1179.500000,10.480608904,43.771867618,71.108926420,6.000000,21.118055556
1180.000000,10.486211433,43.761991378,71.110024728,6.000000,21.111111111
1180.500000,10.491813421,43.752114986,71.111123105,6.000000,21.104166667
1181.000000,10.497414869,43.742238441,71.112221551,6.000000,21.097222222
1181.500000,10.503015776,43.732361744,71.113320065,6.000000,21.090277778
1182.000000,10.508616142,43.722484894,71.114418649,6.000000,21.083333333
1182.500000,10.514215967,43.712607891,71.115517301,6.000000,21.076388889
1183.000000,10.519815252,43.702730736,71.116616023,6.000000,21.069444444
1183.500000,10.525413996,43.692853428,71.117714813,6.000000,21.062500000
1184.000000,10.531012200,43.682975968,71.118813672,6.000000,21.055555556
1184.500000,10.536609864,43.673098355,71.119912600,6.000000,21.048611111
1185.000000,10.542206987,43.663220589,71.121011597,6.000000,21.041666667
1185.500000,10.547803569,43.653342671,71.122110663,6.000000,21.034722222
1186.000000,10.553399612,43.643464600,71.123209798,6.000000,21.027777778
1186.500000,10.558995114,43.633586376,71.124309002,6.000000,21.020833333
1187.000000,10.564590076,43.623708000,71.125408275,6.000000,21.013888889
1187.500000,10.570184498,43.613829471,71.126507617,6.000000,21.006944444
1188.000000,10.575778380,43.603950790,71.127607027,6.000000,21.000000000
1188.500000,10.581371722,43.594071955,71.128706507,6.000000,20.993055556
1189.000000,10.586964525,43.584192968,71.129806055,6.000000,20.986111111
1189.500000,10.592556787,43.574313829,71.130905673,6.000000,20.979166667
1190.000000,10.598148509,43.564434536,71.132005359,6.000000,20.972222222
1190.500000,10.603739692,43.554555091,71.133105115,6.000000,20.965277778
1191.000000,10.609330335,43.544675493,71.134204939,6.000000,20.958333333
1191.500000,10.614920438,43.534795742,71.135304833,6.000000,20.951388889
1192.000000,10.620510001,43.524915839,71.136404795,6.000000,20.944444444
1192.500000,10.626099025,43.515035783,71.137504826,6.000000,20.937500000
1193.000000,10.631687510,43.505155574,71.138604927,6.000000,20.930555556
1193.500000,10.637275455,43.495275212,71.139705096,6.000000,20.923611111
1194.000000,10.642862860,43.485394697,71.140805334,6.000000,20.916666667
1194.500000,10.648449726,43.475514030,71.141905642,6.000000,20.909722222
1195.000000,10.654036053,43.465633210,71.143006018,6.000000,20.902777778
1195.500000,10.659621841,43.455752237,71.144106464,6.000000,20.895833333
1196.000000,10.665207089,43.445871111,71.145206978,6.000000,20.888888889
1196.500000,10.670791799,43.435989832,71.146307562,6.000000,20.881944444
1197.000000,10.676375969,43.426108400,71.147408214,6.000000,20.875000000
1197.500000,10.681959600,43.416226816,71.148508936,6.000000,20.868055556
1198.000000,10.687542692,43.406345078,71.149609726,6.000000,20.861111111
1198.500000,10.693125246,43.396463188,71.150710586,6.000000,20.854166667
1199.000000,10.698707260,43.386581145,71.151811514,6.000000,20.847222222
1199.500000,10.704288735,43.376698949,71.152912512,6.000000,20.840277778
1200.000000,10.709869672,43.366816600,71.154013579,6.000000,20.833333333
1200.500000,10.715450070,43.356934098,71.155114715,6.000000,20.826388889
1201.000000,10.721029929,43.347051443,71.156215920,6.000000,20.819444444
1201.500000,10.726609250,43.337168636,71.157317194,6.000000,20.812500000
1202.000000,10.732188032,43.327285675,71.158418537,6.000000,20.805555556
1202.500000,10.737766276,43.317402561,71.159519949,6.000000,20.798611111
1203.000000,10.743343981,43.307519295,71.160621430,6.000000,20.791666667
1203.500000,10.748921147,43.297635875,71.161722980,6.000000,20.784722222
1204.000000,10.754497776,43.287752302,71.162824600,6.000000,20.777777778
1204.500000,10.760073866,43.277868577,71.163926288,6.000000,20.770833333
1205.000000,10.765649418,43.267984698,71.165028046,6.000000,20.763888889
1205.500000,10.771224431,43.258100666,71.166129873,6.000000,20.756944444
1206.000000,10.776798906,43.248216482,71.167231769,6.000000,20.750000000
1206.500000,10.782372844,43.238332144,71.168333733,6.000000,20.743055556
1207.000000,10.787946243,43.228447653,71.169435768,6.000000,20.736111111
1207.500000,10.793519104,43.218563009,71.170537871,6.000000,20.729166667
1208.000000,10.799091428,43.208678212,71.171640043,6.000000,20.722222222
1208.500000,10.804663213,43.198793262,71.172742285,6.000000,20.715277778
1209.000000,10.810234460,43.188908159,71.173844595,6.000000,20.708333333
1209.500000,10.815805170,43.179022903,71.174946975,6.000000,20.701388889
1210.000000,10.821375342,43.169137494,71.176049424,6.000000,20.694444444
1210.500000,10.826944977,43.159251931,71.177151942,6.000000,20.687500000
1211.000000,10.832514073,43.149366216,71.178254529,6.000000,20.680555556
1211.500000,10.838082633,43.139480347,71.179357186,6.000000,20.673611111
1212.000000,10.843650654,43.129594325,71.180459911,6.000000,20.666666667
1212.500000,10.849218138,43.119708150,71.181562706,6.000000,20.659722222
1213.000000,10.854785085,43.109821822,71.182665570,6.000000,20.652777778
1213.500000,10.860351494,43.099935341,71.183768503,6.000000,20.645833333
1214.000000,10.865917366,43.090048706,71.184871505,6.000000,20.638888889
1214.500000,10.871482701,43.080161919,71.185974577,6.000000,20.631944444
1215.000000,10.877047499,43.070274978,71.187077718,6.000000,20.625000000
1215.500000,10.882611759,43.060387883,71.188180927,6.000000,20.618055556
1216.000000,10.888175482,43.050500636,71.189284207,6.000000,20.611111111
1216.500000,10.893738669,43.040613236,71.190387555,6.000000,20.604166667
1217.000000,10.899301318,43.030725682,71.191490972,6.000000,20.597222222
1217.500000,10.904863430,43.020837975,71.192594459,6.000000,20.590277778
1218.000000,10.910425006,43.010950114,71.193698015,6.000000,20.583333333
1218.500000,10.915986044,43.001062101,71.194801640,6.000000,20.576388889
1219.000000,10.921546546,42.991173934,71.195905335,6.000000,20.569444444
1219.500000,10.927106511,42.981285614,71.197009098,6.000000,20.562500000
1220.000000,10.932665939,42.971397140,71.198112931,6.000000,20.555555556
1220.500000,10.938224831,42.961508513,71.199216834,6.000000,20.548611111
1221.000000,10.943783186,42.951619733,71.200320805,6.000000,20.541666667
1221.500000,10.949341005,42.941730800,71.201424846,6.000000,20.534722222
1222.000000,10.954898287,42.931841713,71.202528956,6.000000,20.527777778
1222.500000,10.960455032,42.921952473,71.203633135,6.000000,20.520833333
1223.000000,10.966011242,42.912063079,71.204737383,6.000000,20.513888889
1223.500000,10.971566915,42.902173532,71.205841701,6.000000,20.506944444
1224.000000,10.977122051,42.892283832,71.206946088,6.000000,20.500000000
1224.500000,10.982676652,42.882393979,71.208050545,6.000000,20.493055556
1225.000000,10.988230716,42.872503972,71.209155070,6.000000,20.486111111
1225.500000,10.993784244,42.862613811,71.210259665,6.000000,20.479166667
1226.000000,10.999337237,42.852723497,71.211364329,6.000000,20.472222222
1226.500000,11.004889693,42.842833030,71.212469063,6.000000,20.465277778
1227.000000,11.010441613,42.832942409,71.213573866,6.000000,20.458333333
1227.500000,11.015992997,42.823051635,71.214678738,6.000000,20.451388889
1228.000000,11.021543845,42.813160708,71.215783679,6.000000,20.444444444
1228.500000,11.027094158,42.803269627,71.216888690,6.000000,20.437500000
1229.000000,11.032643935,42.793378392,71.217993770,6.000000,20.430555556
1229.500000,11.038193176,42.783487004,71.219098920,6.000000,20.423611111
1230.000000,11.043741882,42.773595462,71.220204139,6.000000,20.416666667
1230.500000,11.049290052,42.763703767,71.221309427,6.000000,20.409722222
1231.000000,11.054837686,42.753811919,71.222414784,6.000000,20.402777778
1231.500000,11.060384785,42.743919917,71.223520211,6.000000,20.395833333
1232.000000,11.065931348,42.734027761,71.224625707,6.000000,20.388888889
1232.500000,11.071477376,42.724135452,71.225731273,6.000000,20.381944444
1233.000000,11.077022869,42.714242989,71.226836908,6.000000,20.375000000
1233.500000,11.082567827,42.704350373,71.227942612,6.000000,20.368055556
1234.000000,11.088112249,42.694457603,71.229048386,6.000000,20.361111111
1234.500000,11.093656136,42.684564680,71.230154229,6.000000,20.354166667
1235.000000,11.099199488,42.674671603,71.231260141,6.000000,20.347222222
1235.500000,11.104742305,42.664778373,71.232366123,6.000000,20.340277778
1236.000000,11.110284587,42.654884988,71.233472174,6.000000,20.333333333
1236.500000,11.115826334,42.644991451,71.234578295,6.000000,20.326388889
1237.000000,11.121367546,42.635097759,71.235684485,6.000000,20.319444444
1237.500000,11.126908223,42.625203914,71.236790744,6.000000,20.312500000
1238.000000,11.132448365,42.615309915,71.237897073,6.000000,20.305555556
1238.500000,11.137987973,42.605415763,71.239003471,6.000000,20.298611111
1239.000000,11.143527045,42.595521457,71.240109939,6.000000,20.291666667
1239.500000,11.149065584,42.585626997,71.241216476,6.000000,20.284722222
1240.000000,11.154603587,42.575732384,71.242323083,6.000000,20.277777778
1240.500000,11.160141056,42.565837617,71.243429759,6.000000,20.270833333
1241.000000,11.165677991,42.555942696,71.244536504,6.000000,20.263888889
1241.500000,11.171214391,42.546047621,71.245643319,6.000000,20.256944444
1242.000000,11.176750257,42.536152393,71.246750203,6.000000,20.250000000
1242.500000,11.182285588,42.526257011,71.247857157,6.000000,20.243055556
1243.000000,11.187820385,42.516361475,71.248964180,6.000000,20.236111111
1243.500000,11.193354648,42.506465786,71.250071273,6.000000,20.229166667
1244.000000,11.198888377,42.496569943,71.251178435,6.000000,20.222222222
1244.500000,11.204421571,42.486673946,71.252285667,6.000000,20.215277778
1245.000000,11.209954231,42.476777795,71.253392968,6.000000,20.208333333
1245.500000,11.215486358,42.466881490,71.254500339,6.000000,20.201388889
1246.000000,11.221017950,42.456985032,71.255607779,6.000000,20.194444444
1246.500000,11.226549009,42.447088420,71.256715288,6.000000,20.187500000
1247.000000,11.232079533,42.437191654,71.257822867,6.000000,20.180555556
1247.500000,11.237609524,42.427294734,71.258930516,6.000000,20.173611111
1248.000000,11.243138981,42.417397660,71.260038234,6.000000,20.166666667
1248.500000,11.248667905,42.407500433,71.261146022,6.000000,20.159722222
1249.000000,11.254196294,42.397603051,71.262253879,6.000000,20.152777778
1249.500000,11.259724150,42.387705516,71.263361805,6.000000,20.145833333
1250.000000,11.265251473,42.377807827,71.264469801,6.000000,20.138888889
1250.500000,11.270778262,42.367909984,71.265577867,6.000000,20.131944444
1251.000000,11.276304517,42.358011987,71.266686002,6.000000,20.125000000
1251.500000,11.281830240,42.348113836,71.267794207,6.000000,20.118055556
1252.000000,11.287355428,42.338215531,71.268902481,6.000000,20.111111111
1252.500000,11.292880084,42.328317073,71.270010825,6.000000,20.104166667
1253.000000,11.298404206,42.318418460,71.271119239,6.000000,20.097222222
1253.500000,11.303927795,42.308519694,71.272227722,6.000000,20.090277778
1254.000000,11.309450851,42.298620773,71.273336274,6.000000,20.083333333
1254.500000,11.314973374,42.288721699,71.274444896,6.000000,20.076388889
1255.000000,11.320495363,42.278822470,71.275553588,6.000000,20.069444444
1255.500000,11.326016820,42.268923088,71.276662349,6.000000,20.062500000
1256.000000,11.331537744,42.259023551,71.277771180,6.000000,20.055555556
1256.500000,11.337058135,42.249123861,71.278880080,6.000000,20.048611111
1257.000000,11.342577993,42.239224016,71.279989050,6.000000,20.041666667
1257.500000,11.348097318,42.229324018,71.281098090,6.000000,20.034722222
1258.000000,11.353616111,42.219423865,71.282207199,6.000000,20.027777778
1258.500000,11.359134371,42.209523559,71.283316378,6.000000,20.020833333
1259.000000,11.364652098,42.199623098,71.284425626,6.000000,20.013888889
1259.500000,11.370169293,42.189722483,71.285534944,6.000000,20.006944444
1260.000000,11.375685955,42.179821715,71.286644332,6.000000,20.000000000
1260.500000,11.381202085,42.169920792,71.287753789,6.000000,19.993055556
1261.000000,11.386717682,42.160019715,71.288863316,6.000000,19.986111111
1261.500000,11.392232747,42.150118484,71.289972913,6.000000,19.979166667
1262.000000,11.397747280,42.140217099,71.291082579,6.000000,19.972222222
1262.500000,11.403261280,42.130315560,71.292192315,6.000000,19.965277778
1263.000000,11.408774748,42.120413866,71.293302120,6.000000,19.958333333
1263.500000,11.414287684,42.110512019,71.294411995,6.000000,19.951388889
1264.000000,11.419800088,42.100610017,71.295521940,6.000000,19.944444444
1264.500000,11.425311960,42.090707861,71.296631955,6.000000,19.937500000
1265.000000,11.430823300,42.080805551,71.297742039,6.000000,19.930555556
1265.500000,11.436334107,42.070903087,71.298852192,6.000000,19.923611111
1266.000000,11.441844383,42.061000469,71.299962416,6.000000,19.916666667
1266.500000,11.447354128,42.051097696,71.301072709,6.000000,19.909722222
1267.000000,11.452863340,42.041194769,71.302183072,6.000000,19.902777778
1267.500000,11.458372020,42.031291688,71.303293504,6.000000,19.895833333
1268.000000,11.463880169,42.021388453,71.304404007,6.000000,19.888888889
1268.500000,11.469387787,42.011485064,71.305514578,6.000000,19.881944444
1269.000000,11.474894872,42.001581520,71.306625220,6.000000,19.875000000
1269.500000,11.480401426,41.991677822,71.307735931,6.000000,19.868055556
1270.000000,11.485907449,41.981773970,71.308846712,6.000000,19.861111111
1270.500000,11.491412940,41.971869963,71.309957563,6.000000,19.854166667
1271.000000,11.496917900,41.961965803,71.311068484,6.000000,19.847222222
1271.500000,11.502422329,41.952061488,71.312179474,6.000000,19.840277778
1272.000000,11.507926226,41.942157018,71.313290534,6.000000,19.833333333
1272.500000,11.513429592,41.932252395,71.314401663,6.000000,19.826388889
1273.000000,11.518932427,41.922347617,71.315512863,6.000000,19.819444444
1273.500000,11.524434730,41.912442684,71.316624132,6.000000,19.812500000
1274.000000,11.529936503,41.902537597,71.317735471,6.000000,19.805555556
1274.500000,11.535437744,41.892632356,71.318846880,6.000000,19.798611111
1275.000000,11.540938455,41.882726961,71.319958358,6.000000,19.791666667
1275.500000,11.546438635,41.872821411,71.321069906,6.000000,19.784722222
1276.000000,11.551938284,41.862915707,71.322181524,6.000000,19.777777778
1276.500000,11.557437402,41.853009849,71.323293212,6.000000,19.770833333
1277.000000,11.562935989,41.843103836,71.324404969,6.000000,19.763888889
1277.500000,11.568434045,41.833197668,71.325516797,6.000000,19.756944444
1278.000000,11.573931571,41.823291346,71.326628694,6.000000,19.750000000
1278.500000,11.579428567,41.813384870,71.327740661,6.000000,19.743055556
1279.000000,11.584925031,41.803478240,71.328852697,6.000000,19.736111111
1279.500000,11.590420966,41.793571455,71.329964804,6.000000,19.729166667
1280.000000,11.595916369,41.783664515,71.331076980,6.000000,19.722222222
1280.500000,11.601411243,41.773757421,71.332189226,6.000000,19.715277778
1281.000000,11.606905586,41.763850172,71.333301542,6.000000,19.708333333
1281.500000,11.612399399,41.753942769,71.334413928,6.000000,19.701388889
1282.000000,11.617892681,41.744035212,71.335526384,6.000000,19.694444444
1282.500000,11.623385433,41.734127500,71.336638909,6.000000,19.687500000
1283.000000,11.628877656,41.724219633,71.337751504,6.000000,19.680555556
1283.500000,11.634369348,41.714311612,71.338864169,6.000000,19.673611111
1284.000000,11.639860510,41.704403437,71.339976904,6.000000,19.666666667
1284.500000,11.645351142,41.694495107,71.341089709,6.000000,19.659722222
1285.000000,11.650841244,41.684586622,71.342202584,6.000000,19.652777778
1285.500000,11.656330816,41.674677983,71.343315528,6.000000,19.645833333
1286.000000,11.661819859,41.664769189,71.344428543,6.000000,19.638888889
1286.500000,11.667308371,41.654860241,71.345541627,6.000000,19.631944444
1287.000000,11.672796354,41.644951138,71.346654781,6.000000,19.625000000
1287.500000,11.678283807,41.635041880,71.347768005,6.000000,19.618055556
1288.000000,11.683770731,41.625132468,71.348881299,6.000000,19.611111111
1288.500000,11.689257125,41.615222901,71.349994663,6.000000,19.604166667
1289.000000,11.694742990,41.605313179,71.351108096,6.000000,19.597222222
1289.500000,11.700228325,41.595403303,71.352221600,6.000000,19.590277778
1290.000000,11.705713130,41.585493272,71.353335173,6.000000,19.583333333
1290.500000,11.711197406,41.575583087,71.354448817,6.000000,19.576388889
1291.000000,11.716681153,41.565672747,71.355562530,6.000000,19.569444444
1291.500000,11.722164371,41.555762252,71.356676313,6.000000,19.562500000
1292.000000,11.727647060,41.545851603,71.357790167,6.000000,19.555555556
1292.500000,11.733129219,41.535940798,71.358904090,6.000000,19.548611111
1293.000000,11.738610849,41.526029840,71.360018083,6.000000,19.541666667
1293.500000,11.744091950,41.516118726,71.361132146,6.000000,19.534722222
1294.000000,11.749572522,41.506207458,71.362246278,6.000000,19.527777778
1294.500000,11.755052565,41.496296034,71.363360481,6.000000,19.520833333
1295.000000,11.760532080,41.486384457,71.364474754,6.000000,19.513888889
1295.500000,11.766011065,41.476472724,71.365589097,6.000000,19.506944444
1296.000000,11.771489522,41.466560837,71.366703509,6.000000,19.500000000
1296.500000,11.776967450,41.456648795,71.367817992,6.000000,19.493055556
1297.000000,11.782444849,41.446736598,71.368932545,6.000000,19.486111111
1297.500000,11.787921719,41.436824246,71.370047167,6.000000,19.479166667
1298.000000,11.793398061,41.426911739,71.371161860,6.000000,19.472222222
1298.500000,11.798873875,41.416999078,71.372276622,6.000000,19.465277778
1299.000000,11.804349160,41.407086262,71.373391455,6.000000,19.458333333
1299.500000,11.809823916,41.397173291,71.374506358,6.000000,19.451388889
1300.000000,11.815298144,41.387260165,71.375621330,6.000000,19.444444444
1300.500000,11.820771844,41.377346884,71.376736373,6.000000,19.437500000
1301.000000,11.826245015,41.367433448,71.377851485,6.000000,19.430555556
1301.500000,11.831717659,41.357519858,71.378966668,6.000000,19.423611111
1302.000000,11.837189774,41.347606113,71.380081920,6.000000,19.416666667
1302.500000,11.842661361,41.337692212,71.381197243,6.000000,19.409722222
1303.000000,11.848132419,41.327778157,71.382312636,6.000000,19.402777778
1303.500000,11.853602950,41.317863947,71.383428098,6.000000,19.395833333
1304.000000,11.859072953,41.307949582,71.384543631,6.000000,19.388888889
1304.500000,11.864542428,41.298035062,71.385659234,6.000000,19.381944444
1305.000000,11.870011375,41.288120387,71.386774907,6.000000,19.375000000
1305.500000,11.875479794,41.278205557,71.387890649,6.000000,19.368055556
1306.000000,11.880947686,41.268290573,71.389006462,6.000000,19.361111111
1306.500000,11.886415049,41.258375433,71.390122345,6.000000,19.354166667
1307.000000,11.891881886,41.248460138,71.391238298,6.000000,19.347222222
1307.500000,11.897348194,41.238544688,71.392354321,6.000000,19.340277778
1308.000000,11.902813975,41.228629083,71.393470415,6.000000,19.333333333
1308.500000,11.908279228,41.218713324,71.394586578,6.000000,19.326388889
1309.000000,11.913743954,41.208797409,71.395702811,6.000000,19.319444444
1309.500000,11.919208153,41.198881339,71.396819115,6.000000,19.312500000
1310.000000,11.924671824,41.188965114,71.397935488,6.000000,19.305555556
1310.500000,11.930134968,41.179048734,71.399051932,6.000000,19.298611111
1311.000000,11.935597584,41.169132199,71.400168446,6.000000,19.291666667
1311.500000,11.941059674,41.159215509,71.401285029,6.000000,19.284722222
1312.000000,11.946521236,41.149298664,71.402401683,6.000000,19.277777778
1312.500000,11.951982271,41.139381664,71.403518408,6.000000,19.270833333
1313.000000,11.957442779,41.129464508,71.404635202,6.000000,19.263888889
1313.500000,11.962902760,41.119547198,71.405752066,6.000000,19.256944444
1314.000000,11.968362214,41.109629732,71.406869001,6.000000,19.250000000
1314.500000,11.973821141,41.099712112,71.407986005,6.000000,19.243055556
1315.000000,11.979279542,41.089794336,71.409103080,6.000000,19.236111111
1315.500000,11.984737415,41.079876405,71.410220225,6.000000,19.229166667
1316.000000,11.990194762,41.069958319,71.411337440,6.000000,19.222222222
1316.500000,11.995651582,41.060040077,71.412454725,6.000000,19.215277778
1317.000000,12.001107876,41.050121681,71.413572080,6.000000,19.208333333
1317.500000,12.006563643,41.040203129,71.414689506,6.000000,19.201388889
1318.000000,12.012018883,41.030284422,71.415807002,6.000000,19.194444444
1318.500000,12.017473597,41.020365560,71.416924567,6.000000,19.187500000
1319.000000,12.022927785,41.010446543,71.418042204,6.000000,19.180555556
1319.500000,12.028381446,41.000527371,71.419159910,6.000000,19.173611111
1320.000000,12.033834580,40.990608043,71.420277686,6.000000,19.166666667
1320.500000,12.039287189,40.980688560,71.421395533,6.000000,19.159722222
1321.000000,12.044739271,40.970768921,71.422513450,6.000000,19.152777778
1321.500000,12.050190827,40.960849128,71.423631437,6.000000,19.145833333
1322.000000,12.055641857,40.950929179,71.424749494,6.000000,19.138888889
1322.500000,12.061092361,40.941009075,71.425867621,6.000000,19.131944444
1323.000000,12.066542339,40.931088816,71.426985819,6.000000,19.125000000
1323.500000,12.071991791,40.921168401,71.428104087,6.000000,19.118055556
1324.000000,12.077440717,40.911247831,71.429222425,6.000000,19.111111111
1324.500000,12.082889117,40.901327106,71.430340833,6.000000,19.104166667
1325.000000,12.088336991,40.891406225,71.431459312,6.000000,19.097222222
1325.500000,12.093784340,40.881485189,71.432577861,6.000000,19.090277778
1326.000000,12.099231162,40.871563998,71.433696480,6.000000,19.083333333
1326.500000,12.104677459,40.861642651,71.434815169,6.000000,19.076388889
1327.000000,12.110123231,40.851721149,71.435933929,6.000000,19.069444444
1327.500000,12.115568477,40.841799491,71.437052759,6.000000,19.062500000
1328.000000,12.121013197,40.831877678,71.438171659,6.000000,19.055555556
1328.500000,12.126457392,40.821955710,71.439290629,6.000000,19.048611111
1329.000000,12.131901062,40.812033586,71.440409670,6.000000,19.041666667
1329.500000,12.137344206,40.802111307,71.441528781,6.000000,19.034722222
1330.000000,12.142786825,40.792188873,71.442647962,6.000000,19.027777778
1330.500000,12.148228918,40.782266283,71.443767214,6.000000,19.020833333
1331.000000,12.153670487,40.772343537,71.444886536,6.000000,19.013888889
1331.500000,12.159111530,40.762420636,71.446005928,6.000000,19.006944444
1332.000000,12.164552048,40.752497580,71.447125390,6.000000,19.000000000
1332.500000,12.169992041,40.742574368,71.448244923,6.000000,18.993055556
1333.000000,12.175431510,40.732651001,71.449364526,6.000000,18.986111111
1333.500000,12.180870453,40.722727478,71.450484200,6.000000,18.979166667
1334.000000,12.186308871,40.712803800,71.451603943,6.000000,18.972222222
1334.500000,12.191746764,40.702879966,71.452723757,6.000000,18.965277778
1335.000000,12.197184133,40.692955976,71.453843642,6.000000,18.958333333
1335.500000,12.202620977,40.683031831,71.454963596,6.000000,18.951388889
1336.000000,12.208057296,40.673107531,71.456083622,6.000000,18.944444444
1336.500000,12.213493091,40.663183075,71.457203717,6.000000,18.937500000
1337.000000,12.218928361,40.653258463,71.458323883,6.000000,18.930555556
1337.500000,12.224363106,40.643333696,71.459444119,6.000000,18.923611111
1338.000000,12.229797327,40.633408773,71.460564425,6.000000,18.916666667
1338.500000,12.235231023,40.623483695,71.461684802,6.000000,18.909722222
1339.000000,12.240664196,40.613558461,71.462805249,6.000000,18.902777778
1339.500000,12.246096843,40.603633071,71.463925767,6.000000,18.895833333
1340.000000,12.251528967,40.593707526,71.465046355,6.000000,18.888888889
1340.500000,12.256960566,40.583781825,71.466167013,6.000000,18.881944444
1341.000000,12.262391641,40.573855968,71.467287742,6.000000,18.875000000
1341.500000,12.267822192,40.563929956,71.468408541,6.000000,18.868055556
1342.000000,12.273252219,40.554003788,71.469529411,6.000000,18.861111111
1342.500000,12.278681722,40.544077465,71.470650351,6.000000,18.854166667
1343.000000,12.284110701,40.534150986,71.471771361,6.000000,18.847222222
1343.500000,12.289539156,40.524224351,71.472892442,6.000000,18.840277778
1344.000000,12.294967087,40.514297560,71.474013593,6.000000,18.833333333
1344.500000,12.300394494,40.504370614,71.475134815,6.000000,18.826388889
1345.000000,12.305821377,40.494443512,71.476256107,6.000000,18.819444444
1345.500000,12.311247737,40.484516254,71.477377470,6.000000,18.812500000
1346.000000,12.316673573,40.474588840,71.478498903,6.000000,18.805555556
1346.500000,12.322098885,40.464661271,71.479620406,6.000000,18.798611111
1347.000000,12.327523674,40.454733546,71.480741980,6.000000,18.791666667
1347.500000,12.332947940,40.444805665,71.481863624,6.000000,18.784722222
1348.000000,12.338371682,40.434877629,71.482985339,6.000000,18.777777778
1348.500000,12.343794900,40.424949436,71.484107124,6.000000,18.770833333
1349.000000,12.349217595,40.415021088,71.485228980,6.000000,18.763888889
1349.500000,12.354639767,40.405092584,71.486350906,6.000000,18.756944444
1350.000000,12.360061415,40.395163924,71.487472903,6.000000,18.750000000
1350.500000,12.365482541,40.385235108,71.488594970,6.000000,18.743055556
1351.000000,12.370903143,40.375306137,71.489717108,6.000000,18.736111111
1351.500000,12.376323222,40.365377010,71.490839316,6.000000,18.729166667
1352.000000,12.381742778,40.355447726,71.491961595,6.000000,18.722222222
1352.500000,12.387161811,40.345518287,71.493083944,6.000000,18.715277778
1353.000000,12.392580321,40.335588692,71.494206364,6.000000,18.708333333
1353.500000,12.397998308,40.325658941,71.495328854,6.000000,18.701388889
1354.000000,12.403415772,40.315729035,71.496451414,6.000000,18.694444444
1354.500000,12.408832714,40.305798972,71.497574046,6.000000,18.687500000
1355.000000,12.414249132,40.295868753,71.498696747,6.000000,18.680555556
1355.500000,12.419665028,40.285938379,71.499819520,6.000000,18.673611111
1356.000000,12.425080402,40.276007848,71.500942362,6.000000,18.666666667
1356.500000,12.430495252,40.266077162,71.502065276,6.000000,18.659722222
1357.000000,12.435909581,40.256146319,71.503188260,6.000000,18.652777778
1357.500000,12.441323386,40.246215321,71.504311314,6.000000,18.645833333
1358.000000,12.446736670,40.236284167,71.505434439,6.000000,18.638888889
1358.500000,12.452149430,40.226352856,71.506557635,6.000000,18.631944444
1359.000000,12.457561669,40.216421390,71.507680901,6.000000,18.625000000
1359.500000,12.462973385,40.206489768,71.508804238,6.000000,18.618055556
1360.000000,12.468384579,40.196557989,71.509927645,6.000000,18.611111111
1360.500000,12.473795251,40.186626055,71.511051123,6.000000,18.604166667
1361.000000,12.479205400,40.176693964,71.512174671,6.000000,18.597222222
1361.500000,12.484615028,40.166761718,71.513298290,6.000000,18.590277778
1362.000000,12.490024134,40.156829315,71.514421980,6.000000,18.583333333
1362.500000,12.495432717,40.146896757,71.515545740,6.000000,18.576388889
1363.000000,12.500840779,40.136964042,71.516669571,6.000000,18.569444444
1363.500000,12.506248318,40.127031171,71.517793473,6.000000,18.562500000
1364.000000,12.511655336,40.117098144,71.518917445,6.000000,18.555555556
1364.500000,12.517061832,40.107164961,71.520041488,6.000000,18.548611111
1365.000000,12.522467806,40.097231622,71.521165601,6.000000,18.541666667
1365.500000,12.527873259,40.087298127,71.522289785,6.000000,18.534722222
1366.000000,12.533278190,40.077364476,71.523414039,6.000000,18.527777778
1366.500000,12.538682599,40.067430668,71.524538365,6.000000,18.520833333
1367.000000,12.544086487,40.057496705,71.525662761,6.000000,18.513888889
1367.500000,12.549489854,40.047562585,71.526787227,6.000000,18.506944444
1368.000000,12.554892699,40.037628309,71.527911764,6.000000,18.500000000
1368.500000,12.560295022,40.027693877,71.529036372,6.000000,18.493055556
1369.000000,12.565696825,40.017759288,71.530161051,6.000000,18.486111111
1369.500000,12.571098106,40.007824544,71.531285800,6.000000,18.479166667
1370.000000,12.576498865,39.997889643,71.532410620,6.000000,18.472222222
1370.500000,12.581899104,39.987954586,71.533535510,6.000000,18.465277778
1371.000000,12.587298821,39.978019373,71.534660472,6.000000,18.458333333
1371.500000,12.592698018,39.968084003,71.535785503,6.000000,18.451388889
1372.000000,12.598096693,39.958148477,71.536910606,6.000000,18.444444444
1372.500000,12.603494847,39.948212795,71.538035779,6.000000,18.437500000
1373.000000,12.608892481,39.938276957,71.539161023,6.000000,18.430555556
1373.500000,12.614289593,39.928340962,71.540286338,6.000000,18.423611111
1374.000000,12.619686185,39.918404811,71.541411724,6.000000,18.416666667
1374.500000,12.625082256,39.908468504,71.542537180,6.000000,18.409722222
1375.000000,12.630477806,39.898532041,71.543662707,6.000000,18.402777778
1375.500000,12.635872836,39.888595421,71.544788304,6.000000,18.395833333
1376.000000,12.641267345,39.878658645,71.545913973,6.000000,18.388888889
1376.500000,12.646661333,39.868721712,71.547039712,6.000000,18.381944444
1377.000000,12.652054801,39.858784623,71.548165521,6.000000,18.375000000
1377.500000,12.657447749,39.848847378,71.549291402,6.000000,18.368055556
1378.000000,12.662840176,39.838909977,71.550417353,6.000000,18.361111111
1378.500000,12.668232083,39.828972419,71.551543375,6.000000,18.354166667
1379.000000,12.673623469,39.819034704,71.552669468,6.000000,18.347222222
1379.500000,12.679014335,39.809096834,71.553795632,6.000000,18.340277778
1380.000000,12.684404681,39.799158806,71.554921866,6.000000,18.333333333
1380.500000,12.689794506,39.789220623,71.556048171,6.000000,18.326388889
1381.000000,12.695183812,39.779282283,71.557174547,6.000000,18.319444444
1381.500000,12.700572598,39.769343786,71.558300994,6.000000,18.312500000
1382.000000,12.705960863,39.759405133,71.559427512,6.000000,18.305555556
1382.500000,12.711348609,39.749466324,71.560554100,6.000000,18.298611111
1383.000000,12.716735834,39.739527358,71.561680759,6.000000,18.291666667
1383.500000,12.722122540,39.729588236,71.562807489,6.000000,18.284722222
1384.000000,12.727508726,39.719648957,71.563934290,6.000000,18.277777778
1384.500000,12.732894392,39.709709522,71.565061161,6.000000,18.270833333
1385.000000,12.738279539,39.699769930,71.566188104,6.000000,18.263888889
1385.500000,12.743664166,39.689830182,71.567315117,6.000000,18.256944444
1386.000000,12.749048273,39.679890277,71.568442201,6.000000,18.250000000
1386.500000,12.754431861,39.669950215,71.569569356,6.000000,18.243055556
1387.000000,12.759814929,39.660009997,71.570696581,6.000000,18.236111111
1387.500000,12.765197478,39.650069623,71.571823878,6.000000,18.229166667
1388.000000,12.770579507,39.640129092,71.572951245,6.000000,18.222222222
1388.500000,12.775961017,39.630188404,71.574078684,6.000000,18.215277778
1389.000000,12.781342008,39.620247560,71.575206193,6.000000,18.208333333
1389.500000,12.786722479,39.610306559,71.576333773,6.000000,18.201388889
1390.000000,12.792102432,39.600365401,71.577461424,6.000000,18.194444444
1390.500000,12.797481865,39.590424087,71.578589145,6.000000,18.187500000
1391.000000,12.802860779,39.580482617,71.579716938,6.000000,18.180555556
1391.500000,12.808239174,39.570540989,71.580844801,6.000000,18.173611111
1392.000000,12.813617050,39.560599205,71.581972736,6.000000,18.166666667
1392.500000,12.818994407,39.550657265,71.583100741,6.000000,18.159722222
1393.000000,12.824371245,39.540715167,71.584228817,6.000000,18.152777778
1393.500000,12.829747564,39.530772913,71.585356964,6.000000,18.145833333
1394.000000,12.835123365,39.520830503,71.586485182,6.000000,18.138888889
1394.500000,12.840498646,39.510887935,71.587613471,6.000000,18.131944444
1395.000000,12.845873409,39.500945211,71.588741831,6.000000,18.125000000
1395.500000,12.851247654,39.491002330,71.589870262,6.000000,18.118055556
1396.000000,12.856621380,39.481059293,71.590998763,6.000000,18.111111111
1396.500000,12.861994587,39.471116098,71.592127336,6.000000,18.104166667
1397.000000,12.867367276,39.461172747,71.593255980,6.000000,18.097222222
1397.500000,12.872739446,39.451229240,71.594384694,6.000000,18.090277778
1398.000000,12.878111098,39.441285575,71.595513480,6.000000,18.083333333
1398.500000,12.883482232,39.431341754,71.596642336,6.000000,18.076388889
1399.000000,12.888852847,39.421397776,71.597771263,6.000000,18.069444444
1399.500000,12.894222944,39.411453641,71.598900262,6.000000,18.062500000
1400.000000,12.899592523,39.401509349,71.600029331,6.000000,18.055555556
1400.500000,12.904961584,39.391564901,71.601158471,6.000000,18.048611111
1401.000000,12.910330126,39.381620295,71.602287682,6.000000,18.041666667
1401.500000,12.915698151,39.371675533,71.603416965,6.000000,18.034722222
1402.000000,12.921065658,39.361730614,71.604546318,6.000000,18.027777778
1402.500000,12.926432646,39.351785538,71.605675742,6.000000,18.020833333
1403.000000,12.931799117,39.341840305,71.606805237,6.000000,18.013888889
1403.500000,12.937165070,39.331894916,71.607934803,6.000000,18.006944444
1404.000000,12.942530505,39.321949369,71.609064441,6.000000,18.000000000
1404.500000,12.947895423,39.312003666,71.610194149,6.000000,17.993055556
1405.000000,12.953259823,39.302057806,71.611323928,6.000000,17.986111111
1405.500000,12.958623705,39.292111788,71.612453778,6.000000,17.979166667
1406.000000,12.963987069,39.282165614,71.613583700,6.000000,17.972222222
1406.500000,12.969349916,39.272219283,71.614713692,6.000000,17.965277778
1407.000000,12.974712246,39.262272795,71.615843755,6.000000,17.958333333
1407.500000,12.980074058,39.252326150,71.616973890,6.000000,17.951388889
1408.000000,12.985435353,39.242379348,71.618104095,6.000000,17.944444444
1408.500000,12.990796130,39.232432389,71.619234372,6.000000,17.937500000
1409.000000,12.996156390,39.222485274,71.620364719,6.000000,17.930555556
1409.500000,13.001516133,39.212538001,71.621495138,6.000000,17.923611111
1410.000000,13.006875359,39.202590571,71.622625628,6.000000,17.916666667
1410.500000,13.012234068,39.192642984,71.623756188,6.000000,17.909722222
1411.000000,13.017592259,39.182695240,71.624886820,6.000000,17.902777778
1411.500000,13.022949934,39.172747339,71.626017523,6.000000,17.895833333
1412.000000,13.028307091,39.162799281,71.627148297,6.000000,17.888888889
1412.500000,13.033663732,39.152851066,71.628279142,6.000000,17.881944444
1413.000000,13.039019855,39.142902694,71.629410058,6.000000,17.875000000
1413.500000,13.044375462,39.132954165,71.630541046,6.000000,17.868055556
1414.000000,13.049730552,39.123005478,71.631672104,6.000000,17.861111111
1414.500000,13.055085126,39.113056635,71.632803234,6.000000,17.854166667
1415.000000,13.060439183,39.103107635,71.633934434,6.000000,17.847222222
1415.500000,13.065792723,39.093158477,71.635065706,6.000000,17.840277778
1416.000000,13.071145746,39.083209162,71.636197049,6.000000,17.833333333
1416.500000,13.076498253,39.073259691,71.637328463,6.000000,17.826388889
1417.000000,13.081850244,39.063310062,71.638459948,6.000000,17.819444444
1417.500000,13.087201718,39.053360276,71.639591504,6.000000,17.812500000
1418.000000,13.092552675,39.043410332,71.640723132,6.000000,17.805555556
1418.500000,13.097903117,39.033460232,71.641854830,6.000000,17.798611111
1419.000000,13.103253042,39.023509974,71.642986600,6.000000,17.791666667
1419.500000,13.108602451,39.013559559,71.644118441,6.000000,17.784722222
1420.000000,13.113951344,39.003608987,71.645250353,6.000000,17.777777778
1420.500000,13.119299720,38.993658258,71.646382336,6.000000,17.770833333
1421.000000,13.124647581,38.983707372,71.647514391,6.000000,17.763888889
1421.500000,13.129994925,38.973756328,71.648646516,6.000000,17.756944444
1422.000000,13.135341754,38.963805127,71.649778713,6.000000,17.750000000
1422.500000,13.140688067,38.953853769,71.650910981,6.000000,17.743055556
1423.000000,13.146033863,38.943902254,71.652043320,6.000000,17.736111111
1423.500000,13.151379144,38.933950581,71.653175730,6.000000,17.729166667
1424.000000,13.156723909,38.923998751,71.654308212,6.000000,17.722222222
1424.500000,13.162068159,38.914046764,71.655440765,6.000000,17.715277778
1425.000000,13.167411893,38.904094619,71.656573389,6.000000,17.708333333
1425.500000,13.172755111,38.894142317,71.657706084,6.000000,17.701388889
1426.000000,13.178097813,38.884189858,71.658838850,6.000000,17.694444444
1426.500000,13.183440000,38.874237242,71.659971688,6.000000,17.687500000
1427.000000,13.188781672,38.864284468,71.661104597,6.000000,17.680555556
1427.500000,13.194122828,38.854331537,71.662237577,6.000000,17.673611111
1428.000000,13.199463469,38.844378448,71.663370629,6.000000,17.666666667
1428.500000,13.204803595,38.834425202,71.664503751,6.000000,17.659722222
1429.000000,13.210143205,38.824471799,71.665636945,6.000000,17.652777778
1429.500000,13.215482300,38.814518238,71.666770210,6.000000,17.645833333
1430.000000,13.220820880,38.804564520,71.667903547,6.000000,17.638888889
1430.500000,13.226158945,38.794610645,71.669036954,6.000000,17.631944444
1431.000000,13.231496494,38.784656612,71.670170433,6.000000,17.625000000
1431.500000,13.236833529,38.774702421,71.671303984,6.000000,17.618055556
1432.000000,13.242170049,38.764748074,71.672437605,6.000000,17.611111111
1432.500000,13.247506053,38.754793568,71.673571298,6.000000,17.604166667
1433.000000,13.252841543,38.744838906,71.674705062,6.000000,17.597222222
1433.500000,13.258176518,38.734884085,71.675838897,6.000000,17.590277778
1434.000000,13.263510979,38.724929108,71.676972804,6.000000,17.583333333
1434.500000,13.268844924,38.714973973,71.678106782,6.000000,17.576388889
1435.000000,13.274178355,38.705018680,71.679240831,6.000000,17.569444444
1435.500000,13.279511272,38.695063230,71.680374952,6.000000,17.562500000
1436.000000,13.284843673,38.685107622,71.681509144,6.000000,17.555555556
1436.500000,13.290175561,38.675151857,71.682643407,6.000000,17.548611111
1437.000000,13.295506934,38.665195935,71.683777742,6.000000,17.541666667
1437.500000,13.300837792,38.655239854,71.684912148,6.000000,17.534722222
1438.000000,13.306168136,38.645283616,71.686046625,6.000000,17.527777778
1438.500000,13.311497966,38.635327221,71.687181174,6.000000,17.520833333
1439.000000,13.316827281,38.625370668,71.688315794,6.000000,17.513888889
1439.500000,13.322156082,38.615413958,71.689450486,6.000000,17.506944444
1440.000000,13.327484369,38.605457090,71.690585248,6.000000,17.500000000
1440.500000,13.332812142,38.595500064,71.691720082,6.000000,17.493055556
1441.000000,13.338139401,38.585542880,71.692854988,6.000000,17.486111111
1441.500000,13.343466146,38.575585539,71.693989965,6.000000,17.479166667
1442.000000,13.348792377,38.565628041,71.695125013,6.000000,17.472222222
1442.500000,13.354118094,38.555670385,71.696260133,6.000000,17.465277778
1443.000000,13.359443297,38.545712571,71.697395324,6.000000,17.458333333
1443.500000,13.364767987,38.535754599,71.698530586,6.000000,17.451388889
1444.000000,13.370092162,38.525796470,71.699665920,6.000000,17.444444444
1444.500000,13.375415824,38.515838183,71.700801325,6.000000,17.437500000
1445.000000,13.380738972,38.505879738,71.701936802,6.000000,17.430555556
1445.500000,13.386061607,38.495921136,71.703072350,6.000000,17.423611111
1446.000000,13.391383728,38.485962376,71.704207970,6.000000,17.416666667
1446.500000,13.396705335,38.476003458,71.705343661,6.000000,17.409722222
1447.000000,13.402026429,38.466044383,71.706479423,6.000000,17.402777778
1447.500000,13.407347010,38.456085149,71.707615257,6.000000,17.395833333
1448.000000,13.412667077,38.446125758,71.708751162,6.000000,17.388888889
1448.500000,13.417986631,38.436166210,71.709887139,6.000000,17.381944444
1449.000000,13.423305672,38.426206503,71.711023187,6.000000,17.375000000
1449.500000,13.428624200,38.416246639,71.712159307,6.000000,17.368055556
1450.000000,13.433942214,38.406286617,71.713295498,6.000000,17.361111111
1450.500000,13.439259715,38.396326437,71.714431760,6.000000,17.354166667
1451.000000,13.444576703,38.386366099,71.715568094,6.000000,17.347222222
1451.500000,13.449893179,38.376405603,71.716704500,6.000000,17.340277778
1452.000000,13.455209141,38.366444950,71.717840977,6.000000,17.333333333
1452.500000,13.460524590,38.356484139,71.718977525,6.000000,17.326388889
1453.000000,13.465839526,38.346523170,71.720114145,6.000000,17.319444444
1453.500000,13.471153950,38.336562043,71.721250837,6.000000,17.312500000
1454.000000,13.476467861,38.326600758,71.722387600,6.000000,17.305555556
1454.500000,13.481781259,38.316639315,71.723524434,6.000000,17.298611111
1455.000000,13.487094145,38.306677714,71.724661340,6.000000,17.291666667
1455.500000,13.492406517,38.296715956,71.725798318,6.000000,17.284722222
1456.000000,13.497718378,38.286754040,71.726935367,6.000000,17.277777778
1456.500000,13.503029725,38.276791965,71.728072487,6.000000,17.270833333
1457.000000,13.508340561,38.266829733,71.729209680,6.000000,17.263888889
1457.500000,13.513650884,38.256867343,71.730346943,6.000000,17.256944444
1458.000000,13.518960694,38.246904794,71.731484278,6.000000,17.250000000
1458.500000,13.524269993,38.236942088,71.732621685,6.000000,17.243055556
1459.000000,13.529578779,38.226979224,71.733759163,6.000000,17.236111111
1459.500000,13.534887052,38.217016202,71.734896713,6.000000,17.229166667
1460.000000,13.540194814,38.207053022,71.736034335,6.000000,17.222222222
1460.500000,13.545502063,38.197089684,71.737172028,6.000000,17.215277778
1461.000000,13.550808801,38.187126188,71.738309792,6.000000,17.208333333
1461.500000,13.556115026,38.177162534,71.739447628,6.000000,17.201388889
1462.000000,13.561420740,38.167198721,71.740585536,6.000000,17.194444444
1462.500000,13.566725941,38.157234751,71.741723516,6.000000,17.187500000
1463.000000,13.572030631,38.147270623,71.742861566,6.000000,17.180555556
1463.500000,13.577334809,38.137306337,71.743999689,6.000000,17.173611111
1464.000000,13.582638475,38.127341892,71.745137883,6.000000,17.166666667
1464.500000,13.587941629,38.117377290,71.746276149,6.000000,17.159722222
1465.000000,13.593244272,38.107412529,71.747414486,6.000000,17.152777778
1465.500000,13.598546403,38.097447611,71.748552895,6.000000,17.145833333
1466.000000,13.603848023,38.087482534,71.749691376,6.000000,17.138888889
1466.500000,13.609149131,38.077517299,71.750829928,6.000000,17.131944444
1467.000000,13.614449728,38.067551906,71.751968552,6.000000,17.125000000
1467.500000,13.619749813,38.057586355,71.753107247,6.000000,17.118055556
1468.000000,13.625049387,38.047620645,71.754246014,6.000000,17.111111111
1468.500000,13.630348449,38.037654778,71.755384853,6.000000,17.104166667
1469.000000,13.635647000,38.027688752,71.756523764,6.000000,17.097222222
1469.500000,13.640945040,38.017722568,71.757662746,6.000000,17.090277778
1470.000000,13.646242569,38.007756226,71.758801800,6.000000,17.083333333
1470.500000,13.651539587,37.997789726,71.759940925,6.000000,17.076388889
1471.000000,13.656836094,37.987823067,71.761080122,6.000000,17.069444444
1471.500000,13.662132089,37.977856251,71.762219391,6.000000,17.062500000
1472.000000,13.667427574,37.967889276,71.763358731,6.000000,17.055555556
1472.500000,13.672722548,37.957922143,71.764498143,6.000000,17.048611111
1473.000000,13.678017011,37.947954851,71.765637627,6.000000,17.041666667
1473.500000,13.683310963,37.937987402,71.766777183,6.000000,17.034722222
1474.000000,13.688604404,37.928019794,71.767916810,6.000000,17.027777778
1474.500000,13.693897335,37.918052027,71.769056509,6.000000,17.020833333
1475.000000,13.699189755,37.908084103,71.770196280,6.000000,17.013888889
1475.500000,13.704481664,37.898116020,71.771336122,6.000000,17.006944444
1476.000000,13.709773063,37.888147779,57.900805108,6.000000,17.000000000
1476.500000,13.714440271,37.880106000,57.901541681,6.000000,16.986111111
1477.000000,13.719106886,37.872064120,57.902278298,6.000000,16.972222222
1477.500000,13.723772909,37.864022137,57.903014957,6.000000,16.958333333
1478.000000,13.728438340,37.855980051,57.903751659,6.000000,16.944444444
1478.500000,13.733103179,37.847937863,57.904488404,6.000000,16.930555556
1479.000000,13.737767426,37.839895573,57.905225191,6.000000,16.916666667
1479.500000,13.742431080,37.831853181,57.905962022,6.000000,16.902777778
1480.000000,13.747094143,37.823810686,57.906698895,6.000000,16.888888889
1480.500000,13.751756614,37.815768089,57.907435811,6.000000,16.875000000
1481.000000,13.756418494,37.807725390,57.908172770,6.000000,16.861111111
1481.500000,13.761079781,37.799682588,57.908909772,6.000000,16.847222222
1482.000000,13.765740477,37.791639684,57.909646817,6.000000,16.833333333
1482.500000,13.770400582,37.783596677,57.910383904,6.000000,16.819444444
1483.000000,13.775060095,37.775553569,57.911121034,6.000000,16.805555556
1483.500000,13.779719017,37.767510357,57.911858208,6.000000,16.791666667
1484.000000,13.784377347,37.759467044,57.912595424,6.000000,16.777777778
1484.500000,13.789035086,37.751423628,57.913332682,6.000000,16.763888889
1485.000000,13.793692235,37.743380109,57.914069984,6.000000,16.750000000
1485.500000,13.798348792,37.735336488,57.914807328,6.000000,16.736111111
1486.000000,13.803004758,37.727292765,57.915544716,6.000000,16.722222222
1486.500000,13.807660133,37.719248939,57.916282146,6.000000,16.708333333
1487.000000,13.812314917,37.711205011,57.917019619,6.000000,16.694444444
1487.500000,13.816969111,37.703160981,57.917757135,6.000000,16.680555556
1488.000000,13.821622714,37.695116848,57.918494693,6.000000,16.666666667
1488.500000,13.826275726,37.687072613,57.919232295,6.000000,16.652777778
1489.000000,13.830928148,37.679028275,57.919969939,6.000000,16.638888889
1489.500000,13.835579979,37.670983834,57.920707626,6.000000,16.625000000
1490.000000,13.840231220,37.662939292,57.921445357,6.000000,16.611111111
1490.500000,13.844881870,37.654894647,57.922183129,6.000000,16.597222222
1491.000000,13.849531931,37.646849899,57.922920945,6.000000,16.583333333
1491.500000,13.854181401,37.638805049,57.923658804,6.000000,16.569444444
1492.000000,13.858830281,37.630760096,57.924396705,6.000000,16.555555556
1492.500000,13.863478571,37.622715041,57.925134650,6.000000,16.541666667
1493.000000,13.868126271,37.614669883,57.925872637,6.000000,16.527777778
1493.500000,13.872773382,37.606624623,57.926610667,6.000000,16.513888889
1494.000000,13.877419902,37.598579261,57.927348740,6.000000,16.500000000
1494.500000,13.882065833,37.590533796,57.928086856,6.000000,16.486111111
1495.000000,13.886711174,37.582488228,57.928825015,6.000000,16.472222222
1495.500000,13.891355926,37.574442558,57.929563216,6.000000,16.458333333
1496.000000,13.896000088,37.566396785,57.930301461,6.000000,16.444444444
1496.500000,13.900643661,37.558350910,57.931039748,6.000000,16.430555556
1497.000000,13.905286644,37.550304932,57.931778078,6.000000,16.416666667
1497.500000,13.909929039,37.542258852,57.932516451,6.000000,16.402777778
1498.000000,13.914570844,37.534212669,57.933254867,6.000000,16.388888889
1498.500000,13.919212060,37.526166384,57.933993326,6.000000,16.375000000
1499.000000,13.923852687,37.518119996,57.934731828,6.000000,16.361111111
1499.500000,13.928492725,37.510073505,57.935470372,6.000000,16.347222222
1500.000000,13.933132174,37.502026912,57.936208960,6.000000,16.333333333
1500.500000,13.937771034,37.493980216,57.936947590,6.000000,16.319444444
1501.000000,13.942409305,37.485933418,57.937686263,6.000000,16.305555556
1501.500000,13.947046988,37.477886517,57.938424979,6.000000,16.291666667
1502.000000,13.951684083,37.469839514,57.939163738,6.000000,16.277777778
1502.500000,13.956320589,37.461792408,57.939902540,6.000000,16.263888889
1503.000000,13.960956506,37.453745199,57.940641385,6.000000,16.250000000
1503.500000,13.965591835,37.445697888,57.941380273,6.000000,16.236111111
1504.000000,13.970226576,37.437650474,57.942119203,6.000000,16.222222222
1504.500000,13.974860728,37.429602957,57.942858177,6.000000,16.208333333
1505.000000,13.979494293,37.421555338,57.943597193,6.000000,16.194444444
1505.500000,13.984127269,37.413507616,57.944336253,6.000000,16.180555556
1506.000000,13.988759658,37.405459792,57.945075355,6.000000,16.166666667
1506.500000,13.993391458,37.397411865,57.945814500,6.000000,16.152777778
1507.000000,13.998022671,37.389363835,57.946553688,6.000000,16.138888889
1507.500000,14.002653296,37.381315702,57.947292919,6.000000,16.125000000
1508.000000,14.007283333,37.373267467,57.948032193,6.000000,16.111111111
1508.500000,14.011912783,37.365219130,57.948771509,6.000000,16.097222222
1509.000000,14.016541645,37.357170689,57.949510869,6.000000,16.083333333
1509.500000,14.021169920,37.349122146,57.950250272,6.000000,16.069444444
1510.000000,14.025797607,37.341073500,57.950989717,6.000000,16.055555556
1510.500000,14.030424707,37.333024751,57.951729205,6.000000,16.041666667
1511.000000,14.035051220,37.324975900,57.952468737,6.000000,16.027777778
1511.500000,14.039677146,37.316926946,57.953208311,6.000000,16.013888889
1512.000000,14.044302484,37.308877889,57.953947928,6.000000,16.000000000
1512.500000,14.048927236,37.300828730,57.954687588,6.000000,15.986111111
1513.000000,14.053551401,37.292779468,57.955427291,6.000000,15.972222222
1513.500000,14.058174979,37.284730103,57.956167037,6.000000,15.958333333
1514.000000,14.062797970,37.276680635,57.956906826,6.000000,15.944444444
1514.500000,14.067420374,37.268631065,57.957646658,6.000000,15.930555556
1515.000000,14.072042192,37.260581392,57.958386532,6.000000,15.916666667
1515.500000,14.076663423,37.252531616,57.959126450,6.000000,15.902777778
1516.000000,14.081284068,37.244481737,57.959866411,6.000000,15.888888889
1516.500000,14.085904126,37.236431756,57.960606414,6.000000,15.875000000
1517.000000,14.090523598,37.228381671,57.961346460,6.000000,15.861111111
1517.500000,14.095142484,37.220331484,57.962086550,6.000000,15.847222222
1518.000000,14.099760784,37.212281195,57.962826682,6.000000,15.833333333
1518.500000,14.104378497,37.204230802,57.963566857,6.000000,15.819444444
1519.000000,14.108995625,37.196180307,57.964307076,6.000000,15.805555556
1519.500000,14.113612166,37.188129708,57.965047337,6.000000,15.791666667
1520.000000,14.118228122,37.180079007,57.965787641,6.000000,15.777777778
1520.500000,14.122843492,37.172028204,57.966527988,6.000000,15.763888889
1521.000000,14.127458276,37.163977297,57.967268378,6.000000,15.750000000
1521.500000,14.132072474,37.155926287,57.968008811,6.000000,15.736111111
1522.000000,14.136686087,37.147875175,57.968749287,6.000000,15.722222222
1522.500000,14.141299115,37.139823960,57.969489806,6.000000,15.708333333
1523.000000,14.145911557,37.131772642,57.970230367,6.000000,15.694444444
1523.500000,14.150523413,37.123721221,57.970970972,6.000000,15.680555556
1524.000000,14.155134685,37.115669697,57.971711620,6.000000,15.666666667
1524.500000,14.159745371,37.107618071,57.972452311,6.000000,15.652777778
1525.000000,14.164355472,37.099566341,57.973193044,6.000000,15.638888889
1525.500000,14.168964988,37.091514509,57.973933821,6.000000,15.625000000
1526.000000,14.173573919,37.083462574,57.974674640,6.000000,15.611111111
1526.500000,14.178182265,37.075410535,57.975415503,6.000000,15.597222222
1527.000000,14.182790026,37.067358394,57.976156408,6.000000,15.583333333
1527.500000,14.187397203,37.059306150,57.976897357,6.000000,15.569444444
1528.000000,14.192003795,37.051253804,57.977638348,6.000000,15.555555556
1528.500000,14.196609802,37.043201354,57.978379383,6.000000,15.541666667
1529.000000,14.201215225,37.035148801,57.979120460,6.000000,15.527777778
1529.500000,14.205820063,37.027096146,57.979861580,6.000000,15.513888889
1530.000000,14.210424317,37.019043387,57.980602744,6.000000,15.500000000
1530.500000,14.215027987,37.010990525,57.981343950,6.000000,15.486111111
1531.000000,14.219631072,37.002937561,57.982085199,6.000000,15.472222222
1531.500000,14.224233573,36.994884494,57.982826492,6.000000,15.458333333
1532.000000,14.228835490,36.986831323,57.983567827,6.000000,15.444444444
1532.500000,14.233436823,36.978778050,57.984309205,6.000000,15.430555556
1533.000000,14.238037573,36.970724674,57.985050626,6.000000,15.416666667
1533.500000,14.242637738,36.962671194,57.985792091,6.000000,15.402777778
1534.000000,14.247237320,36.954617612,57.986533598,6.000000,15.388888889
1534.500000,14.251836317,36.946563927,57.987275148,6.000000,15.375000000
1535.000000,14.256434732,36.938510139,57.988016741,6.000000,15.361111111
1535.500000,14.261032562,36.930456248,57.988758377,6.000000,15.347222222
1536.000000,14.265629810,36.922402253,57.989500057,6.000000,15.333333333
1536.500000,14.270226473,36.914348156,57.990241779,6.000000,15.319444444
1537.000000,14.274822554,36.906293956,57.990983544,6.000000,15.305555556
1537.500000,14.279418051,36.898239653,57.991725352,6.000000,15.291666667
1538.000000,14.284012965,36.890185246,57.992467203,6.000000,15.277777778
1538.500000,14.288607296,36.882130737,57.993209097,6.000000,15.263888889
1539.000000,14.293201044,36.874076125,57.993951035,6.000000,15.250000000
1539.500000,14.297794209,36.866021409,57.994693015,6.000000,15.236111111
1540.000000,14.302386791,36.857966591,57.995435038,6.000000,15.222222222
1540.500000,14.306978790,36.849911669,57.996177104,6.000000,15.208333333
1541.000000,14.311570206,36.841856645,57.996919214,6.000000,15.194444444
1541.500000,14.316161040,36.833801517,57.997661366,6.000000,15.180555556
1542.000000,14.320751291,36.825746286,57.998403561,6.000000,15.166666667
1542.500000,14.325340960,36.817690952,57.999145799,6.000000,15.152777778
1543.000000,14.329930046,36.809635515,57.999888081,6.000000,15.138888889
1543.500000,14.334518550,36.801579975,58.000630405,6.000000,15.125000000
1544.000000,14.339106472,36.793524332,58.001372772,6.000000,15.111111111
1544.500000,14.343693811,36.785468586,58.002115183,6.000000,15.097222222
1545.000000,14.348280569,36.777412737,58.002857636,6.000000,15.083333333
1545.500000,14.352866744,36.769356784,58.003600132,6.000000,15.069444444
1546.000000,14.357452337,36.761300729,58.004342672,6.000000,15.055555556
1546.500000,14.362037348,36.753244570,58.005085254,6.000000,15.041666667
1547.000000,14.366621778,36.745188308,58.005827880,6.000000,15.027777778
1547.500000,14.371205625,36.737131943,58.006570548,6.000000,15.013888889
1548.000000,14.375788891,36.729075475,58.007313260,6.000000,15.000000000
1548.500000,14.380371576,36.721018904,58.008056014,6.000000,14.986111111
1549.000000,14.384953679,36.712962229,58.008798812,6.000000,14.972222222
1549.500000,14.389535200,36.704905452,58.009541653,6.000000,14.958333333
1550.000000,14.394116140,36.696848571,58.010284536,6.000000,14.944444444
1550.500000,14.398696498,36.688791587,58.011027463,6.000000,14.930555556
1551.000000,14.403276276,36.680734500,58.011770433,6.000000,14.916666667
1551.500000,14.407855472,36.672677309,58.012513446,6.000000,14.902777778
1552.000000,14.412434087,36.664620016,58.013256502,6.000000,14.888888889
1552.500000,14.417012121,36.656562619,58.013999601,6.000000,14.875000000
1553.000000,14.421589574,36.648505119,58.014742743,6.000000,14.861111111
1553.500000,14.426166446,36.640447516,58.015485928,6.000000,14.847222222
1554.000000,14.430742738,36.632389810,58.016229156,6.000000,14.833333333
1554.500000,14.435318448,36.624332000,58.016972427,6.000000,14.819444444
1555.000000,14.439893579,36.616274087,58.017715741,6.000000,14.805555556
1555.500000,14.444468128,36.608216071,58.018459098,6.000000,14.791666667
1556.000000,14.449042097,36.600157952,58.019202499,6.000000,14.777777778
1556.500000,14.453615485,36.592099729,58.019945942,6.000000,14.763888889
1557.000000,14.458188294,36.584041403,58.020689428,6.000000,14.750000000
1557.500000,14.462760521,36.575982974,58.021432958,6.000000,14.736111111
1558.000000,14.467332169,36.567924442,58.022176531,6.000000,14.722222222
1558.500000,14.471903237,36.559865806,58.022920146,6.000000,14.708333333
1559.000000,14.476473724,36.551807068,58.023663805,6.000000,14.694444444
1559.500000,14.481043632,36.543748225,58.024407507,6.000000,14.680555556
1560.000000,14.485612959,36.535689280,58.025151251,6.000000,14.666666667
1560.500000,14.490181707,36.527630231,58.025895039,6.000000,14.652777778
1561.000000,14.494749875,36.519571079,58.026638870,6.000000,14.638888889
1561.500000,14.499317463,36.511511824,58.027382744,6.000000,14.625000000
1562.000000,14.503884472,36.503452465,58.028126662,6.000000,14.611111111
1562.500000,14.508450901,36.495393003,58.028870622,6.000000,14.597222222
1563.000000,14.513016750,36.487333437,58.029614625,6.000000,14.583333333
1563.500000,14.517582021,36.479273769,58.030358672,6.000000,14.569444444
1564.000000,14.522146712,36.471213997,58.031102761,6.000000,14.555555556
1564.500000,14.526710823,36.463154121,58.031846894,6.000000,14.541666667
1565.000000,14.531274356,36.455094143,58.032591069,6.000000,14.527777778
1565.500000,14.535837309,36.447034060,58.033335288,6.000000,14.513888889
1566.000000,14.540399683,36.438973875,58.034079550,6.000000,14.500000000
1566.500000,14.544961479,36.430913586,58.034823855,6.000000,14.486111111
1567.000000,14.549522695,36.422853194,58.035568203,6.000000,14.472222222
1567.500000,14.554083333,36.414792698,58.036312594,6.000000,14.458333333
1568.000000,14.558643392,36.406732099,58.037057028,6.000000,14.444444444
1568.500000,14.563202873,36.398671397,58.037801505,6.000000,14.430555556
1569.000000,14.567761774,36.390610591,58.038546026,6.000000,14.416666667
1569.500000,14.572320098,36.382549682,58.039290589,6.000000,14.402777778
1570.000000,14.576877842,36.374488670,58.040035196,6.000000,14.388888889
1570.500000,14.581435009,36.366427554,58.040779846,6.000000,14.375000000
1571.000000,14.585991597,36.358366334,58.041524538,6.000000,14.361111111
1571.500000,14.590547607,36.350305011,58.042269274,6.000000,14.347222222
1572.000000,14.595103039,36.342243585,58.043014053,6.000000,14.333333333
1572.500000,14.599657893,36.334182055,58.043758875,6.000000,14.319444444
1573.000000,14.604212168,36.326120422,58.044503741,6.000000,14.305555556
1573.500000,14.608765866,36.318058685,58.045248649,6.000000,14.291666667
1574.000000,14.613318986,36.309996845,58.045993601,6.000000,14.277777778
1574.500000,14.617871528,36.301934902,58.046738595,6.000000,14.263888889
1575.000000,14.622423493,36.293872855,58.047483633,6.000000,14.250000000
1575.500000,14.626974880,36.285810704,58.048228714,6.000000,14.236111111
1576.000000,14.631525689,36.277748450,58.048973838,6.000000,14.222222222
1576.500000,14.636075921,36.269686093,58.049719005,6.000000,14.208333333
1577.000000,14.640625576,36.261623632,58.050464215,6.000000,14.194444444
1577.500000,14.645174653,36.253561067,58.051209468,6.000000,14.180555556
1578.000000,14.649723153,36.245498399,58.051954765,6.000000,14.166666667
1578.500000,14.654271076,36.237435628,58.052700105,6.000000,14.152777778
1579.000000,14.658818421,36.229372753,58.053445487,6.000000,14.138888889
1579.500000,14.663365190,36.221309774,58.054190913,6.000000,14.125000000
1580.000000,14.667911382,36.213246692,58.054936382,6.000000,14.111111111
1580.500000,14.672456996,36.205183507,58.055681894,6.000000,14.097222222
1581.000000,14.677002034,36.197120218,58.056427450,6.000000,14.083333333
1581.500000,14.681546495,36.189056825,58.057173048,6.000000,14.069444444
1582.000000,14.686090380,36.180993329,58.057918690,6.000000,14.055555556
1582.500000,14.690633688,36.172929729,58.058664374,6.000000,14.041666667
1583.000000,14.695176419,36.164866025,58.059410102,6.000000,14.027777778
1583.500000,14.699718575,36.156802218,58.060155873,6.000000,14.013888889
1584.000000,14.704260153,36.148738308,58.060901687,6.000000,14.000000000
1584.500000,14.708801156,36.140674294,58.061647545,6.000000,13.986111111
1585.000000,14.713341582,36.132610176,58.062393445,6.000000,13.972222222
1585.500000,14.717881432,36.124545955,58.063139389,6.000000,13.958333333
1586.000000,14.722420706,36.116481630,58.063885375,6.000000,13.944444444
1586.500000,14.726959403,36.108417201,58.064631405,6.000000,13.930555556
1587.000000,14.731497525,36.100352669,58.065377478,6.000000,13.916666667
1587.500000,14.736035072,36.092288033,58.066123595,6.000000,13.902777778
1588.000000,14.740572042,36.084223294,58.066869754,6.000000,13.888888889
1588.500000,14.745108437,36.076158451,58.067615957,6.000000,13.875000000
1589.000000,14.749644256,36.068093504,58.068362202,6.000000,13.861111111
1589.500000,14.754179499,36.060028454,58.069108491,6.000000,13.847222222
1590.000000,14.758714167,36.051963300,58.069854823,6.000000,13.833333333
1590.500000,14.763248260,36.043898042,58.070601199,6.000000,13.819444444
1591.000000,14.767781777,36.035832681,58.071347617,6.000000,13.805555556
1591.500000,14.772314719,36.027767216,58.072094079,6.000000,13.791666667
1592.000000,14.776847086,36.019701648,58.072840583,6.000000,13.777777778
1592.500000,14.781378877,36.011635975,58.073587131,6.000000,13.763888889
1593.000000,14.785910094,36.003570199,58.074333722,6.000000,13.750000000
1593.500000,14.790440736,35.995504320,58.075080357,6.000000,13.736111111
1594.000000,14.794970802,35.987438336,58.075827034,6.000000,13.722222222
1594.500000,14.799500294,35.979372249,58.076573755,6.000000,13.708333333
1595.000000,14.804029212,35.971306058,58.077320519,6.000000,13.694444444
1595.500000,14.808557554,35.963239764,58.078067326,6.000000,13.680555556
1596.000000,14.813085322,35.955173366,58.078814176,6.000000,13.666666667
1596.500000,14.817612515,35.947106864,58.079561069,6.000000,13.652777778
1597.000000,14.822139134,35.939040258,58.080308006,6.000000,13.638888889
1597.500000,14.826665179,35.930973548,58.081054985,6.000000,13.625000000
1598.000000,14.831190649,35.922906735,58.081802008,6.000000,13.611111111
1598.500000,14.835715545,35.914839818,58.082549075,6.000000,13.597222222
1599.000000,14.840239867,35.906772798,58.083296184,6.000000,13.583333333
1599.500000,14.844763615,35.898705673,58.084043336,6.000000,13.569444444
1600.000000,14.849286788,35.890638445,58.084790532,6.000000,13.555555556
1600.500000,14.853809388,35.882571113,58.085537771,6.000000,13.541666667
1601.000000,14.858331414,35.874503677,58.086285053,6.000000,13.527777778
1601.500000,14.862852866,35.866436137,58.087032379,6.000000,13.513888889
1602.000000,14.867373744,35.858368494,58.087779747,6.000000,13.500000000
1602.500000,14.871894049,35.850300747,58.088527159,6.000000,13.486111111
1603.000000,14.876413780,35.842232896,58.089274614,6.000000,13.472222222
1603.500000,14.880932938,35.834164941,58.090022112,6.000000,13.458333333
1604.000000,14.885451522,35.826096882,58.090769654,6.000000,13.444444444
1604.500000,14.889969533,35.818028720,58.091517238,6.000000,13.430555556
1605.000000,14.894486971,35.809960454,58.092264866,6.000000,13.416666667
1605.500000,14.899003835,35.801892084,58.093012537,6.000000,13.402777778
1606.000000,14.903520126,35.793823610,58.093760251,6.000000,13.388888889
1606.500000,14.908035845,35.785755032,58.094508009,6.000000,13.375000000
1607.000000,14.912550990,35.777686350,58.095255810,6.000000,13.361111111
1607.500000,14.917065562,35.769617565,58.096003654,6.000000,13.347222222
1608.000000,14.921579562,35.761548675,58.096751541,6.000000,13.333333333
1608.500000,14.926092988,35.753479682,58.097499471,6.000000,13.319444444
1609.000000,14.930605842,35.745410585,58.098247445,6.000000,13.305555556
1609.500000,14.935118124,35.737341384,58.098995462,6.000000,13.291666667
1610.000000,14.939629832,35.729272079,58.099743522,6.000000,13.277777778
1610.500000,14.944140969,35.721202670,58.100491625,6.000000,13.263888889
1611.000000,14.948651533,35.713133157,58.101239772,6.000000,13.250000000
1611.500000,14.953161524,35.705063541,58.101987961,6.000000,13.236111111
1612.000000,14.957670944,35.696993820,58.102736194,6.000000,13.222222222
1612.500000,14.962179791,35.688923996,58.103484471,6.000000,13.208333333
1613.000000,14.966688066,35.680854067,58.104232790,6.000000,13.194444444
1613.500000,14.971195769,35.672784035,58.104981153,6.000000,13.180555556
1614.000000,14.975702900,35.664713899,58.105729559,6.000000,13.166666667
1614.500000,14.980209459,35.656643658,58.106478008,6.000000,13.152777778
1615.000000,14.984715446,35.648573314,58.107226501,6.000000,13.138888889
1615.500000,14.989220862,35.640502866,58.107975036,6.000000,13.125000000
1616.000000,14.993725706,35.632432314,58.108723615,6.000000,13.111111111
1616.500000,14.998229978,35.624361658,58.109472238,6.000000,13.097222222
1617.000000,15.002733679,35.616290898,58.110220903,6.000000,13.083333333
1617.500000,15.007236808,35.608220034,58.110969612,6.000000,13.069444444
1618.000000,15.011739366,35.600149066,58.111718364,6.000000,13.055555556
1618.500000,15.016241353,35.592077994,58.112467159,6.000000,13.041666667
1619.000000,15.020742768,35.584006818,58.113215998,6.000000,13.027777778
1619.500000,15.025243613,35.575935538,58.113964880,6.000000,13.013888889
1620.000000,15.029743886,35.567864154,58.114713805,6.000000,13.000000000
1620.500000,15.034243588,35.559792666,58.115462773,6.000000,12.986111111
1621.000000,15.038742719,35.551721074,58.116211785,6.000000,12.972222222
1621.500000,15.043241280,35.543649378,58.116960840,6.000000,12.958333333
1622.000000,15.047739269,35.535577578,58.117709938,6.000000,12.944444444
1622.500000,15.052236688,35.527505674,58.118459079,6.000000,12.930555556
1623.000000,15.056733536,35.519433665,58.119208264,6.000000,12.916666667
1623.500000,15.061229814,35.511361553,58.119957492,6.000000,12.902777778
1624.000000,15.065725521,35.503289337,58.120706763,6.000000,12.888888889
1624.500000,15.070220657,35.495217016,58.121456078,6.000000,12.875000000
1625.000000,15.074715224,35.487144592,58.122205435,6.000000,12.861111111
1625.500000,15.079209220,35.479072063,58.122954836,6.000000,12.847222222
1626.000000,15.083702646,35.470999431,58.123704281,6.000000,12.833333333
1626.500000,15.088195501,35.462926694,58.124453768,6.000000,12.819444444
1627.000000,15.092687787,35.454853853,58.125203299,6.000000,12.805555556
1627.500000,15.097179502,35.446780908,58.125952874,6.000000,12.791666667
1628.000000,15.101670648,35.438707859,58.126702491,6.000000,12.777777778
1628.500000,15.106161224,35.430634706,58.127452152,6.000000,12.763888889
1629.000000,15.110651230,35.422561449,58.128201856,6.000000,12.750000000
1629.500000,15.115140666,35.414488088,58.128951604,6.000000,12.736111111
1630.000000,15.119629533,35.406414622,58.129701394,6.000000,12.722222222
1630.500000,15.124117830,35.398341052,58.130451228,6.000000,12.708333333
1631.000000,15.128605558,35.390267379,58.131201106,6.000000,12.694444444
1631.500000,15.133092716,35.382193601,58.131951026,6.000000,12.680555556
1632.000000,15.137579305,35.374119719,58.132700990,6.000000,12.666666667
1632.500000,15.142065325,35.366045732,58.133450997,6.000000,12.652777778
1633.000000,15.146550775,35.357971642,58.134201048,6.000000,12.638888889
1633.500000,15.151035656,35.349897447,58.134951142,6.000000,12.625000000
1634.000000,15.155519969,35.341823149,58.135701279,6.000000,12.611111111
1634.500000,15.160003712,35.333748746,58.136451459,6.000000,12.597222222
1635.000000,15.164486886,35.325674239,58.137201683,6.000000,12.583333333
1635.500000,15.168969492,35.317599627,58.137951950,6.000000,12.569444444
1636.000000,15.173451529,35.309524912,58.138702261,6.000000,12.555555556
1636.500000,15.177932997,35.301450092,58.139452614,6.000000,12.541666667
1637.000000,15.182413897,35.293375168,58.140203011,6.000000,12.527777778
1637.500000,15.186894227,35.285300140,58.140953452,6.000000,12.513888889
1638.000000,15.191373990,35.277225007,58.141703935,6.000000,12.500000000
1638.500000,15.195853184,35.269149771,58.142454462,6.000000,12.486111111
1639.000000,15.200331810,35.261074430,58.143205033,6.000000,12.472222222
1639.500000,15.204809868,35.252998985,58.143955647,6.000000,12.458333333
1640.000000,15.209287357,35.244923435,58.144706304,6.000000,12.444444444
1640.500000,15.213764278,35.236847782,58.145457004,6.000000,12.430555556
1641.000000,15.218240631,35.228772024,58.146207748,6.000000,12.416666667
1641.500000,15.222716417,35.220696161,58.146958535,6.000000,12.402777778
1642.000000,15.227191634,35.212620195,58.147709365,6.000000,12.388888889
1642.500000,15.231666284,35.204544124,58.148460239,6.000000,12.375000000
1643.000000,15.236140366,35.196467949,58.149211156,6.000000,12.361111111
1643.500000,15.240613880,35.188391670,58.149962116,6.000000,12.347222222
1644.000000,15.245086826,35.180315286,58.150713120,6.000000,12.333333333
1644.500000,15.249559205,35.172238798,58.151464167,6.000000,12.319444444
1645.000000,15.254031017,35.164162206,58.152215257,6.000000,12.305555556
1645.500000,15.258502261,35.156085510,58.152966391,6.000000,12.291666667
1646.000000,15.262972938,35.148008709,58.153717568,6.000000,12.277777778
1646.500000,15.267443048,35.139931803,58.154468788,6.000000,12.263888889
1647.000000,15.271912590,35.131854794,58.155220052,6.000000,12.250000000
1647.500000,15.276381566,35.123777680,58.155971359,6.000000,12.236111111
1648.000000,15.280849974,35.115700462,58.156722710,6.000000,12.222222222
1648.500000,15.285317816,35.107623139,58.157474104,6.000000,12.208333333
1649.000000,15.289785090,35.099545712,58.158225541,6.000000,12.194444444
1649.500000,15.294251798,35.091468181,58.158977022,6.000000,12.180555556
1650.000000,15.298717939,35.083390545,58.159728546,6.000000,12.166666667
1650.500000,15.303183514,35.075312805,58.160480113,6.000000,12.152777778
1651.000000,15.307648522,35.067234961,58.161231724,6.000000,12.138888889
1651.500000,15.312112963,35.059157012,58.161983378,6.000000,12.125000000
1652.000000,15.316576838,35.051078958,58.162735075,6.000000,12.111111111
1652.500000,15.321040146,35.043000801,58.163486816,6.000000,12.097222222
1653.000000,15.325502889,35.034922539,58.164238600,6.000000,12.083333333
1653.500000,15.329965065,35.026844172,58.164990428,6.000000,12.069444444
1654.000000,15.334426675,35.018765701,58.165742299,6.000000,12.055555556
1654.500000,15.338887718,35.010687126,58.166494213,6.000000,12.041666667
1655.000000,15.343348196,35.002608446,58.167246171,6.000000,12.027777778
1655.500000,15.347808108,34.994529662,58.167998172,6.000000,12.013888889
1656.000000,15.352267454,34.986450774,58.168750216,6.000000,12.000000000
1656.500000,15.356726234,34.978371780,58.169502304,6.000000,11.986111111
1657.000000,15.361184449,34.970292683,58.170254435,6.000000,11.972222222
1657.500000,15.365642098,34.962213481,58.171006610,6.000000,11.958333333
1658.000000,15.370099181,34.954134174,58.171758828,6.000000,11.944444444
1658.500000,15.374555699,34.946054763,58.172511089,6.000000,11.930555556
1659.000000,15.379011651,34.937975248,58.173263394,6.000000,11.916666667
1659.500000,15.383467038,34.929895628,58.174015742,6.000000,11.902777778
1660.000000,15.387921860,34.921815904,58.174768134,6.000000,11.888888889
1660.500000,15.392376117,34.913736075,58.175520569,6.000000,11.875000000
1661.000000,15.396829808,34.905656141,58.176273047,6.000000,11.861111111
1661.500000,15.401282935,34.897576103,58.177025569,6.000000,11.847222222
1662.000000,15.405735496,34.889495961,58.177778134,6.000000,11.833333333
1662.500000,15.410187492,34.881415714,58.178530743,6.000000,11.819444444
1663.000000,15.414638924,34.873335363,58.179283395,6.000000,11.805555556
1663.500000,15.419089791,34.865254907,58.180036090,6.000000,11.791666667
1664.000000,15.423540093,34.857174346,58.180788829,6.000000,11.777777778
1664.500000,15.427989831,34.849093681,58.181541611,6.000000,11.763888889
1665.000000,15.432439004,34.841012911,58.182294437,6.000000,11.750000000
1665.500000,15.436887612,34.832932037,58.183047306,6.000000,11.736111111
1666.000000,15.441335656,34.824851058,58.183800218,6.000000,11.722222222
1666.500000,15.445783136,34.816769975,58.184553174,6.000000,11.708333333
1667.000000,15.450230051,34.808688787,58.185306173,6.000000,11.694444444
1667.500000,15.454676403,34.800607494,58.186059216,6.000000,11.680555556
1668.000000,15.459122190,34.792526097,58.186812302,6.000000,11.666666667
1668.500000,15.463567413,34.784444596,58.187565432,6.000000,11.652777778
1669.000000,15.468012072,34.776362989,58.188318605,6.000000,11.638888889
1669.500000,15.472456167,34.768281278,58.189071821,6.000000,11.625000000
1670.000000,15.476899699,34.760199463,58.189825081,6.000000,11.611111111
1670.500000,15.481342666,34.752117543,58.190578384,6.000000,11.597222222
1671.000000,15.485785070,34.744035518,58.191331731,6.000000,11.583333333
1671.500000,15.490226910,34.735953388,58.192085121,6.000000,11.569444444
1672.000000,15.494668187,34.727871154,58.192838555,6.000000,11.555555556
1672.500000,15.499108900,34.719788816,58.193592032,6.000000,11.541666667
1673.000000,15.503549050,34.711706372,58.194345552,6.000000,11.527777778
1673.500000,15.507988637,34.703623824,58.195099116,6.000000,11.513888889
1674.000000,15.512427660,34.695541172,58.195852724,6.000000,11.500000000
1674.500000,15.516866120,34.687458414,58.196606374,6.000000,11.486111111
1675.000000,15.521304017,34.679375552,58.197360069,6.000000,11.472222222
1675.500000,15.525741351,34.671292586,58.198113806,6.000000,11.458333333
1676.000000,15.530178122,34.663209514,58.198867587,6.000000,11.444444444
1676.500000,15.534614330,34.655126338,58.199621412,6.000000,11.430555556
1677.000000,15.539049975,34.647043058,58.200375280,6.000000,11.416666667
1677.500000,15.543485058,34.638959672,58.201129192,6.000000,11.402777778
1678.000000,15.547919577,34.630876182,58.201883147,6.000000,11.388888889
1678.500000,15.552353535,34.622792587,58.202637145,6.000000,11.375000000
1679.000000,15.556786929,34.614708887,58.203391187,6.000000,11.361111111
1679.500000,15.561219761,34.606625083,58.204145272,6.000000,11.347222222
1680.000000,15.565652031,34.598541174,58.204899401,6.000000,11.333333333
1680.500000,15.570083739,34.590457160,58.205653573,6.000000,11.319444444
1681.000000,15.574514884,34.582373042,58.206407789,6.000000,11.305555556
1681.500000,15.578945467,34.574288818,58.207162048,6.000000,11.291666667
1682.000000,15.583375488,34.566204490,58.207916351,6.000000,11.277777778
1682.500000,15.587804947,34.558120058,58.208670697,6.000000,11.263888889
1683.000000,15.592233844,34.550035520,58.209425087,6.000000,11.250000000
1683.500000,15.596662179,34.541950878,58.210179520,6.000000,11.236111111
1684.000000,15.601089952,34.533866130,58.210933996,6.000000,11.222222222
1684.500000,15.605517163,34.525781278,58.211688516,6.000000,11.208333333
1685.000000,15.609943813,34.517696322,58.212443080,6.000000,11.194444444
1685.500000,15.614369901,34.509611260,58.213197687,6.000000,11.180555556
1686.000000,15.618795428,34.501526094,58.213952337,6.000000,11.166666667
1686.500000,15.623220393,34.493440823,58.214707031,6.000000,11.152777778
1687.000000,15.627644797,34.485355447,58.215461769,6.000000,11.138888889
1687.500000,15.632068639,34.477269966,58.216216550,6.000000,11.125000000
1688.000000,15.636491920,34.469184380,58.216971374,6.000000,11.111111111
1688.500000,15.640914640,34.461098690,58.217726242,6.000000,11.097222222
1689.000000,15.645336799,34.453012894,58.218481154,6.000000,11.083333333
1689.500000,15.649758397,34.444926994,58.219236109,6.000000,11.069444444
1690.000000,15.654179434,34.436840989,58.219991107,6.000000,11.055555556
1690.500000,15.658599910,34.428754879,58.220746149,6.000000,11.041666667
1691.000000,15.663019825,34.420668665,58.221501234,6.000000,11.027777778
1691.500000,15.667439180,34.412582345,58.222256363,6.000000,11.013888889
1692.000000,15.671857974,34.404495921,58.223011536,6.000000,11.000000000
1692.500000,15.676276207,34.396409391,58.223766752,6.000000,10.986111111
1693.000000,15.680693880,34.388322757,58.224522011,6.000000,10.972222222
1693.500000,15.685110992,34.380236018,58.225277314,6.000000,10.958333333
1694.000000,15.689527544,34.372149174,58.226032660,6.000000,10.944444444
1694.500000,15.693943535,34.364062225,58.226788050,6.000000,10.930555556
1695.000000,15.698358967,34.355975171,58.227543484,6.000000,10.916666667
1695.500000,15.702773838,34.347888012,58.228298961,6.000000,10.902777778
1696.000000,15.707188149,34.339800748,58.229054481,6.000000,10.888888889
1696.500000,15.711601900,34.331713380,58.229810045,6.000000,10.875000000
1697.000000,15.716015091,34.323625906,58.230565653,6.000000,10.861111111
1697.500000,15.720427722,34.315538327,58.231321304,6.000000,10.847222222
1698.000000,15.724839793,34.307450644,58.232076999,6.000000,10.833333333
1698.500000,15.729251305,34.299362855,58.232832737,6.000000,10.819444444
1699.000000,15.733662257,34.291274962,58.233588518,6.000000,10.805555556
1699.500000,15.738072649,34.283186964,58.234344344,6.000000,10.791666667
1700.000000,15.742482482,34.275098860,58.235100212,6.000000,10.777777778
1700.500000,15.746891755,34.267010652,58.235856125,6.000000,10.763888889
1701.000000,15.751300469,34.258922338,58.236612080,6.000000,10.750000000
1701.500000,15.755708624,34.250833920,58.237368080,6.000000,10.736111111
1702.000000,15.760116219,34.242745397,58.238124123,6.000000,10.722222222
1702.500000,15.764523255,34.234656768,58.238880209,6.000000,10.708333333
1703.000000,15.768929732,34.226568035,58.239636339,6.000000,10.694444444
1703.500000,15.773335650,34.218479197,58.240392512,6.000000,10.680555556
1704.000000,15.777741010,34.210390253,58.241148729,6.000000,10.666666667
1704.500000,15.782145810,34.202301205,58.241904990,6.000000,10.652777778
1705.000000,15.786550051,34.194212051,58.242661294,6.000000,10.638888889
1705.500000,15.790953734,34.186122793,58.243417642,6.000000,10.625000000
1706.000000,15.795356858,34.178033429,58.244174033,6.000000,10.611111111
1706.500000,15.799759423,34.169943961,58.244930468,6.000000,10.597222222
1707.000000,15.804161430,34.161854387,58.245686946,6.000000,10.583333333
1707.500000,15.808562879,34.153764708,58.246443468,6.000000,10.569444444
1708.000000,15.812963769,34.145674924,58.247200033,6.000000,10.555555556
1708.500000,15.817364100,34.137585036,58.247956642,6.000000,10.541666667
1709.000000,15.821763874,34.129495042,58.248713295,6.000000,10.527777778
1709.500000,15.826163089,34.121404942,58.249469991,6.000000,10.513888889
1710.000000,15.830561747,34.113314738,58.250226731,6.000000,10.500000000
1710.500000,15.834959846,34.105224429,58.250983514,6.000000,10.486111111
1711.000000,15.839357387,34.097134015,58.251740341,6.000000,10.472222222
1711.500000,15.843754370,34.089043495,58.252497211,6.000000,10.458333333
1712.000000,15.848150796,34.080952871,58.253254125,6.000000,10.444444444
1712.500000,15.852546664,34.072862141,58.254011083,6.000000,10.430555556
1713.000000,15.856941974,34.064771306,58.254768084,6.000000,10.416666667
1713.500000,15.861336726,34.056680366,58.255525129,6.000000,10.402777778
1714.000000,15.865730921,34.048589321,58.256282217,6.000000,10.388888889
1714.500000,15.870124559,34.040498170,58.257039349,6.000000,10.375000000
1715.000000,15.874517639,34.032406915,58.257796524,6.000000,10.361111111
1715.500000,15.878910162,34.024315554,58.258553743,6.000000,10.347222222
1716.000000,15.883302127,34.016224089,58.259311006,6.000000,10.333333333
1716.500000,15.887693536,34.008132518,58.260068312,6.000000,10.319444444
1717.000000,15.892084387,34.000040841,58.260825662,6.000000,10.305555556
1717.500000,15.896474682,33.991949060,58.261583055,6.000000,10.291666667
1718.000000,15.900864419,33.983857174,58.262340492,6.000000,10.277777778
1718.500000,15.905253599,33.975765182,58.263097972,6.000000,10.263888889
1719.000000,15.909642223,33.967673085,58.263855497,6.000000,10.250000000
1719.500000,15.914030290,33.959580883,58.264613064,6.000000,10.236111111
1720.000000,15.918417800,33.951488575,58.265370676,6.000000,10.222222222
1720.500000,15.922804754,33.943396163,58.266128331,6.000000,10.208333333
1721.000000,15.927191151,33.935303645,58.266886029,6.000000,10.194444444
1721.500000,15.931576991,33.927211022,58.267643771,6.000000,10.180555556
1722.000000,15.935962276,33.919118294,58.268401557,6.000000,10.166666667
1722.500000,15.940347004,33.911025460,58.269159386,6.000000,10.152777778
1723.000000,15.944731175,33.902932521,58.269917259,6.000000,10.138888889
1723.500000,15.949114791,33.894839477,58.270675176,6.000000,10.125000000
1724.000000,15.953497850,33.886746328,58.271433136,6.000000,10.111111111
1724.500000,15.957880353,33.878653073,58.272191140,6.000000,10.097222222
1725.000000,15.962262301,33.870559713,58.272949187,6.000000,10.083333333
1725.500000,15.966643692,33.862466248,58.273707278,6.000000,10.069444444
1726.000000,15.971024528,33.854372678,58.274465413,6.000000,10.055555556
1726.500000,15.975404808,33.846279002,58.275223591,6.000000,10.041666667
1727.000000,15.979784532,33.838185221,58.275981813,6.000000,10.027777778
1727.500000,15.984163701,33.830091335,58.276740079,6.000000,10.013888889
1728.000000,15.988542314,33.821997343,58.277498388,6.000000,10.000000000
1728.500000,15.992920371,33.813903246,58.278256741,6.000000,9.986111111
1729.000000,15.997297874,33.805809044,58.279015137,6.000000,9.972222222
1729.500000,16.001674821,33.797714736,58.279773577,6.000000,9.958333333
1730.000000,16.006051212,33.789620323,58.280532061,6.000000,9.944444444
1730.500000,16.010427049,33.781525805,58.281290588,6.000000,9.930555556
1731.000000,16.014802330,33.773431181,58.282049159,6.000000,9.916666667
1731.500000,16.019177056,33.765336452,58.282807774,6.000000,9.902777778
1732.000000,16.023551228,33.757241617,58.283566432,6.000000,9.888888889
1732.500000,16.027924844,33.749146678,58.284325134,6.000000,9.875000000
1733.000000,16.032297906,33.741051633,58.285083879,6.000000,9.861111111
1733.500000,16.036670413,33.732956482,58.285842668,6.000000,9.847222222
1734.000000,16.041042365,33.724861226,58.286601501,6.000000,9.833333333
1734.500000,16.045413763,33.716765865,58.287360377,6.000000,9.819444444
1735.000000,16.049784606,33.708670398,58.288119298,6.000000,9.805555556
1735.500000,16.054154894,33.700574826,58.288878261,6.000000,9.791666667
1736.000000,16.058524628,33.692479148,58.289637269,6.000000,9.777777778
1736.500000,16.062893808,33.684383365,58.290396320,6.000000,9.763888889
1737.000000,16.067262434,33.676287477,58.291155414,6.000000,9.750000000
1737.500000,16.071630505,33.668191483,58.291914553,6.000000,9.736111111
1738.000000,16.075998022,33.660095384,58.292673735,6.000000,9.722222222
1738.500000,16.080364986,33.651999179,58.293432961,6.000000,9.708333333
1739.000000,16.084731395,33.643902869,58.294192230,6.000000,9.694444444
1739.500000,16.089097250,33.635806454,58.294951543,6.000000,9.680555556
1740.000000,16.093462552,33.627709933,58.295710900,6.000000,9.666666667
1740.500000,16.097827299,33.619613306,58.296470300,6.000000,9.652777778
1741.000000,16.102191493,33.611516574,58.297229744,6.000000,9.638888889
1741.500000,16.106555134,33.603419737,58.297989232,6.000000,9.625000000
1742.000000,16.110918221,33.595322794,58.298748763,6.000000,9.611111111
1742.500000,16.115280754,33.587225745,58.299508338,6.000000,9.597222222
1743.000000,16.119642734,33.579128591,58.300267957,6.000000,9.583333333
1743.500000,16.124004161,33.571031332,58.301027619,6.000000,9.569444444
1744.000000,16.128365034,33.562933967,58.301787325,6.000000,9.555555556
1744.500000,16.132725354,33.554836496,58.302547075,6.000000,9.541666667
1745.000000,16.137085121,33.546738920,58.303306869,6.000000,9.527777778
1745.500000,16.141444335,33.538641239,58.304066706,6.000000,9.513888889
1746.000000,16.145802996,33.530543452,58.304826586,6.000000,9.500000000
1746.500000,16.150161104,33.522445559,58.305586511,6.000000,9.486111111
1747.000000,16.154518659,33.514347561,58.306346479,6.000000,9.472222222
1747.500000,16.158875662,33.506249457,58.307106491,6.000000,9.458333333
1748.000000,16.163232112,33.498151248,58.307866547,6.000000,9.444444444
1748.500000,16.167588009,33.490052933,58.308626646,6.000000,9.430555556
1749.000000,16.171943353,33.481954513,58.309386789,6.000000,9.416666667
1749.500000,16.176298145,33.473855987,58.310146976,6.000000,9.402777778
1750.000000,16.180652385,33.465757356,58.310907206,6.000000,9.388888889
1750.500000,16.185006072,33.457658618,58.311667480,6.000000,9.375000000
1751.000000,16.189359207,33.449559776,58.312427798,6.000000,9.361111111
1751.500000,16.193711790,33.441460827,58.313188159,6.000000,9.347222222
1752.000000,16.198063821,33.433361774,58.313948565,6.000000,9.333333333
1752.500000,16.202415300,33.425262614,58.314709014,6.000000,9.319444444
1753.000000,16.206766226,33.417163349,58.315469506,6.000000,9.305555556
1753.500000,16.211116601,33.409063978,58.316230043,6.000000,9.291666667
1754.000000,16.215466424,33.400964502,58.316990623,6.000000,9.277777778
1754.500000,16.219815695,33.392864920,58.317751246,6.000000,9.263888889
1755.000000,16.224164414,33.384765232,58.318511914,6.000000,9.250000000
1755.500000,16.228512582,33.376665439,58.319272625,6.000000,9.236111111
1756.000000,16.232860198,33.368565540,58.320033380,6.000000,9.222222222
1756.500000,16.237207262,33.360465535,58.320794179,6.000000,9.208333333
1757.000000,16.241553776,33.352365425,58.321555021,6.000000,9.194444444
1757.500000,16.245899737,33.344265209,58.322315907,6.000000,9.180555556
1758.000000,16.250245148,33.336164887,58.323076837,6.000000,9.166666667
1758.500000,16.254590007,33.328064460,58.323837811,6.000000,9.152777778
1759.000000,16.258934315,33.319963927,58.324598828,6.000000,9.138888889
1759.500000,16.263278072,33.311863288,58.325359889,6.000000,9.125000000
1760.000000,16.267621278,33.303762544,58.326120994,6.000000,9.111111111
1760.500000,16.271963934,33.295661693,58.326882142,6.000000,9.097222222
1761.000000,16.276306038,33.287560738,58.327643335,6.000000,9.083333333
1761.500000,16.280647591,33.279459676,58.328404571,6.000000,9.069444444
1762.000000,16.284988594,33.271358509,58.329165850,6.000000,9.055555556
1762.500000,16.289329046,33.263257236,58.329927174,6.000000,9.041666667
1763.000000,16.293668947,33.255155857,58.330688541,6.000000,9.027777778
1763.500000,16.298008298,33.247054372,58.331449952,6.000000,9.013888889
1764.000000,16.302347099,33.238952782,58.332211407,6.000000,9.000000000
1764.500000,16.306685349,33.230851086,58.332972905,6.000000,8.986111111
1765.000000,16.311023049,33.222749284,58.333734448,6.000000,8.972222222
1765.500000,16.315360198,33.214647377,58.334496034,6.000000,8.958333333
1766.000000,16.319696798,33.206545363,58.335257663,6.000000,8.944444444
1766.500000,16.324032847,33.198443244,58.336019337,6.000000,8.930555556
1767.000000,16.328368346,33.190341019,58.336781054,6.000000,8.916666667
1767.500000,16.332703296,33.182238689,58.337542815,6.000000,8.902777778
1768.000000,16.337037695,33.174136252,58.338304620,6.000000,8.888888889
1768.500000,16.341371545,33.166033710,58.339066469,6.000000,8.875000000
1769.000000,16.345704845,33.157931062,58.339828361,6.000000,8.861111111
1769.500000,16.350037595,33.149828308,58.340590297,6.000000,8.847222222
1770.000000,16.354369796,33.141725448,58.341352277,6.000000,8.833333333
1770.500000,16.358701447,33.133622482,58.342114301,6.000000,8.819444444
1771.000000,16.363032548,33.125519411,58.342876368,6.000000,8.805555556
1771.500000,16.367363101,33.117416234,58.343638479,6.000000,8.791666667
1772.000000,16.371693104,33.109312951,58.344400634,6.000000,8.777777778
1772.500000,16.376022557,33.101209562,58.345162833,6.000000,8.763888889
1773.000000,16.380351462,33.093106067,58.345925076,6.000000,8.750000000
1773.500000,16.384679817,33.085002466,58.346687362,6.000000,8.736111111
1774.000000,16.389007623,33.076898760,58.347449692,6.000000,8.722222222
1774.500000,16.393334881,33.068794947,58.348212066,6.000000,8.708333333
1775.000000,16.397661589,33.060691029,58.348974484,6.000000,8.694444444
1775.500000,16.401987749,33.052587005,58.349736945,6.000000,8.680555556
1776.000000,16.406313360,33.044482874,58.350499450,6.000000,8.666666667
1776.500000,16.410638422,33.036378638,58.351262000,6.000000,8.652777778
1777.000000,16.414962935,33.028274296,58.352024592,6.000000,8.638888889
1777.500000,16.419286900,33.020169849,58.352787229,6.000000,8.625000000
1778.000000,16.423610317,33.012065295,58.353549910,6.000000,8.611111111
1778.500000,16.427933185,33.003960635,58.354312634,6.000000,8.597222222
1779.000000,16.432255505,32.995855869,58.355075402,6.000000,8.583333333
1779.500000,16.436577276,32.987750998,58.355838214,6.000000,8.569444444
1780.000000,16.440898500,32.979646020,58.356601069,6.000000,8.555555556
1780.500000,16.445219175,32.971540937,58.357363969,6.000000,8.541666667
1781.000000,16.449539302,32.963435747,58.358126912,6.000000,8.527777778
1781.500000,16.453858881,32.955330452,58.358889899,6.000000,8.513888889
1782.000000,16.458177912,32.947225051,58.359652930,6.000000,8.500000000
1782.500000,16.462496396,32.939119543,58.360416005,6.000000,8.486111111
1783.000000,16.466814331,32.931013930,58.361179123,6.000000,8.472222222
1783.500000,16.471131719,32.922908211,58.361942286,6.000000,8.458333333
1784.000000,16.475448559,32.914802385,58.362705492,6.000000,8.444444444
1784.500000,16.479764852,32.906696454,58.363468742,6.000000,8.430555556
1785.000000,16.484080597,32.898590417,58.364232036,6.000000,8.416666667
1785.500000,16.488395795,32.890484273,58.364995374,6.000000,8.402777778
1786.000000,16.492710445,32.882378024,58.365758755,6.000000,8.388888889
1786.500000,16.497024548,32.874271669,58.366522180,6.000000,8.375000000
1787.000000,16.501338104,32.866165207,58.367285650,6.000000,8.361111111
1787.500000,16.505651113,32.858058640,58.368049162,6.000000,8.347222222
1788.000000,16.509963574,32.849951966,58.368812719,6.000000,8.333333333
1788.500000,16.514275489,32.841845187,58.369576320,6.000000,8.319444444
1789.000000,16.518586857,32.833738301,58.370339964,6.000000,8.305555556
1789.500000,16.522897677,32.825631309,58.371103653,6.000000,8.291666667
1790.000000,16.527207952,32.817524212,58.371867385,6.000000,8.277777778
1790.500000,16.531517679,32.809417008,58.372631161,6.000000,8.263888889
1791.000000,16.535826859,32.801309698,58.373394981,6.000000,8.250000000
1791.500000,16.540135493,32.793202282,58.374158845,6.000000,8.236111111
1792.000000,16.544443581,32.785094760,58.374922752,6.000000,8.222222222
1792.500000,16.548751122,32.776987132,58.375686703,6.000000,8.208333333
1793.000000,16.553058117,32.768879398,58.376450699,6.000000,8.194444444
1793.500000,16.557364565,32.760771557,58.377214738,6.000000,8.180555556
1794.000000,16.561670467,32.752663611,58.377978821,6.000000,8.166666667
1794.500000,16.565975823,32.744555558,58.378742948,6.000000,8.152777778
1795.000000,16.570280633,32.736447399,58.379507118,6.000000,8.138888889
1795.500000,16.574584897,32.728339134,58.380271333,6.000000,8.125000000
1796.000000,16.578888615,32.720230763,58.381035591,6.000000,8.111111111
1796.500000,16.583191787,32.712122286,58.381799893,6.000000,8.097222222
1797.000000,16.587494413,32.704013703,58.382564240,6.000000,8.083333333
1797.500000,16.591796493,32.695905013,58.383328630,6.000000,8.069444444
1798.000000,16.596098028,32.687796218,58.384093063,6.000000,8.055555556
1798.500000,16.600399017,32.679687316,58.384857541,6.000000,8.041666667
1799.000000,16.604699461,32.671578308,58.385622063,6.000000,8.027777778
1799.500000,16.608999359,32.663469194,58.386386628,6.000000,8.013888889
1800.000000,16.613298711,32.655359973,58.387151238,6.000000,8.000000000
1800.500000,16.617597519,32.647250647,58.387915891,6.000000,7.986111111
1801.000000,16.621895781,32.639141214,58.388680588,6.000000,7.972222222
1801.500000,16.626193498,32.631031675,58.389445329,6.000000,7.958333333
1802.000000,16.630490669,32.622922030,58.390210114,6.000000,7.944444444
1802.500000,16.634787296,32.614812279,58.390974943,6.000000,7.930555556
1803.000000,16.639083378,32.606702421,58.391739815,6.000000,7.916666667
1803.500000,16.643378915,32.598592457,58.392504732,6.000000,7.902777778
1804.000000,16.647673907,32.590482387,58.393269692,6.000000,7.888888889
1804.500000,16.651968354,32.582372211,58.394034697,6.000000,7.875000000
1805.000000,16.656262256,32.574261928,58.394799745,6.000000,7.861111111
1805.500000,16.660555614,32.566151539,58.395564837,6.000000,7.847222222
1806.000000,16.664848427,32.558041044,58.396329973,6.000000,7.833333333
1806.500000,16.669140696,32.549930443,58.397095153,6.000000,7.819444444
1807.000000,16.673432421,32.541819735,58.397860377,6.000000,7.805555556
1807.500000,16.677723601,32.533708921,58.398625645,6.000000,7.791666667
1808.000000,16.682014236,32.525598001,58.399390956,6.000000,7.777777778
1808.500000,16.686304328,32.517486974,58.400156312,6.000000,7.763888889
1809.000000,16.690593875,32.509375842,58.400921711,6.000000,7.750000000
1809.500000,16.694882878,32.501264602,58.401687155,6.000000,7.736111111
1810.000000,16.699171338,32.493153257,58.402452642,6.000000,7.722222222
1810.500000,16.703459253,32.485041805,58.403218173,6.000000,7.708333333
1811.000000,16.707746624,32.476930247,58.403983748,6.000000,7.694444444
1811.500000,16.712033452,32.468818583,58.404749367,6.000000,7.680555556
1812.000000,16.716319736,32.460706812,58.405515030,6.000000,7.666666667
1812.500000,16.720605476,32.452594935,58.406280737,6.000000,7.652777778
1813.000000,16.724890673,32.444482951,58.407046488,6.000000,7.638888889
1813.500000,16.729175326,32.436370862,58.407812282,6.000000,7.625000000
1814.000000,16.733459435,32.428258665,58.408578121,6.000000,7.611111111
1814.500000,16.737743002,32.420146363,58.409344004,6.000000,7.597222222
1815.000000,16.742026025,32.412033954,58.410109930,6.000000,7.583333333
1815.500000,16.746308504,32.403921439,58.410875901,6.000000,7.569444444
1816.000000,16.750590441,32.395808817,58.411641915,6.000000,7.555555556
1816.500000,16.754871834,32.387696089,58.412407973,6.000000,7.541666667
1817.000000,16.759152685,32.379583255,58.413174075,6.000000,7.527777778
1817.500000,16.763432992,32.371470314,58.413940222,6.000000,7.513888889
1818.000000,16.767712757,32.363357267,58.414706412,6.000000,7.500000000
1818.500000,16.771991978,32.355244113,58.415472646,6.000000,7.486111111
1819.000000,16.776270657,32.347130853,58.416238924,6.000000,7.472222222
1819.500000,16.780548794,32.339017486,58.417005246,6.000000,7.458333333
1820.000000,16.784826387,32.330904013,58.417771611,6.000000,7.444444444
1820.500000,16.789103438,32.322790434,58.418538021,6.000000,7.430555556
1821.000000,16.793379947,32.314676748,58.419304475,6.000000,7.416666667
1821.500000,16.797655913,32.306562956,58.420070973,6.000000,7.402777778
1822.000000,16.801931337,32.298449057,58.420837515,6.000000,7.388888889
1822.500000,16.806206218,32.290335052,58.421604100,6.000000,7.375000000
1823.000000,16.810480558,32.282220940,58.422370730,6.000000,7.361111111
1823.500000,16.814754355,32.274106722,58.423137403,6.000000,7.347222222
1824.000000,16.819027610,32.265992397,58.423904121,6.000000,7.333333333
1824.500000,16.823300323,32.257877966,58.424670882,6.000000,7.319444444
1825.000000,16.827572494,32.249763429,58.425437688,6.000000,7.305555556
1825.500000,16.831844124,32.241648785,58.426204537,6.000000,7.291666667
1826.000000,16.836115211,32.233534034,58.426971431,6.000000,7.277777778
1826.500000,16.840385757,32.225419177,58.427738368,6.000000,7.263888889
1827.000000,16.844655761,32.217304213,58.428505349,6.000000,7.250000000
1827.500000,16.848925224,32.209189143,58.429272375,6.000000,7.236111111
1828.000000,16.853194145,32.201073966,58.430039444,6.000000,7.222222222
1828.500000,16.857462525,32.192958683,58.430806557,6.000000,7.208333333
1829.000000,16.861730363,32.184843293,58.431573714,6.000000,7.194444444
1829.500000,16.865997660,32.176727797,58.432340916,6.000000,7.180555556
1830.000000,16.870264416,32.168612194,58.433108161,6.000000,7.166666667
1830.500000,16.874530630,32.160496484,58.433875450,6.000000,7.152777778
1831.000000,16.878796304,32.152380668,58.434642783,6.000000,7.138888889
1831.500000,16.883061436,32.144264746,58.435410160,6.000000,7.125000000
1832.000000,16.887326028,32.136148717,58.436177582,6.000000,7.111111111
1832.500000,16.891590079,32.128032581,58.436945047,6.000000,7.097222222
1833.000000,16.895853588,32.119916338,58.437712556,6.000000,7.083333333
1833.500000,16.900116557,32.111799989,58.438480109,6.000000,7.069444444
1834.000000,16.904378986,32.103683534,58.439247706,6.000000,7.055555556
1834.500000,16.908640873,32.095566972,58.440015347,6.000000,7.041666667
1835.000000,16.912902221,32.087450303,58.440783033,6.000000,7.027777778
1835.500000,16.917163027,32.079333527,58.441550762,6.000000,7.013888889
1836.000000,16.921423294,32.071216645,44.476909095,6.000000,7.000000000
1836.500000,16.925866484,32.065039297,44.477335997,6.000000,6.990277778
1837.000000,16.930309197,32.058861889,44.477762919,6.000000,6.980555556
1837.500000,16.934751432,32.052684422,44.478189863,6.000000,6.970833333
1838.000000,16.939193189,32.046506896,44.478616827,6.000000,6.961111111
1838.500000,16.943634468,32.040329310,44.479043811,6.000000,6.951388889
1839.000000,16.948075270,32.034151665,44.479470817,6.000000,6.941666667
1839.500000,16.952515593,32.027973961,44.479897843,6.000000,6.931944444
1840.000000,16.956955440,32.021796197,44.480324891,6.000000,6.922222222
1840.500000,16.961394808,32.015618374,44.480751959,6.000000,6.912500000
1841.000000,16.965833699,32.009440492,44.481179047,6.000000,6.902777778
1841.500000,16.970272112,32.003262551,44.481606157,6.000000,6.893055556
1842.000000,16.974710048,31.997084550,44.482033287,6.000000,6.883333333
1842.500000,16.979147507,31.990906490,44.482460438,6.000000,6.873611111
1843.000000,16.983584488,31.984728370,44.482887610,6.000000,6.863888889
1843.500000,16.988020992,31.978550191,44.483314802,6.000000,6.854166667
1844.000000,16.992457019,31.972371953,44.483742016,6.000000,6.844444444
1844.500000,16.996892568,31.966193656,44.484169250,6.000000,6.834722222
1845.000000,17.001327641,31.960015299,44.484596505,6.000000,6.825000000
1845.500000,17.005762236,31.953836883,44.485023780,6.000000,6.815277778
1846.000000,17.010196354,31.947658407,44.485451077,6.000000,6.805555556
1846.500000,17.014629996,31.941479872,44.485878394,6.000000,6.795833333
1847.000000,17.019063160,31.935301278,44.486305732,6.000000,6.786111111
1847.500000,17.023495847,31.929122624,44.486733091,6.000000,6.776388889
1848.000000,17.027928058,31.922943911,44.487160470,6.000000,6.766666667
1848.500000,17.032359792,31.916765139,44.487587871,6.000000,6.756944444
1849.000000,17.036791049,31.910586307,44.488015292,6.000000,6.747222222
1849.500000,17.041221829,31.904407416,44.488442734,6.000000,6.737500000
1850.000000,17.045652133,31.898228466,44.488870197,6.000000,6.727777778
1850.500000,17.050081961,31.892049456,44.489297680,6.000000,6.718055556
1851.000000,17.054511311,31.885870387,44.489725184,6.000000,6.708333333
1851.500000,17.058940186,31.879691259,44.490152709,6.000000,6.698611111
1852.000000,17.063368583,31.873512071,44.490580255,6.000000,6.688888889
1852.500000,17.067796505,31.867332824,44.491007822,6.000000,6.679166667
1853.000000,17.072223950,31.861153517,44.491435409,6.000000,6.669444444
1853.500000,17.076650919,31.854974151,44.491863017,6.000000,6.659722222
1854.000000,17.081077412,31.848794725,44.492290646,6.000000,6.650000000
1854.500000,17.085503428,31.842615241,44.492718296,6.000000,6.640277778
1855.000000,17.089928969,31.836435696,44.493145966,6.000000,6.630555556
1855.500000,17.094354033,31.830256093,44.493573658,6.000000,6.620833333
1856.000000,17.098778621,31.824076430,44.494001370,6.000000,6.611111111
1856.500000,17.103202734,31.817896707,44.494429103,6.000000,6.601388889
1857.000000,17.107626370,31.811716926,44.494856856,6.000000,6.591666667
1857.500000,17.112049531,31.805537084,44.495284631,6.000000,6.581944444
1858.000000,17.116472216,31.799357184,44.495712426,6.000000,6.572222222
1858.500000,17.120894425,31.793177224,44.496140242,6.000000,6.562500000
1859.000000,17.125316158,31.786997204,44.496568079,6.000000,6.552777778
1859.500000,17.129737416,31.780817125,44.496995936,6.000000,6.543055556
1860.000000,17.134158198,31.774636987,44.497423815,6.000000,6.533333333
1860.500000,17.138578505,31.768456789,44.497851714,6.000000,6.523611111
1861.000000,17.142998336,31.762276532,44.498279634,6.000000,6.513888889
1861.500000,17.147417691,31.756096215,44.498707574,6.000000,6.504166667
1862.000000,17.151836572,31.749915839,44.499135536,6.000000,6.494444444
1862.500000,17.156254976,31.743735404,44.499563518,6.000000,6.484722222
1863.000000,17.160672906,31.737554909,44.499991521,6.000000,6.475000000
1863.500000,17.165090361,31.731374355,44.500419545,6.000000,6.465277778
1864.000000,17.169507340,31.725193741,44.500847590,6.000000,6.455555556
1864.500000,17.173923844,31.719013067,44.501275655,6.000000,6.445833333
1865.000000,17.178339873,31.712832335,44.501703742,6.000000,6.436111111
1865.500000,17.182755427,31.706651543,44.502131849,6.000000,6.426388889
1866.000000,17.187170506,31.700470691,44.502559977,6.000000,6.416666667
1866.500000,17.191585110,31.694289780,44.502988125,6.000000,6.406944444
1867.000000,17.195999239,31.688108809,44.503416295,6.000000,6.397222222
1867.500000,17.200412893,31.681927779,44.503844485,6.000000,6.387500000
1868.000000,17.204826073,31.675746690,44.504272696,6.000000,6.377777778
1868.500000,17.209238778,31.669565541,44.504700928,6.000000,6.368055556
1869.000000,17.213651008,31.663384332,44.505129180,6.000000,6.358333333
1869.500000,17.218062763,31.657203064,44.505557454,6.000000,6.348611111
1870.000000,17.222474044,31.651021737,44.505985748,6.000000,6.338888889
1870.500000,17.226884851,31.644840350,44.506414063,6.000000,6.329166667
1871.000000,17.231295183,31.638658904,44.506842399,6.000000,6.319444444
1871.500000,17.235705040,31.632477398,44.507270755,6.000000,6.309722222
1872.000000,17.240114423,31.626295832,44.507699133,6.000000,6.300000000
1872.500000,17.244523332,31.620114207,44.508127531,6.000000,6.290277778
1873.000000,17.248931767,31.613932523,44.508555950,6.000000,6.280555556
1873.500000,17.253339727,31.607750779,44.508984390,6.000000,6.270833333
1874.000000,17.257747213,31.601568976,44.509412850,6.000000,6.261111111
1874.500000,17.262154226,31.595387113,44.509841331,6.000000,6.251388889
1875.000000,17.266560764,31.589205190,44.510269834,6.000000,6.241666667
1875.500000,17.270966828,31.583023209,44.510698357,6.000000,6.231944444
1876.000000,17.275372418,31.576841167,44.511126900,6.000000,6.222222222
1876.500000,17.279777534,31.570659066,44.511555465,6.000000,6.212500000
1877.000000,17.284182176,31.564476906,44.511984050,6.000000,6.202777778
1877.500000,17.288586345,31.558294686,44.512412656,6.000000,6.193055556
1878.000000,17.292990040,31.552112406,44.512841283,6.000000,6.183333333
1878.500000,17.297393261,31.545930067,44.513269931,6.000000,6.173611111
1879.000000,17.301796008,31.539747668,44.513698600,6.000000,6.163888889
1879.500000,17.306198282,31.533565210,44.514127289,6.000000,6.154166667
1880.000000,17.310600082,31.527382693,44.514555999,6.000000,6.144444444
1880.500000,17.315001409,31.521200115,44.514984730,6.000000,6.134722222
1881.000000,17.319402262,31.515017479,44.515413482,6.000000,6.125000000
1881.500000,17.323802642,31.508834782,44.515842255,6.000000,6.115277778
1882.000000,17.328202549,31.502652026,44.516271048,6.000000,6.105555556
1882.500000,17.332601982,31.496469211,44.516699862,6.000000,6.095833333
1883.000000,17.337000942,31.490286336,44.517128697,6.000000,6.086111111
1883.500000,17.341399429,31.484103401,44.517557553,6.000000,6.076388889
1884.000000,17.345797442,31.477920407,44.517986430,6.000000,6.066666667
1884.500000,17.350194983,31.471737354,44.518415327,6.000000,6.056944444
1885.000000,17.354592051,31.465554240,44.518844245,6.000000,6.047222222
1885.500000,17.358988645,31.459371068,44.519273184,6.000000,6.037500000
1886.000000,17.363384767,31.453187835,44.519702144,6.000000,6.027777778
1886.500000,17.367780416,31.447004543,44.520131125,6.000000,6.018055556
1887.000000,17.372175591,31.440821192,44.520560126,6.000000,6.008333333
1887.500000,17.376570295,31.434637781,44.520989148,6.000000,5.998611111
1888.000000,17.380964525,31.428454310,44.521418192,6.000000,5.988888889
1888.500000,17.385358283,31.422270780,44.521847255,6.000000,5.979166667
1889.000000,17.389751568,31.416087190,44.522276340,6.000000,5.969444444
1889.500000,17.394144380,31.409903540,44.522705446,6.000000,5.959722222
1890.000000,17.398536720,31.403719831,44.523134572,6.000000,5.950000000
1890.500000,17.402928588,31.397536062,44.523563719,6.000000,5.940277778
1891.000000,17.407319983,31.391352234,44.523992887,6.000000,5.930555556
1891.500000,17.411710906,31.385168346,44.524422076,6.000000,5.920833333
1892.000000,17.416101356,31.378984399,44.524851285,6.000000,5.911111111
1892.500000,17.420491334,31.372800392,44.525280516,6.000000,5.901388889
1893.000000,17.424880840,31.366616325,44.525709767,6.000000,5.891666667
1893.500000,17.429269874,31.360432199,44.526139039,6.000000,5.881944444
1894.000000,17.433658435,31.354248013,44.526568332,6.000000,5.872222222
1894.500000,17.438046525,31.348063767,44.526997645,6.000000,5.862500000
1895.000000,17.442434142,31.341879462,44.527426980,6.000000,5.852777778
1895.500000,17.446821288,31.335695097,44.527856335,6.000000,5.843055556
1896.000000,17.451207961,31.329510672,44.528285711,6.000000,5.833333333
1896.500000,17.455594163,31.323326188,44.528715108,6.000000,5.823611111
1897.000000,17.459979893,31.317141644,44.529144525,6.000000,5.813888889
1897.500000,17.464365151,31.310957041,44.529573964,6.000000,5.804166667
1898.000000,17.468749937,31.304772378,44.530003423,6.000000,5.794444444
1898.500000,17.473134252,31.298587655,44.530432903,6.000000,5.784722222
1899.000000,17.477518095,31.292402873,44.530862404,6.000000,5.775000000
1899.500000,17.481901467,31.286218031,44.531291926,6.000000,5.765277778
1900.000000,17.486284367,31.280033129,44.531721469,6.000000,5.755555556
1900.500000,17.490666796,31.273848168,44.532151032,6.000000,5.745833333
1901.000000,17.495048753,31.267663147,44.532580616,6.000000,5.736111111
1901.500000,17.499430239,31.261478066,44.533010221,6.000000,5.726388889
1902.000000,17.503811253,31.255292926,44.533439847,6.000000,5.716666667
1902.500000,17.508191797,31.249107726,44.533869494,6.000000,5.706944444
1903.000000,17.512571869,31.242922466,44.534299161,6.000000,5.697222222
1903.500000,17.516951470,31.236737147,44.534728850,6.000000,5.687500000
1904.000000,17.521330599,31.230551768,44.535158559,6.000000,5.677777778
1904.500000,17.525709258,31.224366329,44.535588289,6.000000,5.668055556
1905.000000,17.530087446,31.218180831,44.536018040,6.000000,5.658333333
1905.500000,17.534465163,31.211995273,44.536447811,6.000000,5.648611111
1906.000000,17.538842409,31.205809655,44.536877604,6.000000,5.638888889
1906.500000,17.543219184,31.199623978,44.537307417,6.000000,5.629166667
1907.000000,17.547595488,31.193438241,44.537737251,6.000000,5.619444444
1907.500000,17.551971322,31.187252444,44.538167106,6.000000,5.609722222
1908.000000,17.556346684,31.181066587,44.538596982,6.000000,5.600000000
1908.500000,17.560721577,31.174880671,44.539026878,6.000000,5.590277778
1909.000000,17.565095998,31.168694695,44.539456796,6.000000,5.580555556
1909.500000,17.569469949,31.162508659,44.539886734,6.000000,5.570833333
1910.000000,17.573843430,31.156322564,44.540316693,6.000000,5.561111111
1910.500000,17.578216440,31.150136409,44.540746673,6.000000,5.551388889
1911.000000,17.582588980,31.143950194,44.541176673,6.000000,5.541666667
1911.500000,17.586961049,31.137763920,44.541606695,6.000000,5.531944444
1912.000000,17.591332648,31.131577585,44.542036737,6.000000,5.522222222
1912.500000,17.595703777,31.125391191,44.542466800,6.000000,5.512500000
1913.000000,17.600074435,31.119204738,44.542896884,6.000000,5.502777778
1913.500000,17.604444624,31.113018224,44.543326989,6.000000,5.493055556
1914.000000,17.608814342,31.106831651,44.543757115,6.000000,5.483333333
1914.500000,17.613183591,31.100645018,44.544187261,6.000000,5.473611111
1915.000000,17.617552369,31.094458325,44.544617429,6.000000,5.463888889
1915.500000,17.621920677,31.088271573,44.545047617,6.000000,5.454166667
1916.000000,17.626288516,31.082084761,44.545477826,6.000000,5.444444444
1916.500000,17.630655885,31.075897889,44.545908056,6.000000,5.434722222
1917.000000,17.635022784,31.069710957,44.546338306,6.000000,5.425000000
1917.500000,17.639389213,31.063523966,44.546768578,6.000000,5.415277778
1918.000000,17.643755172,31.057336915,44.547198870,6.000000,5.405555556
1918.500000,17.648120662,31.051149804,44.547629183,6.000000,5.395833333
1919.000000,17.652485683,31.044962633,44.548059517,6.000000,5.386111111
1919.500000,17.656850233,31.038775402,44.548489872,6.000000,5.376388889
1920.000000,17.661214315,31.032588112,44.548920247,6.000000,5.366666667
1920.500000,17.665577926,31.026400762,44.549350644,6.000000,5.356944444
1921.000000,17.669941069,31.020213352,44.549781061,6.000000,5.347222222
1921.500000,17.674303742,31.014025883,44.550211499,6.000000,5.337500000
1922.000000,17.678665946,31.007838353,44.550641958,6.000000,5.327777778
1922.500000,17.683027681,31.001650764,44.551072438,6.000000,5.318055556
1923.000000,17.687388946,30.995463115,44.551502939,6.000000,5.308333333
1923.500000,17.691749742,30.989275406,44.551933460,6.000000,5.298611111
1924.000000,17.696110070,30.983087638,44.552364002,6.000000,5.288888889
1924.500000,17.700469928,30.976899810,44.552794566,6.000000,5.279166667
1925.000000,17.704829317,30.970711921,44.553225150,6.000000,5.269444444
1925.500000,17.709188237,30.964523974,44.553655754,6.000000,5.259722222
1926.000000,17.713546689,30.958335966,44.554086380,6.000000,5.250000000
1926.500000,17.717904671,30.952147898,44.554517027,6.000000,5.240277778
1927.000000,17.722262185,30.945959771,44.554947694,6.000000,5.230555556
1927.500000,17.726619230,30.939771584,44.555378382,6.000000,5.220833333
1928.000000,17.730975807,30.933583337,44.555809091,6.000000,5.211111111
1928.500000,17.735331915,30.927395030,44.556239821,6.000000,5.201388889
1929.000000,17.739687554,30.921206663,44.556670572,6.000000,5.191666667
1929.500000,17.744042725,30.915018237,44.557101343,6.000000,5.181944444
1930.000000,17.748397427,30.908829750,44.557532135,6.000000,5.172222222
1930.500000,17.752751661,30.902641204,44.557962949,6.000000,5.162500000
1931.000000,17.757105426,30.896452598,44.558393783,6.000000,5.152777778
1931.500000,17.761458724,30.890263933,44.558824638,6.000000,5.143055556
1932.000000,17.765811552,30.884075207,44.559255513,6.000000,5.133333333
1932.500000,17.770163913,30.877886421,44.559686410,6.000000,5.123611111
1933.000000,17.774515806,30.871697576,44.560117327,6.000000,5.113888889
1933.500000,17.778867230,30.865508671,44.560548266,6.000000,5.104166667
1934.000000,17.783218186,30.859319706,44.560979225,6.000000,5.094444444
1934.500000,17.787568675,30.853130681,44.561410205,6.000000,5.084722222
1935.000000,17.791918695,30.846941596,44.561841206,6.000000,5.075000000
1935.500000,17.796268248,30.840752452,44.562272227,6.000000,5.065277778
1936.000000,17.800617332,30.834563247,44.562703270,6.000000,5.055555556
1936.500000,17.804965949,30.828373983,44.563134333,6.000000,5.045833333
1937.000000,17.809314098,30.822184659,44.563565417,6.000000,5.036111111
1937.500000,17.813661779,30.815995274,44.563996522,6.000000,5.026388889
1938.000000,17.818008993,30.809805831,44.564427648,6.000000,5.016666667
1938.500000,17.822355739,30.803616327,44.564858795,6.000000,5.006944444
1939.000000,17.826702017,30.797426763,44.565289962,6.000000,4.997222222
1939.500000,17.831047828,30.791237139,44.565721151,6.000000,4.987500000
1940.000000,17.835393172,30.785047456,44.566152360,6.000000,4.977777778
1940.500000,17.839738048,30.778857712,44.566583590,6.000000,4.968055556
1941.000000,17.844082457,30.772667909,44.567014841,6.000000,4.958333333
1941.500000,17.848426398,30.766478046,44.567446113,6.000000,4.948611111
1942.000000,17.852769872,30.760288123,44.567877406,6.000000,4.938888889
1942.500000,17.857112879,30.754098140,44.568308719,6.000000,4.929166667
1943.000000,17.861455419,30.747908097,44.568740054,6.000000,4.919444444
1943.500000,17.865797492,30.741717994,44.569171409,6.000000,4.909722222
1944.000000,17.870139097,30.735527832,44.569602785,6.000000,4.900000000
1944.500000,17.874480236,30.729337609,44.570034182,6.000000,4.890277778
1945.000000,17.878820907,30.723147326,44.570465600,6.000000,4.880555556
1945.500000,17.883161112,30.716956984,44.570897038,6.000000,4.870833333
1946.000000,17.887500850,30.710766582,44.571328498,6.000000,4.861111111
1946.500000,17.891840121,30.704576119,44.571759978,6.000000,4.851388889
1947.000000,17.896178926,30.698385597,44.572191479,6.000000,4.841666667
1947.500000,17.900517263,30.692195015,44.572623001,6.000000,4.831944444
1948.000000,17.904855134,30.686004373,44.573054544,6.000000,4.822222222
1948.500000,17.909192539,30.679813671,44.573486108,6.000000,4.812500000
1949.000000,17.913529476,30.673622909,44.573917693,6.000000,4.802777778
1949.500000,17.917865948,30.667432087,44.574349298,6.000000,4.793055556
1950.000000,17.922201953,30.661241205,44.574780925,6.000000,4.783333333
1950.500000,17.926537491,30.655050263,44.575212572,6.000000,4.773611111
1951.000000,17.930872563,30.648859262,44.575644240,6.000000,4.763888889
1951.500000,17.935207169,30.642668200,44.576075929,6.000000,4.754166667
1952.000000,17.939541309,30.636477078,44.576507639,6.000000,4.744444444
1952.500000,17.943874982,30.630285897,44.576939369,6.000000,4.734722222
1953.000000,17.948208189,30.624094655,44.577371121,6.000000,4.725000000
1953.500000,17.952540930,30.617903354,44.577802893,6.000000,4.715277778
1954.000000,17.956873205,30.611711992,44.578234686,6.000000,4.705555556
1954.500000,17.961205014,30.605520571,44.578666500,6.000000,4.695833333
1955.000000,17.965536357,30.599329089,44.579098335,6.000000,4.686111111
1955.500000,17.969867235,30.593137548,44.579530191,6.000000,4.676388889
1956.000000,17.974197646,30.586945946,44.579962068,6.000000,4.666666667
1956.500000,17.978527591,30.580754285,44.580393965,6.000000,4.656944444
1957.000000,17.982857071,30.574562563,44.580825884,6.000000,4.647222222
1957.500000,17.987186085,30.568370782,44.581257823,6.000000,4.637500000
1958.000000,17.991514634,30.562178941,44.581689783,6.000000,4.627777778
1958.500000,17.995842717,30.555987039,44.582121764,6.000000,4.618055556
1959.000000,18.000170334,30.549795078,44.582553766,6.000000,4.608333333
1959.500000,18.004497486,30.543603057,44.582985788,6.000000,4.598611111
1960.000000,18.008824172,30.537410975,44.583417832,6.000000,4.588888889
1960.500000,18.013150393,30.531218834,44.583849896,6.000000,4.579166667
1961.000000,18.017476149,30.525026633,44.584281982,6.000000,4.569444444
1961.500000,18.021801439,30.518834371,44.584714088,6.000000,4.559722222
1962.000000,18.026126264,30.512642050,44.585146215,6.000000,4.550000000
1962.500000,18.030450624,30.506449668,44.585578363,6.000000,4.540277778
1963.000000,18.034774519,30.500257227,44.586010532,6.000000,4.530555556
1963.500000,18.039097948,30.494064725,44.586442721,6.000000,4.520833333
1964.000000,18.043420913,30.487872164,44.586874932,6.000000,4.511111111
1964.500000,18.047743413,30.481679542,44.587307163,6.000000,4.501388889
1965.000000,18.052065447,30.475486861,44.587739415,6.000000,4.491666667
1965.500000,18.056387017,30.469294119,44.588171688,6.000000,4.481944444
1966.000000,18.060708122,30.463101318,44.588603982,6.000000,4.472222222
1966.500000,18.065028762,30.456908456,44.589036297,6.000000,4.462500000
1967.000000,18.069348937,30.450715534,44.589468633,6.000000,4.452777778
1967.500000,18.073668648,30.444522553,44.589900990,6.000000,4.443055556
1968.000000,18.077987894,30.438329511,44.590333367,6.000000,4.433333333
1968.500000,18.082306676,30.432136409,44.590765765,6.000000,4.423611111
1969.000000,18.086624992,30.425943247,44.591198185,6.000000,4.413888889
1969.500000,18.090942845,30.419750025,44.591630625,6.000000,4.404166667
1970.000000,18.095260233,30.413556743,44.592063086,6.000000,4.394444444
1970.500000,18.099577156,30.407363401,44.592495567,6.000000,4.384722222
1971.000000,18.103893616,30.401169999,44.592928070,6.000000,4.375000000
1971.500000,18.108209610,30.394976537,44.593360594,6.000000,4.365277778
1972.000000,18.112525141,30.388783014,44.593793138,6.000000,4.355555556
1972.500000,18.116840208,30.382589432,44.594225703,6.000000,4.345833333
1973.000000,18.121154810,30.376395789,44.594658290,6.000000,4.336111111
1973.500000,18.125468948,30.370202087,44.595090897,6.000000,4.326388889
1974.000000,18.129782622,30.364008324,44.595523525,6.000000,4.316666667
1974.500000,18.134095832,30.357814501,44.595956173,6.000000,4.306944444
1975.000000,18.138408579,30.351620619,44.596388843,6.000000,4.297222222
1975.500000,18.142720861,30.345426676,44.596821534,6.000000,4.287500000
1976.000000,18.147032680,30.339232673,44.597254245,6.000000,4.277777778
1976.500000,18.151344034,30.333038610,44.597686978,6.000000,4.268055556
1977.000000,18.155654925,30.326844487,44.598119731,6.000000,4.258333333
1977.500000,18.159965353,30.320650303,44.598552505,6.000000,4.248611111
1978.000000,18.164275316,30.314456060,44.598985300,6.000000,4.238888889
1978.500000,18.168584816,30.308261756,44.599418116,6.000000,4.229166667
1979.000000,18.172893853,30.302067393,44.599850952,6.000000,4.219444444
1979.500000,18.177202426,30.295872969,44.600283810,6.000000,4.209722222
1980.000000,18.181510535,30.289678485,44.600716689,6.000000,4.200000000
1980.500000,18.185818182,30.283483941,44.601149588,6.000000,4.190277778
1981.000000,18.190125364,30.277289337,44.601582508,6.000000,4.180555556
1981.500000,18.194432084,30.271094673,44.602015449,6.000000,4.170833333
1982.000000,18.198738340,30.264899948,44.602448411,6.000000,4.161111111
1982.500000,18.203044133,30.258705164,44.602881394,6.000000,4.151388889
1983.000000,18.207349463,30.252510319,44.603314398,6.000000,4.141666667
1983.500000,18.211654330,30.246315414,44.603747423,6.000000,4.131944444
1984.000000,18.215958734,30.240120450,44.604180468,6.000000,4.122222222
1984.500000,18.220262675,30.233925424,44.604613535,6.000000,4.112500000
1985.000000,18.224566153,30.227730339,44.605046622,6.000000,4.102777778
1985.500000,18.228869167,30.221535194,44.605479730,6.000000,4.093055556
1986.000000,18.233171720,30.215339988,44.605912859,6.000000,4.083333333
1986.500000,18.237473809,30.209144723,44.606346009,6.000000,4.073611111
1987.000000,18.241775436,30.202949397,44.606779180,6.000000,4.063888889
1987.500000,18.246076599,30.196754011,44.607212372,6.000000,4.054166667
1988.000000,18.250377301,30.190558565,44.607645585,6.000000,4.044444444
1988.500000,18.254677539,30.184363058,44.608078818,6.000000,4.034722222
1989.000000,18.258977315,30.178167492,44.608512073,6.000000,4.025000000
1989.500000,18.263276629,30.171971865,44.608945348,6.000000,4.015277778
1990.000000,18.267575480,30.165776178,44.609378644,6.000000,4.005555556
1990.500000,18.271873869,30.159580431,44.609811961,6.000000,3.995833333
1991.000000,18.276171795,30.153384624,44.610245299,6.000000,3.986111111
1991.500000,18.280469260,30.147188757,44.610678658,6.000000,3.976388889
1992.000000,18.284766261,30.140992829,44.611112038,6.000000,3.966666667
1992.500000,18.289062801,30.134796841,44.611545438,6.000000,3.956944444
1993.000000,18.293358879,30.128600793,44.611978860,6.000000,3.947222222
1993.500000,18.297654494,30.122404685,44.612412302,6.000000,3.937500000
1994.000000,18.301949648,30.116208517,44.612845766,6.000000,3.927777778
1994.500000,18.306244339,30.110012288,44.613279250,6.000000,3.918055556
1995.000000,18.310538568,30.103815999,44.613712755,6.000000,3.908333333
1995.500000,18.314832336,30.097619650,44.614146281,6.000000,3.898611111
1996.000000,18.319125642,30.091423241,44.614579828,6.000000,3.888888889
1996.500000,18.323418486,30.085226772,44.615013396,6.000000,3.879166667
1997.000000,18.327710868,30.079030242,44.615446984,6.000000,3.869444444
1997.500000,18.332002788,30.072833652,44.615880594,6.000000,3.859722222
1998.000000,18.336294247,30.066637002,44.616314224,6.000000,3.850000000
1998.500000,18.340585244,30.060440292,44.616747876,6.000000,3.840277778
1999.000000,18.344875780,30.054243521,44.617181548,6.000000,3.830555556
1999.500000,18.349165854,30.048046691,44.617615241,6.000000,3.820833333
2000.000000,18.353455467,30.041849800,44.618048955,6.000000,3.811111111
2000.500000,18.357744618,30.035652848,44.618482690,6.000000,3.801388889
2001.000000,18.362033308,30.029455837,44.618916446,6.000000,3.791666667
2001.500000,18.366321537,30.023258765,44.619350223,6.000000,3.781944444
2002.000000,18.370609304,30.017061633,44.619784021,6.000000,3.772222222
2002.500000,18.374896611,30.010864441,44.620217839,6.000000,3.762500000
2003.000000,18.379183456,30.004667188,44.620651679,6.000000,3.752777778
2003.500000,18.383469840,29.998469876,44.621191625,6.000000,3.743055556
2004.000000,18.387755763,29.992272488,44.622055194,6.000000,3.733333333
2004.500000,18.392041229,29.986074980,44.622918819,6.000000,3.723611111
2005.000000,18.396326237,29.979877353,44.623782501,6.000000,3.713888889
2005.500000,18.400610788,29.973679605,44.624646238,6.000000,3.704166667
2006.000000,18.404894880,29.967481738,44.625510031,6.000000,3.694444444
2006.500000,18.409178515,29.961283750,44.626373881,6.000000,3.684722222
2007.000000,18.413461692,29.955085643,44.627237786,6.000000,3.675000000
2007.500000,18.417744412,29.948887415,44.628101748,6.000000,3.665277778
2008.000000,18.422026674,29.942689068,44.628965765,6.000000,3.655555556
2008.500000,18.426308479,29.936490600,44.629829839,6.000000,3.645833333
2009.000000,18.430589826,29.930292013,44.630693969,6.000000,3.636111111
2009.500000,18.434870716,29.924093305,44.631558155,6.000000,3.626388889
2010.000000,18.439151149,29.917894478,44.632422396,6.000000,3.616666667
2010.500000,18.443431124,29.911695530,44.633286694,6.000000,3.606944444
2011.000000,18.447710642,29.905496463,44.634151048,6.000000,3.597222222
2011.500000,18.451989703,29.899297275,44.635015458,6.000000,3.587500000
2012.000000,18.456268307,29.893097967,44.635879925,6.000000,3.577777778
2012.500000,18.460546454,29.886898539,44.636744447,6.000000,3.568055556
2013.000000,18.464824144,29.880698992,44.637609025,6.000000,3.558333333
2013.500000,18.469101376,29.874499324,44.638473660,6.000000,3.548611111
2014.000000,18.473378152,29.868299536,44.639338350,6.000000,3.538888889
2014.500000,18.477654471,29.862099628,44.640203097,6.000000,3.529166667
2015.000000,18.481930333,29.855899599,44.641067900,6.000000,3.519444444
2015.500000,18.486205738,29.849699451,44.641932759,6.000000,3.509722222
2016.000000,18.490480687,29.843499183,44.642797674,6.000000,3.500000000
2016.500000,18.494755179,29.837298794,44.643662645,6.000000,3.490277778
2017.000000,18.499029214,29.831098285,44.644527673,6.000000,3.480555556
2017.500000,18.503302792,29.824897657,44.645392756,6.000000,3.470833333
2018.000000,18.507575914,29.818696908,44.646257896,6.000000,3.461111111
2018.500000,18.511848580,29.812496038,44.647123092,6.000000,3.451388889
2019.000000,18.516120789,29.806295049,44.647988344,6.000000,3.441666667
2019.500000,18.520392541,29.800093940,44.648853652,6.000000,3.431944444
2020.000000,18.524663837,29.793892710,44.649719016,6.000000,3.422222222
2020.500000,18.528934677,29.787691360,44.650584437,6.000000,3.412500000
2021.000000,18.533205061,29.781489890,44.651449913,6.000000,3.402777778
2021.500000,18.537474988,29.775288300,44.652315446,6.000000,3.393055556
2022.000000,18.541744460,29.769086589,44.653181035,6.000000,3.383333333
2022.500000,18.546013475,29.762884759,44.654046681,6.000000,3.373611111
2023.000000,18.550282034,29.756682808,44.654912382,6.000000,3.363888889
2023.500000,18.554550137,29.750480736,44.655778140,6.000000,3.354166667
2024.000000,18.558817784,29.744278545,44.656643954,6.000000,3.344444444
2024.500000,18.563084975,29.738076233,44.657509824,6.000000,3.334722222
2025.000000,18.567351710,29.731873801,44.658375750,6.000000,3.325000000
2025.500000,18.571617990,29.725671249,44.659241733,6.000000,3.315277778
2026.000000,18.575883813,29.719468577,44.660107772,6.000000,3.305555556
2026.500000,18.580149181,29.713265784,44.660973867,6.000000,3.295833333
2027.000000,18.584414093,29.707062871,44.661840018,6.000000,3.286111111
2027.500000,18.588678550,29.700859838,44.662706226,6.000000,3.276388889
2028.000000,18.592942551,29.694656684,44.663572490,6.000000,3.266666667
2028.500000,18.597206096,29.688453410,44.664438810,6.000000,3.256944444
2029.000000,18.601469186,29.682250016,44.665305186,6.000000,3.247222222
2029.500000,18.605731820,29.676046501,44.666171619,6.000000,3.237500000
2030.000000,18.609993999,29.669842866,44.667038108,6.000000,3.227777778
2030.500000,18.614255723,29.663639111,44.667904653,6.000000,3.218055556
2031.000000,18.618516991,29.657435235,44.668771255,6.000000,3.208333333
2031.500000,18.622777804,29.651231239,44.669637913,6.000000,3.198611111
2032.000000,18.627038162,29.645027123,44.670504627,6.000000,3.188888889
2032.500000,18.631298065,29.638822886,44.671371397,6.000000,3.179166667
2033.000000,18.635557512,29.632618529,44.672238224,6.000000,3.169444444
2033.500000,18.639816505,29.626414051,44.673105107,6.000000,3.159722222
2034.000000,18.644075042,29.620209454,44.673972047,6.000000,3.150000000
2034.500000,18.648333125,29.614004735,44.674839042,6.000000,3.140277778
2035.000000,18.652590752,29.607799896,44.675706094,6.000000,3.130555556
2035.500000,18.656847925,29.601594937,44.676573203,6.000000,3.120833333
2036.000000,18.661104643,29.595389858,44.677440368,6.000000,3.111111111
2036.500000,18.665360906,29.589184658,44.678307589,6.000000,3.101388889
2037.000000,18.669616714,29.582979337,44.679174866,6.000000,3.091666667
2037.500000,18.673872068,29.576773896,44.680042200,6.000000,3.081944444
2038.000000,18.678126967,29.570568335,44.680909590,6.000000,3.072222222
2038.500000,18.682381411,29.564362653,44.681777037,6.000000,3.062500000
2039.000000,18.686635401,29.558156850,44.682644540,6.000000,3.052777778
2039.500000,18.690888937,29.551950928,44.683512099,6.000000,3.043055556
2040.000000,18.695142018,29.545744884,44.684379715,6.000000,3.033333333
2040.500000,18.699394644,29.539538720,44.685247387,6.000000,3.023611111
2041.000000,18.703646816,29.533332436,44.686115115,6.000000,3.013888889
2041.500000,18.707898534,29.527126031,44.686982900,6.000000,3.004166667
2042.000000,18.712149798,29.520919506,44.687850742,6.000000,2.994444444
2042.500000,18.716400607,29.514712860,44.688718639,6.000000,2.984722222
2043.000000,18.720650962,29.508506093,44.689586593,6.000000,2.975000000
2043.500000,18.724900864,29.502299206,44.690454604,6.000000,2.965277778
2044.000000,18.729150311,29.496092199,44.691322671,6.000000,2.955555556
2044.500000,18.733399304,29.489885071,44.692190794,6.000000,2.945833333
2045.000000,18.737647843,29.483677822,44.693058974,6.000000,2.936111111
2045.500000,18.741895928,29.477470453,44.693927210,6.000000,2.926388889
2046.000000,18.746143559,29.471262963,44.694795503,6.000000,2.916666667
2046.500000,18.750390736,29.465055352,44.695663852,6.000000,2.906944444
2047.000000,18.754637460,29.458847621,44.696532258,6.000000,2.897222222
2047.500000,18.758883730,29.452639769,44.697400720,6.000000,2.887500000
2048.000000,18.763129546,29.446431797,44.698269239,6.000000,2.877777778
2048.500000,18.767374909,29.440223704,44.699137814,6.000000,2.868055556
2049.000000,18.771619818,29.434015491,44.700006446,6.000000,2.858333333
2049.500000,18.775864273,29.427807156,44.700875134,6.000000,2.848611111
2050.000000,18.780108275,29.421598701,44.701743878,6.000000,2.838888889
2050.500000,18.784351824,29.415390126,44.702612679,6.000000,2.829166667
2051.000000,18.788594919,29.409181430,44.703481537,6.000000,2.819444444
2051.500000,18.792837561,29.402972613,44.704350451,6.000000,2.809722222
2052.000000,18.797079749,29.396763675,44.705219421,6.000000,2.800000000
2052.500000,18.801321484,29.390554617,44.706088448,6.000000,2.790277778
2053.000000,18.805562766,29.384345438,44.706957532,6.000000,2.780555556
2053.500000,18.809803595,29.378136138,44.707826672,6.000000,2.770833333
2054.000000,18.814043971,29.371926718,44.708695869,6.000000,2.761111111
2054.500000,18.818283893,29.365717177,44.709565122,6.000000,2.751388889
2055.000000,18.822523363,29.359507515,44.710434432,6.000000,2.741666667
2055.500000,18.826762380,29.353297733,44.711303798,6.000000,2.731944444
2056.000000,18.831000943,29.347087829,44.712173221,6.000000,2.722222222
2056.500000,18.835239054,29.340877805,44.713042701,6.000000,2.712500000
2057.000000,18.839476712,29.334667660,44.713912237,6.000000,2.702777778
2057.500000,18.843713918,29.328457395,44.714781829,6.000000,2.693055556
2058.000000,18.847950670,29.322247008,44.715651478,6.000000,2.683333333
2058.500000,18.852186970,29.316036501,44.716521184,6.000000,2.673611111
2059.000000,18.856422817,29.309825873,44.717390946,6.000000,2.663888889
2059.500000,18.860658212,29.303615125,44.718260765,6.000000,2.654166667
2060.000000,18.864893154,29.297404255,44.719130641,6.000000,2.644444444
2060.500000,18.869127643,29.291193265,44.720000573,6.000000,2.634722222
2061.000000,18.873361680,29.284982154,44.720870562,6.000000,2.625000000
2061.500000,18.877595265,29.278770921,44.721740607,6.000000,2.615277778
2062.000000,18.881828398,29.272559569,44.722610709,6.000000,2.605555556
2062.500000,18.886061078,29.266348095,44.723480868,6.000000,2.595833333
2063.000000,18.890293305,29.260136500,44.724351083,6.000000,2.586111111
2063.500000,18.894525081,29.253924785,44.725221355,6.000000,2.576388889
2064.000000,18.898756404,29.247712949,44.726091683,6.000000,2.566666667
2064.500000,18.902987276,29.241500991,44.726962068,6.000000,2.556944444
2065.000000,18.907217695,29.235288913,44.727832510,6.000000,2.547222222
2065.500000,18.911447662,29.229076714,44.728703009,6.000000,2.537500000
2066.000000,18.915677177,29.222864395,44.729573564,6.000000,2.527777778
2066.500000,18.919906241,29.216651954,44.730444176,6.000000,2.518055556
2067.000000,18.924134852,29.210439392,44.731314844,6.000000,2.508333333
2067.500000,18.928363012,29.204226709,44.732185569,6.000000,2.498611111
2068.000000,18.932590720,29.198013906,44.733056351,6.000000,2.488888889
2068.500000,18.936817976,29.191800981,44.733927189,6.000000,2.479166667
2069.000000,18.941044780,29.185587936,44.734798085,6.000000,2.469444444
2069.500000,18.945271133,29.179374770,44.735669037,6.000000,2.459722222
2070.000000,18.949497034,29.173161482,44.736540045,6.000000,2.450000000
2070.500000,18.953722484,29.166948074,44.737411111,6.000000,2.440277778
2071.000000,18.957947482,29.160734545,44.738282233,6.000000,2.430555556
2071.500000,18.962172029,29.154520894,44.739153411,6.000000,2.420833333
2072.000000,18.966396124,29.148307123,44.740024647,6.000000,2.411111111
2072.500000,18.970619768,29.142093231,44.740895939,6.000000,2.401388889
2073.000000,18.974842960,29.135879217,44.741767288,6.000000,2.391666667
2073.500000,18.979065702,29.129665083,44.742638694,6.000000,2.381944444
2074.000000,18.983287992,29.123450828,44.743510156,6.000000,2.372222222
2074.500000,18.987509831,29.117236451,44.744381676,6.000000,2.362500000
2075.000000,18.991731219,29.111021954,44.745253251,6.000000,2.352777778
2075.500000,18.995952156,29.104807335,44.746124884,6.000000,2.343055556
2076.000000,19.000172641,29.098592596,44.746996574,6.000000,2.333333333
2076.500000,19.004392676,29.092377735,44.747868320,6.000000,2.323611111
2077.000000,19.008612260,29.086162753,44.748740123,6.000000,2.313888889
2077.500000,19.012831393,29.079947650,44.749611983,6.000000,2.304166667
2078.000000,19.017050075,29.073732427,44.750483900,6.000000,2.294444444
2078.500000,19.021268306,29.067517082,44.751355873,6.000000,2.284722222
2079.000000,19.025486087,29.061301616,44.752227903,6.000000,2.275000000
2079.500000,19.029703417,29.055086028,44.753099990,6.000000,2.265277778
2080.000000,19.033920296,29.048870320,44.753972134,6.000000,2.255555556
2080.500000,19.038136725,29.042654491,44.754844335,6.000000,2.245833333
2081.000000,19.042352703,29.036438540,44.755716592,6.000000,2.236111111
2081.500000,19.046568231,29.030222468,44.756588907,6.000000,2.226388889
2082.000000,19.050783308,29.024006275,44.757461278,6.000000,2.216666667
2082.500000,19.054997935,29.017789961,44.758333706,6.000000,2.206944444
2083.000000,19.059212111,29.011573526,44.759206191,6.000000,2.197222222
2083.500000,19.063425837,29.005356970,44.760078732,6.000000,2.187500000
2084.000000,19.067639113,28.999140292,44.760951331,6.000000,2.177777778
2084.500000,19.071851939,28.992923493,44.761823986,6.000000,2.168055556
2085.000000,19.076064314,28.986706573,44.762696699,6.000000,2.158333333
2085.500000,19.080276240,28.980489532,44.763569468,6.000000,2.148611111
2086.000000,19.084487715,28.974272370,44.764442294,6.000000,2.138888889
2086.500000,19.088698740,28.968055086,44.765315177,6.000000,2.129166667
2087.000000,19.092909315,28.961837681,44.766188117,6.000000,2.119444444
2087.500000,19.097119441,28.955620155,44.767061113,6.000000,2.109722222
2088.000000,19.101329116,28.949402507,44.767934167,6.000000,2.100000000
2088.500000,19.105538342,28.943184739,44.768807277,6.000000,2.090277778
2089.000000,19.109747117,28.936966849,44.769680445,6.000000,2.080555556
2089.500000,19.113955443,28.930748838,44.770553669,6.000000,2.070833333
2090.000000,19.118163320,28.924530705,44.771426950,6.000000,2.061111111
2090.500000,19.122370746,28.918312452,44.772300289,6.000000,2.051388889
2091.000000,19.126577724,28.912094077,44.773173684,6.000000,2.041666667
2091.500000,19.130784251,28.905875580,44.774047136,6.000000,2.031944444
2092.000000,19.134990329,28.899656963,44.774920645,6.000000,2.022222222
2092.500000,19.139195958,28.893438224,44.775794211,6.000000,2.012500000
2093.000000,19.143401137,28.887219363,44.776667833,6.000000,2.002777778
2093.500000,19.147605867,28.881000382,44.777541513,6.000000,1.993055556
2094.000000,19.151810147,28.874781279,44.778415250,6.000000,1.983333333
2094.500000,19.156013978,28.868562054,44.779289044,6.000000,1.973611111
2095.000000,19.160217360,28.862342709,44.780162895,6.000000,1.963888889
2095.500000,19.164420293,28.856123242,44.781036802,6.000000,1.954166667
2096.000000,19.168622777,28.849903653,44.781910767,6.000000,1.944444444
2096.500000,19.172824811,28.843683943,44.782784789,6.000000,1.934722222
2097.000000,19.177026397,28.837464112,44.783658867,6.000000,1.925000000
2097.500000,19.181227533,28.831244159,44.784533003,6.000000,1.915277778
2098.000000,19.185428221,28.825024085,44.785407196,6.000000,1.905555556
2098.500000,19.189628460,28.818803890,44.786281446,6.000000,1.895833333
2099.000000,19.193828250,28.812583573,44.787155752,6.000000,1.886111111
2099.500000,19.198027591,28.806363135,44.788030116,6.000000,1.876388889
2100.000000,19.202226483,28.800142575,44.788904537,6.000000,1.866666667
2100.500000,19.206424927,28.793921894,44.789779015,6.000000,1.856944444
2101.000000,19.210622921,28.787701091,44.790653549,6.000000,1.847222222
2101.500000,19.214820468,28.781480167,44.791528141,6.000000,1.837500000
2102.000000,19.219017566,28.775259122,44.792402790,6.000000,1.827777778
2102.500000,19.223214215,28.769037954,44.793277496,6.000000,1.818055556
2103.000000,19.227410416,28.762816666,44.794152259,6.000000,1.808333333
2103.500000,19.231606168,28.756595256,44.795027079,6.000000,1.798611111
2104.000000,19.235801472,28.750373724,44.795901957,6.000000,1.788888889
2104.500000,19.239996328,28.744152071,44.796776891,6.000000,1.779166667
2105.000000,19.244190735,28.737930297,44.797651882,6.000000,1.769444444
2105.500000,19.248384694,28.731708401,44.798526931,6.000000,1.759722222
2106.000000,19.252578205,28.725486383,44.799402036,6.000000,1.750000000
2106.500000,19.256771268,28.719264244,44.800277199,6.000000,1.740277778
2107.000000,19.260963883,28.713041983,44.801152419,6.000000,1.730555556
2107.500000,19.265156049,28.706819601,44.802027695,6.000000,1.720833333
2108.000000,19.269347768,28.700597097,44.802903029,6.000000,1.711111111
2108.500000,19.273539039,28.694374472,44.803778420,6.000000,1.701388889
2109.000000,19.277729861,28.688151725,44.804653869,6.000000,1.691666667
2109.500000,19.281920236,28.681928856,44.805529374,6.000000,1.681944444
2110.000000,19.286110163,28.675705866,44.806404936,6.000000,1.672222222
2110.500000,19.290299643,28.669482754,44.807280556,6.000000,1.662500000
2111.000000,19.294488675,28.663259521,44.808156233,6.000000,1.652777778
2111.500000,19.298677259,28.657036166,44.809031967,6.000000,1.643055556
2112.000000,19.302865395,28.650812689,44.809907758,6.000000,1.633333333
2112.500000,19.307053084,28.644589091,44.810783606,6.000000,1.623611111
2113.000000,19.311240325,28.638365371,44.811659511,6.000000,1.613888889
2113.500000,19.315427119,28.632141529,44.812535474,6.000000,1.604166667
2114.000000,19.319613465,28.625917566,44.813411494,6.000000,1.594444444
2114.500000,19.323799364,28.619693481,44.814287571,6.000000,1.584722222
2115.000000,19.327984816,28.613469274,44.815163705,6.000000,1.575000000
2115.500000,19.332169820,28.607244946,44.816039896,6.000000,1.565277778
2116.000000,19.336354377,28.601020496,44.816916145,6.000000,1.555555556
2116.500000,19.340538487,28.594795924,44.817792450,6.000000,1.545833333
2117.000000,19.344722150,28.588571231,44.818668813,6.000000,1.536111111
2117.500000,19.348905365,28.582346416,44.819545233,6.000000,1.526388889
2118.000000,19.353088134,28.576121479,44.820421711,6.000000,1.516666667
2118.500000,19.357270455,28.569896420,44.821298245,6.000000,1.506944444
2119.000000,19.361452330,28.563671240,44.822174837,6.000000,1.497222222
2119.500000,19.365633758,28.557445938,44.823051486,6.000000,1.487500000
2120.000000,19.369814738,28.551220514,44.823928193,6.000000,1.477777778
2120.500000,19.373995272,28.544994969,44.824804956,6.000000,1.468055556
2121.000000,19.378175359,28.538769301,44.825681777,6.000000,1.458333333
2121.500000,19.382355000,28.532543512,44.826558655,6.000000,1.448611111
2122.000000,19.386534194,28.526317601,44.827435590,6.000000,1.438888889
2122.500000,19.390712941,28.520091568,44.828312583,6.000000,1.429166667
2123.000000,19.394891241,28.513865414,44.829189633,6.000000,1.419444444
2123.500000,19.399069095,28.507639138,44.830066740,6.000000,1.409722222
2124.000000,19.403246503,28.501412739,44.830943904,6.000000,1.400000000
2124.500000,19.407423464,28.495186219,44.831821126,6.000000,1.390277778
2125.000000,19.411599979,28.488959578,44.832698405,6.000000,1.380555556
2125.500000,19.415776047,28.482732814,44.833575742,6.000000,1.370833333
2126.000000,19.419951669,28.476505928,44.834453135,6.000000,1.361111111
2126.500000,19.424126845,28.470278921,44.835330586,6.000000,1.351388889
2127.000000,19.428301574,28.464051792,44.836208095,6.000000,1.341666667
2127.500000,19.432475858,28.457824541,44.837085660,6.000000,1.331944444
2128.000000,19.436649695,28.451597168,44.837963283,6.000000,1.322222222
2128.500000,19.440823086,28.445369673,44.838840963,6.000000,1.312500000
2129.000000,19.444996031,28.439142056,44.839718701,6.000000,1.302777778
2129.500000,19.449168530,28.432914317,44.840596496,6.000000,1.293055556
2130.000000,19.453340584,28.426686457,44.841474348,6.000000,1.283333333
2130.500000,19.457512191,28.420458474,44.842352258,6.000000,1.273611111
2131.000000,19.461683352,28.414230370,44.843230225,6.000000,1.263888889
2131.500000,19.465854068,28.408002143,44.844108249,6.000000,1.254166667
2132.000000,19.470024338,28.401773795,44.844986331,6.000000,1.244444444
2132.500000,19.474194162,28.395545324,44.845864470,6.000000,1.234722222
2133.000000,19.478363541,28.389316732,44.846742667,6.000000,1.225000000
2133.500000,19.482532474,28.383088018,44.847620921,6.000000,1.215277778
2134.000000,19.486700961,28.376859182,44.848499232,6.000000,1.205555556
2134.500000,19.490869003,28.370630223,44.849377601,6.000000,1.195833333
2135.000000,19.495036600,28.364401143,44.850256027,6.000000,1.186111111
2135.500000,19.499203751,28.358171941,44.851134511,6.000000,1.176388889
2136.000000,19.503370457,28.351942617,44.852013052,6.000000,1.166666667
2136.500000,19.507536717,28.345713171,44.852891650,6.000000,1.156944444
2137.000000,19.511702532,28.339483602,44.853770306,6.000000,1.147222222
2137.500000,19.515867902,28.333253912,44.854649019,6.000000,1.137500000
2138.000000,19.520032827,28.327024100,44.855527790,6.000000,1.127777778
2138.500000,19.524197306,28.320794165,44.856406618,6.000000,1.118055556
2139.000000,19.528361341,28.314564109,44.857285504,6.000000,1.108333333
2139.500000,19.532524930,28.308333930,44.858164447,6.000000,1.098611111
2140.000000,19.536688074,28.302103630,44.859043447,6.000000,1.088888889
2140.500000,19.540850774,28.295873207,44.859922505,6.000000,1.079166667
2141.000000,19.545013029,28.289642662,44.860801621,6.000000,1.069444444
2141.500000,19.549174838,28.283411995,44.861680794,6.000000,1.059722222
2142.000000,19.553336203,28.277181206,44.862560024,6.000000,1.050000000
2142.500000,19.557497123,28.270950295,44.863439312,6.000000,1.040277778
2143.000000,19.561657599,28.264719262,44.864318657,6.000000,1.030555556
2143.500000,19.565817629,28.258488106,44.865198060,6.000000,1.020833333
2144.000000,19.569977216,28.252256829,44.866077521,6.000000,1.011111111
2144.500000,19.574136357,28.246025429,44.866957039,6.000000,1.001388889
2145.000000,19.578295054,28.239793907,44.867836614,6.000000,0.991666667
2145.500000,19.582453307,28.233562263,44.868716247,6.000000,0.981944444
2146.000000,19.586611115,28.227330497,44.869595938,6.000000,0.972222222
2146.500000,19.590768479,28.221098609,44.870475686,6.000000,0.962500000
2147.000000,19.594925398,28.214866598,44.871355491,6.000000,0.952777778
2147.500000,19.599081873,28.208634466,44.872235354,6.000000,0.943055556
2148.000000,19.603237904,28.202402211,44.873115275,6.000000,0.933333333
2148.500000,19.607393490,28.196169834,44.873995253,6.000000,0.923611111
2149.000000,19.611548633,28.189937334,44.874875289,6.000000,0.913888889
2149.500000,19.615703331,28.183704713,44.875755382,6.000000,0.904166667
2150.000000,19.619857586,28.177471969,44.876635533,6.000000,0.894444444
2150.500000,19.624011396,28.171239103,44.877515742,6.000000,0.884722222
2151.000000,19.628164762,28.165006115,44.878396008,6.000000,0.875000000
2151.500000,19.632317685,28.158773004,44.879276331,6.000000,0.865277778
2152.000000,19.636470163,28.152539771,44.880156713,6.000000,0.855555556
2152.500000,19.640622198,28.146306416,44.881037151,6.000000,0.845833333
2153.000000,19.644773789,28.140072939,44.881917648,6.000000,0.836111111
2153.500000,19.648924936,28.133839339,44.882798202,6.000000,0.826388889
2154.000000,19.653075639,28.127605617,44.883678814,6.000000,0.816666667
2154.500000,19.657225899,28.121371773,44.884559483,6.000000,0.806944444
2155.000000,19.661375716,28.115137806,44.885440210,6.000000,0.797222222
2155.500000,19.665525088,28.108903717,44.886320994,6.000000,0.787500000
2156.000000,19.669674017,28.102669506,44.887201836,6.000000,0.777777778
2156.500000,19.673822503,28.096435173,44.888082736,6.000000,0.768055556
2157.000000,19.677970546,28.090200717,44.888963694,6.000000,0.758333333
2157.500000,19.682118145,28.083966138,44.889844709,6.000000,0.748611111
2158.000000,19.686265300,28.077731438,44.890725782,6.000000,0.738888889
2158.500000,19.690412013,28.071496615,44.891606912,6.000000,0.729166667
2159.000000,19.694558282,28.065261669,44.892488100,6.000000,0.719444444
2159.500000,19.698704108,28.059026601,44.893369346,6.000000,0.709722222
2160.000000,19.702849491,28.052791411,44.894250649,6.000000,0.700000000
2160.500000,19.706994430,28.046556099,44.895132011,6.000000,0.690277778
2161.000000,19.711138927,28.040320664,44.896013429,6.000000,0.680555556
2161.500000,19.715282981,28.034085106,44.896894906,6.000000,0.670833333
2162.000000,19.719426592,28.027849426,44.897776440,6.000000,0.661111111
2162.500000,19.723569760,28.021613624,44.898658032,6.000000,0.651388889
2163.000000,19.727712485,28.015377699,44.899539682,6.000000,0.641666667
2163.500000,19.731854767,28.009141652,44.900421389,6.000000,0.631944444
2164.000000,19.735996607,28.002905483,44.901303154,6.000000,0.622222222
2164.500000,19.740138003,27.996669190,44.902184977,6.000000,0.612500000
2165.000000,19.744278957,27.990432776,44.903066858,6.000000,0.602777778
2165.500000,19.748419469,27.984196239,44.903948796,6.000000,0.593055556
2166.000000,19.752559538,27.977959579,44.904830792,6.000000,0.583333333
2166.500000,19.756699164,27.971722797,44.905712846,6.000000,0.573611111
2167.000000,19.760838348,27.965485893,44.906594957,6.000000,0.563888889
2167.500000,19.764977090,27.959248866,44.907477127,6.000000,0.554166667
2168.000000,19.769115389,27.953011716,44.908359354,6.000000,0.544444444
2168.500000,19.773253246,27.946774444,44.909241639,6.000000,0.534722222
2169.000000,19.777390660,27.940537049,44.910123981,6.000000,0.525000000
2169.500000,19.781527632,27.934299532,44.911006382,6.000000,0.515277778
2170.000000,19.785664163,27.928061892,44.911888840,6.000000,0.505555556
2170.500000,19.789800250,27.921824130,44.912771356,6.000000,0.495833333
2171.000000,19.793935896,27.915586245,44.913653930,6.000000,0.486111111
2171.500000,19.798071100,27.909348237,44.914536561,6.000000,0.476388889
2172.000000,19.802205862,27.903110107,44.915419251,6.000000,0.466666667
2172.500000,19.806340181,27.896871855,44.916301998,6.000000,0.456944444
2173.000000,19.810474059,27.890633479,44.917184803,6.000000,0.447222222
2173.500000,19.814607495,27.884394982,44.918067666,6.000000,0.437500000
2174.000000,19.818740489,27.878156361,44.918950587,6.000000,0.427777778
2174.500000,19.822873042,27.871917618,44.919833565,6.000000,0.418055556
2175.000000,19.827005152,27.865678752,44.920716602,6.000000,0.408333333
2175.500000,19.831136821,27.859439764,44.921599696,6.000000,0.398611111
2176.000000,19.835268049,27.853200653,44.922482848,6.000000,0.388888889
2176.500000,19.839398834,27.846961419,44.923366058,6.000000,0.379166667
2177.000000,19.843529178,27.840722062,44.924249326,6.000000,0.369444444
2177.500000,19.847659081,27.834482583,44.925132652,6.000000,0.359722222
2178.000000,19.851788542,27.828242982,44.926016035,6.000000,0.350000000
2178.500000,19.855917562,27.822003257,44.926899477,6.000000,0.340277778
2179.000000,19.860046140,27.815763410,44.927782976,6.000000,0.330555556
2179.500000,19.864174278,27.809523440,44.928666533,6.000000,0.320833333
2180.000000,19.868301973,27.803283348,44.929550149,6.000000,0.311111111
2180.500000,19.872429228,27.797043132,44.930433822,6.000000,0.301388889
2181.000000,19.876556041,27.790802794,44.931317553,6.000000,0.291666667
2181.500000,19.880682414,27.784562334,44.932201342,6.000000,0.281944444
2182.000000,19.884808345,27.778321750,44.933085188,6.000000,0.272222222
2182.500000,19.888933835,27.772081044,44.933969093,6.000000,0.262500000
2183.000000,19.893058884,27.765840215,44.934853056,6.000000,0.252777778
2183.500000,19.897183492,27.759599263,44.935737077,6.000000,0.243055556
2184.000000,19.901307660,27.753358188,44.936621155,6.000000,0.233333333
2184.500000,19.905431386,27.747116991,44.937505292,6.000000,0.223611111
2185.000000,19.909554672,27.740875671,44.938389486,6.000000,0.213888889
2185.500000,19.913677517,27.734634228,44.939273739,6.000000,0.204166667
2186.000000,19.917799921,27.728392662,44.940158049,6.000000,0.194444444
2186.500000,19.921921885,27.722150973,44.941042417,6.000000,0.184722222
2187.000000,19.926043407,27.715909162,44.941926844,6.000000,0.175000000
2187.500000,19.930164490,27.709667228,44.942811328,6.000000,0.165277778
2188.000000,19.934285132,27.703425170,44.943695870,6.000000,0.155555556
2188.500000,19.938405333,27.697182990,44.944580471,6.000000,0.145833333
2189.000000,19.942525094,27.690940688,44.945465129,6.000000,0.136111111
2189.500000,19.946644414,27.684698262,44.946349845,6.000000,0.126388889
2190.000000,19.950763294,27.678455713,44.947234620,6.000000,0.116666667
2190.500000,19.954881734,27.672213042,44.948119452,6.000000,0.106944444
2191.000000,19.958999734,27.665970247,44.949004342,6.000000,0.097222222
2191.500000,19.963117293,27.659727330,44.949889291,6.000000,0.087500000
2192.000000,19.967234413,27.653484290,44.950774297,6.000000,0.077777778
2192.500000,19.971351092,27.647241127,44.951659362,6.000000,0.068055556
2193.000000,19.975467331,27.640997841,44.952544484,6.000000,0.058333333
2193.500000,19.979583130,27.634754432,44.953429665,6.000000,0.048611111
2194.000000,19.983698489,27.628510900,44.954314904,6.000000,0.038888889
2194.500000,19.987813408,27.622267245,44.955200200,6.000000,0.029166667
2195.000000,19.991927887,27.616023467,44.956085555,6.000000,0.019444444
2195.500000,19.996041927,27.609779567,44.956970968,6.000000,0.009722222
2196.000000,20.000155526,27.603535543,44.956970968,6.000000,0.000000000
