time_s,temp_c,soc_pct,current_a,heating_kw,remaining_km
0.000000,0.000000000,65.000000000,39.918721692,0.000000,40.000000000
0.250000,-0.000281677,64.997227867,39.918879127,0.000000,39.997916667
0.500000,-0.000563341,64.994455722,39.919036563,0.000000,39.995833333
0.750000,-0.000844992,64.991683567,39.919194001,0.000000,39.993750000
1.000000,-0.001126631,64.988911401,39.919351441,0.000000,39.991666667
1.250000,-0.001408257,64.986139223,39.919508882,0.000000,39.989583333
1.500000,-0.001689871,64.983367035,39.919666324,0.000000,39.987500000
1.750000,-0.001971472,64.980594836,39.919823768,0.000000,39.985416667
2.000000,-0.002253060,64.977822626,39.919981213,0.000000,39.983333333
2.250000,-0.002534636,64.975050405,39.920138660,0.000000,39.981250000
2.500000,-0.002816199,64.972278173,39.920296109,0.000000,39.979166667
2.750000,-0.003097750,64.969505931,39.920453559,0.000000,39.977083333
3.000000,-0.003379288,64.966733677,39.920611010,0.000000,39.975000000
3.250000,-0.003660813,64.963961412,39.920768463,0.000000,39.972916667
3.500000,-0.003942326,64.961189137,39.920925918,0.000000,39.970833333
3.750000,-0.004223826,64.958416850,39.921083374,0.000000,39.968750000
4.000000,-0.004505314,64.955644553,39.921240832,0.000000,39.966666667
4.250000,-0.004786789,64.952872244,39.921398291,0.000000,39.964583333
4.500000,-0.005068251,64.950099925,39.921555752,0.000000,39.962500000
4.750000,-0.005349701,64.947327595,39.921713214,0.000000,39.960416667
5.000000,-0.005631138,64.944555254,39.921870678,0.000000,39.958333333
5.250000,-0.005912563,64.941782901,39.922028143,0.000000,39.956250000
5.500000,-0.006193975,64.939010538,39.922185610,0.000000,39.954166667
5.750000,-0.006475375,64.936238164,39.922343078,0.000000,39.952083333
6.000000,-0.006756762,64.933465779,39.922500548,0.000000,39.950000000
6.250000,-0.007038136,64.930693384,39.922658019,0.000000,39.947916667
6.500000,-0.007319498,64.927920977,39.922815492,0.000000,39.945833333
6.750000,-0.007600847,64.925148559,39.922972967,0.000000,39.943750000
7.000000,-0.007882183,64.922376130,39.923130443,0.000000,39.941666667
7.250000,-0.008163507,64.919603691,39.923287920,0.000000,39.939583333
7.500000,-0.008444819,64.916831240,39.923445399,0.000000,39.937500000
7.750000,-0.008726117,64.914058779,39.923602880,0.000000,39.935416667
8.000000,-0.009007404,64.911286306,39.923760362,0.000000,39.933333333
8.250000,-0.009288677,64.908513823,39.923917845,0.000000,39.931250000
8.500000,-0.009569938,64.905741329,39.924075330,0.000000,39.929166667
8.750000,-0.009851187,64.902968823,39.924232817,0.000000,39.927083333
9.000000,-0.010132423,64.900196307,39.924390305,0.000000,39.925000000
9.250000,-0.010413646,64.897423780,39.924547795,0.000000,39.922916667
9.500000,-0.010694857,64.894651242,39.924705286,0.000000,39.920833333
9.750000,-0.010976055,64.891878693,39.924862779,0.000000,39.918750000
10.000000,-0.011257240,64.889106133,39.925020273,0.000000,39.916666667
10.250000,-0.011538413,64.886333562,39.925177769,0.000000,39.914583333
10.500000,-0.011819574,64.883560981,39.925335266,0.000000,39.912500000
10.750000,-0.012100721,64.880788388,39.925492765,0.000000,39.910416667
11.000000,-0.012381857,64.878015784,39.925650265,0.000000,39.908333333
11.250000,-0.012662979,64.875243170,39.925807767,0.000000,39.906250000
11.500000,-0.012944089,64.872470544,39.925965271,0.000000,39.904166667
11.750000,-0.013225187,64.869697908,39.926122776,0.000000,39.902083333
12.000000,-0.013506272,64.866925260,39.926280282,0.000000,39.900000000
12.250000,-0.013787344,64.864152602,39.926437790,0.000000,39.897916667
12.500000,-0.014068404,64.861379932,39.926595300,0.000000,39.895833333
12.750000,-0.014349451,64.858607252,39.926752811,0.000000,39.893750000
13.000000,-0.014630486,64.855834561,39.926910323,0.000000,39.891666667
13.250000,-0.014911508,64.853061859,39.927067837,0.000000,39.889583333
13.500000,-0.015192517,64.850289146,39.927225353,0.000000,39.887500000
13.750000,-0.015473514,64.847516422,39.927382870,0.000000,39.885416667
14.000000,-0.015754498,64.844743687,39.927540389,0.000000,39.883333333
14.250000,-0.016035470,64.841970941,39.927697909,0.000000,39.881250000
14.500000,-0.016316429,64.839198184,39.927855431,0.000000,39.879166667
14.750000,-0.016597376,64.836425417,39.928012954,0.000000,39.877083333
15.000000,-0.016878310,64.833652638,39.928170479,0.000000,39.875000000
15.250000,-0.017159231,64.830879848,39.928328005,0.000000,39.872916667
15.500000,-0.017440140,64.828107048,39.928485533,0.000000,39.870833333
15.750000,-0.017721036,64.825334236,39.928643062,0.000000,39.868750000
16.000000,-0.018001920,64.822561414,39.928800593,0.000000,39.866666667
16.250000,-0.018282791,64.819788580,39.928958126,0.000000,39.864583333
16.500000,-0.018563650,64.817015736,39.929115660,0.000000,39.862500000
16.750000,-0.018844496,64.814242881,39.929273195,0.000000,39.860416667
17.000000,-0.019125329,64.811470015,39.929430732,0.000000,39.858333333
17.250000,-0.019406150,64.808697138,39.929588271,0.000000,39.856250000
17.500000,-0.019686959,64.805924250,39.929745811,0.000000,39.854166667
17.750000,-0.019967754,64.803151351,39.929903352,0.000000,39.852083333
18.000000,-0.020248538,64.800378441,39.930060895,0.000000,39.850000000
18.250000,-0.020529308,64.797605520,39.930218440,0.000000,39.847916667
18.500000,-0.020810066,64.794832588,39.930375986,0.000000,39.845833333
18.750000,-0.021090812,64.792059645,39.930533534,0.000000,39.843750000
19.000000,-0.021371545,64.789286691,39.930691083,0.000000,39.841666667
19.250000,-0.021652265,64.786513727,39.930848634,0.000000,39.839583333
19.500000,-0.021932973,64.783740751,39.931006186,0.000000,39.837500000
19.750000,-0.022213668,64.780967765,39.931163740,0.000000,39.835416667
20.000000,-0.022494351,64.778194767,39.931321295,0.000000,39.833333333
20.250000,-0.022775021,64.775421759,39.931478852,0.000000,39.831250000
20.500000,-0.023055679,64.772648739,39.931636410,0.000000,39.829166667
20.750000,-0.023336324,64.769875709,39.931793970,0.000000,39.827083333
21.000000,-0.023616956,64.767102668,39.931951532,0.000000,39.825000000
21.250000,-0.023897576,64.764329616,39.932109095,0.000000,39.822916667
21.500000,-0.024178183,64.761556552,39.932266659,0.000000,39.820833333
21.750000,-0.024458778,64.758783478,39.932424225,0.000000,39.818750000
22.000000,-0.024739360,64.756010393,39.932581793,0.000000,39.816666667
22.250000,-0.025019930,64.753237297,39.932739362,0.000000,39.814583333
22.500000,-0.025300487,64.750464190,39.932896932,0.000000,39.812500000
22.750000,-0.025581032,64.747691073,39.933054504,0.000000,39.810416667
23.000000,-0.025861564,64.744917944,39.933212078,0.000000,39.808333333
23.250000,-0.026142083,64.742144804,39.933369653,0.000000,39.806250000
23.500000,-0.026422590,64.739371653,39.933527230,0.000000,39.804166667
23.750000,-0.026703084,64.736598492,39.933684808,0.000000,39.802083333
24.000000,-0.026983566,64.733825319,39.933842388,0.000000,39.800000000
24.250000,-0.027264035,64.731052136,39.933999969,0.000000,39.797916667
24.500000,-0.027544492,64.728278941,39.934157552,0.000000,39.795833333
24.750000,-0.027824936,64.725505736,39.934315136,0.000000,39.793750000
25.000000,-0.028105368,64.722732520,39.934472722,0.000000,39.791666667
25.250000,-0.028385787,64.719959292,39.934630310,0.000000,39.789583333
25.500000,-0.028666193,64.717186054,39.934787899,0.000000,39.787500000
25.750000,-0.028946587,64.714412805,39.934945489,0.000000,39.785416667
26.000000,-0.029226968,64.711639545,39.935103081,0.000000,39.783333333
26.250000,-0.029507337,64.708866274,39.935260674,0.000000,39.781250000
26.500000,-0.029787694,64.706092992,39.935418270,0.000000,39.779166667
26.750000,-0.030068037,64.703319699,39.935575866,0.000000,39.777083333
27.000000,-0.030348368,64.700546395,39.935733464,0.000000,39.775000000
27.250000,-0.030628687,64.697773080,39.935891064,0.000000,39.772916667
27.500000,-0.030908993,64.694999754,39.936048665,0.000000,39.770833333
27.750000,-0.031189287,64.692226418,39.936206268,0.000000,39.768750000
28.000000,-0.031469568,64.689453070,39.936363872,0.000000,39.766666667
28.250000,-0.031749836,64.686679711,39.936521478,0.000000,39.764583333
28.500000,-0.032030092,64.683906342,39.936679085,0.000000,39.762500000
28.750000,-0.032310335,64.681132961,39.936836694,0.000000,39.760416667
29.000000,-0.032590566,64.678359570,39.936994304,0.000000,39.758333333
29.250000,-0.032870785,64.675586168,39.937151916,0.000000,39.756250000
29.500000,-0.033150990,64.672812754,39.937309529,0.000000,39.754166667
29.750000,-0.033431184,64.670039330,39.937467144,0.000000,39.752083333
30.000000,-0.033711364,64.667265895,39.937624761,0.000000,39.750000000
30.250000,-0.033991532,64.664492449,39.937782379,0.000000,39.747916667
30.500000,-0.034271688,64.661718991,39.937939998,0.000000,39.745833333
30.750000,-0.034551831,64.658945523,39.938097619,0.000000,39.743750000
31.000000,-0.034831961,64.656172044,39.938255242,0.000000,39.741666667
31.250000,-0.035112079,64.653398554,39.938412866,0.000000,39.739583333
31.500000,-0.035392185,64.650625054,39.938570491,0.000000,39.737500000
31.750000,-0.035672278,64.647851542,39.938728119,0.000000,39.735416667
32.000000,-0.035952358,64.645078019,39.938885747,0.000000,39.733333333
32.250000,-0.036232426,64.642304485,39.939043377,0.000000,39.731250000
32.500000,-0.036512481,64.639530941,39.939201009,0.000000,39.729166667
32.750000,-0.036792524,64.636757385,39.939358642,0.000000,39.727083333
33.000000,-0.037072554,64.633983818,39.939516277,0.000000,39.725000000
33.250000,-0.037352572,64.631210241,39.939673914,0.000000,39.722916667
33.500000,-0.037632577,64.628436652,39.939831551,0.000000,39.720833333
33.750000,-0.037912569,64.625663053,39.939989191,0.000000,39.718750000
34.000000,-0.038192550,64.622889443,39.940146832,0.000000,39.716666667
34.250000,-0.038472517,64.620115821,39.940304474,0.000000,39.714583333
34.500000,-0.038752472,64.617342189,39.940462118,0.000000,39.712500000
34.750000,-0.039032415,64.614568546,39.940619764,0.000000,39.710416667
35.000000,-0.039312345,64.611794892,39.940777411,0.000000,39.708333333
35.250000,-0.039592262,64.609021227,39.940935059,0.000000,39.706250000
35.500000,-0.039872167,64.606247551,39.941092709,0.000000,39.704166667
35.750000,-0.040152059,64.603473864,39.941250361,0.000000,39.702083333
36.000000,-0.040431939,64.600700166,39.941408014,0.000000,39.700000000
36.250000,-0.040711806,64.597926457,39.941565669,0.000000,39.697916667
36.500000,-0.040991661,64.595152737,39.941723325,0.000000,39.695833333
36.750000,-0.041271503,64.592379006,39.941880983,0.000000,39.693750000
37.000000,-0.041551333,64.589605264,39.942038642,0.000000,39.691666667
37.250000,-0.041831150,64.586831512,39.942196303,0.000000,39.689583333
37.500000,-0.042110955,64.584057748,39.942353965,0.000000,39.687500000
37.750000,-0.042390747,64.581283973,39.942511629,0.000000,39.685416667
38.000000,-0.042670527,64.578510188,39.942669294,0.000000,39.683333333
38.250000,-0.042950294,64.575736391,39.942826961,0.000000,39.681250000
38.500000,-0.043230048,64.572962584,39.942984630,0.000000,39.679166667
38.750000,-0.043509790,64.570188766,39.943142300,0.000000,39.677083333
39.000000,-0.043789520,64.567414936,39.943299971,0.000000,39.675000000
39.250000,-0.044069237,64.564641096,39.943457644,0.000000,39.672916667
39.500000,-0.044348941,64.561867245,39.943615319,0.000000,39.670833333
39.750000,-0.044628633,64.559093383,39.943772995,0.000000,39.668750000
40.000000,-0.044908313,64.556319509,39.943930672,0.000000,39.666666667
40.250000,-0.045187980,64.553545625,39.944088352,0.000000,39.664583333
40.500000,-0.045467634,64.550771730,39.944246032,0.000000,39.662500000
40.750000,-0.045747276,64.547997824,39.944403714,0.000000,39.660416667
41.000000,-0.046026905,64.545223907,39.944561398,0.000000,39.658333333
41.250000,-0.046306522,64.542449980,39.944719084,0.000000,39.656250000
41.500000,-0.046586126,64.539676041,39.944876770,0.000000,39.654166667
41.750000,-0.046865718,64.536902091,39.945034459,0.000000,39.652083333
42.000000,-0.047145298,64.534128130,39.945192149,0.000000,39.650000000
42.250000,-0.047424864,64.531354159,39.945349840,0.000000,39.647916667
42.500000,-0.047704419,64.528580176,39.945507533,0.000000,39.645833333
42.750000,-0.047983960,64.525806182,39.945665227,0.000000,39.643750000
43.000000,-0.048263490,64.523032178,39.945822923,0.000000,39.641666667
43.250000,-0.048543006,64.520258162,39.945980621,0.000000,39.639583333
43.500000,-0.048822510,64.517484136,39.946138320,0.000000,39.637500000
43.750000,-0.049102002,64.514710099,39.946296021,0.000000,39.635416667
44.000000,-0.049381481,64.511936050,39.946453723,0.000000,39.633333333
44.250000,-0.049660948,64.509161991,39.946611426,0.000000,39.631250000
44.500000,-0.049940402,64.506387921,39.946769131,0.000000,39.629166667
44.750000,-0.050219844,64.503613840,39.946926838,0.000000,39.627083333
45.000000,-0.050499273,64.500839747,39.947084546,0.000000,39.625000000
45.250000,-0.050778690,64.498065644,39.947242256,0.000000,39.622916667
45.500000,-0.051058094,64.495291530,39.947399968,0.000000,39.620833333
45.750000,-0.051337485,64.492517405,39.947557680,0.000000,39.618750000
46.000000,-0.051616864,64.489743269,39.947715395,0.000000,39.616666667
46.250000,-0.051896231,64.486969122,39.947873111,0.000000,39.614583333
46.500000,-0.052175585,64.484194965,39.948030828,0.000000,39.612500000
46.750000,-0.052454927,64.481420796,39.948188547,0.000000,39.610416667
47.000000,-0.052734256,64.478646616,39.948346268,0.000000,39.608333333
47.250000,-0.053013572,64.475872425,39.948503990,0.000000,39.606250000
47.500000,-0.053292876,64.473098224,39.948661713,0.000000,39.604166667
47.750000,-0.053572168,64.470324011,39.948819438,0.000000,39.602083333
48.000000,-0.053851447,64.467549787,39.948977165,0.000000,39.600000000
48.250000,-0.054130713,64.464775553,39.949134893,0.000000,39.597916667
48.500000,-0.054409967,64.462001307,39.949292623,0.000000,39.595833333
48.750000,-0.054689209,64.459227051,39.949450354,0.000000,39.593750000
49.000000,-0.054968438,64.456452784,39.949608087,0.000000,39.591666667
49.250000,-0.055247654,64.453678505,39.949765821,0.000000,39.589583333
49.500000,-0.055526858,64.450904216,39.949923557,0.000000,39.587500000
49.750000,-0.055806050,64.448129916,39.950081294,0.000000,39.585416667
50.000000,-0.056085229,64.445355605,39.950239033,0.000000,39.583333333
50.250000,-0.056364396,64.442581282,39.950396773,0.000000,39.581250000
50.500000,-0.056643550,64.439806949,39.950554515,0.000000,39.579166667
50.750000,-0.056922691,64.437032605,39.950712259,0.000000,39.577083333
51.000000,-0.057201820,64.434258250,39.950870004,0.000000,39.575000000
51.250000,-0.057480937,64.431483884,39.951027750,0.000000,39.572916667
51.500000,-0.057760041,64.428709507,39.951185498,0.000000,39.570833333
51.750000,-0.058039132,64.425935119,39.951343248,0.000000,39.568750000
52.000000,-0.058318211,64.423160721,39.951500999,0.000000,39.566666667
52.250000,-0.058597278,64.420386311,39.951658752,0.000000,39.564583333
52.500000,-0.058876332,64.417611890,39.951816506,0.000000,39.562500000
52.750000,-0.059155373,64.414837458,39.951974262,0.000000,39.560416667
53.000000,-0.059434402,64.412063016,39.952132019,0.000000,39.558333333
53.250000,-0.059713419,64.409288562,39.952289778,0.000000,39.556250000
53.500000,-0.059992423,64.406514097,39.952447538,0.000000,39.554166667
53.750000,-0.060271415,64.403739622,39.952605300,0.000000,39.552083333
54.000000,-0.060550394,64.400965135,39.952763063,0.000000,39.550000000
54.250000,-0.060829360,64.398190638,39.952920828,0.000000,39.547916667
54.500000,-0.061108314,64.395416130,39.953078595,0.000000,39.545833333
54.750000,-0.061387256,64.392641610,39.953236363,0.000000,39.543750000
55.000000,-0.061666185,64.389867080,39.953394132,0.000000,39.541666667
55.250000,-0.061945102,64.387092539,39.953551903,0.000000,39.539583333
55.500000,-0.062224006,64.384317987,39.953709676,0.000000,39.537500000
55.750000,-0.062502898,64.381543423,39.953867450,0.000000,39.535416667
56.000000,-0.062781777,64.378768849,39.954025226,0.000000,39.533333333
56.250000,-0.063060643,64.375994264,39.954183003,0.000000,39.531250000
56.500000,-0.063339498,64.373219668,39.954340782,0.000000,39.529166667
56.750000,-0.063618339,64.370445061,39.954498562,0.000000,39.527083333
57.000000,-0.063897169,64.367670443,39.954656344,0.000000,39.525000000
57.250000,-0.064175985,64.364895814,39.954814127,0.000000,39.522916667
57.500000,-0.064454790,64.362121174,39.954971912,0.000000,39.520833333
57.750000,-0.064733581,64.359346524,39.955129698,0.000000,39.518750000
58.000000,-0.065012361,64.356571862,39.955287486,0.000000,39.516666667
58.250000,-0.065291127,64.353797189,39.955445276,0.000000,39.514583333
58.500000,-0.065569882,64.351022505,39.955603067,0.000000,39.512500000
58.750000,-0.065848623,64.348247811,39.955760859,0.000000,39.510416667
59.000000,-0.066127353,64.345473105,39.955918653,0.000000,39.508333333
59.250000,-0.066406070,64.342698388,39.956076449,0.000000,39.506250000
59.500000,-0.066684774,64.339923661,39.956234246,0.000000,39.504166667
59.750000,-0.066963466,64.337148922,39.956392045,0.000000,39.502083333
60.000000,-0.067242145,64.334374173,39.956549845,0.000000,39.500000000
60.250000,-0.067520812,64.331599413,39.956707647,0.000000,39.497916667
60.500000,-0.067799467,64.328824641,39.956865450,0.000000,39.495833333
60.750000,-0.068078109,64.326049859,39.957023255,0.000000,39.493750000
61.000000,-0.068356738,64.323275066,39.957181061,0.000000,39.491666667
61.250000,-0.068635355,64.320500261,39.957338869,0.000000,39.489583333
61.500000,-0.068913960,64.317725446,39.957496678,0.000000,39.487500000
61.750000,-0.069192552,64.314950620,39.957654489,0.000000,39.485416667
62.000000,-0.069471132,64.312175783,39.957812302,0.000000,39.483333333
62.250000,-0.069749699,64.309400935,39.957970116,0.000000,39.481250000
62.500000,-0.070028253,64.306626076,39.958127931,0.000000,39.479166667
62.750000,-0.070306795,64.303851206,39.958285748,0.000000,39.477083333
63.000000,-0.070585325,64.301076325,39.958443567,0.000000,39.475000000
63.250000,-0.070863842,64.298301433,39.958601387,0.000000,39.472916667
63.500000,-0.071142347,64.295526530,39.958759209,0.000000,39.470833333
63.750000,-0.071420839,64.292751616,39.958917032,0.000000,39.468750000
64.000000,-0.071699319,64.289976691,39.959074857,0.000000,39.466666667
64.250000,-0.071977787,64.287201756,39.959232683,0.000000,39.464583333
64.500000,-0.072256241,64.284426809,39.959390511,0.000000,39.462500000
64.750000,-0.072534684,64.281651851,39.959548340,0.000000,39.460416667
65.000000,-0.072813114,64.278876883,39.959706171,0.000000,39.458333333
65.250000,-0.073091531,64.276101903,39.959864003,0.000000,39.456250000
65.500000,-0.073369936,64.273326912,39.960021837,0.000000,39.454166667
65.750000,-0.073648329,64.270551911,39.960179673,0.000000,39.452083333
66.000000,-0.073926709,64.267776898,39.960337510,0.000000,39.450000000
66.250000,-0.074205076,64.265001875,39.960495348,0.000000,39.447916667
66.500000,-0.074483431,64.262226841,39.960653188,0.000000,39.445833333
66.750000,-0.074761774,64.259451795,39.960811030,0.000000,39.443750000
67.000000,-0.075040104,64.256676739,39.960968873,0.000000,39.441666667
67.250000,-0.075318422,64.253901672,39.961126718,0.000000,39.439583333
67.500000,-0.075596727,64.251126593,39.961284564,0.000000,39.437500000
67.750000,-0.075875020,64.248351504,39.961442412,0.000000,39.435416667
68.000000,-0.076153300,64.245576404,39.961600261,0.000000,39.433333333
68.250000,-0.076431568,64.242801293,39.961758112,0.000000,39.431250000
68.500000,-0.076709823,64.240026171,39.961915964,0.000000,39.429166667
68.750000,-0.076988066,64.237251038,39.962073818,0.000000,39.427083333
69.000000,-0.077266297,64.234475894,39.962231674,0.000000,39.425000000
69.250000,-0.077544515,64.231700739,39.962389531,0.000000,39.422916667
69.500000,-0.077822720,64.228925573,39.962547389,0.000000,39.420833333
69.750000,-0.078100913,64.226150396,39.962705249,0.000000,39.418750000
70.000000,-0.078379094,64.223375208,39.962863111,0.000000,39.416666667
70.250000,-0.078657262,64.220600009,39.963020974,0.000000,39.414583333
70.500000,-0.078935418,64.217824799,39.963178839,0.000000,39.412500000
70.750000,-0.079213561,64.215049579,39.963336705,0.000000,39.410416667
71.000000,-0.079491692,64.212274347,39.963494572,0.000000,39.408333333
71.250000,-0.079769810,64.209499104,39.963652442,0.000000,39.406250000
71.500000,-0.080047916,64.206723851,39.963810312,0.000000,39.404166667
71.750000,-0.080326010,64.203948586,39.963968185,0.000000,39.402083333
72.000000,-0.080604091,64.201173311,39.964126059,0.000000,39.400000000
72.250000,-0.080882159,64.198398024,39.964283934,0.000000,39.397916667
72.500000,-0.081160215,64.195622726,39.964441811,0.000000,39.395833333
72.750000,-0.081438259,64.192847418,39.964599689,0.000000,39.393750000
73.000000,-0.081716290,64.190072099,39.964757569,0.000000,39.391666667
73.250000,-0.081994309,64.187296768,39.964915451,0.000000,39.389583333
73.500000,-0.082272315,64.184521427,39.965073334,0.000000,39.387500000
73.750000,-0.082550309,64.181746075,39.965231219,0.000000,39.385416667
74.000000,-0.082828290,64.178970711,39.965389105,0.000000,39.383333333
74.250000,-0.083106259,64.176195337,39.965546992,0.000000,39.381250000
74.500000,-0.083384215,64.173419952,39.965704882,0.000000,39.379166667
74.750000,-0.083662159,64.170644556,39.965862772,0.000000,39.377083333
75.000000,-0.083940091,64.167869149,39.966020665,0.000000,39.375000000
75.250000,-0.084218010,64.165093730,39.966178559,0.000000,39.372916667
75.500000,-0.084495916,64.162318301,39.966336454,0.000000,39.370833333
75.750000,-0.084773811,64.159542861,39.966494351,0.000000,39.368750000
76.000000,-0.085051692,64.156767410,39.966652249,0.000000,39.366666667
76.250000,-0.085329562,64.153991948,39.966810149,0.000000,39.364583333
76.500000,-0.085607418,64.151216475,39.966968051,0.000000,39.362500000
76.750000,-0.085885263,64.148440992,39.967125954,0.000000,39.360416667
77.000000,-0.086163095,64.145665497,39.967283858,0.000000,39.358333333
77.250000,-0.086440914,64.142889991,39.967441764,0.000000,39.356250000
77.500000,-0.086718721,64.140114474,39.967599672,0.000000,39.354166667
77.750000,-0.086996516,64.137338946,39.967757581,0.000000,39.352083333
78.000000,-0.087274298,64.134563408,39.967915492,0.000000,39.350000000
78.250000,-0.087552068,64.131787858,39.968073404,0.000000,39.347916667
78.500000,-0.087829825,64.129012297,39.968231318,0.000000,39.345833333
78.750000,-0.088107570,64.126236726,39.968389233,0.000000,39.343750000
79.000000,-0.088385302,64.123461143,39.968547150,0.000000,39.341666667
79.250000,-0.088663022,64.120685549,39.968705069,0.000000,39.339583333
79.500000,-0.088940730,64.117909945,39.968862989,0.000000,39.337500000
79.750000,-0.089218425,64.115134329,39.969020910,0.000000,39.335416667
80.000000,-0.089496108,64.112358703,39.969178833,0.000000,39.333333333
80.250000,-0.089773778,64.109583066,39.969336758,0.000000,39.331250000
80.500000,-0.090051435,64.106807417,39.969494684,0.000000,39.329166667
80.750000,-0.090329081,64.104031758,39.969652611,0.000000,39.327083333
81.000000,-0.090606714,64.101256088,39.969810540,0.000000,39.325000000
81.250000,-0.090884334,64.098480406,39.969968471,0.000000,39.322916667
81.500000,-0.091161942,64.095704714,39.970126403,0.000000,39.320833333
81.750000,-0.091439538,64.092929011,39.970284337,0.000000,39.318750000
82.000000,-0.091717121,64.090153297,39.970442272,0.000000,39.316666667
82.250000,-0.091994691,64.087377571,39.970600209,0.000000,39.314583333
82.500000,-0.092272250,64.084601835,39.970758148,0.000000,39.312500000
82.750000,-0.092549796,64.081826088,39.970916088,0.000000,39.310416667
83.000000,-0.092827329,64.079050330,39.971074029,0.000000,39.308333333
83.250000,-0.093104850,64.076274561,39.971231972,0.000000,39.306250000
83.500000,-0.093382358,64.073498781,39.971389917,0.000000,39.304166667
83.750000,-0.093659855,64.070722990,39.971547863,0.000000,39.302083333
84.000000,-0.093937338,64.067947188,39.971705810,0.000000,39.300000000
84.250000,-0.094214809,64.065171375,39.971863759,0.000000,39.297916667
84.500000,-0.094492268,64.062395551,39.972021710,0.000000,39.295833333
84.750000,-0.094769715,64.059619717,39.972179662,0.000000,39.293750000
85.000000,-0.095047149,64.056843871,39.972337616,0.000000,39.291666667
85.250000,-0.095324570,64.054068014,39.972495571,0.000000,39.289583333
85.500000,-0.095601979,64.051292146,39.972653528,0.000000,39.287500000
85.750000,-0.095879376,64.048516268,39.972811487,0.000000,39.285416667
86.000000,-0.096156760,64.045740378,39.972969447,0.000000,39.283333333
86.250000,-0.096434132,64.042964477,39.973127408,0.000000,39.281250000
86.500000,-0.096711491,64.040188566,39.973285371,0.000000,39.279166667
86.750000,-0.096988838,64.037412643,39.973443336,0.000000,39.277083333
87.000000,-0.097266173,64.034636709,39.973601302,0.000000,39.275000000
87.250000,-0.097543495,64.031860765,39.973759269,0.000000,39.272916667
87.500000,-0.097820804,64.029084809,39.973917238,0.000000,39.270833333
87.750000,-0.098098102,64.026308843,39.974075209,0.000000,39.268750000
88.000000,-0.098375386,64.023532865,39.974233181,0.000000,39.266666667
88.250000,-0.098652659,64.020756877,39.974391155,0.000000,39.264583333
88.500000,-0.098929919,64.017980878,39.974549130,0.000000,39.262500000
88.750000,-0.099207166,64.015204867,39.974707107,0.000000,39.260416667
89.000000,-0.099484401,64.012428846,39.974865085,0.000000,39.258333333
89.250000,-0.099761624,64.009652814,39.975023065,0.000000,39.256250000
89.500000,-0.100038834,64.006876770,39.975181047,0.000000,39.254166667
89.750000,-0.100316032,64.004100716,39.975339030,0.000000,39.252083333
90.000000,-0.100593218,64.001324651,39.975497014,0.000000,39.250000000
90.250000,-0.100870391,63.998548575,39.975655000,0.000000,39.247916667
90.500000,-0.101147551,63.995772488,39.975812988,0.000000,39.245833333
90.750000,-0.101424700,63.992996390,39.975970977,0.000000,39.243750000
91.000000,-0.101701835,63.990220280,39.976128968,0.000000,39.241666667
91.250000,-0.101978959,63.987444160,39.976286960,0.000000,39.239583333
91.500000,-0.102256070,63.984668029,39.976444954,0.000000,39.237500000
91.750000,-0.102533168,63.981891887,39.976602949,0.000000,39.235416667
92.000000,-0.102810254,63.979115734,39.976760946,0.000000,39.233333333
92.250000,-0.103087328,63.976339570,39.976918944,0.000000,39.231250000
92.500000,-0.103364389,63.973563395,39.977076944,0.000000,39.229166667
92.750000,-0.103641438,63.970787210,39.977234946,0.000000,39.227083333
93.000000,-0.103918475,63.968011013,39.977392949,0.000000,39.225000000
93.250000,-0.104195499,63.965234805,39.977550953,0.000000,39.222916667
93.500000,-0.104472510,63.962458586,39.977708959,0.000000,39.220833333
93.750000,-0.104749509,63.959682356,39.977866967,0.000000,39.218750000
94.000000,-0.105026496,63.956906115,39.978024976,0.000000,39.216666667
94.250000,-0.105303471,63.954129864,39.978182987,0.000000,39.214583333
94.500000,-0.105580433,63.951353601,39.978340999,0.000000,39.212500000
94.750000,-0.105857382,63.948577327,39.978499013,0.000000,39.210416667
95.000000,-0.106134319,63.945801043,39.978657028,0.000000,39.208333333
95.250000,-0.106411244,63.943024747,39.978815045,0.000000,39.206250000
95.500000,-0.106688156,63.940248440,39.978973063,0.000000,39.204166667
95.750000,-0.106965056,63.937472123,39.979131083,0.000000,39.202083333
96.000000,-0.107241944,63.934695794,39.979289104,0.000000,39.200000000
96.250000,-0.107518819,63.931919455,39.979447127,0.000000,39.197916667
96.500000,-0.107795682,63.929143104,39.979605152,0.000000,39.195833333
96.750000,-0.108072532,63.926366743,39.979763178,0.000000,39.193750000
97.000000,-0.108349370,63.923590370,39.979921206,0.000000,39.191666667
97.250000,-0.108626195,63.920813987,39.980079235,0.000000,39.189583333
97.500000,-0.108903008,63.918037593,39.980237266,0.000000,39.187500000
97.750000,-0.109179809,63.915261187,39.980395298,0.000000,39.185416667
98.000000,-0.109456597,63.912484771,39.980553332,0.000000,39.183333333
98.250000,-0.109733373,63.909708344,39.980711367,0.000000,39.181250000
98.500000,-0.110010137,63.906931905,39.980869404,0.000000,39.179166667
98.750000,-0.110286888,63.904155456,39.981027442,0.000000,39.177083333
99.000000,-0.110563626,63.901378996,39.981185482,0.000000,39.175000000
99.250000,-0.110840353,63.898602525,39.981343524,0.000000,39.172916667
99.500000,-0.111117067,63.895826042,39.981501567,0.000000,39.170833333
99.750000,-0.111393768,63.893049549,39.981659611,0.000000,39.168750000
100.000000,-0.111670457,63.890273045,39.981817657,0.000000,39.166666667
100.250000,-0.111947134,63.887496530,39.981975705,0.000000,39.164583333
100.500000,-0.112223798,63.884720004,39.982133754,0.000000,39.162500000
100.750000,-0.112500450,63.881943467,39.982291805,0.000000,39.160416667
101.000000,-0.112777089,63.879166919,39.982449857,0.000000,39.158333333
101.250000,-0.113053716,63.876390360,39.982607911,0.000000,39.156250000
101.500000,-0.113330331,63.873613790,39.982765966,0.000000,39.154166667
101.750000,-0.113606933,63.870837209,39.982924023,0.000000,39.152083333
102.000000,-0.113883523,63.868060617,39.983082081,0.000000,39.150000000
102.250000,-0.114160101,63.865284014,39.983240141,0.000000,39.147916667
102.500000,-0.114436666,63.862507400,39.983398203,0.000000,39.145833333
102.750000,-0.114713219,63.859730775,39.983556266,0.000000,39.143750000
103.000000,-0.114989759,63.856954139,39.983714330,0.000000,39.141666667
103.250000,-0.115266287,63.854177492,39.983872397,0.000000,39.139583333
103.500000,-0.115542802,63.851400835,39.984030464,0.000000,39.137500000
103.750000,-0.115819305,63.848624166,39.984188533,0.000000,39.135416667
104.000000,-0.116095796,63.845847486,39.984346604,0.000000,39.133333333
104.250000,-0.116372275,63.843070795,39.984504676,0.000000,39.131250000
104.500000,-0.116648740,63.840294094,39.984662750,0.000000,39.129166667
104.750000,-0.116925194,63.837517381,39.984820826,0.000000,39.127083333
105.000000,-0.117201635,63.834740657,39.984978903,0.000000,39.125000000
105.250000,-0.117478064,63.831963923,39.985136981,0.000000,39.122916667
105.500000,-0.117754480,63.829187177,39.985295061,0.000000,39.120833333
105.750000,-0.118030884,63.826410420,39.985453142,0.000000,39.118750000
106.000000,-0.118307276,63.823633653,39.985611226,0.000000,39.116666667
106.250000,-0.118583655,63.820856874,39.985769310,0.000000,39.114583333
106.500000,-0.118860022,63.818080085,39.985927396,0.000000,39.112500000
106.750000,-0.119136377,63.815303284,39.986085484,0.000000,39.110416667
107.000000,-0.119412719,63.812526473,39.986243573,0.000000,39.108333333
107.250000,-0.119689048,63.809749650,39.986401664,0.000000,39.106250000
107.500000,-0.119965366,63.806972817,39.986559756,0.000000,39.104166667
107.750000,-0.120241671,63.804195972,39.986717850,0.000000,39.102083333
108.000000,-0.120517963,63.801419117,39.986875946,0.000000,39.100000000
108.250000,-0.120794243,63.798642251,39.987034042,0.000000,39.097916667
108.500000,-0.121070511,63.795865373,39.987192141,0.000000,39.095833333
108.750000,-0.121346766,63.793088485,39.987350241,0.000000,39.093750000
109.000000,-0.121623009,63.790311586,39.987508343,0.000000,39.091666667
109.250000,-0.121899240,63.787534675,39.987666446,0.000000,39.089583333
109.500000,-0.122175458,63.784757754,39.987824550,0.000000,39.087500000
109.750000,-0.122451664,63.781980822,39.987982656,0.000000,39.085416667
110.000000,-0.122727858,63.779203879,39.988140764,0.000000,39.083333333
110.250000,-0.123004039,63.776426924,39.988298873,0.000000,39.081250000
110.500000,-0.123280207,63.773649959,39.988456984,0.000000,39.079166667
110.750000,-0.123556364,63.770872983,39.988615097,0.000000,39.077083333
111.000000,-0.123832508,63.768095996,39.988773211,0.000000,39.075000000
111.250000,-0.124108639,63.765318998,39.988931326,0.000000,39.072916667
111.500000,-0.124384759,63.762541988,39.989089443,0.000000,39.070833333
111.750000,-0.124660865,63.759764968,39.989247561,0.000000,39.068750000
112.000000,-0.124936960,63.756987937,39.989405682,0.000000,39.066666667
112.250000,-0.125213042,63.754210895,39.989563803,0.000000,39.064583333
112.500000,-0.125489112,63.751433842,39.989721926,0.000000,39.062500000
112.750000,-0.125765169,63.748656778,39.989880051,0.000000,39.060416667
113.000000,-0.126041214,63.745879703,39.990038177,0.000000,39.058333333
113.250000,-0.126317247,63.743102617,39.990196305,0.000000,39.056250000
113.500000,-0.126593267,63.740325520,39.990354434,0.000000,39.054166667
113.750000,-0.126869275,63.737548412,39.990512565,0.000000,39.052083333
114.000000,-0.127145270,63.734771293,39.990670698,0.000000,39.050000000
114.250000,-0.127421253,63.731994163,39.990828831,0.000000,39.047916667
114.500000,-0.127697224,63.729217023,39.990986967,0.000000,39.045833333
114.750000,-0.127973182,63.726439871,39.991145104,0.000000,39.043750000
115.000000,-0.128249128,63.723662708,39.991303243,0.000000,39.041666667
115.250000,-0.128525062,63.720885534,39.991461383,0.000000,39.039583333
115.500000,-0.128800983,63.718108349,39.991619524,0.000000,39.037500000
115.750000,-0.129076892,63.715331153,39.991777668,0.000000,39.035416667
116.000000,-0.129352789,63.712553947,39.991935812,0.000000,39.033333333
116.250000,-0.129628673,63.709776729,39.992093959,0.000000,39.031250000
116.500000,-0.129904545,63.706999500,39.992252106,0.000000,39.029166667
116.750000,-0.130180404,63.704222260,39.992410256,0.000000,39.027083333
117.000000,-0.130456251,63.701445010,39.992568407,0.000000,39.025000000
117.250000,-0.130732086,63.698667748,39.992726559,0.000000,39.022916667
117.500000,-0.131007908,63.695890475,39.992884713,0.000000,39.020833333
117.750000,-0.131283718,63.693113192,39.993042869,0.000000,39.018750000
118.000000,-0.131559516,63.690335897,39.993201026,0.000000,39.016666667
118.250000,-0.131835301,63.687558591,39.993359184,0.000000,39.014583333
118.500000,-0.132111074,63.684781275,39.993517345,0.000000,39.012500000
118.750000,-0.132386834,63.682003947,39.993675506,0.000000,39.010416667
119.000000,-0.132662582,63.679226609,39.993833669,0.000000,39.008333333
119.250000,-0.132938318,63.676449259,39.993991834,0.000000,39.006250000
119.500000,-0.133214042,63.673671898,39.994150001,0.000000,39.004166667
119.750000,-0.133489753,63.670894527,39.994308168,0.000000,39.002083333
120.000000,-0.133765451,63.668117144,39.994466338,0.000000,39.000000000
120.250000,-0.134041138,63.665339751,39.994624509,0.000000,38.997916667
120.500000,-0.134316812,63.662562346,39.994782681,0.000000,38.995833333
120.750000,-0.134592473,63.659784931,39.994940855,0.000000,38.993750000
121.000000,-0.134868122,63.657007505,39.995099031,0.000000,38.991666667
121.250000,-0.135143759,63.654230067,39.995257208,0.000000,38.989583333
121.500000,-0.135419384,63.651452619,39.995415387,0.000000,38.987500000
121.750000,-0.135694996,63.648675159,39.995573567,0.000000,38.985416667
122.000000,-0.135970596,63.645897689,39.995731749,0.000000,38.983333333
122.250000,-0.136246183,63.643120208,39.995889932,0.000000,38.981250000
122.500000,-0.136521759,63.640342715,39.996048117,0.000000,38.979166667
122.750000,-0.136797321,63.637565212,39.996206303,0.000000,38.977083333
123.000000,-0.137072872,63.634787697,39.996364491,0.000000,38.975000000
123.250000,-0.137348410,63.632010172,39.996522681,0.000000,38.972916667
123.500000,-0.137623936,63.629232636,39.996680872,0.000000,38.970833333
123.750000,-0.137899449,63.626455089,39.996839065,0.000000,38.968750000
124.000000,-0.138174950,63.623677530,39.996997259,0.000000,38.966666667
124.250000,-0.138450439,63.620899961,39.997155454,0.000000,38.964583333
124.500000,-0.138725915,63.618122381,39.997313652,0.000000,38.962500000
124.750000,-0.139001379,63.615344790,39.997471850,0.000000,38.960416667
125.000000,-0.139276831,63.612567187,39.997630051,0.000000,38.958333333
125.250000,-0.139552270,63.609789574,39.997788252,0.000000,38.956250000
125.500000,-0.139827697,63.607011950,39.997946456,0.000000,38.954166667
125.750000,-0.140103111,63.604234315,39.998104661,0.000000,38.952083333
126.000000,-0.140378514,63.601456669,39.998262867,0.000000,38.950000000
126.250000,-0.140653903,63.598679012,39.998421075,0.000000,38.947916667
126.500000,-0.140929281,63.595901343,39.998579285,0.000000,38.945833333
126.750000,-0.141204646,63.593123664,39.998737496,0.000000,38.943750000
127.000000,-0.141479999,63.590345974,39.998895709,0.000000,38.941666667
127.250000,-0.141755339,63.587568273,39.999053923,0.000000,38.939583333
127.500000,-0.142030668,63.584790561,39.999212139,0.000000,38.937500000
127.750000,-0.142305983,63.582012838,39.999370356,0.000000,38.935416667
128.000000,-0.142581287,63.579235104,39.999528575,0.000000,38.933333333
128.250000,-0.142856578,63.576457359,39.999686795,0.000000,38.931250000
128.500000,-0.143131857,63.573679603,39.999845017,0.000000,38.929166667
128.750000,-0.143407123,63.570901836,40.000003240,0.000000,38.927083333
129.000000,-0.143682377,63.568124058,40.000161465,0.000000,38.925000000
129.250000,-0.143957619,63.565346269,40.000319692,0.000000,38.922916667
129.500000,-0.144232848,63.562568469,40.000477920,0.000000,38.920833333
129.750000,-0.144508065,63.559790658,40.000636150,0.000000,38.918750000
130.000000,-0.144783270,63.557012836,40.000794381,0.000000,38.916666667
130.250000,-0.145058463,63.554235003,40.000952614,0.000000,38.914583333
130.500000,-0.145333643,63.551457159,40.001110848,0.000000,38.912500000
130.750000,-0.145608810,63.548679304,40.001269084,0.000000,38.910416667
131.000000,-0.145883966,63.545901438,40.001427321,0.000000,38.908333333
131.250000,-0.146159109,63.543123561,40.001585560,0.000000,38.906250000
131.500000,-0.146434239,63.540345673,40.001743800,0.000000,38.904166667
131.750000,-0.146709358,63.537567775,40.001902042,0.000000,38.902083333
132.000000,-0.146984464,63.534789865,40.002060286,0.000000,38.900000000
132.250000,-0.147259557,63.532011944,40.002218531,0.000000,38.897916667
132.500000,-0.147534639,63.529234012,40.002376778,0.000000,38.895833333
132.750000,-0.147809708,63.526456069,40.002535026,0.000000,38.893750000
133.000000,-0.148084765,63.523678115,40.002693276,0.000000,38.891666667
133.250000,-0.148359809,63.520900151,40.002851527,0.000000,38.889583333
133.500000,-0.148634841,63.518122175,40.003009780,0.000000,38.887500000
133.750000,-0.148909861,63.515344188,40.003168034,0.000000,38.885416667
134.000000,-0.149184868,63.512566190,40.003326290,0.000000,38.883333333
134.250000,-0.149459863,63.509788181,40.003484548,0.000000,38.881250000
134.500000,-0.149734846,63.507010162,40.003642807,0.000000,38.879166667
134.750000,-0.150009816,63.504232131,40.003801067,0.000000,38.877083333
135.000000,-0.150284774,63.501454089,40.003959329,0.000000,38.875000000
135.250000,-0.150559720,63.498676036,40.004117593,0.000000,38.872916667
135.500000,-0.150834653,63.495897973,40.004275858,0.000000,38.870833333
135.750000,-0.151109574,63.493119898,40.004434125,0.000000,38.868750000
136.000000,-0.151384483,63.490341812,40.004592393,0.000000,38.866666667
136.250000,-0.151659379,63.487563716,40.004750663,0.000000,38.864583333
136.500000,-0.151934263,63.484785608,40.004908934,0.000000,38.862500000
136.750000,-0.152209135,63.482007489,40.005067207,0.000000,38.860416667
137.000000,-0.152483994,63.479229360,40.005225482,0.000000,38.858333333
137.250000,-0.152758842,63.476451219,40.005383758,0.000000,38.856250000
137.500000,-0.153033676,63.473673067,40.005542035,0.000000,38.854166667
137.750000,-0.153308499,63.470894905,40.005700314,0.000000,38.852083333
138.000000,-0.153583309,63.468116731,40.005858595,0.000000,38.850000000
138.250000,-0.153858107,63.465338546,40.006016877,0.000000,38.847916667
138.500000,-0.154132892,63.462560351,40.006175161,0.000000,38.845833333
138.750000,-0.154407665,63.459782144,40.006333446,0.000000,38.843750000
139.000000,-0.154682426,63.457003927,40.006491733,0.000000,38.841666667
139.250000,-0.154957175,63.454225698,40.006650021,0.000000,38.839583333
139.500000,-0.155231911,63.451447458,40.006808311,0.000000,38.837500000
139.750000,-0.155506635,63.448669208,40.006966603,0.000000,38.835416667
140.000000,-0.155781346,63.445890946,40.007124896,0.000000,38.833333333
140.250000,-0.156056045,63.443112674,40.007283190,0.000000,38.831250000
140.500000,-0.156330732,63.440334390,40.007441486,0.000000,38.829166667
140.750000,-0.156605407,63.437556096,40.007599784,0.000000,38.827083333
141.000000,-0.156880069,63.434777790,40.007758083,0.000000,38.825000000
141.250000,-0.157154719,63.431999473,40.007916384,0.000000,38.822916667
141.500000,-0.157429357,63.429221146,40.008074686,0.000000,38.820833333
141.750000,-0.157703982,63.426442807,40.008232990,0.000000,38.818750000
142.000000,-0.157978595,63.423664458,40.008391296,0.000000,38.816666667
142.250000,-0.158253196,63.420886097,40.008549602,0.000000,38.814583333
142.500000,-0.158527784,63.418107726,40.008707911,0.000000,38.812500000
142.750000,-0.158802360,63.415329343,40.008866221,0.000000,38.810416667
143.000000,-0.159076924,63.412550950,40.009024533,0.000000,38.808333333
143.250000,-0.159351475,63.409772545,40.009182846,0.000000,38.806250000
143.500000,-0.159626014,63.406994130,40.009341160,0.000000,38.804166667
143.750000,-0.159900541,63.404215703,40.009499477,0.000000,38.802083333
144.000000,-0.160175056,63.401437266,40.009657794,0.000000,38.800000000
144.250000,-0.160449558,63.398658818,40.009816114,0.000000,38.797916667
144.500000,-0.160724048,63.395880358,40.009974435,0.000000,38.795833333
144.750000,-0.160998525,63.393101888,40.010132757,0.000000,38.793750000
145.000000,-0.161272991,63.390323406,40.010291081,0.000000,38.791666667
145.250000,-0.161547444,63.387544914,40.010449406,0.000000,38.789583333
145.500000,-0.161821884,63.384766410,40.010607733,0.000000,38.787500000
145.750000,-0.162096312,63.381987896,40.010766062,0.000000,38.785416667
146.000000,-0.162370729,63.379209371,40.010924392,0.000000,38.783333333
146.250000,-0.162645132,63.376430834,40.011082724,0.000000,38.781250000
146.500000,-0.162919524,63.373652287,40.011241057,0.000000,38.779166667
146.750000,-0.163193903,63.370873728,40.011399392,0.000000,38.777083333
147.000000,-0.163468269,63.368095159,40.011557728,0.000000,38.775000000
147.250000,-0.163742624,63.365316578,40.011716066,0.000000,38.772916667
147.500000,-0.164016966,63.362537987,40.011874406,0.000000,38.770833333
147.750000,-0.164291296,63.359759385,40.012032747,0.000000,38.768750000
148.000000,-0.164565614,63.356980771,40.012191089,0.000000,38.766666667
148.250000,-0.164839919,63.354202147,40.012349433,0.000000,38.764583333
148.500000,-0.165114212,63.351423512,40.012507779,0.000000,38.762500000
148.750000,-0.165388492,63.348644865,40.012666126,0.000000,38.760416667
149.000000,-0.165662761,63.345866208,40.012824475,0.000000,38.758333333
149.250000,-0.165937017,63.343087539,40.012982825,0.000000,38.756250000
149.500000,-0.166211261,63.340308860,40.013141177,0.000000,38.754166667
149.750000,-0.166485492,63.337530170,40.013299530,0.000000,38.752083333
150.000000,-0.166759711,63.334751468,40.013457885,0.000000,38.750000000
150.250000,-0.167033918,63.331972756,40.013616241,0.000000,38.747916667
150.500000,-0.167308113,63.329194033,40.013774599,0.000000,38.745833333
150.750000,-0.167582295,63.326415298,40.013932959,0.000000,38.743750000
151.000000,-0.167856465,63.323636553,40.014091320,0.000000,38.741666667
151.250000,-0.168130623,63.320857797,40.014249683,0.000000,38.739583333
151.500000,-0.168404768,63.318079029,40.014408047,0.000000,38.737500000
151.750000,-0.168678901,63.315300251,40.014566413,0.000000,38.735416667
152.000000,-0.168953022,63.312521462,40.014724780,0.000000,38.733333333
152.250000,-0.169227130,63.309742661,40.014883149,0.000000,38.731250000
152.500000,-0.169501226,63.306963850,40.015041519,0.000000,38.729166667
152.750000,-0.169775310,63.304185028,40.015199891,0.000000,38.727083333
153.000000,-0.170049382,63.301406194,40.015358265,0.000000,38.725000000
153.250000,-0.170323441,63.298627350,40.015516640,0.000000,38.722916667
153.500000,-0.170597488,63.295848495,40.015675016,0.000000,38.720833333
153.750000,-0.170871523,63.293069628,40.015833394,0.000000,38.718750000
154.000000,-0.171145545,63.290290751,40.015991774,0.000000,38.716666667
154.250000,-0.171419556,63.287511863,40.016150155,0.000000,38.714583333
154.500000,-0.171693553,63.284732963,40.016308538,0.000000,38.712500000
154.750000,-0.171967539,63.281954053,40.016466922,0.000000,38.710416667
155.000000,-0.172241512,63.279175132,40.016625308,0.000000,38.708333333
155.250000,-0.172515473,63.276396199,40.016783696,0.000000,38.706250000
155.500000,-0.172789422,63.273617256,40.016942085,0.000000,38.704166667
155.750000,-0.173063358,63.270838302,40.017100475,0.000000,38.702083333
156.000000,-0.173337282,63.268059337,40.017258867,0.000000,38.700000000
156.250000,-0.173611194,63.265280360,40.017417261,0.000000,38.697916667
156.500000,-0.173885094,63.262501373,40.017575656,0.000000,38.695833333
156.750000,-0.174158981,63.259722375,40.017734053,0.000000,38.693750000
157.000000,-0.174432856,63.256943365,40.017892451,0.000000,38.691666667
157.250000,-0.174706719,63.254164345,40.018050851,0.000000,38.689583333
157.500000,-0.174980569,63.251385314,40.018209252,0.000000,38.687500000
157.750000,-0.175254407,63.248606271,40.018367655,0.000000,38.685416667
158.000000,-0.175528233,63.245827218,40.018526060,0.000000,38.683333333
158.250000,-0.175802046,63.243048154,40.018684466,0.000000,38.681250000
158.500000,-0.176075848,63.240269078,40.018842873,0.000000,38.679166667
158.750000,-0.176349637,63.237489992,40.019001282,0.000000,38.677083333
159.000000,-0.176623413,63.234710895,40.019159693,0.000000,38.675000000
159.250000,-0.176897178,63.231931786,40.019318105,0.000000,38.672916667
159.500000,-0.177170930,63.229152667,40.019476519,0.000000,38.670833333
159.750000,-0.177444670,63.226373537,40.019634934,0.000000,38.668750000
160.000000,-0.177718397,63.223594396,40.019793351,0.000000,38.666666667
160.250000,-0.177992113,63.220815243,40.019951770,0.000000,38.664583333
160.500000,-0.178265816,63.218036080,40.020110190,0.000000,38.662500000
160.750000,-0.178539506,63.215256906,40.020268611,0.000000,38.660416667
161.000000,-0.178813185,63.212477720,40.020427034,0.000000,38.658333333
161.250000,-0.179086851,63.209698524,40.020585459,0.000000,38.656250000
161.500000,-0.179360505,63.206919317,40.020743885,0.000000,38.654166667
161.750000,-0.179634146,63.204140098,40.020902313,0.000000,38.652083333
162.000000,-0.179907776,63.201360869,40.021060742,0.000000,38.650000000
162.250000,-0.180181393,63.198581629,40.021219173,0.000000,38.647916667
162.500000,-0.180454998,63.195802377,40.021377605,0.000000,38.645833333
162.750000,-0.180728590,63.193023115,40.021536039,0.000000,38.643750000
163.000000,-0.181002170,63.190243842,40.021694474,0.000000,38.641666667
163.250000,-0.181275738,63.187464557,40.021852911,0.000000,38.639583333
163.500000,-0.181549294,63.184685262,40.022011350,0.000000,38.637500000
163.750000,-0.181822837,63.181905956,40.022169790,0.000000,38.635416667
164.000000,-0.182096369,63.179126638,40.022328232,0.000000,38.633333333
164.250000,-0.182369887,63.176347310,40.022486675,0.000000,38.631250000
164.500000,-0.182643394,63.173567971,40.022645120,0.000000,38.629166667
164.750000,-0.182916888,63.170788620,40.022803566,0.000000,38.627083333
165.000000,-0.183190371,63.168009259,40.022962014,0.000000,38.625000000
165.250000,-0.183463840,63.165229886,40.023120463,0.000000,38.622916667
165.500000,-0.183737298,63.162450503,40.023278914,0.000000,38.620833333
165.750000,-0.184010743,63.159671109,40.023437367,0.000000,38.618750000
166.000000,-0.184284176,63.156891703,40.023595821,0.000000,38.616666667
166.250000,-0.184557597,63.154112287,40.023754277,0.000000,38.614583333
166.500000,-0.184831005,63.151332860,40.023912734,0.000000,38.612500000
166.750000,-0.185104401,63.148553421,40.024071192,0.000000,38.610416667
167.000000,-0.185377785,63.145773972,40.024229653,0.000000,38.608333333
167.250000,-0.185651157,63.142994511,40.024388115,0.000000,38.606250000
167.500000,-0.185924516,63.140215040,40.024546578,0.000000,38.604166667
167.750000,-0.186197864,63.137435558,40.024705043,0.000000,38.602083333
168.000000,-0.186471198,63.134656064,40.024863509,0.000000,38.600000000
168.250000,-0.186744521,63.131876560,40.025021977,0.000000,38.597916667
168.500000,-0.187017831,63.129097044,40.025180447,0.000000,38.595833333
168.750000,-0.187291129,63.126317518,40.025338918,0.000000,38.593750000
169.000000,-0.187564415,63.123537981,40.025497391,0.000000,38.591666667
169.250000,-0.187837689,63.120758432,40.025655865,0.000000,38.589583333
169.500000,-0.188110950,63.117978873,40.025814341,0.000000,38.587500000
169.750000,-0.188384199,63.115199302,40.025972818,0.000000,38.585416667
170.000000,-0.188657436,63.112419721,40.026131297,0.000000,38.583333333
170.250000,-0.188930660,63.109640128,40.026289777,0.000000,38.581250000
170.500000,-0.189203873,63.106860525,40.026448259,0.000000,38.579166667
170.750000,-0.189477073,63.104080910,40.026606743,0.000000,38.577083333
171.000000,-0.189750260,63.101301285,40.026765228,0.000000,38.575000000
171.250000,-0.190023436,63.098521649,40.026923715,0.000000,38.572916667
171.500000,-0.190296599,63.095742001,40.027082203,0.000000,38.570833333
171.750000,-0.190569750,63.092962343,40.027240693,0.000000,38.568750000
172.000000,-0.190842889,63.090182673,40.027399184,0.000000,38.566666667
172.250000,-0.191116015,63.087402993,40.027557677,0.000000,38.564583333
172.500000,-0.191389129,63.084623301,40.027716171,0.000000,38.562500000
172.750000,-0.191662231,63.081843599,40.027874667,0.000000,38.560416667
173.000000,-0.191935321,63.079063885,40.028033165,0.000000,38.558333333
173.250000,-0.192208398,63.076284160,40.028191664,0.000000,38.556250000
173.500000,-0.192481464,63.073504425,40.028350164,0.000000,38.554166667
173.750000,-0.192754517,63.070724678,40.028508666,0.000000,38.552083333
174.000000,-0.193027557,63.067944921,40.028667170,0.000000,38.550000000
174.250000,-0.193300586,63.065165152,40.028825675,0.000000,38.547916667
174.500000,-0.193573602,63.062385373,40.028984182,0.000000,38.545833333
174.750000,-0.193846606,63.059605582,40.029142691,0.000000,38.543750000
175.000000,-0.194119597,63.056825781,40.029301201,0.000000,38.541666667
175.250000,-0.194392577,63.054045968,40.029459712,0.000000,38.539583333
175.500000,-0.194665544,63.051266144,40.029618225,0.000000,38.537500000
175.750000,-0.194938499,63.048486310,40.029776740,0.000000,38.535416667
176.000000,-0.195211442,63.045706464,40.029935256,0.000000,38.533333333
176.250000,-0.195484372,63.042926608,40.030093773,0.000000,38.531250000
176.500000,-0.195757290,63.040146740,40.030252293,0.000000,38.529166667
176.750000,-0.196030196,63.037366861,40.030410813,0.000000,38.527083333
177.000000,-0.196303090,63.034586972,40.030569336,0.000000,38.525000000
177.250000,-0.196575971,63.031807071,40.030727860,0.000000,38.522916667
177.500000,-0.196848840,63.029027159,40.030886385,0.000000,38.520833333
177.750000,-0.197121697,63.026247237,40.031044912,0.000000,38.518750000
178.000000,-0.197394542,63.023467303,40.031203441,0.000000,38.516666667
178.250000,-0.197667375,63.020687358,40.031361971,0.000000,38.514583333
178.500000,-0.197940195,63.017907403,40.031520502,0.000000,38.512500000
178.750000,-0.198213003,63.015127436,40.031679036,0.000000,38.510416667
179.000000,-0.198485798,63.012347458,40.031837570,0.000000,38.508333333
179.250000,-0.198758582,63.009567470,40.031996107,0.000000,38.506250000
179.500000,-0.199031353,63.006787470,40.032154645,0.000000,38.504166667
179.750000,-0.199304112,63.004007459,40.032313184,0.000000,38.502083333
180.000000,-0.199576859,63.001227437,40.032471725,0.000000,38.500000000
180.250000,-0.199849594,62.998447405,40.032630267,0.000000,38.497916667
180.500000,-0.200122316,62.995667361,40.032788812,0.000000,38.495833333
180.750000,-0.200395026,62.992887306,40.032947357,0.000000,38.493750000
181.000000,-0.200667724,62.990107240,40.033105904,0.000000,38.491666667
181.250000,-0.200940409,62.987327163,40.033264453,0.000000,38.489583333
181.500000,-0.201213083,62.984547076,40.033423003,0.000000,38.487500000
181.750000,-0.201485744,62.981766977,40.033581555,0.000000,38.485416667
182.000000,-0.201758393,62.978986867,40.033740109,0.000000,38.483333333
182.250000,-0.202031029,62.976206746,40.033898664,0.000000,38.481250000
182.500000,-0.202303654,62.973426614,40.034057220,0.000000,38.479166667
182.750000,-0.202576266,62.970646471,40.034215778,0.000000,38.477083333
183.000000,-0.202848866,62.967866318,40.034374338,0.000000,38.475000000
183.250000,-0.203121453,62.965086153,40.034532899,0.000000,38.472916667
183.500000,-0.203394029,62.962305977,40.034691462,0.000000,38.470833333
183.750000,-0.203666592,62.959525790,40.034850026,0.000000,38.468750000
184.000000,-0.203939143,62.956745592,40.035008592,0.000000,38.466666667
184.250000,-0.204211682,62.953965383,40.035167159,0.000000,38.464583333
184.500000,-0.204484208,62.951185163,40.035325728,0.000000,38.462500000
184.750000,-0.204756723,62.948404932,40.035484298,0.000000,38.460416667
185.000000,-0.205029225,62.945624690,40.035642870,0.000000,38.458333333
185.250000,-0.205301714,62.942844437,40.035801444,0.000000,38.456250000
185.500000,-0.205574192,62.940064173,40.035960019,0.000000,38.454166667
185.750000,-0.205846657,62.937283898,40.036118596,0.000000,38.452083333
186.000000,-0.206119111,62.934503612,40.036277174,0.000000,38.450000000
186.250000,-0.206391551,62.931723315,40.036435754,0.000000,38.447916667
186.500000,-0.206663980,62.928943007,40.036594335,0.000000,38.445833333
186.750000,-0.206936397,62.926162688,40.036752918,0.000000,38.443750000
187.000000,-0.207208801,62.923382358,40.036911503,0.000000,38.441666667
187.250000,-0.207481193,62.920602017,40.037070089,0.000000,38.439583333
187.500000,-0.207753573,62.917821665,40.037228676,0.000000,38.437500000
187.750000,-0.208025940,62.915041302,40.037387265,0.000000,38.435416667
188.000000,-0.208298296,62.912260928,40.037545856,0.000000,38.433333333
188.250000,-0.208570639,62.909480543,40.037704448,0.000000,38.431250000
188.500000,-0.208842970,62.906700146,40.037863042,0.000000,38.429166667
188.750000,-0.209115288,62.903919739,40.038021638,0.000000,38.427083333
189.000000,-0.209387595,62.901139321,40.038180234,0.000000,38.425000000
189.250000,-0.209659889,62.898358892,40.038338833,0.000000,38.422916667
189.500000,-0.209932171,62.895578452,40.038497433,0.000000,38.420833333
189.750000,-0.210204441,62.892798000,40.038656034,0.000000,38.418750000
190.000000,-0.210476698,62.890017538,40.038814638,0.000000,38.416666667
190.250000,-0.210748943,62.887237065,40.038973242,0.000000,38.414583333
190.500000,-0.211021177,62.884456581,40.039131848,0.000000,38.412500000
190.750000,-0.211293397,62.881676085,40.039290456,0.000000,38.410416667
191.000000,-0.211565606,62.878895579,40.039449066,0.000000,38.408333333
191.250000,-0.211837803,62.876115062,40.039607676,0.000000,38.406250000
191.500000,-0.212109987,62.873334534,40.039766289,0.000000,38.404166667
191.750000,-0.212382159,62.870553994,40.039924903,0.000000,38.402083333
192.000000,-0.212654319,62.867773444,40.040083518,0.000000,38.400000000
192.250000,-0.212926466,62.864992883,40.040242136,0.000000,38.397916667
192.500000,-0.213198602,62.862212310,40.040400754,0.000000,38.395833333
192.750000,-0.213470725,62.859431727,40.040559374,0.000000,38.393750000
193.000000,-0.213742836,62.856651132,40.040717996,0.000000,38.391666667
193.250000,-0.214014935,62.853870527,40.040876620,0.000000,38.389583333
193.500000,-0.214287021,62.851089911,40.041035244,0.000000,38.387500000
193.750000,-0.214559095,62.848309283,40.041193871,0.000000,38.385416667
194.000000,-0.214831157,62.845528645,40.041352499,0.000000,38.383333333
194.250000,-0.215103207,62.842747995,40.041511128,0.000000,38.381250000
194.500000,-0.215375245,62.839967335,40.041669760,0.000000,38.379166667
194.750000,-0.215647270,62.837186663,40.041828392,0.000000,38.377083333
195.000000,-0.215919284,62.834405981,40.041987026,0.000000,38.375000000
195.250000,-0.216191285,62.831625287,40.042145662,0.000000,38.372916667
195.500000,-0.216463274,62.828844583,40.042304300,0.000000,38.370833333
195.750000,-0.216735250,62.826063867,40.042462938,0.000000,38.368750000
196.000000,-0.217007215,62.823283140,40.042621579,0.000000,38.366666667
196.250000,-0.217279167,62.820502403,40.042780221,0.000000,38.364583333
196.500000,-0.217551107,62.817721654,40.042938864,0.000000,38.362500000
196.750000,-0.217823035,62.814940894,40.043097510,0.000000,38.360416667
197.000000,-0.218094950,62.812160124,40.043256156,0.000000,38.358333333
197.250000,-0.218366853,62.809379342,40.043414804,0.000000,38.356250000
197.500000,-0.218638745,62.806598549,40.043573454,0.000000,38.354166667
197.750000,-0.218910624,62.803817746,40.043732106,0.000000,38.352083333
198.000000,-0.219182490,62.801036931,40.043890758,0.000000,38.350000000
198.250000,-0.219454345,62.798256105,40.044049413,0.000000,38.347916667
198.500000,-0.219726187,62.795475268,40.044208069,0.000000,38.345833333
198.750000,-0.219998017,62.792694421,40.044366726,0.000000,38.343750000
199.000000,-0.220269835,62.789913562,40.044525386,0.000000,38.341666667
199.250000,-0.220541641,62.787132692,40.044684046,0.000000,38.339583333
199.500000,-0.220813435,62.784351811,40.044842708,0.000000,38.337500000
199.750000,-0.221085216,62.781570919,40.045001372,0.000000,38.335416667
200.000000,-0.221356985,62.778790017,40.045160038,0.000000,38.333333333
200.250000,-0.221628742,62.776009103,40.045318704,0.000000,38.331250000
200.500000,-0.221900487,62.773228178,40.045477373,0.000000,38.329166667
200.750000,-0.222172219,62.770447242,40.045636043,0.000000,38.327083333
201.000000,-0.222443940,62.767666295,40.045794714,0.000000,38.325000000
201.250000,-0.222715648,62.764885337,40.045953388,0.000000,38.322916667
201.500000,-0.222987344,62.762104368,40.046112062,0.000000,38.320833333
201.750000,-0.223259027,62.759323388,40.046270738,0.000000,38.318750000
202.000000,-0.223530699,62.756542397,40.046429416,0.000000,38.316666667
202.250000,-0.223802358,62.753761395,40.046588096,0.000000,38.314583333
202.500000,-0.224074005,62.750980382,40.046746776,0.000000,38.312500000
202.750000,-0.224345640,62.748199358,40.046905459,0.000000,38.310416667
203.000000,-0.224617263,62.745418323,40.047064143,0.000000,38.308333333
203.250000,-0.224888874,62.742637276,40.047222828,0.000000,38.306250000
203.500000,-0.225160472,62.739856219,40.047381516,0.000000,38.304166667
203.750000,-0.225432058,62.737075151,40.047540204,0.000000,38.302083333
204.000000,-0.225703632,62.734294072,40.047698895,0.000000,38.300000000
204.250000,-0.225975194,62.731512982,40.047857586,0.000000,38.297916667
204.500000,-0.226246744,62.728731881,40.048016280,0.000000,38.295833333
204.750000,-0.226518281,62.725950768,40.048174975,0.000000,38.293750000
205.000000,-0.226789806,62.723169645,40.048333671,0.000000,38.291666667
205.250000,-0.227061319,62.720388511,40.048492369,0.000000,38.289583333
205.500000,-0.227332820,62.717607365,40.048651069,0.000000,38.287500000
205.750000,-0.227604309,62.714826209,40.048809770,0.000000,38.285416667
206.000000,-0.227875785,62.712045042,40.048968472,0.000000,38.283333333
206.250000,-0.228147250,62.709263863,40.049127177,0.000000,38.281250000
206.500000,-0.228418702,62.706482674,40.049285882,0.000000,38.279166667
206.750000,-0.228690141,62.703701474,40.049444590,0.000000,38.277083333
207.000000,-0.228961569,62.700920262,40.049603299,0.000000,38.275000000
207.250000,-0.229232985,62.698139040,40.049762009,0.000000,38.272916667
207.500000,-0.229504388,62.695357806,40.049920721,0.000000,38.270833333
207.750000,-0.229775779,62.692576562,40.050079435,0.000000,38.268750000
208.000000,-0.230047158,62.689795306,40.050238150,0.000000,38.266666667
208.250000,-0.230318525,62.687014040,40.050396867,0.000000,38.264583333
208.500000,-0.230589880,62.684232762,40.050555585,0.000000,38.262500000
208.750000,-0.230861222,62.681451474,40.050714305,0.000000,38.260416667
209.000000,-0.231132552,62.678670174,40.050873026,0.000000,38.258333333
209.250000,-0.231403870,62.675888863,40.051031749,0.000000,38.256250000
209.500000,-0.231675176,62.673107542,40.051190474,0.000000,38.254166667
209.750000,-0.231946470,62.670326209,40.051349200,0.000000,38.252083333
210.000000,-0.232217751,62.667544865,40.051507927,0.000000,38.250000000
210.250000,-0.232489021,62.664763511,40.051666656,0.000000,38.247916667
210.500000,-0.232760278,62.661982145,40.051825387,0.000000,38.245833333
210.750000,-0.233031523,62.659200768,40.051984120,0.000000,38.243750000
211.000000,-0.233302755,62.656419380,40.052142853,0.000000,38.241666667
211.250000,-0.233573976,62.653637982,40.052301589,0.000000,38.239583333
211.500000,-0.233845184,62.650856572,40.052460326,0.000000,38.237500000
211.750000,-0.234116381,62.648075151,40.052619064,0.000000,38.235416667
212.000000,-0.234387565,62.645293719,40.052777804,0.000000,38.233333333
212.250000,-0.234658737,62.642512276,40.052936546,0.000000,38.231250000
212.500000,-0.234929896,62.639730822,40.053095289,0.000000,38.229166667
212.750000,-0.235201044,62.636949357,40.053254034,0.000000,38.227083333
213.000000,-0.235472179,62.634167881,40.053412780,0.000000,38.225000000
213.250000,-0.235743302,62.631386394,40.053571528,0.000000,38.222916667
213.500000,-0.236014414,62.628604896,40.053730277,0.000000,38.220833333
213.750000,-0.236285512,62.625823387,40.053889028,0.000000,38.218750000
214.000000,-0.236556599,62.623041867,40.054047781,0.000000,38.216666667
214.250000,-0.236827674,62.620260336,40.054206535,0.000000,38.214583333
214.500000,-0.237098736,62.617478794,40.054365291,0.000000,38.212500000
214.750000,-0.237369786,62.614697241,40.054524048,0.000000,38.210416667
215.000000,-0.237640824,62.611915677,40.054682807,0.000000,38.208333333
215.250000,-0.237911850,62.609134101,40.054841567,0.000000,38.206250000
215.500000,-0.238182863,62.606352515,40.055000329,0.000000,38.204166667
215.750000,-0.238453865,62.603570918,40.055159092,0.000000,38.202083333
216.000000,-0.238724854,62.600789310,40.055317857,0.000000,38.200000000
216.250000,-0.238995831,62.598007690,40.055476624,0.000000,38.197916667
216.500000,-0.239266796,62.595226060,40.055635392,0.000000,38.195833333
216.750000,-0.239537749,62.592444419,40.055794162,0.000000,38.193750000
217.000000,-0.239808690,62.589662766,40.055952933,0.000000,38.191666667
217.250000,-0.240079618,62.586881103,40.056111706,0.000000,38.189583333
217.500000,-0.240350534,62.584099428,40.056270480,0.000000,38.187500000
217.750000,-0.240621439,62.581317743,40.056429256,0.000000,38.185416667
218.000000,-0.240892331,62.578536047,40.056588034,0.000000,38.183333333
218.250000,-0.241163210,62.575754339,40.056746813,0.000000,38.181250000
218.500000,-0.241434078,62.572972620,40.056905593,0.000000,38.179166667
218.750000,-0.241704933,62.570190891,40.057064375,0.000000,38.177083333
219.000000,-0.241975777,62.567409150,40.057223159,0.000000,38.175000000
219.250000,-0.242246608,62.564627399,40.057381944,0.000000,38.172916667
219.500000,-0.242517427,62.561845636,40.057540731,0.000000,38.170833333
219.750000,-0.242788234,62.559063862,40.057699520,0.000000,38.168750000
220.000000,-0.243059028,62.556282078,40.057858310,0.000000,38.166666667
220.250000,-0.243329811,62.553500282,40.058017101,0.000000,38.164583333
220.500000,-0.243600581,62.550718475,40.058175894,0.000000,38.162500000
220.750000,-0.243871339,62.547936658,40.058334689,0.000000,38.160416667
221.000000,-0.244142085,62.545154829,40.058493485,0.000000,38.158333333
221.250000,-0.244412819,62.542372989,40.058652283,0.000000,38.156250000
221.500000,-0.244683541,62.539591138,40.058811082,0.000000,38.154166667
221.750000,-0.244954250,62.536809276,40.058969883,0.000000,38.152083333
222.000000,-0.245224948,62.534027403,40.059128685,0.000000,38.150000000
222.250000,-0.245495633,62.531245519,40.059287489,0.000000,38.147916667
222.500000,-0.245766306,62.528463624,40.059446295,0.000000,38.145833333
222.750000,-0.246036967,62.525681718,40.059605102,0.000000,38.143750000
223.000000,-0.246307616,62.522899801,40.059763911,0.000000,38.141666667
223.250000,-0.246578252,62.520117873,40.059922721,0.000000,38.139583333
223.500000,-0.246848877,62.517335934,40.060081533,0.000000,38.137500000
223.750000,-0.247119489,62.514553984,40.060240346,0.000000,38.135416667
224.000000,-0.247390089,62.511772023,40.060399161,0.000000,38.133333333
224.250000,-0.247660677,62.508990051,40.060557977,0.000000,38.131250000
224.500000,-0.247931253,62.506208068,40.060716795,0.000000,38.129166667
224.750000,-0.248201817,62.503426073,40.060875615,0.000000,38.127083333
225.000000,-0.248472368,62.500644068,40.061034436,0.000000,38.125000000
225.250000,-0.248742908,62.497862052,40.061193259,0.000000,38.122916667
225.500000,-0.249013435,62.495080025,40.061352083,0.000000,38.120833333
225.750000,-0.249283950,62.492297986,40.061510909,0.000000,38.118750000
226.000000,-0.249554453,62.489515937,40.061669736,0.000000,38.116666667
226.250000,-0.249824944,62.486733876,40.061828565,0.000000,38.114583333
226.500000,-0.250095422,62.483951805,40.061987396,0.000000,38.112500000
226.750000,-0.250365889,62.481169723,40.062146228,0.000000,38.110416667
227.000000,-0.250636343,62.478387629,40.062305062,0.000000,38.108333333
227.250000,-0.250906785,62.475605525,40.062463897,0.000000,38.106250000
227.500000,-0.251177215,62.472823409,40.062622734,0.000000,38.104166667
227.750000,-0.251447633,62.470041282,40.062781572,0.000000,38.102083333
228.000000,-0.251718039,62.467259145,40.062940412,0.000000,38.100000000
228.250000,-0.251988432,62.464476996,40.063099253,0.000000,38.097916667
228.500000,-0.252258814,62.461694837,40.063258096,0.000000,38.095833333
228.750000,-0.252529183,62.458912666,40.063416941,0.000000,38.093750000
229.000000,-0.252799540,62.456130484,40.063575787,0.000000,38.091666667
229.250000,-0.253069885,62.453348291,40.063734635,0.000000,38.089583333
229.500000,-0.253340218,62.450566088,40.063893484,0.000000,38.087500000
229.750000,-0.253610539,62.447783873,40.064052335,0.000000,38.085416667
230.000000,-0.253880848,62.445001647,40.064211187,0.000000,38.083333333
230.250000,-0.254151144,62.442219410,40.064370041,0.000000,38.081250000
230.500000,-0.254421428,62.439437162,40.064528896,0.000000,38.079166667
230.750000,-0.254691701,62.436654903,40.064687753,0.000000,38.077083333
231.000000,-0.254961961,62.433872633,40.064846612,0.000000,38.075000000
231.250000,-0.255232209,62.431090352,40.065005472,0.000000,38.072916667
231.500000,-0.255502444,62.428308060,40.065164334,0.000000,38.070833333
231.750000,-0.255772668,62.425525757,40.065323197,0.000000,38.068750000
232.000000,-0.256042879,62.422743443,40.065482062,0.000000,38.066666667
232.250000,-0.256313079,62.419961118,40.065640928,0.000000,38.064583333
232.500000,-0.256583266,62.417178782,40.065799796,0.000000,38.062500000
232.750000,-0.256853441,62.414396434,40.065958666,0.000000,38.060416667
233.000000,-0.257123604,62.411614076,40.066117537,0.000000,38.058333333
233.250000,-0.257393755,62.408831707,40.066276410,0.000000,38.056250000
233.500000,-0.257663893,62.406049327,40.066435284,0.000000,38.054166667
233.750000,-0.257934020,62.403266935,40.066594160,0.000000,38.052083333
234.000000,-0.258204134,62.400484533,40.066753037,0.000000,38.050000000
234.250000,-0.258474237,62.397702119,40.066911916,0.000000,38.047916667
234.500000,-0.258744327,62.394919695,40.067070796,0.000000,38.045833333
234.750000,-0.259014405,62.392137259,40.067229678,0.000000,38.043750000
235.000000,-0.259284470,62.389354813,40.067388562,0.000000,38.041666667
235.250000,-0.259554524,62.386572355,40.067547447,0.000000,38.039583333
235.500000,-0.259824566,62.383789887,40.067706334,0.000000,38.037500000
235.750000,-0.260094595,62.381007407,40.067865222,0.000000,38.035416667
236.000000,-0.260364613,62.378224917,40.068024112,0.000000,38.033333333
236.250000,-0.260634618,62.375442415,40.068183003,0.000000,38.031250000
236.500000,-0.260904611,62.372659902,40.068341896,0.000000,38.029166667
236.750000,-0.261174592,62.369877378,40.068500791,0.000000,38.027083333
237.000000,-0.261444561,62.367094844,40.068659687,0.000000,38.025000000
237.250000,-0.261714517,62.364312298,40.068818585,0.000000,38.022916667
237.500000,-0.261984462,62.361529741,40.068977484,0.000000,38.020833333
237.750000,-0.262254394,62.358747173,40.069136385,0.000000,38.018750000
238.000000,-0.262524315,62.355964594,40.069295287,0.000000,38.016666667
238.250000,-0.262794223,62.353182004,40.069454191,0.000000,38.014583333
238.500000,-0.263064119,62.350399403,40.069613096,0.000000,38.012500000
238.750000,-0.263334003,62.347616791,40.069772003,0.000000,38.010416667
239.000000,-0.263603875,62.344834168,40.069930912,0.000000,38.008333333
239.250000,-0.263873734,62.342051534,40.070089822,0.000000,38.006250000
239.500000,-0.264143582,62.339268889,40.070248734,0.000000,38.004166667
239.750000,-0.264413417,62.336486233,40.070407647,0.000000,38.002083333
240.000000,-0.264683241,62.333703566,58.901363947,0.000000,38.000000000
240.250000,-0.265023992,62.329613193,58.901709618,0.000000,37.995833333
240.500000,-0.265364724,62.325522797,58.902055294,0.000000,37.991666667
240.750000,-0.265705434,62.321432376,58.902400975,0.000000,37.987500000
241.000000,-0.266046125,62.317341932,58.902746662,0.000000,37.983333333
241.250000,-0.266386794,62.313251463,58.903092354,0.000000,37.979166667
241.500000,-0.266727444,62.309160971,58.903438051,0.000000,37.975000000
241.750000,-0.267068072,62.305070454,58.903783754,0.000000,37.970833333
242.000000,-0.267408681,62.300979914,58.904129462,0.000000,37.966666667
242.250000,-0.267749268,62.296889349,58.904475175,0.000000,37.962500000
242.500000,-0.268089836,62.292798760,58.904820893,0.000000,37.958333333
242.750000,-0.268430382,62.288708148,58.905166616,0.000000,37.954166667
243.000000,-0.268770909,62.284617511,58.905512345,0.000000,37.950000000
243.250000,-0.269111415,62.280526851,58.905858079,0.000000,37.945833333
243.500000,-0.269451900,62.276436166,58.906203818,0.000000,37.941666667
243.750000,-0.269792365,62.272345458,58.906549563,0.000000,37.937500000
244.000000,-0.270132809,62.268254725,58.906895312,0.000000,37.933333333
244.250000,-0.270473233,62.264163968,58.907241067,0.000000,37.929166667
244.500000,-0.270813637,62.260073188,58.907586827,0.000000,37.925000000
244.750000,-0.271154019,62.255982383,58.907932593,0.000000,37.920833333
245.000000,-0.271494382,62.251891554,58.908278363,0.000000,37.916666667
245.250000,-0.271834724,62.247800702,58.908624139,0.000000,37.912500000
245.500000,-0.272175045,62.243709825,58.908969920,0.000000,37.908333333
245.750000,-0.272515347,62.239618924,58.909315707,0.000000,37.904166667
246.000000,-0.272855627,62.235528000,58.909661498,0.000000,37.900000000
246.250000,-0.273195887,62.231437051,58.910007295,0.000000,37.895833333
246.500000,-0.273536127,62.227346078,58.910353097,0.000000,37.891666667
246.750000,-0.273876346,62.223255081,58.910698905,0.000000,37.887500000
247.000000,-0.274216545,62.219164061,58.911044717,0.000000,37.883333333
247.250000,-0.274556723,62.215073016,58.911390535,0.000000,37.879166667
247.500000,-0.274896881,62.210981947,58.911736358,0.000000,37.875000000
247.750000,-0.275237018,62.206890854,58.912082187,0.000000,37.870833333
248.000000,-0.275577135,62.202799738,58.912428020,0.000000,37.866666667
248.250000,-0.275917231,62.198708597,58.912773859,0.000000,37.862500000
248.500000,-0.276257307,62.194617432,58.913119703,0.000000,37.858333333
248.750000,-0.276597362,62.190526243,58.913465552,0.000000,37.854166667
249.000000,-0.276937397,62.186435030,58.913811407,0.000000,37.850000000
249.250000,-0.277277412,62.182343793,58.914157267,0.000000,37.845833333
249.500000,-0.277617406,62.178252532,58.914503132,0.000000,37.841666667
249.750000,-0.277957379,62.174161247,58.914849002,0.000000,37.837500000
250.000000,-0.278297333,62.170069938,58.915194878,0.000000,37.833333333
250.250000,-0.278637265,62.165978605,58.915540759,0.000000,37.829166667
250.500000,-0.278977178,62.161887248,58.915886645,0.000000,37.825000000
250.750000,-0.279317069,62.157795867,58.916232536,0.000000,37.820833333
251.000000,-0.279656941,62.153704462,58.916578432,0.000000,37.816666667
251.250000,-0.279996791,62.149613033,58.916924334,0.000000,37.812500000
251.500000,-0.280336622,62.145521580,58.917270241,0.000000,37.808333333
251.750000,-0.280676432,62.141430103,58.917616154,0.000000,37.804166667
252.000000,-0.281016221,62.137338602,58.917962071,0.000000,37.800000000
252.250000,-0.281355990,62.133247077,58.918307994,0.000000,37.795833333
252.500000,-0.281695739,62.129155528,58.918653922,0.000000,37.791666667
252.750000,-0.282035467,62.125063954,58.918999855,0.000000,37.787500000
253.000000,-0.282375175,62.120972357,58.919345794,0.000000,37.783333333
253.250000,-0.282714862,62.116880736,58.919691738,0.000000,37.779166667
253.500000,-0.283054529,62.112789091,58.920037687,0.000000,37.775000000
253.750000,-0.283394175,62.108697421,58.920383641,0.000000,37.770833333
254.000000,-0.283733801,62.104605728,58.920729600,0.000000,37.766666667
254.250000,-0.284073407,62.100514011,58.921075565,0.000000,37.762500000
254.500000,-0.284412992,62.096422269,58.921421535,0.000000,37.758333333
254.750000,-0.284752556,62.092330504,58.921767511,0.000000,37.754166667
255.000000,-0.285092101,62.088238715,58.922113491,0.000000,37.750000000
255.250000,-0.285431624,62.084146901,58.922459477,0.000000,37.745833333
255.500000,-0.285771128,62.080055064,58.922805468,0.000000,37.741666667
255.750000,-0.286110611,62.075963202,58.923151464,0.000000,37.737500000
256.000000,-0.286450073,62.071871317,58.923497466,0.000000,37.733333333
256.250000,-0.286789515,62.067779407,58.923843473,0.000000,37.729166667
256.500000,-0.287128937,62.063687474,58.924189485,0.000000,37.725000000
256.750000,-0.287468338,62.059595516,58.924535502,0.000000,37.720833333
257.000000,-0.287807718,62.055503534,58.924881525,0.000000,37.716666667
257.250000,-0.288147079,62.051411529,58.925227552,0.000000,37.712500000
257.500000,-0.288486419,62.047319499,58.925573585,0.000000,37.708333333
257.750000,-0.288825738,62.043227445,58.925919624,0.000000,37.704166667
258.000000,-0.289165037,62.039135368,58.926265667,0.000000,37.700000000
258.250000,-0.289504316,62.035043266,58.926611716,0.000000,37.695833333
258.500000,-0.289843574,62.030951140,58.926957770,0.000000,37.691666667
258.750000,-0.290182812,62.026858990,58.927303830,0.000000,37.687500000
259.000000,-0.290522029,62.022766816,58.927649894,0.000000,37.683333333
259.250000,-0.290861226,62.018674618,58.927995964,0.000000,37.679166667
259.500000,-0.291200402,62.014582396,58.928342039,0.000000,37.675000000
259.750000,-0.291539558,62.010490150,58.928688119,0.000000,37.670833333
260.000000,-0.291878694,62.006397880,58.929034205,0.000000,37.666666667
260.250000,-0.292217809,62.002305586,58.929380296,0.000000,37.662500000
260.500000,-0.292556904,61.998213268,58.929726392,0.000000,37.658333333
260.750000,-0.292895978,61.994120926,58.930072493,0.000000,37.654166667
261.000000,-0.293235032,61.990028560,58.930418600,0.000000,37.650000000
261.250000,-0.293574066,61.985936170,58.930764712,0.000000,37.645833333
261.500000,-0.293913079,61.981843756,58.931110829,0.000000,37.641666667
261.750000,-0.294252072,61.977751317,58.931456951,0.000000,37.637500000
262.000000,-0.294591044,61.973658855,58.931803079,0.000000,37.633333333
262.250000,-0.294929996,61.969566369,58.932149212,0.000000,37.629166667
262.500000,-0.295268928,61.965473858,58.932495350,0.000000,37.625000000
262.750000,-0.295607839,61.961381324,58.932841493,0.000000,37.620833333
263.000000,-0.295946729,61.957288766,58.933187642,0.000000,37.616666667
263.250000,-0.296285600,61.953196183,58.933533796,0.000000,37.612500000
263.500000,-0.296624450,61.949103577,58.933879955,0.000000,37.608333333
263.750000,-0.296963279,61.945010946,58.934226120,0.000000,37.604166667
264.000000,-0.297302088,61.940918291,58.934572289,0.000000,37.600000000
264.250000,-0.297640877,61.936825613,58.934918464,0.000000,37.595833333
264.500000,-0.297979645,61.932732910,58.935264645,0.000000,37.591666667
264.750000,-0.298318393,61.928640183,58.935610830,0.000000,37.587500000
265.000000,-0.298657121,61.924547433,58.935957021,0.000000,37.583333333
265.250000,-0.298995828,61.920454658,58.936303217,0.000000,37.579166667
265.500000,-0.299334514,61.916361859,58.936649418,0.000000,37.575000000
265.750000,-0.299673181,61.912269036,58.936995624,0.000000,37.570833333
266.000000,-0.300011827,61.908176189,58.937341836,0.000000,37.566666667
266.250000,-0.300350452,61.904083318,58.937688053,0.000000,37.562500000
266.500000,-0.300689057,61.899990423,58.938034276,0.000000,37.558333333
266.750000,-0.301027642,61.895897504,58.938380503,0.000000,37.554166667
267.000000,-0.301366206,61.891804561,58.938726736,0.000000,37.550000000
267.250000,-0.301704750,61.887711594,58.939072974,0.000000,37.545833333
267.500000,-0.302043274,61.883618603,58.939419217,0.000000,37.541666667
267.750000,-0.302381777,61.879525588,58.939765466,0.000000,37.537500000
268.000000,-0.302720260,61.875432548,58.940111720,0.000000,37.533333333
268.250000,-0.303058722,61.871339485,58.940457979,0.000000,37.529166667
268.500000,-0.303397164,61.867246398,58.940804243,0.000000,37.525000000
268.750000,-0.303735586,61.863153286,58.941150513,0.000000,37.520833333
269.000000,-0.304073987,61.859060151,58.941496788,0.000000,37.516666667
269.250000,-0.304412368,61.854966991,58.941843068,0.000000,37.512500000
269.500000,-0.304750729,61.850873808,58.942189353,0.000000,37.508333333
269.750000,-0.305089069,61.846780600,58.942535644,0.000000,37.504166667
270.000000,-0.305427388,61.842687369,58.942881940,0.000000,37.500000000
270.250000,-0.305765688,61.838594113,58.943228241,0.000000,37.495833333
270.500000,-0.306103967,61.834500833,58.943574548,0.000000,37.491666667
270.750000,-0.306442225,61.830407529,58.943920859,0.000000,37.487500000
271.000000,-0.306780464,61.826314202,58.944267176,0.000000,37.483333333
271.250000,-0.307118681,61.822220850,58.944613498,0.000000,37.479166667
271.500000,-0.307456879,61.818127474,58.944959826,0.000000,37.475000000
271.750000,-0.307795056,61.814034074,58.945306159,0.000000,37.470833333
272.000000,-0.308133213,61.809940650,75.166846495,6.000000,37.466666667
272.250000,-0.304848457,61.804720730,75.167154687,6.000000,37.462500000
272.500000,-0.301563884,61.799500788,75.167462893,6.000000,37.458333333
272.750000,-0.298279496,61.794280826,75.167771113,6.000000,37.454166667
273.000000,-0.294995290,61.789060842,75.168079348,6.000000,37.450000000
273.250000,-0.291711269,61.783840836,75.168387597,6.000000,37.445833333
273.500000,-0.288427431,61.778620809,75.168695860,6.000000,37.441666667
273.750000,-0.285143776,61.773400761,75.169004138,6.000000,37.437500000
274.000000,-0.281860305,61.768180691,75.169312430,6.000000,37.433333333
274.250000,-0.278577018,61.762960600,75.169620736,6.000000,37.429166667
274.500000,-0.275293914,61.757740487,75.169929057,6.000000,37.425000000
274.750000,-0.272010993,61.752520354,75.170237392,6.000000,37.420833333
275.000000,-0.268728256,61.747300198,75.170545741,6.000000,37.416666667
275.250000,-0.265445703,61.742080021,75.170854105,6.000000,37.412500000
275.500000,-0.262163333,61.736859823,75.171162483,6.000000,37.408333333
275.750000,-0.258881146,61.731639604,75.171470876,6.000000,37.404166667
276.000000,-0.255599143,61.726419363,75.171779282,6.000000,37.400000000
276.250000,-0.252317323,61.721199100,75.172087703,6.000000,37.395833333
276.500000,-0.249035687,61.715978816,75.172396139,6.000000,37.391666667
276.750000,-0.245754234,61.710758511,75.172704588,6.000000,37.387500000
277.000000,-0.242472965,61.705538184,75.173013053,6.000000,37.383333333
277.250000,-0.239191879,61.700317836,75.173321531,6.000000,37.379166667
277.500000,-0.235910977,61.695097467,75.173630024,6.000000,37.375000000
277.750000,-0.232630258,61.689877076,75.173938531,6.000000,37.370833333
278.000000,-0.229349722,61.684656663,75.174247052,6.000000,37.366666667
278.250000,-0.226069369,61.679436229,75.174555588,6.000000,37.362500000
278.500000,-0.222789200,61.674215774,75.174864138,6.000000,37.358333333
278.750000,-0.219509215,61.668995297,75.175172702,6.000000,37.354166667
279.000000,-0.216229413,61.663774799,75.175481281,6.000000,37.350000000
279.250000,-0.212949794,61.658554280,75.175789874,6.000000,37.345833333
279.500000,-0.209670358,61.653333739,75.176098481,6.000000,37.341666667
279.750000,-0.206391106,61.648113176,75.176407103,6.000000,37.337500000
280.000000,-0.203112037,61.642892593,75.176715739,6.000000,37.333333333
280.250000,-0.199833151,61.637671987,75.177024390,6.000000,37.329166667
280.500000,-0.196554448,61.632451361,75.177333054,6.000000,37.325000000
280.750000,-0.193275929,61.627230713,75.177641733,6.000000,37.320833333
281.000000,-0.189997593,61.622010043,75.177950427,6.000000,37.316666667
281.250000,-0.186719441,61.616789352,75.178259135,6.000000,37.312500000
281.500000,-0.183441471,61.611568639,75.178567857,6.000000,37.308333333
281.750000,-0.180163685,61.606347906,75.178876593,6.000000,37.304166667
282.000000,-0.176886082,61.601127150,75.179185344,6.000000,37.300000000
282.250000,-0.173608663,61.595906374,75.179494109,6.000000,37.295833333
282.500000,-0.170331426,61.590685575,75.179802888,6.000000,37.291666667
282.750000,-0.167054373,61.585464756,75.180111682,6.000000,37.287500000
283.000000,-0.163777503,61.580243915,75.180420490,6.000000,37.283333333
283.250000,-0.160500816,61.575023052,75.180729312,6.000000,37.279166667
283.500000,-0.157224312,61.569802168,75.181038149,6.000000,37.275000000
283.750000,-0.153947992,61.564581263,75.181347000,6.000000,37.270833333
284.000000,-0.150671854,61.559360336,75.181655865,6.000000,37.266666667
284.250000,-0.147395900,61.554139387,75.181964745,6.000000,37.262500000
284.500000,-0.144120129,61.548918418,75.182273639,6.000000,37.258333333
284.750000,-0.140844541,61.543697426,75.182582548,6.000000,37.254166667
285.000000,-0.137569136,61.538476414,75.182891470,6.000000,37.250000000
285.250000,-0.134293914,61.533255380,75.183200407,6.000000,37.245833333
285.500000,-0.131018876,61.528034324,75.183509359,6.000000,37.241666667
285.750000,-0.127744020,61.522813247,75.183818324,6.000000,37.237500000
286.000000,-0.124469348,61.517592149,75.184127304,6.000000,37.233333333
286.250000,-0.121194858,61.512371029,75.184436299,6.000000,37.229166667
286.500000,-0.117920552,61.507149887,75.184745308,6.000000,37.225000000
286.750000,-0.114646429,61.501928724,75.185054331,6.000000,37.220833333
287.000000,-0.111372488,61.496707540,75.185363368,6.000000,37.216666667
287.250000,-0.108098731,61.491486334,75.185672420,6.000000,37.212500000
287.500000,-0.104825157,61.486265107,75.185981486,6.000000,37.208333333
287.750000,-0.101551766,61.481043858,75.186290566,6.000000,37.204166667
288.000000,-0.098278557,61.475822588,75.186599661,6.000000,37.200000000
288.250000,-0.095005532,61.470601296,75.186908770,6.000000,37.195833333
288.500000,-0.091732690,61.465379983,75.187217893,6.000000,37.191666667
288.750000,-0.088460031,61.460158649,75.187527031,6.000000,37.187500000
289.000000,-0.085187554,61.454937293,75.187836183,6.000000,37.183333333
289.250000,-0.081915261,61.449715915,75.188145349,6.000000,37.179166667
289.500000,-0.078643151,61.444494516,75.188454530,6.000000,37.175000000
289.750000,-0.075371223,61.439273096,75.188763725,6.000000,37.170833333
290.000000,-0.072099479,61.434051654,75.189072934,6.000000,37.166666667
290.250000,-0.068827917,61.428830190,75.189382158,6.000000,37.162500000
290.500000,-0.065556538,61.423608706,75.189691396,6.000000,37.158333333
290.750000,-0.062285343,61.418387199,75.190000648,6.000000,37.154166667
291.000000,-0.059014330,61.413165671,75.190309915,6.000000,37.150000000
291.250000,-0.055743500,61.407944122,75.190619196,6.000000,37.145833333
291.500000,-0.052472852,61.402722551,75.190928491,6.000000,37.141666667
291.750000,-0.049202388,61.397500959,75.191237801,6.000000,37.137500000
292.000000,-0.045932107,61.392279345,75.191547125,6.000000,37.133333333
292.250000,-0.042662008,61.387057710,75.191856463,6.000000,37.129166667
292.500000,-0.039392092,61.381836053,75.192165816,6.000000,37.125000000
292.750000,-0.036122359,61.376614375,75.192475183,6.000000,37.120833333
293.000000,-0.032852809,61.371392676,75.192784564,6.000000,37.116666667
293.250000,-0.029583442,61.366170954,75.193093960,6.000000,37.112500000
293.500000,-0.026314257,61.360949212,75.193403370,6.000000,37.108333333
293.750000,-0.023045255,61.355727448,75.193712794,6.000000,37.104166667
294.000000,-0.019776436,61.350505662,75.194022233,6.000000,37.100000000
294.250000,-0.016507800,61.345283855,75.194331686,6.000000,37.095833333
294.500000,-0.013239346,61.340062026,75.194641153,6.000000,37.091666667
294.750000,-0.009971076,61.334840176,75.194950635,6.000000,37.087500000
295.000000,-0.006702988,61.329618305,75.195260130,6.000000,37.083333333
295.250000,-0.003435082,61.324396412,75.195569641,6.000000,37.079166667
295.500000,-0.000167360,61.319174497,75.195879165,6.000000,37.075000000
295.750000,0.003100180,61.313952561,75.196226703,6.000000,37.070833333
296.000000,0.006367546,61.308730601,75.196576305,6.000000,37.066666667
296.250000,0.009634739,61.303508616,75.196925920,6.000000,37.062500000
296.500000,0.012901759,61.298286608,75.197275548,6.000000,37.058333333
296.750000,0.016168605,61.293064575,75.197625188,6.000000,37.054166667
297.000000,0.019435278,61.287842517,75.197974841,6.000000,37.050000000
297.250000,0.022701778,61.282620436,75.198324507,6.000000,37.045833333
297.500000,0.025968104,61.277398330,75.198674186,6.000000,37.041666667
297.750000,0.029234257,61.272176200,75.199023878,6.000000,37.037500000
298.000000,0.032500237,61.266954045,75.199373582,6.000000,37.033333333
298.250000,0.035766044,61.261731867,75.199723299,6.000000,37.029166667
298.500000,0.039031678,61.256509663,75.200073030,6.000000,37.025000000
298.750000,0.042297138,61.251287436,75.200422773,6.000000,37.020833333
299.000000,0.045562426,61.246065185,75.200772528,6.000000,37.016666667
299.250000,0.048827540,61.240842909,75.201122297,6.000000,37.012500000
299.500000,0.052092481,61.235620609,75.201472078,6.000000,37.008333333
299.750000,0.055357248,61.230398284,75.201821872,6.000000,37.004166667
300.000000,0.058621843,61.225175935,75.202171679,6.000000,37.000000000
300.250000,0.061886264,61.219953562,75.202521499,6.000000,36.995833333
300.500000,0.065150513,61.214731165,75.202871332,6.000000,36.991666667
300.750000,0.068414588,61.209508743,75.203221177,6.000000,36.987500000
301.000000,0.071678490,61.204286298,75.203571036,6.000000,36.983333333
301.250000,0.074942219,61.199063827,75.203920907,6.000000,36.979166667
301.500000,0.078205775,61.193841333,75.204270791,6.000000,36.975000000
301.750000,0.081469157,61.188618814,75.204620687,6.000000,36.970833333
302.000000,0.084732367,61.183396271,75.204970597,6.000000,36.966666667
302.250000,0.087995403,61.178173703,75.205320519,6.000000,36.962500000
302.500000,0.091258267,61.172951112,75.205670455,6.000000,36.958333333
302.750000,0.094520957,61.167728496,75.206020403,6.000000,36.954166667
303.000000,0.097783475,61.162505855,75.206370363,6.000000,36.950000000
303.250000,0.101045819,61.157283191,75.206720337,6.000000,36.945833333
303.500000,0.104307990,61.152060502,75.207070324,6.000000,36.941666667
303.750000,0.107569989,61.146837789,75.207420323,6.000000,36.937500000
304.000000,0.110831814,61.141615051,75.207770335,6.000000,36.933333333
304.250000,0.114093466,61.136392289,75.208120360,6.000000,36.929166667
304.500000,0.117354945,61.131169503,75.208470398,6.000000,36.925000000
304.750000,0.120616252,61.125946693,75.208820448,6.000000,36.920833333
305.000000,0.123877385,61.120723858,75.209170511,6.000000,36.916666667
305.250000,0.127138345,61.115500999,75.209520588,6.000000,36.912500000
305.500000,0.130399132,61.110278116,75.209870677,6.000000,36.908333333
305.750000,0.133659747,61.105055208,75.210220778,6.000000,36.904166667
306.000000,0.136920188,61.099832276,75.210570893,6.000000,36.900000000
306.250000,0.140180457,61.094609320,75.210921021,6.000000,36.895833333
306.500000,0.143440552,61.089386339,75.211271161,6.000000,36.891666667
306.750000,0.146700475,61.084163334,75.211621314,6.000000,36.887500000
307.000000,0.149960224,61.078940305,75.211971480,6.000000,36.883333333
307.250000,0.153219801,61.073717251,75.212321659,6.000000,36.879166667
307.500000,0.156479205,61.068494173,75.212671850,6.000000,36.875000000
307.750000,0.159738436,61.063271071,75.213022055,6.000000,36.870833333
308.000000,0.162997494,61.058047945,75.213372272,6.000000,36.866666667
308.250000,0.166256379,61.052824794,75.213722502,6.000000,36.862500000
308.500000,0.169515092,61.047601619,75.214072745,6.000000,36.858333333
308.750000,0.172773631,61.042378419,75.214423000,6.000000,36.854166667
309.000000,0.176031998,61.037155195,75.214773269,6.000000,36.850000000
309.250000,0.179290192,61.031931947,75.215123550,6.000000,36.845833333
309.500000,0.182548213,61.026708675,75.215473844,6.000000,36.841666667
309.750000,0.185806061,61.021485378,75.215824151,6.000000,36.837500000
310.000000,0.189063737,61.016262057,75.216174471,6.000000,36.833333333
310.250000,0.192321239,61.011038711,75.216524803,6.000000,36.829166667
310.500000,0.195578569,61.005815341,75.216875149,6.000000,36.825000000
310.750000,0.198835726,61.000591947,75.217225507,6.000000,36.820833333
311.000000,0.202092710,60.995368529,75.217575878,6.000000,36.816666667
311.250000,0.205349522,60.990145086,75.217926262,6.000000,36.812500000
311.500000,0.208606160,60.984921619,75.218276659,6.000000,36.808333333
311.750000,0.211862626,60.979698128,75.218627068,6.000000,36.804166667
312.000000,0.215118919,60.974474612,75.218977490,6.000000,36.800000000
312.250000,0.218375040,60.969251072,75.219327926,6.000000,36.795833333
312.500000,0.221630988,60.964027507,75.219678374,6.000000,36.791666667
312.750000,0.224886763,60.958803919,75.220028834,6.000000,36.787500000
313.000000,0.228142365,60.953580305,75.220379308,6.000000,36.783333333
313.250000,0.231397795,60.948356668,75.220729794,6.000000,36.779166667
313.500000,0.234653051,60.943133006,75.221080294,6.000000,36.775000000
313.750000,0.237908136,60.937909320,75.221430806,6.000000,36.770833333
314.000000,0.241163047,60.932685610,75.221781331,6.000000,36.766666667
314.250000,0.244417786,60.927461875,75.222131868,6.000000,36.762500000
314.500000,0.247672352,60.922238116,75.222482419,6.000000,36.758333333
314.750000,0.250926746,60.917014332,75.222832982,6.000000,36.754166667
315.000000,0.254180967,60.911790524,75.223183558,6.000000,36.750000000
315.250000,0.257435015,60.906566692,75.223534147,6.000000,36.745833333
315.500000,0.260688891,60.901342836,75.223884749,6.000000,36.741666667
315.750000,0.263942594,60.896118955,75.224235364,6.000000,36.737500000
316.000000,0.267196125,60.890895049,75.224585991,6.000000,36.733333333
316.250000,0.270449482,60.885671120,75.224936631,6.000000,36.729166667
316.500000,0.273702668,60.880447166,75.225287285,6.000000,36.725000000
316.750000,0.276955680,60.875223188,75.225637950,6.000000,36.720833333
317.000000,0.280208521,60.869999185,75.225988629,6.000000,36.716666667
317.250000,0.283461188,60.864775158,75.226339321,6.000000,36.712500000
317.500000,0.286713683,60.859551107,75.226690025,6.000000,36.708333333
317.750000,0.289966006,60.854327031,75.227040742,6.000000,36.704166667
318.000000,0.293218156,60.849102931,75.227391472,6.000000,36.700000000
318.250000,0.296470133,60.843878806,75.227742215,6.000000,36.695833333
318.500000,0.299721938,60.838654658,75.228092971,6.000000,36.691666667
318.750000,0.302973570,60.833430485,75.228443739,6.000000,36.687500000
319.000000,0.306225030,60.828206287,75.228794521,6.000000,36.683333333
319.250000,0.309476317,60.822982065,75.229145315,6.000000,36.679166667
319.500000,0.312727432,60.817757819,75.229496122,6.000000,36.675000000
319.750000,0.315978375,60.812533549,75.229846942,6.000000,36.670833333
320.000000,0.319229145,60.807309254,75.230197774,6.000000,36.666666667
320.250000,0.322479742,60.802084934,75.230548620,6.000000,36.662500000
320.500000,0.325730167,60.796860591,75.230899478,6.000000,36.658333333
320.750000,0.328980420,60.791636223,75.231250349,6.000000,36.654166667
321.000000,0.332230500,60.786411830,75.231601233,6.000000,36.650000000
321.250000,0.335480408,60.781187413,75.231952130,6.000000,36.645833333
321.500000,0.338730143,60.775962972,75.232303039,6.000000,36.641666667
321.750000,0.341979706,60.770738507,75.232653962,6.000000,36.637500000
322.000000,0.345229097,60.765514017,75.233004897,6.000000,36.633333333
322.250000,0.348478315,60.760289503,75.233355845,6.000000,36.629166667
322.500000,0.351727360,60.755064964,75.233706806,6.000000,36.625000000
322.750000,0.354976234,60.749840401,75.234057779,6.000000,36.620833333
323.000000,0.358224935,60.744615814,75.234408766,6.000000,36.616666667
323.250000,0.361473463,60.739391202,75.234759765,6.000000,36.612500000
323.500000,0.364721820,60.734166566,75.235110777,6.000000,36.608333333
323.750000,0.367970004,60.728941906,75.235461802,6.000000,36.604166667
324.000000,0.371218015,60.723717221,75.235812840,6.000000,36.600000000
324.250000,0.374465855,60.718492512,75.236163891,6.000000,36.595833333
324.500000,0.377713522,60.713267778,75.236514954,6.000000,36.591666667
324.750000,0.380961016,60.708043020,75.236866031,6.000000,36.587500000
325.000000,0.384208339,60.702818238,75.237217120,6.000000,36.583333333
325.250000,0.387455489,60.697593431,75.237568222,6.000000,36.579166667
325.500000,0.390702467,60.692368600,75.237919336,6.000000,36.575000000
325.750000,0.393949272,60.687143744,75.238270464,6.000000,36.570833333
326.000000,0.397195905,60.681918864,75.238621604,6.000000,36.566666667
326.250000,0.400442366,60.676693960,75.238972757,6.000000,36.562500000
326.500000,0.403688655,60.671469031,75.239323924,6.000000,36.558333333
326.750000,0.406934772,60.666244078,75.239675102,6.000000,36.554166667
327.000000,0.410180716,60.661019101,75.240026294,6.000000,36.550000000
327.250000,0.413426488,60.655794099,75.240377499,6.000000,36.545833333
327.500000,0.416672088,60.650569073,75.240728716,6.000000,36.541666667
327.750000,0.419917516,60.645344022,75.241079946,6.000000,36.537500000
328.000000,0.423162771,60.640118947,75.241431189,6.000000,36.533333333
328.250000,0.426407854,60.634893848,75.241782445,6.000000,36.529166667
328.500000,0.429652766,60.629668724,75.242133714,6.000000,36.525000000
328.750000,0.432897505,60.624443576,75.242484995,6.000000,36.520833333
329.000000,0.436142071,60.619218403,75.242836289,6.000000,36.516666667
329.250000,0.439386466,60.613993206,75.243187596,6.000000,36.512500000
329.500000,0.442630688,60.608767985,75.243538916,6.000000,36.508333333
329.750000,0.445874739,60.603542739,75.243890249,6.000000,36.504166667
330.000000,0.449118617,60.598317469,75.244241595,6.000000,36.500000000
330.250000,0.452362323,60.593092175,75.244592953,6.000000,36.495833333
330.500000,0.455605857,60.587866856,75.244944324,6.000000,36.491666667
330.750000,0.458849219,60.582641512,75.245295709,6.000000,36.487500000
331.000000,0.462092409,60.577416144,75.245647105,6.000000,36.483333333
331.250000,0.465335427,60.572190752,75.245998515,6.000000,36.479166667
331.500000,0.468578272,60.566965336,75.246349938,6.000000,36.475000000
331.750000,0.471820946,60.561739895,75.246701373,6.000000,36.470833333
332.000000,0.475063448,60.556514429,75.247052821,6.000000,36.466666667
332.250000,0.478305777,60.551288940,75.247404282,6.000000,36.462500000
332.500000,0.481547934,60.546063425,75.247755756,6.000000,36.458333333
332.750000,0.484789920,60.540837887,75.248107243,6.000000,36.454166667
333.000000,0.488031733,60.535612324,75.248458742,6.000000,36.450000000
333.250000,0.491273375,60.530386736,75.248810255,6.000000,36.445833333
333.500000,0.494514844,60.525161125,75.249161780,6.000000,36.441666667
333.750000,0.497756141,60.519935488,75.249513318,6.000000,36.437500000
334.000000,0.500997267,60.514709828,75.249864869,6.000000,36.433333333
334.250000,0.504238220,60.509484143,75.250216433,6.000000,36.429166667
334.500000,0.507479002,60.504258433,75.250568009,6.000000,36.425000000
334.750000,0.510719611,60.499032699,75.250919598,6.000000,36.420833333
335.000000,0.513960049,60.493806941,75.251271200,6.000000,36.416666667
335.250000,0.517200314,60.488581158,75.251622815,6.000000,36.412500000
335.500000,0.520440408,60.483355351,75.251974443,6.000000,36.408333333
335.750000,0.523680330,60.478129520,75.252326084,6.000000,36.404166667
336.000000,0.526920079,60.472903664,75.252677737,6.000000,36.400000000
336.250000,0.530159657,60.467677783,75.253029404,6.000000,36.395833333
336.500000,0.533399063,60.462451878,75.253381083,6.000000,36.391666667
336.750000,0.536638297,60.457225949,75.253732775,6.000000,36.387500000
337.000000,0.539877360,60.451999995,75.254084479,6.000000,36.383333333
337.250000,0.543116250,60.446774017,75.254436197,6.000000,36.379166667
337.500000,0.546354968,60.441548015,75.254787927,6.000000,36.375000000
337.750000,0.549593515,60.436321988,75.255139671,6.000000,36.370833333
338.000000,0.552831890,60.431095937,75.255491427,6.000000,36.366666667
338.250000,0.556070093,60.425869861,75.255843196,6.000000,36.362500000
338.500000,0.559308124,60.420643761,75.256194977,6.000000,36.358333333
338.750000,0.562545983,60.415417636,75.256546772,6.000000,36.354166667
339.000000,0.565783670,60.410191487,75.256898579,6.000000,36.350000000
339.250000,0.569021186,60.404965313,75.257250400,6.000000,36.345833333
339.500000,0.572258530,60.399739115,75.257602233,6.000000,36.341666667
339.750000,0.575495702,60.394512893,75.257954079,6.000000,36.337500000
340.000000,0.578732702,60.389286646,75.258305937,6.000000,36.333333333
340.250000,0.581969530,60.384060375,75.258657809,6.000000,36.329166667
340.500000,0.585206187,60.378834079,75.259009693,6.000000,36.325000000
340.750000,0.588442672,60.373607759,75.259361590,6.000000,36.320833333
341.000000,0.591678985,60.368381415,75.259713500,6.000000,36.316666667
341.250000,0.594915127,60.363155046,75.260065423,6.000000,36.312500000
341.500000,0.598151096,60.357928652,75.260417359,6.000000,36.308333333
341.750000,0.601386894,60.352702234,75.260769307,6.000000,36.304166667
342.000000,0.604622521,60.347475792,75.261121269,6.000000,36.300000000
342.250000,0.607857975,60.342249325,75.261473243,6.000000,36.295833333
342.500000,0.611093258,60.337022834,75.261825230,6.000000,36.291666667
342.750000,0.614328369,60.331796318,75.262177230,6.000000,36.287500000
343.000000,0.617563309,60.326569778,75.262529242,6.000000,36.283333333
343.250000,0.620798076,60.321343214,75.262881268,6.000000,36.279166667
343.500000,0.624032673,60.316116625,75.263233306,6.000000,36.275000000
343.750000,0.627267097,60.310890011,75.263585357,6.000000,36.270833333
344.000000,0.630501350,60.305663373,75.263937421,6.000000,36.266666667
344.250000,0.633735431,60.300436711,75.264289498,6.000000,36.262500000
344.500000,0.636969341,60.295210024,75.264641588,6.000000,36.258333333
344.750000,0.640203079,60.289983313,75.264993690,6.000000,36.254166667
345.000000,0.643436645,60.284756577,75.265345806,6.000000,36.250000000
345.250000,0.646670040,60.279529817,75.265697934,6.000000,36.245833333
345.500000,0.649903263,60.274303033,75.266050075,6.000000,36.241666667
345.750000,0.653136315,60.269076224,75.266402229,6.000000,36.237500000
346.000000,0.656369194,60.263849390,75.266754395,6.000000,36.233333333
346.250000,0.659601903,60.258622532,75.267106575,6.000000,36.229166667
346.500000,0.662834440,60.253395650,75.267458767,6.000000,36.225000000
346.750000,0.666066805,60.248168743,75.267810972,6.000000,36.220833333
347.000000,0.669298999,60.242941812,75.268163190,6.000000,36.216666667
347.250000,0.672531021,60.237714856,75.268515421,6.000000,36.212500000
347.500000,0.675762872,60.232487876,75.268867665,6.000000,36.208333333
347.750000,0.678994551,60.227260871,75.269219921,6.000000,36.204166667
348.000000,0.682226059,60.222033842,75.269572190,6.000000,36.200000000
348.250000,0.685457395,60.216806788,75.269924473,6.000000,36.195833333
348.500000,0.688688559,60.211579710,75.270276767,6.000000,36.191666667
348.750000,0.691919553,60.206352608,75.270629075,6.000000,36.187500000
349.000000,0.695150374,60.201125481,75.270981396,6.000000,36.183333333
349.250000,0.698381025,60.195898329,75.271333729,6.000000,36.179166667
349.500000,0.701611503,60.190671153,75.271686076,6.000000,36.175000000
349.750000,0.704841811,60.185443953,75.272038435,6.000000,36.170833333
350.000000,0.708071947,60.180216728,75.272390807,6.000000,36.166666667
350.250000,0.711301911,60.174989478,75.272743191,6.000000,36.162500000
350.500000,0.714531704,60.169762205,75.273095589,6.000000,36.158333333
350.750000,0.717761326,60.164534906,75.273448000,6.000000,36.154166667
351.000000,0.720990776,60.159307584,75.273800423,6.000000,36.150000000
351.250000,0.724220055,60.154080236,75.274152859,6.000000,36.145833333
351.500000,0.727449162,60.148852865,75.274505308,6.000000,36.141666667
351.750000,0.730678098,60.143625468,75.274857770,6.000000,36.137500000
352.000000,0.733906863,60.138398048,75.275210244,6.000000,36.133333333
352.250000,0.737135456,60.133170603,75.275562732,6.000000,36.129166667
352.500000,0.740363878,60.127943133,75.275915232,6.000000,36.125000000
352.750000,0.743592128,60.122715639,75.276267745,6.000000,36.120833333
353.000000,0.746820208,60.117488120,75.276620271,6.000000,36.116666667
353.250000,0.750048116,60.112260577,75.276972810,6.000000,36.112500000
353.500000,0.753275852,60.107033010,75.277325361,6.000000,36.108333333
353.750000,0.756503418,60.101805417,75.277677926,6.000000,36.104166667
354.000000,0.759730811,60.096577801,75.278030503,6.000000,36.100000000
354.250000,0.762958034,60.091350160,75.278383093,6.000000,36.095833333
354.500000,0.766185086,60.086122494,75.278735696,6.000000,36.091666667
354.750000,0.769411966,60.080894804,75.279088312,6.000000,36.087500000
355.000000,0.772638674,60.075667090,75.279440941,6.000000,36.083333333
355.250000,0.775865212,60.070439351,75.279793582,6.000000,36.079166667
355.500000,0.779091578,60.065211588,75.280146236,6.000000,36.075000000
355.750000,0.782317773,60.059983800,75.280498904,6.000000,36.070833333
356.000000,0.785543797,60.054755987,75.280851583,6.000000,36.066666667
356.250000,0.788769650,60.049528150,75.281204276,6.000000,36.062500000
356.500000,0.791995331,60.044300289,75.281556982,6.000000,36.058333333
356.750000,0.795220841,60.039072403,75.281909700,6.000000,36.054166667
357.000000,0.798446180,60.033844493,75.282262432,6.000000,36.050000000
357.250000,0.801671348,60.028616558,75.282615176,6.000000,36.045833333
357.500000,0.804896345,60.023388598,75.282967933,6.000000,36.041666667
357.750000,0.808121170,60.018160614,75.283320703,6.000000,36.037500000
358.000000,0.811345824,60.012932606,75.283673485,6.000000,36.033333333
358.250000,0.814570307,60.007704573,75.284026281,6.000000,36.029166667
358.500000,0.817794619,60.002476516,75.284379089,6.000000,36.025000000
358.750000,0.821018760,59.997248434,75.284731910,6.000000,36.020833333
359.000000,0.824242730,59.992020328,75.285084744,6.000000,36.016666667
359.250000,0.827466528,59.986792197,75.285437591,6.000000,36.012500000
359.500000,0.830690156,59.981564041,75.285790451,6.000000,36.008333333
359.750000,0.833913612,59.976335861,75.286143323,6.000000,36.004166667
360.000000,0.837136897,59.971107657,75.286496208,6.000000,36.000000000
360.250000,0.840360011,59.965879428,75.286849106,6.000000,35.995833333
360.500000,0.843582954,59.960651175,75.287202017,6.000000,35.991666667
360.750000,0.846805726,59.955422897,75.287554941,6.000000,35.987500000
361.000000,0.850028327,59.950194594,75.287907878,6.000000,35.983333333
361.250000,0.853250757,59.944966267,75.288260827,6.000000,35.979166667
361.500000,0.856473016,59.939737916,75.288613790,6.000000,35.975000000
361.750000,0.859695103,59.934509540,75.288966765,6.000000,35.970833333
362.000000,0.862917020,59.929281140,75.289319753,6.000000,35.966666667
362.250000,0.866138766,59.924052715,75.289672754,6.000000,35.962500000
362.500000,0.869360340,59.918824265,75.290025767,6.000000,35.958333333
362.750000,0.872581744,59.913595791,75.290378794,6.000000,35.954166667
363.000000,0.875802977,59.908367293,75.290731833,6.000000,35.950000000
363.250000,0.879024038,59.903138769,75.291084886,6.000000,35.945833333
363.500000,0.882244929,59.897910222,75.291437951,6.000000,35.941666667
363.750000,0.885465648,59.892681650,75.291791028,6.000000,35.937500000
364.000000,0.888686197,59.887453053,75.292144119,6.000000,35.933333333
364.250000,0.891906575,59.882224432,75.292497223,6.000000,35.929166667
364.500000,0.895126782,59.876995786,75.292850339,6.000000,35.925000000
364.750000,0.898346818,59.871767116,75.293203468,6.000000,35.920833333
365.000000,0.901566683,59.866538422,75.293556610,6.000000,35.916666667
365.250000,0.904786377,59.861309702,75.293909765,6.000000,35.912500000
365.500000,0.908005900,59.856080959,75.294262933,6.000000,35.908333333
365.750000,0.911225252,59.850852190,75.294616113,6.000000,35.904166667
366.000000,0.914444433,59.845623398,75.294969307,6.000000,35.900000000
366.250000,0.917663444,59.840394580,75.295322513,6.000000,35.895833333
366.500000,0.920882283,59.835165738,75.295675732,6.000000,35.891666667
366.750000,0.924100952,59.829936872,75.296028964,6.000000,35.887500000
367.000000,0.927319450,59.824707981,75.296382209,6.000000,35.883333333
367.250000,0.930537777,59.819479066,75.296735466,6.000000,35.879166667
367.500000,0.933755933,59.814250126,75.297088737,6.000000,35.875000000
367.750000,0.936973918,59.809021161,75.297442020,6.000000,35.870833333
368.000000,0.940191732,59.803792172,75.297795316,6.000000,35.866666667
368.250000,0.943409376,59.798563159,75.298148625,6.000000,35.862500000
368.500000,0.946626849,59.793334121,75.298501947,6.000000,35.858333333
368.750000,0.949844151,59.788105058,75.298855282,6.000000,35.854166667
369.000000,0.953061282,59.782875971,75.299208629,6.000000,35.850000000
369.250000,0.956278242,59.777646859,75.299561989,6.000000,35.845833333
369.500000,0.959495032,59.772417723,75.299915362,6.000000,35.841666667
369.750000,0.962711651,59.767188562,75.300268748,6.000000,35.837500000
370.000000,0.965928099,59.761959377,75.300622147,6.000000,35.833333333
370.250000,0.969144376,59.756730167,75.300975559,6.000000,35.829166667
370.500000,0.972360483,59.751500932,75.301328983,6.000000,35.825000000
370.750000,0.975576419,59.746271674,75.301682421,6.000000,35.820833333
371.000000,0.978792184,59.741042390,75.302035871,6.000000,35.816666667
371.250000,0.982007778,59.735813082,75.302389334,6.000000,35.812500000
371.500000,0.985223202,59.730583749,75.302742810,6.000000,35.808333333
371.750000,0.988438455,59.725354392,75.303096298,6.000000,35.804166667
372.000000,0.991653537,59.720125011,75.303449800,6.000000,35.800000000
372.250000,0.994868449,59.714895604,75.303803314,6.000000,35.795833333
372.500000,0.998083190,59.709666174,75.304156842,6.000000,35.791666667
372.750000,1.001297760,59.704436718,75.304510382,6.000000,35.787500000
373.000000,1.004512160,59.699207238,75.304863934,6.000000,35.783333333
373.250000,1.007726389,59.693977734,75.305217500,6.000000,35.779166667
373.500000,1.010940447,59.688748205,75.305571079,6.000000,35.775000000
373.750000,1.014154335,59.683518651,75.305924670,6.000000,35.770833333
374.000000,1.017368052,59.678289073,75.306278274,6.000000,35.766666667
374.250000,1.020581598,59.673059471,75.306631892,6.000000,35.762500000
374.500000,1.023794974,59.667829843,75.306985521,6.000000,35.758333333
374.750000,1.027008179,59.662600192,75.307339164,6.000000,35.754166667
375.000000,1.030221214,59.657370515,75.307692820,6.000000,35.750000000
375.250000,1.033434078,59.652140814,75.308046488,6.000000,35.745833333
375.500000,1.036646772,59.646911089,75.308400170,6.000000,35.741666667
375.750000,1.039859295,59.641681339,75.308753864,6.000000,35.737500000
376.000000,1.043071647,59.636451564,75.309107571,6.000000,35.733333333
376.250000,1.046283829,59.631221765,75.309461291,6.000000,35.729166667
376.500000,1.049495840,59.625991941,75.309815023,6.000000,35.725000000
376.750000,1.052707681,59.620762093,75.310168769,6.000000,35.720833333
377.000000,1.055919351,59.615532220,75.310522527,6.000000,35.716666667
377.250000,1.059130851,59.610302323,75.310876298,6.000000,35.712500000
377.500000,1.062342180,59.605072401,75.311230082,6.000000,35.708333333
377.750000,1.065553339,59.599842454,75.311583879,6.000000,35.704166667
378.000000,1.068764327,59.594612483,75.311937689,6.000000,35.700000000
378.250000,1.071975145,59.589382488,75.312291511,6.000000,35.695833333
378.500000,1.075185792,59.584152467,75.312645347,6.000000,35.691666667
378.750000,1.078396269,59.578922423,75.312999195,6.000000,35.687500000
379.000000,1.081606575,59.573692353,75.313353056,6.000000,35.683333333
379.250000,1.084816711,59.568462259,75.313706930,6.000000,35.679166667
379.500000,1.088026676,59.563232141,75.314060817,6.000000,35.675000000
379.750000,1.091236471,59.558001998,75.314414716,6.000000,35.670833333
380.000000,1.094446096,59.552771830,75.314768629,6.000000,35.666666667
380.250000,1.097655550,59.547541638,75.315122554,6.000000,35.662500000
380.500000,1.100864834,59.542311421,75.315476492,6.000000,35.658333333
380.750000,1.104073947,59.537081179,75.315830443,6.000000,35.654166667
381.000000,1.107282890,59.531850913,75.316184407,6.000000,35.650000000
381.250000,1.110491663,59.526620623,75.316538384,6.000000,35.645833333
381.500000,1.113700265,59.521390308,75.316892373,6.000000,35.641666667
381.750000,1.116908697,59.516159968,75.317246375,6.000000,35.637500000
382.000000,1.120116958,59.510929604,75.317600391,6.000000,35.633333333
382.250000,1.123325050,59.505699215,75.317954419,6.000000,35.629166667
382.500000,1.126532970,59.500468801,75.318308459,6.000000,35.625000000
382.750000,1.129740721,59.495238363,75.318662513,6.000000,35.620833333
383.000000,1.132948301,59.490007900,75.319016580,6.000000,35.616666667
383.250000,1.136155711,59.484777413,75.319370659,6.000000,35.612500000
383.500000,1.139362951,59.479546901,75.319724751,6.000000,35.608333333
383.750000,1.142570020,59.474316365,75.320078856,6.000000,35.604166667
384.000000,1.145776919,59.469085804,75.320432974,6.000000,35.600000000
384.250000,1.148983648,59.463855218,75.320787105,6.000000,35.595833333
384.500000,1.152190206,59.458624608,75.321141249,6.000000,35.591666667
384.750000,1.155396594,59.453393973,75.321495405,6.000000,35.587500000
385.000000,1.158602812,59.448163314,75.321849575,6.000000,35.583333333
385.250000,1.161808860,59.442932630,75.322203757,6.000000,35.579166667
385.500000,1.165014737,59.437701921,75.322557952,6.000000,35.575000000
385.750000,1.168220445,59.432471188,75.322912160,6.000000,35.570833333
386.000000,1.171425982,59.427240430,75.323266380,6.000000,35.566666667
386.250000,1.174631348,59.422009648,75.323620614,6.000000,35.562500000
386.500000,1.177836545,59.416778841,75.323974860,6.000000,35.558333333
386.750000,1.181041571,59.411548009,75.324329119,6.000000,35.554166667
387.000000,1.184246428,59.406317153,75.324683391,6.000000,35.550000000
387.250000,1.187451114,59.401086272,75.325037676,6.000000,35.545833333
387.500000,1.190655630,59.395855367,75.325391974,6.000000,35.541666667
387.750000,1.193859975,59.390624437,75.325746285,6.000000,35.537500000
388.000000,1.197064151,59.385393482,75.326100608,6.000000,35.533333333
388.250000,1.200268156,59.380162503,75.326454944,6.000000,35.529166667
388.500000,1.203471992,59.374931499,75.326809293,6.000000,35.525000000
388.750000,1.206675657,59.369700471,75.327163655,6.000000,35.520833333
389.000000,1.209879152,59.364469418,75.327518030,6.000000,35.516666667
389.250000,1.213082477,59.359238340,75.327872418,6.000000,35.512500000
389.500000,1.216285632,59.354007238,75.328226818,6.000000,35.508333333
389.750000,1.219488616,59.348776111,75.328581232,6.000000,35.504166667
390.000000,1.222691431,59.343544960,75.328935658,6.000000,35.500000000
390.250000,1.225894076,59.338313783,75.329290097,6.000000,35.495833333
390.500000,1.229096550,59.333082583,75.329644549,6.000000,35.491666667
390.750000,1.232298855,59.327851357,75.329999014,6.000000,35.487500000
391.000000,1.235500989,59.322620108,75.330353491,6.000000,35.483333333
391.250000,1.238702953,59.317388833,75.330707982,6.000000,35.479166667
391.500000,1.241904748,59.312157534,75.331062485,6.000000,35.475000000
391.750000,1.245106372,59.306926210,75.331417001,6.000000,35.470833333
392.000000,1.248307826,59.301694862,75.331771530,6.000000,35.466666667
392.250000,1.251509111,59.296463489,75.332126072,6.000000,35.462500000
392.500000,1.254710225,59.291232091,75.332480626,6.000000,35.458333333
392.750000,1.257911169,59.286000669,75.332835194,6.000000,35.454166667
393.000000,1.261111943,59.280769222,75.333189774,6.000000,35.450000000
393.250000,1.264312548,59.275537750,75.333544368,6.000000,35.445833333
393.500000,1.267512982,59.270306254,75.333898974,6.000000,35.441666667
393.750000,1.270713247,59.265074733,75.334253592,6.000000,35.437500000
394.000000,1.273913341,59.259843188,75.334608224,6.000000,35.433333333
394.250000,1.277113266,59.254611618,75.334962869,6.000000,35.429166667
394.500000,1.280313020,59.249380023,75.335317526,6.000000,35.425000000
394.750000,1.283512605,59.244148404,75.335672197,6.000000,35.420833333
395.000000,1.286712020,59.238916760,75.336026880,6.000000,35.416666667
395.250000,1.289911265,59.233685092,75.336381576,6.000000,35.412500000
395.500000,1.293110339,59.228453398,75.336736284,6.000000,35.408333333
395.750000,1.296309245,59.223221681,75.337091006,6.000000,35.404166667
396.000000,1.299507980,59.217989938,75.337445741,6.000000,35.400000000
396.250000,1.302706545,59.212758171,75.337800488,6.000000,35.395833333
396.500000,1.305904941,59.207526379,75.338155248,6.000000,35.391666667
396.750000,1.309103166,59.202294563,75.338510021,6.000000,35.387500000
397.000000,1.312301222,59.197062722,75.338864807,6.000000,35.383333333
397.250000,1.315499108,59.191830857,75.339219606,6.000000,35.379166667
397.500000,1.318696824,59.186598966,75.339574418,6.000000,35.375000000
397.750000,1.321894370,59.181367051,75.339929242,6.000000,35.370833333
398.000000,1.325091747,59.176135112,75.340284079,6.000000,35.366666667
398.250000,1.328288953,59.170903148,75.340638929,6.000000,35.362500000
398.500000,1.331485990,59.165671159,75.340993792,6.000000,35.358333333
398.750000,1.334682857,59.160439145,75.341348668,6.000000,35.354166667
399.000000,1.337879554,59.155207107,75.341703557,6.000000,35.350000000
399.250000,1.341076082,59.149975045,75.342058459,6.000000,35.345833333
399.500000,1.344272440,59.144742957,75.342413373,6.000000,35.341666667
399.750000,1.347468628,59.139510845,75.342768300,6.000000,35.337500000
400.000000,1.350664646,59.134278708,75.343123240,6.000000,35.333333333
400.250000,1.353860495,59.129046547,75.343478193,6.000000,35.329166667
400.500000,1.357056173,59.123814361,75.343833159,6.000000,35.325000000
400.750000,1.360251682,59.118582151,75.344188138,6.000000,35.320833333
401.000000,1.363447022,59.113349915,75.344543129,6.000000,35.316666667
401.250000,1.366642191,59.108117655,75.344898134,6.000000,35.312500000
401.500000,1.369837191,59.102885371,75.345253151,6.000000,35.308333333
401.750000,1.373032022,59.097653061,75.345608181,6.000000,35.304166667
402.000000,1.376226682,59.092420728,75.345963224,6.000000,35.300000000
402.250000,1.379421173,59.087188369,75.346318279,6.000000,35.295833333
402.500000,1.382615494,59.081955986,75.346673348,6.000000,35.291666667
402.750000,1.385809646,59.076723578,75.347028429,6.000000,35.287500000
403.000000,1.389003628,59.071491145,75.347383524,6.000000,35.283333333
403.250000,1.392197440,59.066258688,75.347738631,6.000000,35.279166667
403.500000,1.395391083,59.061026206,75.348093751,6.000000,35.275000000
403.750000,1.398584556,59.055793700,75.348448884,6.000000,35.270833333
404.000000,1.401777860,59.050561169,75.348804029,6.000000,35.266666667
404.250000,1.404970993,59.045328613,75.349159188,6.000000,35.262500000
404.500000,1.408163958,59.040096032,75.349514359,6.000000,35.258333333
404.750000,1.411356752,59.034863427,75.349869544,6.000000,35.254166667
405.000000,1.414549378,59.029630797,75.350224741,6.000000,35.250000000
405.250000,1.417741833,59.024398143,75.350579951,6.000000,35.245833333
405.500000,1.420934119,59.019165464,75.350935173,6.000000,35.241666667
405.750000,1.424126236,59.013932760,75.351290409,6.000000,35.237500000
406.000000,1.427318182,59.008700031,75.351645657,6.000000,35.233333333
406.250000,1.430509960,59.003467278,75.352000919,6.000000,35.229166667
406.500000,1.433701568,58.998234500,75.352356193,6.000000,35.225000000
406.750000,1.436893006,58.993001698,75.352711480,6.000000,35.220833333
407.000000,1.440084275,58.987768871,75.353066780,6.000000,35.216666667
407.250000,1.443275374,58.982536019,75.353422093,6.000000,35.212500000
407.500000,1.446466304,58.977303142,75.353777418,6.000000,35.208333333
407.750000,1.449657064,58.972070241,75.354132757,6.000000,35.204166667
408.000000,1.452847655,58.966837315,75.354488108,6.000000,35.200000000
408.250000,1.456038076,58.961604365,75.354843472,6.000000,35.195833333
408.500000,1.459228328,58.956371389,75.355198849,6.000000,35.191666667
408.750000,1.462418411,58.951138389,75.355554239,6.000000,35.187500000
409.000000,1.465608324,58.945905365,75.355909642,6.000000,35.183333333
409.250000,1.468798068,58.940672316,75.356265057,6.000000,35.179166667
409.500000,1.471987642,58.935439242,75.356620486,6.000000,35.175000000
409.750000,1.475177046,58.930206143,75.356975927,6.000000,35.170833333
410.000000,1.478366282,58.924973020,75.357331381,6.000000,35.166666667
410.250000,1.481555348,58.919739872,75.357686848,6.000000,35.162500000
410.500000,1.484744244,58.914506699,75.358042328,6.000000,35.158333333
410.750000,1.487932972,58.909273502,75.358397821,6.000000,35.154166667
411.000000,1.491121529,58.904040279,75.358753326,6.000000,35.150000000
411.250000,1.494309918,58.898807033,75.359108845,6.000000,35.145833333
411.500000,1.497498137,58.893573761,75.359464376,6.000000,35.141666667
411.750000,1.500686187,58.888340465,75.359819920,6.000000,35.137500000
412.000000,1.503874067,58.883107144,75.360175477,6.000000,35.133333333
412.250000,1.507061778,58.877873799,75.360531047,6.000000,35.129166667
412.500000,1.510249320,58.872640429,75.360886629,6.000000,35.125000000
412.750000,1.513436692,58.867407034,75.361242225,6.000000,35.120833333
413.000000,1.516623895,58.862173614,75.361597833,6.000000,35.116666667
413.250000,1.519810929,58.856940170,75.361953454,6.000000,35.112500000
413.500000,1.522997794,58.851706701,75.362309088,6.000000,35.108333333
413.750000,1.526184489,58.846473207,75.362664735,6.000000,35.104166667
414.000000,1.529371015,58.841239689,75.363020395,6.000000,35.100000000
414.250000,1.532557372,58.836006146,75.363376068,6.000000,35.095833333
414.500000,1.535743559,58.830772578,75.363731753,6.000000,35.091666667
414.750000,1.538929577,58.825538985,75.364087452,6.000000,35.087500000
415.000000,1.542115426,58.820305368,75.364443163,6.000000,35.083333333
415.250000,1.545301106,58.815071726,75.364798887,6.000000,35.079166667
415.500000,1.548486616,58.809838060,75.365154624,6.000000,35.075000000
415.750000,1.551671958,58.804604368,75.365510373,6.000000,35.070833333
416.000000,1.554857130,58.799370652,75.365866136,6.000000,35.066666667
416.250000,1.558042133,58.794136912,75.366221911,6.000000,35.062500000
416.500000,1.561226966,58.788903146,75.366577700,6.000000,35.058333333
416.750000,1.564411631,58.783669356,75.366933501,6.000000,35.054166667
417.000000,1.567596126,58.778435541,75.367289315,6.000000,35.050000000
417.250000,1.570780453,58.773201702,75.367645142,6.000000,35.045833333
417.500000,1.573964610,58.767967838,75.368000982,6.000000,35.041666667
417.750000,1.577148597,58.762733949,75.368356834,6.000000,35.037500000
418.000000,1.580332416,58.757500035,75.368712700,6.000000,35.033333333
418.250000,1.583516066,58.752266097,75.369068578,6.000000,35.029166667
418.500000,1.586699546,58.747032133,75.369424469,6.000000,35.025000000
418.750000,1.589882858,58.741798146,75.369780373,6.000000,35.020833333
419.000000,1.593066000,58.736564133,75.370136290,6.000000,35.016666667
419.250000,1.596248973,58.731330096,75.370492220,6.000000,35.012500000
419.500000,1.599431777,58.726096034,75.370848162,6.000000,35.008333333
419.750000,1.602614412,58.720861947,75.371204118,6.000000,35.004166667
420.000000,1.605796878,58.715627836,75.371560086,6.000000,35.000000000
420.250000,1.608979175,58.710393700,75.371916067,6.000000,34.995833333
420.500000,1.612161303,58.705159539,75.372272061,6.000000,34.991666667
420.750000,1.615343262,58.699925353,75.372628068,6.000000,34.987500000
421.000000,1.618525051,58.694691143,75.372984088,6.000000,34.983333333
421.250000,1.621706672,58.689456908,75.373340120,6.000000,34.979166667
421.500000,1.624888124,58.684222648,75.373696166,6.000000,34.975000000
421.750000,1.628069406,58.678988364,75.374052224,6.000000,34.970833333
422.000000,1.631250520,58.673754055,75.374408295,6.000000,34.966666667
422.250000,1.634431465,58.668519721,75.374764379,6.000000,34.962500000
422.500000,1.637612240,58.663285362,75.375120476,6.000000,34.958333333
422.750000,1.640792847,58.658050979,75.375476586,6.000000,34.954166667
423.000000,1.643973285,58.652816571,75.375832708,6.000000,34.950000000
423.250000,1.647153554,58.647582138,75.376188844,6.000000,34.945833333
423.500000,1.650333653,58.642347680,75.376544992,6.000000,34.941666667
423.750000,1.653513584,58.637113198,75.376901153,6.000000,34.937500000
424.000000,1.656693346,58.631878691,75.377257327,6.000000,34.933333333
424.250000,1.659872939,58.626644159,75.377613514,6.000000,34.929166667
424.500000,1.663052363,58.621409603,75.377969713,6.000000,34.925000000
424.750000,1.666231619,58.616175021,75.378325926,6.000000,34.920833333
425.000000,1.669410705,58.610940415,75.378682151,6.000000,34.916666667
425.250000,1.672589622,58.605705785,75.379038390,6.000000,34.912500000
425.500000,1.675768371,58.600471129,75.379394641,6.000000,34.908333333
425.750000,1.678946950,58.595236449,75.379750905,6.000000,34.904166667
426.000000,1.682125361,58.590001744,75.380107182,6.000000,34.900000000
426.250000,1.685303603,58.584767015,75.380463471,6.000000,34.895833333
426.500000,1.688481676,58.579532260,75.380819774,6.000000,34.891666667
426.750000,1.691659580,58.574297481,75.381176089,6.000000,34.887500000
427.000000,1.694837315,58.569062677,75.381532418,6.000000,34.883333333
427.250000,1.698014882,58.563827848,75.381888759,6.000000,34.879166667
427.500000,1.701192280,58.558592995,75.382245113,6.000000,34.875000000
427.750000,1.704369509,58.553358117,75.382601480,6.000000,34.870833333
428.000000,1.707546569,58.548123214,75.382957859,6.000000,34.866666667
428.250000,1.710723460,58.542888286,75.383314252,6.000000,34.862500000
428.500000,1.713900182,58.537653334,75.383670657,6.000000,34.858333333
428.750000,1.717076736,58.532418357,75.384027076,6.000000,34.854166667
429.000000,1.720253121,58.527183355,75.384383507,6.000000,34.850000000
429.250000,1.723429337,58.521948328,75.384739951,6.000000,34.845833333
429.500000,1.726605385,58.516713277,75.385096408,6.000000,34.841666667
429.750000,1.729781264,58.511478201,75.385452877,6.000000,34.837500000
430.000000,1.732956974,58.506243100,75.385809360,6.000000,34.833333333
430.250000,1.736132515,58.501007974,75.386165856,6.000000,34.829166667
430.500000,1.739307887,58.495772824,75.386522364,6.000000,34.825000000
430.750000,1.742483091,58.490537649,75.386878885,6.000000,34.820833333
431.000000,1.745658126,58.485302449,75.387235419,6.000000,34.816666667
431.250000,1.748832993,58.480067224,75.387591966,6.000000,34.812500000
431.500000,1.752007690,58.474831975,75.387948526,6.000000,34.808333333
431.750000,1.755182219,58.469596701,75.388305098,6.000000,34.804166667
432.000000,1.758356580,58.464361402,75.388661684,6.000000,34.800000000
432.250000,1.761530772,58.459126078,75.389018282,6.000000,34.795833333
432.500000,1.764704795,58.453890729,75.389374893,6.000000,34.791666667
432.750000,1.767878649,58.448655356,75.389731517,6.000000,34.787500000
433.000000,1.771052335,58.443419958,75.390088154,6.000000,34.783333333
433.250000,1.774225852,58.438184535,75.390444804,6.000000,34.779166667
433.500000,1.777399201,58.432949088,75.390801467,6.000000,34.775000000
433.750000,1.780572381,58.427713615,75.391158142,6.000000,34.770833333
434.000000,1.783745392,58.422478118,75.391514830,6.000000,34.766666667
434.250000,1.786918235,58.417242596,75.391871532,6.000000,34.762500000
434.500000,1.790090909,58.412007050,75.392228246,6.000000,34.758333333
434.750000,1.793263414,58.406771478,75.392584973,6.000000,34.754166667
435.000000,1.796435751,58.401535882,75.392941712,6.000000,34.750000000
435.250000,1.799607920,58.396300261,75.393298465,6.000000,34.745833333
435.500000,1.802779920,58.391064616,75.393655231,6.000000,34.741666667
435.750000,1.805951751,58.385828945,75.394012009,6.000000,34.737500000
436.000000,1.809123414,58.380593250,75.394368800,6.000000,34.733333333
436.250000,1.812294908,58.375357530,75.394725604,6.000000,34.729166667
436.500000,1.815466234,58.370121785,75.395082421,6.000000,34.725000000
436.750000,1.818637391,58.364886015,75.395439251,6.000000,34.720833333
437.000000,1.821808380,58.359650221,75.395796094,6.000000,34.716666667
437.250000,1.824979200,58.354414402,75.396152949,6.000000,34.712500000
437.500000,1.828149852,58.349178558,75.396509818,6.000000,34.708333333
437.750000,1.831320336,58.343942689,75.396866699,6.000000,34.704166667
438.000000,1.834490650,58.338706795,75.397223593,6.000000,34.700000000
438.250000,1.837660797,58.333470877,75.397580500,6.000000,34.695833333
438.500000,1.840830775,58.328234934,75.397937420,6.000000,34.691666667
438.750000,1.844000584,58.322998966,75.398294353,6.000000,34.687500000
439.000000,1.847170225,58.317762974,75.398651298,6.000000,34.683333333
439.250000,1.850339698,58.312526956,75.399008257,6.000000,34.679166667
439.500000,1.853509002,58.307290914,75.399365228,6.000000,34.675000000
439.750000,1.856678138,58.302054847,75.399722212,6.000000,34.670833333
440.000000,1.859847106,58.296818755,75.400079209,6.000000,34.666666667
440.250000,1.863015905,58.291582638,75.400436219,6.000000,34.662500000
440.500000,1.866184535,58.286346497,75.400793242,6.000000,34.658333333
440.750000,1.869352997,58.281110331,75.401150277,6.000000,34.654166667
441.000000,1.872521291,58.275874140,75.401507326,6.000000,34.650000000
441.250000,1.875689417,58.270637924,75.401864387,6.000000,34.645833333
441.500000,1.878857374,58.265401683,75.402221461,6.000000,34.641666667
441.750000,1.882025163,58.260165418,75.402578549,6.000000,34.637500000
442.000000,1.885192784,58.254929128,75.402935648,6.000000,34.633333333
442.250000,1.888360236,58.249692813,75.403292761,6.000000,34.629166667
442.500000,1.891527520,58.244456473,75.403649887,6.000000,34.625000000
442.750000,1.894694635,58.239220109,75.404007025,6.000000,34.620833333
443.000000,1.897861583,58.233983719,75.404364177,6.000000,34.616666667
443.250000,1.901028361,58.228747305,75.404721341,6.000000,34.612500000
443.500000,1.904194972,58.223510866,75.405078518,6.000000,34.608333333
443.750000,1.907361415,58.218274402,75.405435708,6.000000,34.604166667
444.000000,1.910527689,58.213037914,75.405792911,6.000000,34.600000000
444.250000,1.913693795,58.207801400,75.406150127,6.000000,34.595833333
444.500000,1.916859732,58.202564862,75.406507355,6.000000,34.591666667
444.750000,1.920025502,58.197328299,75.406864597,6.000000,34.587500000
445.000000,1.923191103,58.192091711,75.407221851,6.000000,34.583333333
445.250000,1.926356536,58.186855099,75.407579118,6.000000,34.579166667
445.500000,1.929521801,58.181618461,75.407936398,6.000000,34.575000000
445.750000,1.932686897,58.176381799,75.408293691,6.000000,34.570833333
446.000000,1.935851826,58.171145112,75.408650997,6.000000,34.566666667
446.250000,1.939016586,58.165908400,75.409008315,6.000000,34.562500000
446.500000,1.942181178,58.160671663,75.409365647,6.000000,34.558333333
446.750000,1.945345601,58.155434902,75.409722991,6.000000,34.554166667
447.000000,1.948509857,58.150198115,75.410080349,6.000000,34.550000000
447.250000,1.951673945,58.144961304,75.410437719,6.000000,34.545833333
447.500000,1.954837864,58.139724468,75.410795102,6.000000,34.541666667
447.750000,1.958001615,58.134487608,75.411152497,6.000000,34.537500000
448.000000,1.961165198,58.129250722,75.411509906,6.000000,34.533333333
448.250000,1.964328613,58.124013812,75.411867328,6.000000,34.529166667
448.500000,1.967491860,58.118776876,75.412224762,6.000000,34.525000000
448.750000,1.970654938,58.113539916,75.412582209,6.000000,34.520833333
449.000000,1.973817849,58.108302931,75.412939669,6.000000,34.516666667
449.250000,1.976980592,58.103065922,75.413297142,6.000000,34.512500000
449.500000,1.980143166,58.097828887,75.413654628,6.000000,34.508333333
449.750000,1.983305572,58.092591828,75.414012127,6.000000,34.504166667
450.000000,1.986467811,58.087354744,75.414369639,6.000000,34.500000000
450.250000,1.989629881,58.082117635,75.414727163,6.000000,34.495833333
450.500000,1.992791783,58.076880501,75.415084701,6.000000,34.491666667
450.750000,1.995953517,58.071643342,75.415442251,6.000000,34.487500000
451.000000,1.999115083,58.066406159,75.415799814,6.000000,34.483333333
451.250000,2.002276481,58.061168950,75.416157390,6.000000,34.479166667
451.500000,2.005437711,58.055931717,75.416514979,6.000000,34.475000000
451.750000,2.008598774,58.050694459,75.416872580,6.000000,34.470833333
452.000000,2.011759668,58.045457176,75.417230195,6.000000,34.466666667
452.250000,2.014920394,58.040219869,75.417587822,6.000000,34.462500000
452.500000,2.018080952,58.034982536,75.417945462,6.000000,34.458333333
452.750000,2.021241342,58.029745179,75.418303116,6.000000,34.454166667
453.000000,2.024401564,58.024507797,75.418660782,6.000000,34.450000000
453.250000,2.027561618,58.019270390,75.419018461,6.000000,34.445833333
453.500000,2.030721504,58.014032958,75.419376152,6.000000,34.441666667
453.750000,2.033881223,58.008795501,75.419733857,6.000000,34.437500000
454.000000,2.037040773,58.003558020,75.420091574,6.000000,34.433333333
454.250000,2.040200156,57.998320513,75.420449305,6.000000,34.429166667
454.500000,2.043359370,57.993082982,75.420807048,6.000000,34.425000000
454.750000,2.046518417,57.987845426,75.421164804,6.000000,34.420833333
455.000000,2.049677295,57.982607845,75.421522573,6.000000,34.416666667
455.250000,2.052836006,57.977370240,75.421880355,6.000000,34.412500000
455.500000,2.055994549,57.972132609,75.422238149,6.000000,34.408333333
455.750000,2.059152924,57.966894954,75.422595957,6.000000,34.404166667
456.000000,2.062311132,57.961657273,75.422953777,6.000000,34.400000000
456.250000,2.065469171,57.956419568,75.423311611,6.000000,34.395833333
456.500000,2.068627042,57.951181838,75.423669457,6.000000,34.391666667
456.750000,2.071784746,57.945944083,75.424027316,6.000000,34.387500000
457.000000,2.074942282,57.940706304,75.424385188,6.000000,34.383333333
457.250000,2.078099650,57.935468499,75.424743073,6.000000,34.379166667
457.500000,2.081256850,57.930230670,75.425100970,6.000000,34.375000000
457.750000,2.084413883,57.924992816,75.425458881,6.000000,34.370833333
458.000000,2.087570747,57.919754936,75.425816804,6.000000,34.366666667
458.250000,2.090727444,57.914517032,75.426174740,6.000000,34.362500000
458.500000,2.093883973,57.909279104,75.426532690,6.000000,34.358333333
458.750000,2.097040334,57.904041150,75.426890652,6.000000,34.354166667
459.000000,2.100196528,57.898803172,75.427248626,6.000000,34.350000000
459.250000,2.103352553,57.893565168,75.427606614,6.000000,34.345833333
459.500000,2.106508411,57.888327140,75.427964615,6.000000,34.341666667
459.750000,2.109664102,57.883089087,75.428322628,6.000000,34.337500000
460.000000,2.112819624,57.877851009,75.428680654,6.000000,34.333333333
460.250000,2.115974979,57.872612906,75.429038694,6.000000,34.329166667
460.500000,2.119130166,57.867374778,75.429396746,6.000000,34.325000000
460.750000,2.122285185,57.862136626,75.429754811,6.000000,34.320833333
461.000000,2.125440037,57.856898448,75.430112889,6.000000,34.316666667
461.250000,2.128594721,57.851660246,75.430470979,6.000000,34.312500000
461.500000,2.131749237,57.846422019,75.430829083,6.000000,34.308333333
461.750000,2.134903586,57.841183767,75.431187199,6.000000,34.304166667
462.000000,2.138057767,57.835945490,75.431545328,6.000000,34.300000000
462.250000,2.141211780,57.830707188,75.431903471,6.000000,34.295833333
462.500000,2.144365626,57.825468862,75.432261626,6.000000,34.291666667
462.750000,2.147519304,57.820230510,75.432619794,6.000000,34.287500000
463.000000,2.150672814,57.814992134,75.432977974,6.000000,34.283333333
463.250000,2.153826157,57.809753732,75.433336168,6.000000,34.279166667
463.500000,2.156979332,57.804515306,75.433694375,6.000000,34.275000000
463.750000,2.160132340,57.799276855,75.434052594,6.000000,34.270833333
464.000000,2.163285180,57.794038379,75.434410826,6.000000,34.266666667
464.250000,2.166437852,57.788799879,75.434769071,6.000000,34.262500000
464.500000,2.169590357,57.783561353,75.435127329,6.000000,34.258333333
464.750000,2.172742694,57.778322803,75.435485600,6.000000,34.254166667
465.000000,2.175894864,57.773084227,75.435843884,6.000000,34.250000000
465.250000,2.179046866,57.767845627,75.436202181,6.000000,34.245833333
465.500000,2.182198700,57.762607002,75.436560490,6.000000,34.241666667
465.750000,2.185350367,57.757368352,75.436918812,6.000000,34.237500000
466.000000,2.188501867,57.752129677,75.437277148,6.000000,34.233333333
466.250000,2.191653199,57.746890977,75.437635496,6.000000,34.229166667
466.500000,2.194804363,57.741652252,75.437993857,6.000000,34.225000000
466.750000,2.197955360,57.736413503,75.438352231,6.000000,34.220833333
467.000000,2.201106189,57.731174728,75.438710617,6.000000,34.216666667
467.250000,2.204256851,57.725935929,75.439069017,6.000000,34.212500000
467.500000,2.207407346,57.720697105,75.439427429,6.000000,34.208333333
467.750000,2.210557673,57.715458256,75.439785855,6.000000,34.204166667
468.000000,2.213707832,57.710219382,75.440144293,6.000000,34.200000000
468.250000,2.216857824,57.704980483,75.440502744,6.000000,34.195833333
468.500000,2.220007649,57.699741559,75.440861208,6.000000,34.191666667
468.750000,2.223157306,57.694502610,75.441219685,6.000000,34.187500000
469.000000,2.226306796,57.689263637,75.441578175,6.000000,34.183333333
469.250000,2.229456118,57.684024638,75.441936677,6.000000,34.179166667
469.500000,2.232605273,57.678785615,75.442295193,6.000000,34.175000000
469.750000,2.235754261,57.673546566,75.442653721,6.000000,34.170833333
470.000000,2.238903081,57.668307493,75.443012262,6.000000,34.166666667
470.250000,2.242051733,57.663068395,75.443370816,6.000000,34.162500000
470.500000,2.245200219,57.657829272,75.443729383,6.000000,34.158333333
470.750000,2.248348537,57.652590124,75.444087963,6.000000,34.154166667
471.000000,2.251496687,57.647350952,75.444446556,6.000000,34.150000000
471.250000,2.254644670,57.642111754,75.444805161,6.000000,34.145833333
471.500000,2.257792486,57.636872531,75.445163780,6.000000,34.141666667
471.750000,2.260940135,57.631633284,75.445522411,6.000000,34.137500000
472.000000,2.264087616,57.626394011,75.445881055,6.000000,34.133333333
472.250000,2.267234930,57.621154714,75.446239712,6.000000,34.129166667
472.500000,2.270382076,57.615915392,75.446598382,6.000000,34.125000000
472.750000,2.273529056,57.610676045,75.446957065,6.000000,34.120833333
473.000000,2.276675868,57.605436673,75.447315761,6.000000,34.116666667
473.250000,2.279822512,57.600197276,75.447674469,6.000000,34.112500000
473.500000,2.282968990,57.594957854,75.448033191,6.000000,34.108333333
473.750000,2.286115300,57.589718407,75.448391925,6.000000,34.104166667
474.000000,2.289261443,57.584478936,75.448750672,6.000000,34.100000000
474.250000,2.292407418,57.579239439,75.449109432,6.000000,34.095833333
474.500000,2.295553227,57.573999918,75.449468205,6.000000,34.091666667
474.750000,2.298698868,57.568760371,75.449826991,6.000000,34.087500000
475.000000,2.301844342,57.563520800,75.450185790,6.000000,34.083333333
475.250000,2.304989648,57.558281204,75.450544601,6.000000,34.079166667
475.500000,2.308134788,57.553041582,75.450903426,6.000000,34.075000000
475.750000,2.311279760,57.547801936,75.451262263,6.000000,34.070833333
476.000000,2.314424565,57.542562265,75.451621113,6.000000,34.066666667
476.250000,2.317569203,57.537322570,75.451979976,6.000000,34.062500000
476.500000,2.320713673,57.532082849,75.452338852,6.000000,34.058333333
476.750000,2.323857977,57.526843103,75.452697741,6.000000,34.054166667
477.000000,2.327002113,57.521603332,75.453056643,6.000000,34.050000000
477.250000,2.330146082,57.516363537,75.453415557,6.000000,34.045833333
477.500000,2.333289884,57.511123716,75.453774485,6.000000,34.041666667
477.750000,2.336433519,57.505883871,75.454133425,6.000000,34.037500000
478.000000,2.339576987,57.500644000,75.454492378,6.000000,34.033333333
478.250000,2.342720288,57.495404105,75.454851344,6.000000,34.029166667
478.500000,2.345863421,57.490164185,75.455210323,6.000000,34.025000000
478.750000,2.349006388,57.484924240,75.455569315,6.000000,34.020833333
479.000000,2.352149187,57.479684269,75.455928320,6.000000,34.016666667
479.250000,2.355291819,57.474444274,75.456287337,6.000000,34.012500000
479.500000,2.358434284,57.469204255,75.456646368,6.000000,34.008333333
479.750000,2.361576582,57.463964210,75.457005411,6.000000,34.004166667
480.000000,2.364718713,57.458724140,75.457364467,6.000000,34.000000000
480.250000,2.367860677,57.453484045,75.457723536,6.000000,33.995833333
480.500000,2.371002474,57.448243925,75.458082618,6.000000,33.991666667
480.750000,2.374144104,57.443003781,75.458441713,6.000000,33.987500000
481.000000,2.377285567,57.437763611,75.458800821,6.000000,33.983333333
481.250000,2.380426862,57.432523417,75.459159941,6.000000,33.979166667
481.500000,2.383567991,57.427283197,75.459519075,6.000000,33.975000000
481.750000,2.386708953,57.422042953,75.459878221,6.000000,33.970833333
482.000000,2.389849748,57.416802684,75.460237381,6.000000,33.966666667
482.250000,2.392990375,57.411562389,75.460596553,6.000000,33.962500000
482.500000,2.396130836,57.406322070,75.460955738,6.000000,33.958333333
482.750000,2.399271130,57.401081726,75.461314935,6.000000,33.954166667
483.000000,2.402411257,57.395841357,75.461674146,6.000000,33.950000000
483.250000,2.405551217,57.390600963,75.462033370,6.000000,33.945833333
483.500000,2.408691010,57.385360544,75.462392606,6.000000,33.941666667
483.750000,2.411830636,57.380120100,75.462751856,6.000000,33.937500000
484.000000,2.414970095,57.374879631,75.463111118,6.000000,33.933333333
484.250000,2.418109387,57.369639137,75.463470393,6.000000,33.929166667
484.500000,2.421248512,57.364398618,75.463829681,6.000000,33.925000000
484.750000,2.424387470,57.359158075,75.464188982,6.000000,33.920833333
485.000000,2.427526262,57.353917506,75.464548296,6.000000,33.916666667
485.250000,2.430664886,57.348676912,75.464907622,6.000000,33.912500000
485.500000,2.433803344,57.343436294,75.465266962,6.000000,33.908333333
485.750000,2.436941635,57.338195650,75.465626314,6.000000,33.904166667
486.000000,2.440079759,57.332954982,75.465985680,6.000000,33.900000000
486.250000,2.443217716,57.327714288,75.466345058,6.000000,33.895833333
486.500000,2.446355506,57.322473570,75.466704449,6.000000,33.891666667
486.750000,2.449493129,57.317232827,75.467063853,6.000000,33.887500000
487.000000,2.452630586,57.311992058,75.467423270,6.000000,33.883333333
487.250000,2.455767875,57.306751265,75.467782699,6.000000,33.879166667
487.500000,2.458904998,57.301510447,75.468142142,6.000000,33.875000000
487.750000,2.462041954,57.296269603,75.468501597,6.000000,33.870833333
488.000000,2.465178744,57.291028735,75.468861066,6.000000,33.866666667
488.250000,2.468315366,57.285787842,75.469220547,6.000000,33.862500000
488.500000,2.471451822,57.280546924,75.469580041,6.000000,33.858333333
488.750000,2.474588111,57.275305981,75.469939548,6.000000,33.854166667
489.000000,2.477724233,57.270065013,75.470299068,6.000000,33.850000000
489.250000,2.480860188,57.264824020,75.470658600,6.000000,33.845833333
489.500000,2.483995977,57.259583002,75.471018146,6.000000,33.841666667
489.750000,2.487131599,57.254341959,75.471377704,6.000000,33.837500000
490.000000,2.490267054,57.249100891,75.471737276,6.000000,33.833333333
490.250000,2.493402342,57.243859798,75.472096860,6.000000,33.829166667
490.500000,2.496537464,57.238618681,75.472456457,6.000000,33.825000000
490.750000,2.499672419,57.233377538,75.472816067,6.000000,33.820833333
491.000000,2.502807207,57.228136370,75.473175690,6.000000,33.816666667
491.250000,2.505941829,57.222895177,75.473535326,6.000000,33.812500000
491.500000,2.509076284,57.217653959,75.473894975,6.000000,33.808333333
491.750000,2.512210572,57.212412717,75.474254636,6.000000,33.804166667
492.000000,2.515344694,57.207171449,75.474614310,6.000000,33.800000000
492.250000,2.518478649,57.201930156,75.474973998,6.000000,33.795833333
492.500000,2.521612437,57.196688839,75.475333698,6.000000,33.791666667
492.750000,2.524746059,57.191447496,75.475693411,6.000000,33.787500000
493.000000,2.527879514,57.186206129,75.476053137,6.000000,33.783333333
493.250000,2.531012802,57.180964736,75.476412876,6.000000,33.779166667
493.500000,2.534145924,57.175723318,75.476772627,6.000000,33.775000000
493.750000,2.537278879,57.170481876,75.477132392,6.000000,33.770833333
494.000000,2.540411668,57.165240408,75.477492170,6.000000,33.766666667
494.250000,2.543544290,57.159998916,75.477851960,6.000000,33.762500000
494.500000,2.546676745,57.154757398,75.478211763,6.000000,33.758333333
494.750000,2.549809034,57.149515856,75.478571579,6.000000,33.754166667
495.000000,2.552941156,57.144274288,75.478931408,6.000000,33.750000000
495.250000,2.556073112,57.139032696,75.479291250,6.000000,33.745833333
495.500000,2.559204901,57.133791078,75.479651105,6.000000,33.741666667
495.750000,2.562336523,57.128549436,75.480010973,6.000000,33.737500000
496.000000,2.565467979,57.123307769,75.480370853,6.000000,33.733333333
496.250000,2.568599269,57.118066076,75.480730746,6.000000,33.729166667
496.500000,2.571730392,57.112824359,75.481090653,6.000000,33.725000000
496.750000,2.574861348,57.107582616,75.481450572,6.000000,33.720833333
497.000000,2.577992138,57.102340849,75.481810504,6.000000,33.716666667
497.250000,2.581122762,57.097099057,75.482170449,6.000000,33.712500000
497.500000,2.584253219,57.091857239,75.482530407,6.000000,33.708333333
497.750000,2.587383509,57.086615397,75.482890377,6.000000,33.704166667
498.000000,2.590513633,57.081373529,75.483250361,6.000000,33.700000000
498.250000,2.593643591,57.076131637,75.483610358,6.000000,33.695833333
498.500000,2.596773382,57.070889720,75.483970367,6.000000,33.691666667
498.750000,2.599903007,57.065647777,75.484330389,6.000000,33.687500000
499.000000,2.603032465,57.060405810,75.484690424,6.000000,33.683333333
499.250000,2.606161757,57.055163817,75.485050472,6.000000,33.679166667
499.500000,2.609290882,57.049921800,75.485410533,6.000000,33.675000000
499.750000,2.612419841,57.044679758,75.485770607,6.000000,33.670833333
500.000000,2.615548634,57.039437690,75.486130694,6.000000,33.666666667
500.250000,2.618677260,57.034195598,75.486490793,6.000000,33.662500000
500.500000,2.621805720,57.028953480,75.486850906,6.000000,33.658333333
500.750000,2.624934014,57.023711338,75.487211031,6.000000,33.654166667
501.000000,2.628062141,57.018469171,75.487571169,6.000000,33.650000000
501.250000,2.631190101,57.013226978,75.487931320,6.000000,33.645833333
501.500000,2.634317896,57.007984761,75.488291484,6.000000,33.641666667
501.750000,2.637445524,57.002742518,75.488651661,6.000000,33.637500000
502.000000,2.640572985,56.997500251,75.489011851,6.000000,33.633333333
502.250000,2.643700281,56.992257958,75.489372054,6.000000,33.629166667
502.500000,2.646827410,56.987015641,75.489732269,6.000000,33.625000000
502.750000,2.649954373,56.981773298,75.490092497,6.000000,33.620833333
503.000000,2.653081169,56.976530931,75.490452739,6.000000,33.616666667
503.250000,2.656207799,56.971288538,75.490812993,6.000000,33.612500000
503.500000,2.659334263,56.966046121,75.491173260,6.000000,33.608333333
503.750000,2.662460561,56.960803678,75.491533540,6.000000,33.604166667
504.000000,2.665586692,56.955561210,75.491893833,6.000000,33.600000000
504.250000,2.668712657,56.950318718,75.492254138,6.000000,33.595833333
504.500000,2.671838456,56.945076200,75.492614457,6.000000,33.591666667
504.750000,2.674964088,56.939833657,75.492974789,6.000000,33.587500000
505.000000,2.678089555,56.934591090,75.493335133,6.000000,33.583333333
505.250000,2.681214855,56.929348497,75.493695490,6.000000,33.579166667
505.500000,2.684339989,56.924105879,75.494055860,6.000000,33.575000000
505.750000,2.687464956,56.918863236,75.494416243,6.000000,33.570833333
506.000000,2.690589758,56.913620569,75.494776639,6.000000,33.566666667
506.250000,2.693714393,56.908377876,75.495137048,6.000000,33.562500000
506.500000,2.696838862,56.903135158,75.495497470,6.000000,33.558333333
506.750000,2.699963165,56.897892415,75.495857904,6.000000,33.554166667
507.000000,2.703087302,56.892649647,75.496218352,6.000000,33.550000000
507.250000,2.706211272,56.887406854,75.496578812,6.000000,33.545833333
507.500000,2.709335076,56.882164036,75.496939285,6.000000,33.541666667
507.750000,2.712458715,56.876921193,75.497299772,6.000000,33.537500000
508.000000,2.715582187,56.871678325,75.497660271,6.000000,33.533333333
508.250000,2.718705493,56.866435432,75.498020782,6.000000,33.529166667
508.500000,2.721828633,56.861192514,75.498381307,6.000000,33.525000000
508.750000,2.724951606,56.855949571,75.498741845,6.000000,33.520833333
509.000000,2.728074414,56.850706603,75.499102396,6.000000,33.516666667
509.250000,2.731197056,56.845463610,75.499462959,6.000000,33.512500000
509.500000,2.734319531,56.840220591,75.499823535,6.000000,33.508333333
509.750000,2.737441840,56.834977548,75.500184125,6.000000,33.504166667
510.000000,2.740563984,56.829734480,75.500544727,6.000000,33.500000000
510.250000,2.743685961,56.824491386,75.500905342,6.000000,33.495833333
510.500000,2.746807772,56.819248268,75.501265970,6.000000,33.491666667
510.750000,2.749929417,56.814005124,75.501626610,6.000000,33.487500000
511.000000,2.753050896,56.808761956,75.501987264,6.000000,33.483333333
511.250000,2.756172209,56.803518762,75.502347931,6.000000,33.479166667
511.500000,2.759293356,56.798275544,75.502708610,6.000000,33.475000000
511.750000,2.762414337,56.793032300,75.503069302,6.000000,33.470833333
512.000000,2.765535153,56.787789031,75.503430008,6.000000,33.466666667
512.250000,2.768655802,56.782545738,75.503790726,6.000000,33.462500000
512.500000,2.771776285,56.777302419,75.504151457,6.000000,33.458333333
512.750000,2.774896602,56.772059075,75.504512201,6.000000,33.454166667
513.000000,2.778016753,56.766815706,75.504872957,6.000000,33.450000000
513.250000,2.781136738,56.761572312,75.505233727,6.000000,33.445833333
513.500000,2.784256557,56.756328893,75.505594510,6.000000,33.441666667
513.750000,2.787376210,56.751085449,75.505955305,6.000000,33.437500000
514.000000,2.790495697,56.745841980,75.506316113,6.000000,33.433333333
514.250000,2.793615019,56.740598486,75.506676935,6.000000,33.429166667
514.500000,2.796734174,56.735354966,75.507037769,6.000000,33.425000000
514.750000,2.799853164,56.730111422,75.507398616,6.000000,33.420833333
515.000000,2.802971987,56.724867853,75.507759476,6.000000,33.416666667
515.250000,2.806090645,56.719624258,75.508120349,6.000000,33.412500000
515.500000,2.809209137,56.714380639,75.508481234,6.000000,33.408333333
515.750000,2.812327463,56.709136994,75.508842133,6.000000,33.404166667
516.000000,2.815445623,56.703893325,75.509203044,6.000000,33.400000000
516.250000,2.818563617,56.698649630,75.509563969,6.000000,33.395833333
516.500000,2.821681445,56.693405910,75.509924906,6.000000,33.391666667
516.750000,2.824799108,56.688162166,75.510285856,6.000000,33.387500000
517.000000,2.827916605,56.682918396,75.510646819,6.000000,33.383333333
517.250000,2.831033935,56.677674601,75.511007795,6.000000,33.379166667
517.500000,2.834151100,56.672430781,75.511368784,6.000000,33.375000000
517.750000,2.837268100,56.667186936,75.511729785,6.000000,33.370833333
518.000000,2.840384933,56.661943066,75.512090800,6.000000,33.366666667
518.250000,2.843501600,56.656699171,75.512451827,6.000000,33.362500000
518.500000,2.846618102,56.651455250,75.512812868,6.000000,33.358333333
518.750000,2.849734438,56.646211305,75.513173921,6.000000,33.354166667
519.000000,2.852850608,56.640967335,75.513534987,6.000000,33.350000000
519.250000,2.855966613,56.635723339,75.513896066,6.000000,33.345833333
519.500000,2.859082452,56.630479318,75.514257158,6.000000,33.341666667
519.750000,2.862198125,56.625235273,75.514618263,6.000000,33.337500000
520.000000,2.865313632,56.619991202,75.514979381,6.000000,33.333333333
520.250000,2.868428973,56.614747106,75.515340511,6.000000,33.329166667
520.500000,2.871544149,56.609502985,75.515701655,6.000000,33.325000000
520.750000,2.874659159,56.604258840,75.516062811,6.000000,33.320833333
521.000000,2.877774003,56.599014668,75.516423981,6.000000,33.316666667
521.250000,2.880888682,56.593770472,75.516785163,6.000000,33.312500000
521.500000,2.884003195,56.588526251,75.517146358,6.000000,33.308333333
521.750000,2.887117542,56.583282005,75.517507566,6.000000,33.304166667
522.000000,2.890231724,56.578037734,75.517868787,6.000000,33.300000000
522.250000,2.893345740,56.572793437,75.518230020,6.000000,33.295833333
522.500000,2.896459590,56.567549116,75.518591267,6.000000,33.291666667
522.750000,2.899573274,56.562304769,75.518952527,6.000000,33.287500000
523.000000,2.902686793,56.557060397,75.519313799,6.000000,33.283333333
523.250000,2.905800147,56.551816000,75.519675084,6.000000,33.279166667
523.500000,2.908913334,56.546571579,75.520036383,6.000000,33.275000000
523.750000,2.912026356,56.541327132,75.520397694,6.000000,33.270833333
524.000000,2.915139213,56.536082660,75.520759018,6.000000,33.266666667
524.250000,2.918251904,56.530838162,75.521120355,6.000000,33.262500000
524.500000,2.921364429,56.525593640,75.521481704,6.000000,33.258333333
524.750000,2.924476789,56.520349093,75.521843067,6.000000,33.254166667
525.000000,2.927588983,56.515104520,75.522204443,6.000000,33.250000000
525.250000,2.930701011,56.509859923,75.522565831,6.000000,33.245833333
525.500000,2.933812874,56.504615300,75.522927232,6.000000,33.241666667
525.750000,2.936924572,56.499370653,75.523288647,6.000000,33.237500000
526.000000,2.940036104,56.494125980,75.523650074,6.000000,33.233333333
526.250000,2.943147470,56.488881282,75.524011514,6.000000,33.229166667
526.500000,2.946258671,56.483636559,75.524372967,6.000000,33.225000000
526.750000,2.949369706,56.478391811,75.524734433,6.000000,33.220833333
527.000000,2.952480576,56.473147037,75.525095911,6.000000,33.216666667
527.250000,2.955591280,56.467902239,75.525457403,6.000000,33.212500000
527.500000,2.958701819,56.462657416,75.525818908,6.000000,33.208333333
527.750000,2.961812192,56.457412567,75.526180425,6.000000,33.204166667
528.000000,2.964922400,56.452167693,75.526541955,6.000000,33.200000000
528.250000,2.968032442,56.446922795,75.526903499,6.000000,33.195833333
528.500000,2.971142319,56.441677871,75.527265055,6.000000,33.191666667
528.750000,2.974252031,56.436432922,75.527626624,6.000000,33.187500000
529.000000,2.977361577,56.431187948,75.527988206,6.000000,33.183333333
529.250000,2.980470957,56.425942949,75.528349800,6.000000,33.179166667
529.500000,2.983580172,56.420697924,75.528711408,6.000000,33.175000000
529.750000,2.986689222,56.415452875,75.529073029,6.000000,33.170833333
530.000000,2.989798106,56.410207800,75.529434662,6.000000,33.166666667
530.250000,2.992906825,56.404962701,75.529796308,6.000000,33.162500000
530.500000,2.996015379,56.399717576,75.530157968,6.000000,33.158333333
530.750000,2.999123767,56.394472426,75.530519640,6.000000,33.154166667
531.000000,3.002231989,56.389227251,75.530881325,6.000000,33.150000000
531.250000,3.005340047,56.383982051,75.531243023,6.000000,33.145833333
531.500000,3.008447939,56.378736826,75.531604734,6.000000,33.141666667
531.750000,3.011555665,56.373491576,75.531966457,6.000000,33.137500000
532.000000,3.014663227,56.368246300,75.532328194,6.000000,33.133333333
532.250000,3.017770623,56.363001000,75.532689944,6.000000,33.129166667
532.500000,3.020877853,56.357755674,75.533051706,6.000000,33.125000000
532.750000,3.023984919,56.352510323,75.533413481,6.000000,33.120833333
533.000000,3.027091818,56.347264947,75.533775270,6.000000,33.116666667
533.250000,3.030198553,56.342019546,75.534137071,6.000000,33.112500000
533.500000,3.033305123,56.336774120,75.534498885,6.000000,33.108333333
533.750000,3.036411527,56.331528669,75.534860712,6.000000,33.104166667
534.000000,3.039517765,56.326283192,75.535222552,6.000000,33.100000000
534.250000,3.042623839,56.321037691,75.535584404,6.000000,33.095833333
534.500000,3.045729747,56.315792164,75.535946270,6.000000,33.091666667
534.750000,3.048835490,56.310546612,75.536308148,6.000000,33.087500000
535.000000,3.051941068,56.305301035,75.536670040,6.000000,33.083333333
535.250000,3.055046481,56.300055433,75.537031944,6.000000,33.079166667
535.500000,3.058151728,56.294809806,75.537393861,6.000000,33.075000000
535.750000,3.061256810,56.289564153,75.537755791,6.000000,33.070833333
536.000000,3.064361727,56.284318476,75.538117734,6.000000,33.066666667
536.250000,3.067466478,56.279072773,75.538479690,6.000000,33.062500000
536.500000,3.070571065,56.273827046,75.538841659,6.000000,33.058333333
536.750000,3.073675486,56.268581293,75.539203641,6.000000,33.054166667
537.000000,3.076779742,56.263335515,75.539565635,6.000000,33.050000000
537.250000,3.079883833,56.258089711,75.539927643,6.000000,33.045833333
537.500000,3.082987759,56.252843883,75.540289663,6.000000,33.041666667
537.750000,3.086091519,56.247598030,75.540651696,6.000000,33.037500000
538.000000,3.089195115,56.242352151,75.541013743,6.000000,33.033333333
538.250000,3.092298545,56.237106247,75.541375802,6.000000,33.029166667
538.500000,3.095401810,56.231860319,75.541737874,6.000000,33.025000000
538.750000,3.098504910,56.226614365,75.542099959,6.000000,33.020833333
539.000000,3.101607845,56.221368385,75.542462056,6.000000,33.016666667
539.250000,3.104710615,56.216122381,75.542824167,6.000000,33.012500000
539.500000,3.107813220,56.210876352,75.543186291,6.000000,33.008333333
539.750000,3.110915659,56.205630297,75.543548427,6.000000,33.004166667
540.000000,3.114017934,56.200384217,83.713068408,6.000000,33.000000000
540.250000,3.117021207,56.194570810,83.713536878,6.000000,32.994444444
540.500000,3.120024300,56.188757370,83.714005367,6.000000,32.988888889
540.750000,3.123027213,56.182943897,83.714473872,6.000000,32.983333333
541.000000,3.126029946,56.177130392,83.714942395,6.000000,32.977777778
541.250000,3.129032498,56.171316854,83.715410935,6.000000,32.972222222
541.500000,3.132034871,56.165503284,83.715879492,6.000000,32.966666667
541.750000,3.135037063,56.159689681,83.716348067,6.000000,32.961111111
542.000000,3.138039075,56.153876046,83.716816659,6.000000,32.955555556
542.250000,3.141040908,56.148062378,83.717285269,6.000000,32.950000000
542.500000,3.144042560,56.142248678,83.717753895,6.000000,32.944444444
542.750000,3.147044032,56.136434945,83.718222539,6.000000,32.938888889
543.000000,3.150045323,56.130621179,83.718691201,6.000000,32.933333333
543.250000,3.153046435,56.124807381,83.719159879,6.000000,32.927777778
543.500000,3.156047367,56.118993551,83.719628575,6.000000,32.922222222
543.750000,3.159048119,56.113179688,83.720097289,6.000000,32.916666667
544.000000,3.162048691,56.107365792,83.720566019,6.000000,32.911111111
544.250000,3.165049082,56.101551864,83.721034767,6.000000,32.905555556
544.500000,3.168049294,56.095737903,83.721503532,6.000000,32.900000000
544.750000,3.171049326,56.089923910,83.721972315,6.000000,32.894444444
545.000000,3.174049178,56.084109884,83.722441115,6.000000,32.888888889
545.250000,3.177048850,56.078295826,83.722909932,6.000000,32.883333333
545.500000,3.180048341,56.072481735,83.723378767,6.000000,32.877777778
545.750000,3.183047653,56.066667611,83.723847619,6.000000,32.872222222
546.000000,3.186046785,56.060853455,83.724316488,6.000000,32.866666667
546.250000,3.189045737,56.055039266,83.724785375,6.000000,32.861111111
546.500000,3.192044509,56.049225045,83.725254278,6.000000,32.855555556
546.750000,3.195043101,56.043410791,83.725723200,6.000000,32.850000000
547.000000,3.198041514,56.037596505,83.726192138,6.000000,32.844444444
547.250000,3.201039746,56.031782186,83.726661094,6.000000,32.838888889
547.500000,3.204037799,56.025967835,83.727130067,6.000000,32.833333333
547.750000,3.207035671,56.020153451,83.727599058,6.000000,32.827777778
548.000000,3.210033364,56.014339034,83.728068066,6.000000,32.822222222
548.250000,3.213030877,56.008524585,83.728537091,6.000000,32.816666667
548.500000,3.216028210,56.002710103,83.729006133,6.000000,32.811111111
548.750000,3.219025363,55.996895589,83.729475193,6.000000,32.805555556
549.000000,3.222022337,55.991081042,83.729944270,6.000000,32.800000000
549.250000,3.225019130,55.985266463,83.730413365,6.000000,32.794444444
549.500000,3.228015744,55.979451851,83.730882476,6.000000,32.788888889
549.750000,3.231012178,55.973637206,83.731351606,6.000000,32.783333333
550.000000,3.234008432,55.967822529,83.731820752,6.000000,32.777777778
550.250000,3.237004507,55.962007819,83.732289916,6.000000,32.772222222
550.500000,3.240000401,55.956193077,83.732759097,6.000000,32.766666667
550.750000,3.242996116,55.950378302,83.733228295,6.000000,32.761111111
551.000000,3.245991652,55.944563494,83.733697511,6.000000,32.755555556
551.250000,3.248987007,55.938748654,83.734166744,6.000000,32.750000000
551.500000,3.251982183,55.932933781,83.734635995,6.000000,32.744444444
551.750000,3.254977179,55.927118876,83.735105262,6.000000,32.738888889
552.000000,3.257971995,55.921303938,83.735574547,6.000000,32.733333333
552.250000,3.260966632,55.915488968,83.736043850,6.000000,32.727777778
552.500000,3.263961089,55.909673965,83.736513170,6.000000,32.722222222
552.750000,3.266955366,55.903858929,83.736982507,6.000000,32.716666667
553.000000,3.269949464,55.898043861,83.737451861,6.000000,32.711111111
553.250000,3.272943382,55.892228760,83.737921233,6.000000,32.705555556
553.500000,3.275937120,55.886413627,83.738390622,6.000000,32.700000000
553.750000,3.278930679,55.880598461,83.738860028,6.000000,32.694444444
554.000000,3.281924058,55.874783262,83.739329452,6.000000,32.688888889
554.250000,3.284917257,55.868968031,83.739798893,6.000000,32.683333333
554.500000,3.287910277,55.863152767,83.740268351,6.000000,32.677777778
554.750000,3.290903117,55.857337471,83.740737827,6.000000,32.672222222
555.000000,3.293895778,55.851522141,83.741207320,6.000000,32.666666667
555.250000,3.296888259,55.845706780,83.741676831,6.000000,32.661111111
555.500000,3.299880561,55.839891386,83.742146358,6.000000,32.655555556
555.750000,3.302872683,55.834075959,83.742615903,6.000000,32.650000000
556.000000,3.305864625,55.828260499,83.743085466,6.000000,32.644444444
556.250000,3.308856388,55.822445007,83.743555045,6.000000,32.638888889
556.500000,3.311847972,55.816629483,83.744024642,6.000000,32.633333333
556.750000,3.314839376,55.810813925,83.744494257,6.000000,32.627777778
557.000000,3.317830600,55.804998336,83.744963889,6.000000,32.622222222
557.250000,3.320821645,55.799182713,83.745433538,6.000000,32.616666667
557.500000,3.323812510,55.793367058,83.745903204,6.000000,32.611111111
557.750000,3.326803196,55.787551370,83.746372888,6.000000,32.605555556
558.000000,3.329793703,55.781735650,83.746842589,6.000000,32.600000000
558.250000,3.332784030,55.775919897,83.747312307,6.000000,32.594444444
558.500000,3.335774178,55.770104111,83.747782043,6.000000,32.588888889
558.750000,3.338764146,55.764288293,83.748251796,6.000000,32.583333333
559.000000,3.341753935,55.758472442,83.748721566,6.000000,32.577777778
559.250000,3.344743544,55.752656559,83.749191354,6.000000,32.572222222
559.500000,3.347732974,55.746840643,83.749661159,6.000000,32.566666667
559.750000,3.350722225,55.741024694,83.750130981,6.000000,32.561111111
560.000000,3.353711296,55.735208713,83.750600821,6.000000,32.555555556
560.250000,3.356700188,55.729392699,83.751070678,6.000000,32.550000000
560.500000,3.359688900,55.723576652,83.751540553,6.000000,32.544444444
560.750000,3.362677433,55.717760573,83.752010444,6.000000,32.538888889
561.000000,3.365665787,55.711944461,83.752480353,6.000000,32.533333333
561.250000,3.368653962,55.706128317,83.752950280,6.000000,32.527777778
561.500000,3.371641957,55.700312140,83.753420223,6.000000,32.522222222
561.750000,3.374629772,55.694495930,83.753890185,6.000000,32.516666667
562.000000,3.377617409,55.688679688,83.754360163,6.000000,32.511111111
562.250000,3.380604866,55.682863413,83.754830159,6.000000,32.505555556
562.500000,3.383592144,55.677047105,83.755300172,6.000000,32.500000000
562.750000,3.386579243,55.671230765,83.755770202,6.000000,32.494444444
563.000000,3.389566162,55.665414392,83.756240250,6.000000,32.488888889
563.250000,3.392552903,55.659597986,83.756710315,6.000000,32.483333333
563.500000,3.395539464,55.653781548,83.757180398,6.000000,32.477777778
563.750000,3.398525845,55.647965077,83.757650497,6.000000,32.472222222
564.000000,3.401512048,55.642148574,83.758120614,6.000000,32.466666667
564.250000,3.404498071,55.636332037,83.758590749,6.000000,32.461111111
564.500000,3.407483915,55.630515469,83.759060901,6.000000,32.455555556
564.750000,3.410469580,55.624698867,83.759531070,6.000000,32.450000000
565.000000,3.413455066,55.618882233,83.760001256,6.000000,32.444444444
565.250000,3.416440372,55.613065566,83.760471460,6.000000,32.438888889
565.500000,3.419425500,55.607248867,83.760941681,6.000000,32.433333333
565.750000,3.422410448,55.601432135,83.761411920,6.000000,32.427777778
566.000000,3.425395217,55.595615370,83.761882176,6.000000,32.422222222
566.250000,3.428379807,55.589798573,83.762352449,6.000000,32.416666667
566.500000,3.431364218,55.583981743,83.762822739,6.000000,32.411111111
566.750000,3.434348450,55.578164880,83.763293047,6.000000,32.405555556
567.000000,3.437332502,55.572347985,83.763763372,6.000000,32.400000000
567.250000,3.440316376,55.566531057,83.764233715,6.000000,32.394444444
567.500000,3.443300070,55.560714096,83.764704075,6.000000,32.388888889
567.750000,3.446283586,55.554897103,83.765174452,6.000000,32.383333333
568.000000,3.449266922,55.549080077,83.765644847,6.000000,32.377777778
568.250000,3.452250080,55.543263018,83.766115259,6.000000,32.372222222
568.500000,3.455233058,55.537445927,83.766585688,6.000000,32.366666667
568.750000,3.458215857,55.531628803,83.767056134,6.000000,32.361111111
569.000000,3.461198477,55.525811646,83.767526598,6.000000,32.355555556
569.250000,3.464180919,55.519994457,83.767997080,6.000000,32.350000000
569.500000,3.467163181,55.514177235,83.768467578,6.000000,32.344444444
569.750000,3.470145264,55.508359980,83.768938094,6.000000,32.338888889
570.000000,3.473127168,55.502542692,83.769408628,6.000000,32.333333333
570.250000,3.476108894,55.496725372,83.769879178,6.000000,32.327777778
570.500000,3.479090440,55.490908020,83.770349746,6.000000,32.322222222
570.750000,3.482071807,55.485090634,83.770820332,6.000000,32.316666667
571.000000,3.485052996,55.479273216,83.771290934,6.000000,32.311111111
571.250000,3.488034005,55.473455765,83.771761554,6.000000,32.305555556
571.500000,3.491014836,55.467638282,83.772232192,6.000000,32.300000000
571.750000,3.493995488,55.461820766,83.772702846,6.000000,32.294444444
572.000000,3.496975961,55.456003217,83.773173519,6.000000,32.288888889
572.250000,3.499956254,55.450185636,83.773644208,6.000000,32.283333333
572.500000,3.502936370,55.444368021,83.774114915,6.000000,32.277777778
572.750000,3.505916306,55.438550375,83.774585639,6.000000,32.272222222
573.000000,3.508896063,55.432732695,83.775056380,6.000000,32.266666667
573.250000,3.511875641,55.426914983,83.775527139,6.000000,32.261111111
573.500000,3.514855041,55.421097238,83.775997915,6.000000,32.255555556
573.750000,3.517834262,55.415279460,83.776468709,6.000000,32.250000000
574.000000,3.520813304,55.409461650,83.776939520,6.000000,32.244444444
574.250000,3.523792167,55.403643807,83.777410348,6.000000,32.238888889
574.500000,3.526770851,55.397825931,83.777881193,6.000000,32.233333333
574.750000,3.529749357,55.392008023,83.778352056,6.000000,32.227777778
575.000000,3.532727684,55.386190082,83.778822936,6.000000,32.222222222
575.250000,3.535705832,55.380372108,83.779293834,6.000000,32.216666667
575.500000,3.538683801,55.374554101,83.779764749,6.000000,32.211111111
575.750000,3.541661592,55.368736062,83.780235681,6.000000,32.205555556
576.000000,3.544639204,55.362917990,83.780706631,6.000000,32.200000000
576.250000,3.547616637,55.357099885,83.781177598,6.000000,32.194444444
576.500000,3.550593891,55.351281748,83.781648582,6.000000,32.188888889
576.750000,3.553570967,55.345463578,83.782119584,6.000000,32.183333333
577.000000,3.556547864,55.339645375,83.782590603,6.000000,32.177777778
577.250000,3.559524582,55.333827140,83.783061639,6.000000,32.172222222
577.500000,3.562501122,55.328008872,83.783532693,6.000000,32.166666667
577.750000,3.565477482,55.322190571,83.784003764,6.000000,32.161111111
578.000000,3.568453665,55.316372237,83.784474853,6.000000,32.155555556
578.250000,3.571429668,55.310553871,83.784945958,6.000000,32.150000000
578.500000,3.574405493,55.304735472,83.785417081,6.000000,32.144444444
578.750000,3.577381140,55.298917040,83.785888222,6.000000,32.138888889
579.000000,3.580356607,55.293098576,83.786359380,6.000000,32.133333333
579.250000,3.583331897,55.287280079,83.786830555,6.000000,32.127777778
579.500000,3.586307007,55.281461549,83.787301747,6.000000,32.122222222
579.750000,3.589281939,55.275642986,83.787772957,6.000000,32.116666667
580.000000,3.592256692,55.269824391,83.788244185,6.000000,32.111111111
580.250000,3.595231267,55.264005763,83.788715429,6.000000,32.105555556
580.500000,3.598205663,55.258187102,83.789186691,6.000000,32.100000000
580.750000,3.601179881,55.252368408,83.789657970,6.000000,32.094444444
581.000000,3.604153920,55.246549682,83.790129267,6.000000,32.088888889
581.250000,3.607127781,55.240730923,83.790600581,6.000000,32.083333333
581.500000,3.610101463,55.234912131,83.791071912,6.000000,32.077777778
581.750000,3.613074967,55.229093307,83.791543261,6.000000,32.072222222
582.000000,3.616048292,55.223274450,83.792014627,6.000000,32.066666667
582.250000,3.619021438,55.217455560,83.792486011,6.000000,32.061111111
582.500000,3.621994407,55.211636637,83.792957411,6.000000,32.055555556
582.750000,3.624967196,55.205817682,83.793428830,6.000000,32.050000000
583.000000,3.627939807,55.199998694,83.793900265,6.000000,32.044444444
583.250000,3.630912240,55.194179673,83.794371718,6.000000,32.038888889
583.500000,3.633884495,55.188360619,83.794843188,6.000000,32.033333333
583.750000,3.636856571,55.182541533,83.795314676,6.000000,32.027777778
584.000000,3.639828468,55.176722414,83.795786180,6.000000,32.022222222
584.250000,3.642800187,55.170903262,83.796257703,6.000000,32.016666667
584.500000,3.645771728,55.165084077,83.796729242,6.000000,32.011111111
584.750000,3.648743090,55.159264860,83.797200799,6.000000,32.005555556
585.000000,3.651714274,55.153445610,83.797672374,6.000000,32.000000000
585.250000,3.654685280,55.147626327,83.798143965,6.000000,31.994444444
585.500000,3.657656107,55.141807012,83.798615574,6.000000,31.988888889
585.750000,3.660626756,55.135987663,83.799087201,6.000000,31.983333333
586.000000,3.663597226,55.130168282,83.799558844,6.000000,31.977777778
586.250000,3.666567518,55.124348869,83.800030506,6.000000,31.972222222
586.500000,3.669537632,55.118529422,83.800502184,6.000000,31.966666667
586.750000,3.672507568,55.112709943,83.800973880,6.000000,31.961111111
587.000000,3.675477325,55.106890431,83.801445593,6.000000,31.955555556
587.250000,3.678446904,55.101070886,83.801917324,6.000000,31.950000000
587.500000,3.681416305,55.095251308,83.802389071,6.000000,31.944444444
587.750000,3.684385527,55.089431698,83.802860837,6.000000,31.938888889
588.000000,3.687354571,55.083612055,83.803332619,6.000000,31.933333333
588.250000,3.690323437,55.077792379,83.803804419,6.000000,31.927777778
588.500000,3.693292125,55.071972670,83.804276237,6.000000,31.922222222
588.750000,3.696260634,55.066152929,83.804748071,6.000000,31.916666667
589.000000,3.699228966,55.060333155,83.805219923,6.000000,31.911111111
589.250000,3.702197119,55.054513348,83.805691793,6.000000,31.905555556
589.500000,3.705165094,55.048693508,83.806163680,6.000000,31.900000000
589.750000,3.708132890,55.042873636,83.806635584,6.000000,31.894444444
590.000000,3.711100509,55.037053730,83.807107505,6.000000,31.888888889
590.250000,3.714067949,55.031233792,83.807579444,6.000000,31.883333333
590.500000,3.717035211,55.025413821,83.808051400,6.000000,31.877777778
590.750000,3.720002295,55.019593818,83.808523374,6.000000,31.872222222
591.000000,3.722969201,55.013773782,83.808995365,6.000000,31.866666667
591.250000,3.725935929,55.007953712,83.809467373,6.000000,31.861111111
591.500000,3.728902479,55.002133611,83.809939399,6.000000,31.855555556
591.750000,3.731868850,54.996313476,83.810411442,6.000000,31.850000000
592.000000,3.734835043,54.990493308,83.810883502,6.000000,31.844444444
592.250000,3.737801059,54.984673108,83.811355580,6.000000,31.838888889
592.500000,3.740766896,54.978852875,83.811827675,6.000000,31.833333333
592.750000,3.743732555,54.973032609,83.812299787,6.000000,31.827777778
593.000000,3.746698036,54.967212311,83.812771917,6.000000,31.822222222
593.250000,3.749663339,54.961391979,83.813244064,6.000000,31.816666667
593.500000,3.752628464,54.955571615,83.813716229,6.000000,31.811111111
593.750000,3.755593411,54.949751218,83.814188411,6.000000,31.805555556
594.000000,3.758558180,54.943930788,83.814660610,6.000000,31.800000000
594.250000,3.761522771,54.938110326,83.815132827,6.000000,31.794444444
594.500000,3.764487184,54.932289831,83.815605061,6.000000,31.788888889
594.750000,3.767451419,54.926469302,83.816077312,6.000000,31.783333333
595.000000,3.770415477,54.920648742,83.816549581,6.000000,31.777777778
595.250000,3.773379356,54.914828148,83.817021867,6.000000,31.772222222
595.500000,3.776343057,54.909007521,83.817494171,6.000000,31.766666667
595.750000,3.779306580,54.903186862,83.817966491,6.000000,31.761111111
596.000000,3.782269925,54.897366170,83.818438830,6.000000,31.755555556
596.250000,3.785233092,54.891545445,83.818911185,6.000000,31.750000000
596.500000,3.788196082,54.885724687,83.819383558,6.000000,31.744444444
596.750000,3.791158893,54.879903897,83.819855948,6.000000,31.738888889
597.000000,3.794121527,54.874083073,83.820328356,6.000000,31.733333333
597.250000,3.797083982,54.868262217,83.820800781,6.000000,31.727777778
597.500000,3.800046260,54.862441328,83.821273223,6.000000,31.722222222
597.750000,3.803008360,54.856620407,83.821745683,6.000000,31.716666667
598.000000,3.805970282,54.850799452,83.822218160,6.000000,31.711111111
598.250000,3.808932026,54.844978465,83.822690655,6.000000,31.705555556
598.500000,3.811893593,54.839157444,83.823163167,6.000000,31.700000000
598.750000,3.814854981,54.833336391,83.823635696,6.000000,31.694444444
599.000000,3.817816192,54.827515306,83.824108243,6.000000,31.688888889
599.250000,3.820777225,54.821694187,83.824580806,6.000000,31.683333333
599.500000,3.823738080,54.815873036,83.825053388,6.000000,31.677777778
599.750000,3.826698757,54.810051851,83.825525987,6.000000,31.672222222
600.000000,3.829659257,54.804230634,83.825998603,6.000000,31.666666667
600.250000,3.832619579,54.798409384,83.826471236,6.000000,31.661111111
600.500000,3.835579723,54.792588102,83.826943887,6.000000,31.655555556
600.750000,3.838539689,54.786766786,83.827416555,6.000000,31.650000000
601.000000,3.841499478,54.780945438,83.827889241,6.000000,31.644444444
601.250000,3.844459089,54.775124056,83.828361944,6.000000,31.638888889
601.500000,3.847418522,54.769302642,83.828834664,6.000000,31.633333333
601.750000,3.850377777,54.763481196,83.829307401,6.000000,31.627777778
602.000000,3.853336855,54.757659716,83.829780156,6.000000,31.622222222
602.250000,3.856295755,54.751838203,83.830252929,6.000000,31.616666667
602.500000,3.859254477,54.746016658,83.830725719,6.000000,31.611111111
602.750000,3.862213022,54.740195080,83.831198526,6.000000,31.605555556
603.000000,3.865171389,54.734373469,83.831671350,6.000000,31.600000000
603.250000,3.868129578,54.728551825,83.832144192,6.000000,31.594444444
603.500000,3.871087590,54.722730148,83.832617051,6.000000,31.588888889
603.750000,3.874045424,54.716908439,83.833089928,6.000000,31.583333333
604.000000,3.877003080,54.711086696,83.833562822,6.000000,31.577777778
604.250000,3.879960559,54.705264921,83.834035733,6.000000,31.572222222
604.500000,3.882917860,54.699443113,83.834508662,6.000000,31.566666667
604.750000,3.885874984,54.693621272,83.834981608,6.000000,31.561111111
605.000000,3.888831930,54.687799399,83.835454572,6.000000,31.555555556
605.250000,3.891788699,54.681977492,83.835927553,6.000000,31.550000000
605.500000,3.894745290,54.676155553,83.836400551,6.000000,31.544444444
605.750000,3.897701703,54.670333580,83.836873566,6.000000,31.538888889
606.000000,3.900657939,54.664511575,83.837346599,6.000000,31.533333333
606.250000,3.903613997,54.658689537,83.837819650,6.000000,31.527777778
606.500000,3.906569878,54.652867466,83.838292718,6.000000,31.522222222
606.750000,3.909525581,54.647045363,83.838765803,6.000000,31.516666667
607.000000,3.912481107,54.641223226,83.839238905,6.000000,31.511111111
607.250000,3.915436455,54.635401057,83.839712025,6.000000,31.505555556
607.500000,3.918391626,54.629578855,83.840185162,6.000000,31.500000000
607.750000,3.921346620,54.623756620,83.840658317,6.000000,31.494444444
608.000000,3.924301435,54.617934352,83.841131489,6.000000,31.488888889
608.250000,3.927256074,54.612112051,83.841604678,6.000000,31.483333333
608.500000,3.930210535,54.606289717,83.842077885,6.000000,31.477777778
608.750000,3.933164818,54.600467351,83.842551109,6.000000,31.472222222
609.000000,3.936118925,54.594644951,83.843024350,6.000000,31.466666667
609.250000,3.939072853,54.588822519,83.843497609,6.000000,31.461111111
609.500000,3.942026605,54.583000054,83.843970886,6.000000,31.455555556
609.750000,3.944980179,54.577177556,83.844444179,6.000000,31.450000000
610.000000,3.947933575,54.571355025,83.844917490,6.000000,31.444444444
610.250000,3.950886794,54.565532461,83.845390818,6.000000,31.438888889
610.500000,3.953839836,54.559709865,83.845864164,6.000000,31.433333333
610.750000,3.956792701,54.553887235,83.846337527,6.000000,31.427777778
611.000000,3.959745388,54.548064573,83.846810908,6.000000,31.422222222
611.250000,3.962697898,54.542241878,83.847284306,6.000000,31.416666667
611.500000,3.965650230,54.536419150,83.847757721,6.000000,31.411111111
611.750000,3.968602385,54.530596389,83.848231154,6.000000,31.405555556
612.000000,3.971554363,54.524773595,83.848704604,6.000000,31.400000000
612.250000,3.974506164,54.518950768,83.849178071,6.000000,31.394444444
612.500000,3.977457787,54.513127909,83.849651556,6.000000,31.388888889
612.750000,3.980409233,54.507305016,83.850125058,6.000000,31.383333333
613.000000,3.983360502,54.501482091,83.850598577,6.000000,31.377777778
613.250000,3.986311594,54.495659133,83.851072114,6.000000,31.372222222
613.500000,3.989262508,54.489836142,83.851545669,6.000000,31.366666667
613.750000,3.992213245,54.484013118,83.852019240,6.000000,31.361111111
614.000000,3.995163805,54.478190061,83.852492829,6.000000,31.355555556
614.250000,3.998114187,54.472366971,83.852966436,6.000000,31.350000000
614.500000,4.001064393,54.466543848,83.853440060,6.000000,31.344444444
614.750000,4.004014421,54.460720693,83.853913701,6.000000,31.338888889
615.000000,4.006964272,54.454897504,83.854387359,6.000000,31.333333333
615.250000,4.009913946,54.449074283,83.854861035,6.000000,31.327777778
615.500000,4.012863443,54.443251029,83.855334729,6.000000,31.322222222
615.750000,4.015812762,54.437427741,83.855808439,6.000000,31.316666667
616.000000,4.018761905,54.431604421,83.856282167,6.000000,31.311111111
616.250000,4.021710870,54.425781069,83.856755913,6.000000,31.305555556
616.500000,4.024659658,54.419957683,83.857229676,6.000000,31.300000000
616.750000,4.027608269,54.414134264,83.857703456,6.000000,31.294444444
617.000000,4.030556703,54.408310812,83.858177254,6.000000,31.288888889
617.250000,4.033504960,54.402487328,83.858651069,6.000000,31.283333333
617.500000,4.036453040,54.396663810,83.859124901,6.000000,31.277777778
617.750000,4.039400942,54.390840260,83.859598751,6.000000,31.272222222
618.000000,4.042348668,54.385016677,83.860072618,6.000000,31.266666667
618.250000,4.045296217,54.379193061,83.860546503,6.000000,31.261111111
618.500000,4.048243588,54.373369412,83.861020404,6.000000,31.255555556
618.750000,4.051190783,54.367545730,83.861494324,6.000000,31.250000000
619.000000,4.054137800,54.361722015,83.861968260,6.000000,31.244444444
619.250000,4.057084641,54.355898267,83.862442215,6.000000,31.238888889
619.500000,4.060031304,54.350074486,83.862916186,6.000000,31.233333333
619.750000,4.062977790,54.344250673,83.863390175,6.000000,31.227777778
620.000000,4.065924100,54.338426826,83.863864181,6.000000,31.222222222
620.250000,4.068870232,54.332602947,83.864338205,6.000000,31.216666667
620.500000,4.071816188,54.326779034,83.864812246,6.000000,31.211111111
620.750000,4.074761967,54.320955089,83.865286304,6.000000,31.205555556
621.000000,4.077707568,54.315131111,83.865760380,6.000000,31.200000000
621.250000,4.080652993,54.309307100,83.866234473,6.000000,31.194444444
621.500000,4.083598241,54.303483055,83.866708584,6.000000,31.188888889
621.750000,4.086543312,54.297658979,83.867182712,6.000000,31.183333333
622.000000,4.089488206,54.291834869,83.867656857,6.000000,31.177777778
622.250000,4.092432923,54.286010726,83.868131020,6.000000,31.172222222
622.500000,4.095377463,54.280186550,83.868605200,6.000000,31.166666667
622.750000,4.098321826,54.274362341,83.869079397,6.000000,31.161111111
623.000000,4.101266013,54.268538100,83.869553612,6.000000,31.155555556
623.250000,4.104210022,54.262713825,83.870027844,6.000000,31.150000000
623.500000,4.107153855,54.256889518,83.870502094,6.000000,31.144444444
623.750000,4.110097511,54.251065177,83.870976361,6.000000,31.138888889
624.000000,4.113040990,54.245240804,83.871450645,6.000000,31.133333333
624.250000,4.115984292,54.239416398,83.871924947,6.000000,31.127777778
624.500000,4.118927418,54.233591958,83.872399266,6.000000,31.122222222
624.750000,4.121870366,54.227767486,83.872873603,6.000000,31.116666667
625.000000,4.124813138,54.221942981,83.873347957,6.000000,31.111111111
625.250000,4.127755733,54.216118443,83.873822328,6.000000,31.105555556
625.500000,4.130698152,54.210293872,83.874296717,6.000000,31.100000000
625.750000,4.133640393,54.204469268,83.874771123,6.000000,31.094444444
626.000000,4.136582458,54.198644631,83.875245547,6.000000,31.088888889
626.250000,4.139524346,54.192819961,83.875719988,6.000000,31.083333333
626.500000,4.142466058,54.186995259,83.876194446,6.000000,31.077777778
626.750000,4.145407592,54.181170523,83.876668922,6.000000,31.072222222
627.000000,4.148348950,54.175345754,83.877143415,6.000000,31.066666667
627.250000,4.151290132,54.169520953,83.877617926,6.000000,31.061111111
627.500000,4.154231136,54.163696118,83.878092453,6.000000,31.055555556
627.750000,4.157171964,54.157871250,83.878566999,6.000000,31.050000000
628.000000,4.160112615,54.152046350,83.879041561,6.000000,31.044444444
628.250000,4.163053090,54.146221416,83.879516141,6.000000,31.038888889
628.500000,4.165993388,54.140396450,83.879990739,6.000000,31.033333333
628.750000,4.168933509,54.134571451,83.880465354,6.000000,31.027777778
629.000000,4.171873454,54.128746418,83.880939986,6.000000,31.022222222
629.250000,4.174813222,54.122921353,83.881414636,6.000000,31.016666667
629.500000,4.177752813,54.117096255,83.881889303,6.000000,31.011111111
629.750000,4.180692228,54.111271124,83.882363987,6.000000,31.005555556
630.000000,4.183631466,54.105445960,83.882838689,6.000000,31.000000000
630.250000,4.186570528,54.099620762,83.883313408,6.000000,30.994444444
630.500000,4.189509413,54.093795532,83.883788145,6.000000,30.988888889
630.750000,4.192448122,54.087970269,83.884262899,6.000000,30.983333333
631.000000,4.195386654,54.082144973,83.884737670,6.000000,30.977777778
631.250000,4.198325009,54.076319644,83.885212459,6.000000,30.972222222
631.500000,4.201263188,54.070494282,83.885687265,6.000000,30.966666667
631.750000,4.204201191,54.064668887,83.886162089,6.000000,30.961111111
632.000000,4.207139017,54.058843459,83.886636930,6.000000,30.955555556
632.250000,4.210076666,54.053017998,83.887111788,6.000000,30.950000000
632.500000,4.213014139,54.047192505,83.887586664,6.000000,30.944444444
632.750000,4.215951435,54.041366978,83.888061557,6.000000,30.938888889
633.000000,4.218888555,54.035541418,83.888536468,6.000000,30.933333333
633.250000,4.221825499,54.029715825,83.889011396,6.000000,30.927777778
633.500000,4.224762266,54.023890199,83.889486341,6.000000,30.922222222
633.750000,4.227698857,54.018064541,83.889961304,6.000000,30.916666667
634.000000,4.230635271,54.012238849,83.890436284,6.000000,30.911111111
634.250000,4.233571509,54.006413124,83.890911281,6.000000,30.905555556
634.500000,4.236507570,54.000587366,83.891386296,6.000000,30.900000000
634.750000,4.239443455,53.994761576,83.891861329,6.000000,30.894444444
635.000000,4.242379163,53.988935752,83.892336378,6.000000,30.888888889
635.250000,4.245314696,53.983109895,83.892811446,6.000000,30.883333333
635.500000,4.248250051,53.977284006,83.893286530,6.000000,30.877777778
635.750000,4.251185231,53.971458083,83.893761632,6.000000,30.872222222
636.000000,4.254120234,53.965632127,83.894236751,6.000000,30.866666667
636.250000,4.257055061,53.959806138,83.894711888,6.000000,30.861111111
636.500000,4.259989711,53.953980117,83.895187042,6.000000,30.855555556
636.750000,4.262924185,53.948154062,83.895662214,6.000000,30.850000000
637.000000,4.265858483,53.942327975,83.896137403,6.000000,30.844444444
637.250000,4.268792605,53.936501854,83.896612609,6.000000,30.838888889
637.500000,4.271726550,53.930675700,83.897087833,6.000000,30.833333333
637.750000,4.274660319,53.924849514,83.897563074,6.000000,30.827777778
638.000000,4.277593912,53.919023294,83.898038333,6.000000,30.822222222
638.250000,4.280527328,53.913197041,83.898513608,6.000000,30.816666667
638.500000,4.283460568,53.907370756,83.898988902,6.000000,30.811111111
638.750000,4.286393632,53.901544437,83.899464213,6.000000,30.805555556
639.000000,4.289326520,53.895718085,83.899939541,6.000000,30.800000000
639.250000,4.292259231,53.889891701,83.900414886,6.000000,30.794444444
639.500000,4.295191767,53.884065283,83.900890249,6.000000,30.788888889
639.750000,4.298124126,53.878238832,83.901365630,6.000000,30.783333333
640.000000,4.301056308,53.872412348,83.901841027,6.000000,30.777777778
640.250000,4.303988315,53.866585832,83.902316442,6.000000,30.772222222
640.500000,4.306920146,53.860759282,83.902791875,6.000000,30.766666667
640.750000,4.309851800,53.854932699,83.903267325,6.000000,30.761111111
641.000000,4.312783278,53.849106083,83.903742792,6.000000,30.755555556
641.250000,4.315714580,53.843279435,83.904218277,6.000000,30.750000000
641.500000,4.318645706,53.837452753,83.904693779,6.000000,30.744444444
641.750000,4.321576656,53.831626038,83.905169299,6.000000,30.738888889
642.000000,4.324507430,53.825799290,83.905644836,6.000000,30.733333333
642.250000,4.327438027,53.819972509,83.906120390,6.000000,30.727777778
642.500000,4.330368449,53.814145695,83.906595962,6.000000,30.722222222
642.750000,4.333298694,53.808318848,83.907071551,6.000000,30.716666667
643.000000,4.336228763,53.802491968,83.907547158,6.000000,30.711111111
643.250000,4.339158657,53.796665055,83.908022782,6.000000,30.705555556
643.500000,4.342088374,53.790838109,83.908498423,6.000000,30.700000000
643.750000,4.345017915,53.785011130,83.908974082,6.000000,30.694444444
644.000000,4.347947280,53.779184118,83.909449758,6.000000,30.688888889
644.250000,4.350876469,53.773357073,83.909925452,6.000000,30.683333333
644.500000,4.353805482,53.767529995,83.910401163,6.000000,30.677777778
644.750000,4.356734319,53.761702884,83.910876891,6.000000,30.672222222
645.000000,4.359662980,53.755875739,83.911352637,6.000000,30.666666667
645.250000,4.362591466,53.750048562,83.911828400,6.000000,30.661111111
645.500000,4.365519775,53.744221352,83.912304181,6.000000,30.655555556
645.750000,4.368447908,53.738394109,83.912779979,6.000000,30.650000000
646.000000,4.371375865,53.732566832,83.913255795,6.000000,30.644444444
646.250000,4.374303646,53.726739523,83.913731627,6.000000,30.638888889
646.500000,4.377231252,53.720912180,83.914207478,6.000000,30.633333333
646.750000,4.380158681,53.715084805,83.914683345,6.000000,30.627777778
647.000000,4.383085934,53.709257396,83.915159231,6.000000,30.622222222
647.250000,4.386013012,53.703429955,83.915635133,6.000000,30.616666667
647.500000,4.388939914,53.697602480,83.916111053,6.000000,30.611111111
647.750000,4.391866640,53.691774972,83.916586990,6.000000,30.605555556
648.000000,4.394793189,53.685947431,83.917062945,6.000000,30.600000000
648.250000,4.397719563,53.680119858,83.917538917,6.000000,30.594444444
648.500000,4.400645762,53.674292251,83.918014907,6.000000,30.588888889
648.750000,4.403571784,53.668464611,83.918490914,6.000000,30.583333333
649.000000,4.406497630,53.662636938,83.918966938,6.000000,30.577777778
649.250000,4.409423301,53.656809232,83.919442980,6.000000,30.572222222
649.500000,4.412348796,53.650981493,83.919919039,6.000000,30.566666667
649.750000,4.415274115,53.645153720,83.920395116,6.000000,30.561111111
650.000000,4.418199258,53.639325915,83.920871210,6.000000,30.555555556
650.250000,4.421124226,53.633498077,83.921347321,6.000000,30.550000000
650.500000,4.424049017,53.627670206,83.921823450,6.000000,30.544444444
650.750000,4.426973633,53.621842301,83.922299596,6.000000,30.538888889
651.000000,4.429898074,53.616014364,83.922775760,6.000000,30.533333333
651.250000,4.432822338,53.610186393,83.923251941,6.000000,30.527777778
651.500000,4.435746427,53.604358390,83.923728139,6.000000,30.522222222
651.750000,4.438670340,53.598530353,83.924204355,6.000000,30.516666667
652.000000,4.441594077,53.592702283,83.924680589,6.000000,30.511111111
652.250000,4.444517638,53.586874180,83.925156839,6.000000,30.505555556
652.500000,4.447441024,53.581046045,83.925633108,6.000000,30.500000000
652.750000,4.450364234,53.575217876,83.926109393,6.000000,30.494444444
653.000000,4.453287269,53.569389673,83.926585696,6.000000,30.488888889
653.250000,4.456210127,53.563561438,83.927062016,6.000000,30.483333333
653.500000,4.459132811,53.557733170,83.927538354,6.000000,30.477777778
653.750000,4.462055318,53.551904869,83.928014710,6.000000,30.472222222
654.000000,4.464977650,53.546076535,83.928491082,6.000000,30.466666667
654.250000,4.467899806,53.540248167,83.928967472,6.000000,30.461111111
654.500000,4.470821787,53.534419767,83.929443880,6.000000,30.455555556
654.750000,4.473743592,53.528591333,83.929920304,6.000000,30.450000000
655.000000,4.476665221,53.522762866,83.930396747,6.000000,30.444444444
655.250000,4.479586675,53.516934367,83.930873206,6.000000,30.438888889
655.500000,4.482507953,53.511105834,83.931349684,6.000000,30.433333333
655.750000,4.485429055,53.505277268,83.931826178,6.000000,30.427777778
656.000000,4.488349983,53.499448669,83.932302690,6.000000,30.422222222
656.250000,4.491270734,53.493620037,83.932779219,6.000000,30.416666667
656.500000,4.494191310,53.487791371,83.933255766,6.000000,30.411111111
656.750000,4.497111710,53.481962673,83.933732330,6.000000,30.405555556
657.000000,4.500031935,53.476133942,83.934208912,6.000000,30.400000000
657.250000,4.502951985,53.470305177,83.934685511,6.000000,30.394444444
657.500000,4.505871859,53.464476379,83.935162128,6.000000,30.388888889
657.750000,4.508791557,53.458647549,83.935638761,6.000000,30.383333333
658.000000,4.511711080,53.452818685,83.936115413,6.000000,30.377777778
658.250000,4.514630427,53.446989788,83.936592081,6.000000,30.372222222
658.500000,4.517549599,53.441160858,83.937068767,6.000000,30.366666667
658.750000,4.520468596,53.435331895,83.937545471,6.000000,30.361111111
659.000000,4.523387417,53.429502899,83.938022192,6.000000,30.355555556
659.250000,4.526306063,53.423673869,83.938498930,6.000000,30.350000000
659.500000,4.529224533,53.417844807,83.938975686,6.000000,30.344444444
659.750000,4.532142828,53.412015711,83.939452459,6.000000,30.338888889
660.000000,4.535060947,53.406186583,83.939929250,6.000000,30.333333333
660.250000,4.537978891,53.400357421,83.940406058,6.000000,30.327777778
660.500000,4.540896660,53.394528226,83.940882884,6.000000,30.322222222
660.750000,4.543814253,53.388698998,83.941359726,6.000000,30.316666667
661.000000,4.546731671,53.382869737,83.941836587,6.000000,30.311111111
661.250000,4.549648913,53.377040443,83.942313464,6.000000,30.305555556
661.500000,4.552565980,53.371211116,83.942790360,6.000000,30.300000000
661.750000,4.555482872,53.365381755,83.943267272,6.000000,30.294444444
662.000000,4.558399589,53.359552362,83.943744202,6.000000,30.288888889
662.250000,4.561316130,53.353722935,83.944221150,6.000000,30.283333333
662.500000,4.564232496,53.347893475,83.944698114,6.000000,30.277777778
662.750000,4.567148686,53.342063982,83.945175097,6.000000,30.272222222
663.000000,4.570064702,53.336234456,83.945652096,6.000000,30.266666667
663.250000,4.572980542,53.330404897,83.946129114,6.000000,30.261111111
663.500000,4.575896207,53.324575305,83.946606148,6.000000,30.255555556
663.750000,4.578811696,53.318745679,83.947083200,6.000000,30.250000000
664.000000,4.581727010,53.312916021,83.947560269,6.000000,30.244444444
664.250000,4.584642149,53.307086329,83.948037356,6.000000,30.238888889
664.500000,4.587557113,53.301256604,83.948514460,6.000000,30.233333333
664.750000,4.590471902,53.295426846,83.948991582,6.000000,30.227777778
665.000000,4.593386515,53.289597055,83.949468721,6.000000,30.222222222
665.250000,4.596300953,53.283767231,83.949945878,6.000000,30.216666667
665.500000,4.599215216,53.277937374,83.950423052,6.000000,30.211111111
665.750000,4.602129304,53.272107483,83.950900243,6.000000,30.205555556
666.000000,4.605043217,53.266277559,83.951377452,6.000000,30.200000000
666.250000,4.607956954,53.260447603,83.951854678,6.000000,30.194444444
666.500000,4.610870517,53.254617613,83.952331921,6.000000,30.188888889
666.750000,4.613783904,53.248787590,83.952809183,6.000000,30.183333333
667.000000,4.616697116,53.242957534,83.953286461,6.000000,30.177777778
667.250000,4.619610153,53.237127444,83.953763757,6.000000,30.172222222
667.500000,4.622523015,53.231297322,83.954241070,6.000000,30.166666667
667.750000,4.625435701,53.225467166,83.954718401,6.000000,30.161111111
668.000000,4.628348213,53.219636977,83.955195749,6.000000,30.155555556
668.250000,4.631260549,53.213806755,83.955673115,6.000000,30.150000000
668.500000,4.634172711,53.207976500,83.956150498,6.000000,30.144444444
668.750000,4.637084697,53.202146212,83.956627898,6.000000,30.138888889
669.000000,4.639996509,53.196315891,83.957105316,6.000000,30.133333333
669.250000,4.642908145,53.190485536,83.957582751,6.000000,30.127777778
669.500000,4.645819606,53.184655148,83.958060204,6.000000,30.122222222
669.750000,4.648730893,53.178824728,83.958537674,6.000000,30.116666667
670.000000,4.651642004,53.172994274,83.959015162,6.000000,30.111111111
670.250000,4.654552940,53.167163786,83.959492667,6.000000,30.105555556
670.500000,4.657463701,53.161333266,83.959970189,6.000000,30.100000000
670.750000,4.660374288,53.155502713,83.960447729,6.000000,30.094444444
671.000000,4.663284699,53.149672126,83.960925287,6.000000,30.088888889
671.250000,4.666194935,53.143841506,83.961402861,6.000000,30.083333333
671.500000,4.669104997,53.138010853,83.961880453,6.000000,30.077777778
671.750000,4.672014883,53.132180167,83.962358063,6.000000,30.072222222
672.000000,4.674924595,53.126349448,83.962835690,6.000000,30.066666667
672.250000,4.677834131,53.120518695,83.963313335,6.000000,30.061111111
672.500000,4.680743493,53.114687910,83.963790996,6.000000,30.055555556
672.750000,4.683652680,53.108857091,83.964268676,6.000000,30.050000000
673.000000,4.686561692,53.103026239,83.964746373,6.000000,30.044444444
673.250000,4.689470529,53.097195354,83.965224087,6.000000,30.038888889
673.500000,4.692379191,53.091364435,83.965701818,6.000000,30.033333333
673.750000,4.695287678,53.085533484,83.966179567,6.000000,30.027777778
674.000000,4.698195991,53.079702499,83.966657334,6.000000,30.022222222
674.250000,4.701104128,53.073871481,83.967135118,6.000000,30.016666667
674.500000,4.704012091,53.068040430,83.967612919,6.000000,30.011111111
674.750000,4.706919879,53.062209346,83.968090738,6.000000,30.005555556
675.000000,4.709827492,53.056378229,83.968568574,6.000000,30.000000000
675.250000,4.712734930,53.050547078,83.969046428,6.000000,29.994444444
675.500000,4.715642194,53.044715894,83.969524299,6.000000,29.988888889
675.750000,4.718549282,53.038884677,83.970002187,6.000000,29.983333333
676.000000,4.721456196,53.033053427,83.970480093,6.000000,29.977777778
676.250000,4.724362935,53.027222144,83.970958017,6.000000,29.972222222
676.500000,4.727269500,53.021390827,83.971435957,6.000000,29.966666667
676.750000,4.730175889,53.015559477,83.971913916,6.000000,29.961111111
677.000000,4.733082104,53.009728095,83.972391891,6.000000,29.955555556
677.250000,4.735988144,53.003896678,83.972869884,6.000000,29.950000000
677.500000,4.738894010,52.998065229,83.973347895,6.000000,29.944444444
677.750000,4.741799701,52.992233747,83.973825923,6.000000,29.938888889
678.000000,4.744705217,52.986402231,83.974303968,6.000000,29.933333333
678.250000,4.747610558,52.980570682,83.974782031,6.000000,29.927777778
678.500000,4.750515725,52.974739100,83.975260111,6.000000,29.922222222
678.750000,4.753420717,52.968907485,83.975738209,6.000000,29.916666667
679.000000,4.756325534,52.963075836,83.976216324,6.000000,29.911111111
679.250000,4.759230177,52.957244155,83.976694457,6.000000,29.905555556
679.500000,4.762134645,52.951412440,83.977172607,6.000000,29.900000000
679.750000,4.765038938,52.945580692,83.977650774,6.000000,29.894444444
680.000000,4.767943057,52.939748910,83.978128959,6.000000,29.888888889
680.250000,4.770847001,52.933917096,83.978607162,6.000000,29.883333333
680.500000,4.773750771,52.928085248,83.979085381,6.000000,29.877777778
680.750000,4.776654366,52.922253367,83.979563619,6.000000,29.872222222
681.000000,4.779557786,52.916421453,83.980041873,6.000000,29.866666667
681.250000,4.782461032,52.910589506,83.980520145,6.000000,29.861111111
681.500000,4.785364104,52.904757525,83.980998435,6.000000,29.855555556
681.750000,4.788267000,52.898925511,83.981476742,6.000000,29.850000000
682.000000,4.791169723,52.893093464,83.981955066,6.000000,29.844444444
682.250000,4.794072270,52.887261384,83.982433408,6.000000,29.838888889
682.500000,4.796974643,52.881429271,83.982911767,6.000000,29.833333333
682.750000,4.799876842,52.875597124,83.983390144,6.000000,29.827777778
683.000000,4.802778866,52.869764944,83.983868538,6.000000,29.822222222
683.250000,4.805680716,52.863932731,83.984346950,6.000000,29.816666667
683.500000,4.808582391,52.858100485,83.984825379,6.000000,29.811111111
683.750000,4.811483892,52.852268205,83.985303825,6.000000,29.805555556
684.000000,4.814385218,52.846435892,83.985782289,6.000000,29.800000000
684.250000,4.817286370,52.840603546,83.986260771,6.000000,29.794444444
684.500000,4.820187347,52.834771167,83.986739270,6.000000,29.788888889
684.750000,4.823088150,52.828938755,83.987217786,6.000000,29.783333333
685.000000,4.825988778,52.823106309,83.987696319,6.000000,29.777777778
685.250000,4.828889232,52.817273830,83.988174871,6.000000,29.772222222
685.500000,4.831789512,52.811441318,83.988653439,6.000000,29.766666667
685.750000,4.834689617,52.805608773,83.989132025,6.000000,29.761111111
686.000000,4.837589548,52.799776194,83.989610629,6.000000,29.755555556
686.250000,4.840489305,52.793943582,83.990089250,6.000000,29.750000000
686.500000,4.843388887,52.788110937,83.990567888,6.000000,29.744444444
686.750000,4.846288295,52.782278259,83.991046544,6.000000,29.738888889
687.000000,4.849187528,52.776445547,83.991525217,6.000000,29.733333333
687.250000,4.852086587,52.770612802,83.992003908,6.000000,29.727777778
687.500000,4.854985472,52.764780024,83.992482616,6.000000,29.722222222
687.750000,4.857884182,52.758947213,83.992961341,6.000000,29.716666667
688.000000,4.860782718,52.753114368,83.993440084,6.000000,29.711111111
688.250000,4.863681080,52.747281491,83.993918845,6.000000,29.705555556
688.500000,4.866579268,52.741448580,83.994397623,6.000000,29.700000000
688.750000,4.869477281,52.735615635,83.994876418,6.000000,29.694444444
689.000000,4.872375120,52.729782658,83.995355231,6.000000,29.688888889
689.250000,4.875272785,52.723949647,83.995834061,6.000000,29.683333333
689.500000,4.878170275,52.718116603,83.996312909,6.000000,29.677777778
689.750000,4.881067592,52.712283526,83.996791774,6.000000,29.672222222
690.000000,4.883964734,52.706450415,83.997270656,6.000000,29.666666667
690.250000,4.886861701,52.700617271,83.997749556,6.000000,29.661111111
690.500000,4.889758495,52.694784094,83.998228474,6.000000,29.655555556
690.750000,4.892655114,52.688950884,83.998707409,6.000000,29.650000000
691.000000,4.895551560,52.683117640,83.999186361,6.000000,29.644444444
691.250000,4.898447831,52.677284364,83.999665331,6.000000,29.638888889
691.500000,4.901343927,52.671451054,84.000144318,6.000000,29.633333333
691.750000,4.904239850,52.665617710,84.000623323,6.000000,29.627777778
692.000000,4.907135599,52.659784334,84.001102345,6.000000,29.622222222
692.250000,4.910031173,52.653950924,84.001581384,6.000000,29.616666667
692.500000,4.912926573,52.648117481,84.002060441,6.000000,29.611111111
692.750000,4.915821799,52.642284004,84.002539516,6.000000,29.605555556
693.000000,4.918716851,52.636450494,84.003018608,6.000000,29.600000000
693.250000,4.921611729,52.630616951,84.003497717,6.000000,29.594444444
693.500000,4.924506433,52.624783375,84.003976844,6.000000,29.588888889
693.750000,4.927400963,52.618949766,84.004455988,6.000000,29.583333333
694.000000,4.930295319,52.613116123,84.004935150,6.000000,29.577777778
694.250000,4.933189500,52.607282447,84.005414329,6.000000,29.572222222
694.500000,4.936083508,52.601448738,84.005893526,6.000000,29.566666667
694.750000,4.938977341,52.595614995,84.006372740,6.000000,29.561111111
695.000000,4.941871001,52.589781219,84.006851971,6.000000,29.555555556
695.250000,4.944764486,52.583947410,84.007331220,6.000000,29.550000000
695.500000,4.947657798,52.578113567,84.007810487,6.000000,29.544444444
695.750000,4.950550935,52.572279692,84.008289771,6.000000,29.538888889
696.000000,4.953443899,52.566445783,84.008769072,6.000000,29.533333333
696.250000,4.956336688,52.560611840,84.009248391,6.000000,29.527777778
696.500000,4.959229304,52.554777865,84.009727727,6.000000,29.522222222
696.750000,4.962121745,52.548943856,84.010207081,6.000000,29.516666667
697.000000,4.965014013,52.543109814,84.010686452,6.000000,29.511111111
697.250000,4.967906106,52.537275738,84.011165840,6.000000,29.505555556
697.500000,4.970798026,52.531441630,84.011645247,6.000000,29.500000000
697.750000,4.973689772,52.525607488,84.012124670,6.000000,29.494444444
698.000000,4.976581343,52.519773312,84.012604111,6.000000,29.488888889
698.250000,4.979472741,52.513939104,84.013083569,6.000000,29.483333333
698.500000,4.982363965,52.508104862,84.013563045,6.000000,29.477777778
698.750000,4.985255016,52.502270587,84.014042539,6.000000,29.472222222
699.000000,4.988145892,52.496436278,84.014522049,6.000000,29.466666667
699.250000,4.991036594,52.490601936,84.015001577,6.000000,29.461111111
699.500000,4.993927123,52.484767561,84.015481123,6.000000,29.455555556
699.750000,4.996817477,52.478933153,84.015960686,6.000000,29.450000000
700.000000,4.999707658,52.473098711,84.016440267,6.000000,29.444444444
700.250000,5.002597665,52.467264236,84.016919865,6.000000,29.438888889
700.500000,5.005487498,52.461429728,84.017399480,6.000000,29.433333333
700.750000,5.008377158,52.455595186,84.017879113,6.000000,29.427777778
701.000000,5.011266643,52.449760611,84.018358764,6.000000,29.422222222
701.250000,5.014155955,52.443926003,84.018838432,6.000000,29.416666667
701.500000,5.017045093,52.438091361,84.019318117,6.000000,29.411111111
701.750000,5.019934057,52.432256686,84.019797820,6.000000,29.405555556
702.000000,5.022822848,52.426421978,84.020277540,6.000000,29.400000000
702.250000,5.025711465,52.420587237,84.020757277,6.000000,29.394444444
702.500000,5.028599908,52.414752462,84.021237033,6.000000,29.388888889
702.750000,5.031488177,52.408917654,84.021716805,6.000000,29.383333333
703.000000,5.034376272,52.403082812,84.022196595,6.000000,29.377777778
703.250000,5.037264194,52.397247938,84.022676403,6.000000,29.372222222
703.500000,5.040151942,52.391413030,84.023156228,6.000000,29.366666667
703.750000,5.043039517,52.385578088,84.023636070,6.000000,29.361111111
704.000000,5.045926917,52.379743113,84.024115930,6.000000,29.355555556
704.250000,5.048814144,52.373908105,84.024595807,6.000000,29.350000000
704.500000,5.051701198,52.368073064,84.025075702,6.000000,29.344444444
704.750000,5.054588078,52.362237989,84.025555614,6.000000,29.338888889
705.000000,5.057474784,52.356402881,84.026035544,6.000000,29.333333333
705.250000,5.060361316,52.350567740,84.026515491,6.000000,29.327777778
705.500000,5.063247675,52.344732565,84.026995456,6.000000,29.322222222
705.750000,5.066133860,52.338897357,84.027475438,6.000000,29.316666667
706.000000,5.069019872,52.333062116,84.027955438,6.000000,29.311111111
706.250000,5.071905710,52.327226841,84.028435455,6.000000,29.305555556
706.500000,5.074791374,52.321391533,84.028915489,6.000000,29.300000000
706.750000,5.077676865,52.315556192,84.029395541,6.000000,29.294444444
707.000000,5.080562182,52.309720817,84.029875610,6.000000,29.288888889
707.250000,5.083447326,52.303885409,84.030355697,6.000000,29.283333333
707.500000,5.086332296,52.298049968,84.030835802,6.000000,29.277777778
707.750000,5.089217093,52.292214493,84.031315923,6.000000,29.272222222
708.000000,5.092101716,52.286378985,84.031796063,6.000000,29.266666667
708.250000,5.094986166,52.280543444,84.032276219,6.000000,29.261111111
708.500000,5.097870442,52.274707869,84.032756393,6.000000,29.255555556
708.750000,5.100754544,52.268872261,84.033236585,6.000000,29.250000000
709.000000,5.103638473,52.263036619,84.033716794,6.000000,29.244444444
709.250000,5.106522229,52.257200944,84.034197021,6.000000,29.238888889
709.500000,5.109405811,52.251365236,84.034677265,6.000000,29.233333333
709.750000,5.112289220,52.245529495,84.035157526,6.000000,29.227777778
710.000000,5.115172455,52.239693720,84.035637805,6.000000,29.222222222
710.250000,5.118055517,52.233857912,84.036118102,6.000000,29.216666667
710.500000,5.120938405,52.228022070,84.036598415,6.000000,29.211111111
710.750000,5.123821120,52.222186195,84.037078747,6.000000,29.205555556
711.000000,5.126703662,52.216350287,84.037559096,6.000000,29.200000000
711.250000,5.129586030,52.210514346,84.038039462,6.000000,29.194444444
711.500000,5.132468224,52.204678371,84.038519846,6.000000,29.188888889
711.750000,5.135350246,52.198842362,84.039000247,6.000000,29.183333333
712.000000,5.138232094,52.193006321,84.039480665,6.000000,29.177777778
712.250000,5.141113768,52.187170246,84.039961102,6.000000,29.172222222
712.500000,5.143995270,52.181334137,84.040441555,6.000000,29.166666667
712.750000,5.146876598,52.175497995,84.040922026,6.000000,29.161111111
713.000000,5.149757752,52.169661820,84.041402515,6.000000,29.155555556
713.250000,5.152638733,52.163825612,84.041883021,6.000000,29.150000000
713.500000,5.155519541,52.157989370,84.042363544,6.000000,29.144444444
713.750000,5.158400176,52.152153095,84.042844085,6.000000,29.138888889
714.000000,5.161280637,52.146316786,84.043324643,6.000000,29.133333333
714.250000,5.164160925,52.140480444,84.043805219,6.000000,29.127777778
714.500000,5.167041040,52.134644069,84.044285813,6.000000,29.122222222
714.750000,5.169920982,52.128807660,84.044766423,6.000000,29.116666667
715.000000,5.172800750,52.122971218,84.045247052,6.000000,29.111111111
715.250000,5.175680345,52.117134742,84.045727697,6.000000,29.105555556
715.500000,5.178559767,52.111298233,84.046208361,6.000000,29.100000000
715.750000,5.181439015,52.105461691,84.046689041,6.000000,29.094444444
716.000000,5.184318091,52.099625116,84.047169739,6.000000,29.088888889
716.250000,5.187196993,52.093788507,84.047650455,6.000000,29.083333333
716.500000,5.190075722,52.087951864,84.048131188,6.000000,29.077777778
716.750000,5.192954277,52.082115188,84.048611939,6.000000,29.072222222
717.000000,5.195832660,52.076278479,84.049092707,6.000000,29.066666667
717.250000,5.198710869,52.070441737,84.049573492,6.000000,29.061111111
717.500000,5.201588906,52.064604961,84.050054295,6.000000,29.055555556
717.750000,5.204466769,52.058768151,84.050535115,6.000000,29.050000000
718.000000,5.207344459,52.052931309,84.051015953,6.000000,29.044444444
718.250000,5.210221975,52.047094433,84.051496809,6.000000,29.038888889
718.500000,5.213099319,52.041257523,84.051977682,6.000000,29.033333333
718.750000,5.215976490,52.035420580,84.052458572,6.000000,29.027777778
719.000000,5.218853487,52.029583604,84.052939480,6.000000,29.022222222
719.250000,5.221730312,52.023746594,84.053420405,6.000000,29.016666667
719.500000,5.224606963,52.017909551,84.053901348,6.000000,29.011111111
719.750000,5.227483441,52.012072475,84.054382308,6.000000,29.005555556
720.000000,5.230359746,52.006235365,84.054863286,6.000000,29.000000000
720.250000,5.233235878,52.000398222,84.055344281,6.000000,28.994444444
720.500000,5.236111838,51.994561045,84.055825293,6.000000,28.988888889
720.750000,5.238987624,51.988723835,84.056306323,6.000000,28.983333333
721.000000,5.241863237,51.982886591,84.056787371,6.000000,28.977777778
721.250000,5.244738677,51.977049314,84.057268436,6.000000,28.972222222
721.500000,5.247613944,51.971212004,84.057749518,6.000000,28.966666667
721.750000,5.250489038,51.965374660,84.058230618,6.000000,28.961111111
722.000000,5.253363959,51.959537283,84.058711736,6.000000,28.955555556
722.250000,5.256238707,51.953699873,84.059192871,6.000000,28.950000000
722.500000,5.259113282,51.947862429,84.059674023,6.000000,28.944444444
722.750000,5.261987684,51.942024951,84.060155193,6.000000,28.938888889
723.000000,5.264861913,51.936187441,84.060636380,6.000000,28.933333333
723.250000,5.267735969,51.930349896,84.061117585,6.000000,28.927777778
723.500000,5.270609853,51.924512319,84.061598808,6.000000,28.922222222
723.750000,5.273483563,51.918674708,84.062080047,6.000000,28.916666667
724.000000,5.276357101,51.912837063,84.062561305,6.000000,28.911111111
724.250000,5.279230465,51.906999385,84.063042579,6.000000,28.905555556
724.500000,5.282103657,51.901161674,84.063523872,6.000000,28.900000000
724.750000,5.284976676,51.895323929,84.064005181,6.000000,28.894444444
725.000000,5.287849522,51.889486151,84.064486508,6.000000,28.888888889
725.250000,5.290722195,51.883648340,84.064967853,6.000000,28.883333333
725.500000,5.293594695,51.877810495,84.065449215,6.000000,28.877777778
725.750000,5.296467022,51.871972616,84.065930595,6.000000,28.872222222
726.000000,5.299339177,51.866134704,84.066411992,6.000000,28.866666667
726.250000,5.302211159,51.860296759,84.066893406,6.000000,28.861111111
726.500000,5.305082968,51.854458780,84.067374838,6.000000,28.855555556
726.750000,5.307954604,51.848620768,84.067856288,6.000000,28.850000000
727.000000,5.310826067,51.842782723,84.068337755,6.000000,28.844444444
727.250000,5.313697358,51.836944644,84.068819239,6.000000,28.838888889
727.500000,5.316568476,51.831106531,84.069300741,6.000000,28.833333333
727.750000,5.319439421,51.825268385,84.069782261,6.000000,28.827777778
728.000000,5.322310193,51.819430206,84.070263798,6.000000,28.822222222
728.250000,5.325180792,51.813591993,84.070745352,6.000000,28.816666667
728.500000,5.328051219,51.807753747,84.071226924,6.000000,28.811111111
728.750000,5.330921473,51.801915467,84.071708513,6.000000,28.805555556
729.000000,5.333791555,51.796077154,84.072190120,6.000000,28.800000000
729.250000,5.336661463,51.790238808,84.072671744,6.000000,28.794444444
729.500000,5.339531199,51.784400428,84.073153386,6.000000,28.788888889
729.750000,5.342400763,51.778562014,84.073635045,6.000000,28.783333333
730.000000,5.345270153,51.772723568,84.074116722,6.000000,28.777777778
730.250000,5.348139371,51.766885087,84.074598416,6.000000,28.772222222
730.500000,5.351008417,51.761046573,84.075080128,6.000000,28.766666667
730.750000,5.353877289,51.755208026,84.075561857,6.000000,28.761111111
731.000000,5.356745989,51.749369446,84.076043604,6.000000,28.755555556
731.250000,5.359614517,51.743530831,84.076525368,6.000000,28.750000000
731.500000,5.362482871,51.737692184,84.077007150,6.000000,28.744444444
731.750000,5.365351054,51.731853503,84.077488949,6.000000,28.738888889
732.000000,5.368219063,51.726014788,84.077970766,6.000000,28.733333333
732.250000,5.371086900,51.720176040,84.078452600,6.000000,28.727777778
732.500000,5.373954565,51.714337259,84.078934451,6.000000,28.722222222
732.750000,5.376822056,51.708498444,84.079416320,6.000000,28.716666667
733.000000,5.379689376,51.702659596,84.079898207,6.000000,28.711111111
733.250000,5.382556522,51.696820714,84.080380111,6.000000,28.705555556
733.500000,5.385423497,51.690981798,84.080862032,6.000000,28.700000000
733.750000,5.388290298,51.685142850,84.081343971,6.000000,28.694444444
734.000000,5.391156927,51.679303868,84.081825928,6.000000,28.688888889
734.250000,5.394023384,51.673464852,84.082307902,6.000000,28.683333333
734.500000,5.396889668,51.667625803,84.082789893,6.000000,28.677777778
734.750000,5.399755780,51.661786720,84.083271902,6.000000,28.672222222
735.000000,5.402621719,51.655947604,84.083753929,6.000000,28.666666667
735.250000,5.405487486,51.650108454,84.084235973,6.000000,28.661111111
735.500000,5.408353080,51.644269271,84.084718034,6.000000,28.655555556
735.750000,5.411218502,51.638430055,84.085200113,6.000000,28.650000000
736.000000,5.414083751,51.632590805,84.085682209,6.000000,28.644444444
736.250000,5.416948828,51.626751521,84.086164323,6.000000,28.638888889
736.500000,5.419813732,51.620912204,84.086646455,6.000000,28.633333333
736.750000,5.422678464,51.615072854,84.087128603,6.000000,28.627777778
737.000000,5.425543024,51.609233470,84.087610770,6.000000,28.622222222
737.250000,5.428407411,51.603394053,84.088092953,6.000000,28.616666667
737.500000,5.431271626,51.597554602,84.088575155,6.000000,28.611111111
737.750000,5.434135669,51.591715117,84.089057374,6.000000,28.605555556
738.000000,5.436999539,51.585875599,84.089539610,6.000000,28.600000000
738.250000,5.439863236,51.580036048,84.090021864,6.000000,28.594444444
738.500000,5.442726762,51.574196463,84.090504135,6.000000,28.588888889
738.750000,5.445590115,51.568356845,84.090986424,6.000000,28.583333333
739.000000,5.448453296,51.562517193,84.091468730,6.000000,28.577777778
739.250000,5.451316304,51.556677508,84.091951054,6.000000,28.572222222
739.500000,5.454179140,51.550837789,84.092433395,6.000000,28.566666667
739.750000,5.457041804,51.544998036,84.092915754,6.000000,28.561111111
740.000000,5.459904296,51.539158251,84.093398130,6.000000,28.555555556
740.250000,5.462766615,51.533318431,84.093880523,6.000000,28.550000000
740.500000,5.465628762,51.527478579,84.094362935,6.000000,28.544444444
740.750000,5.468490737,51.521638692,84.094845363,6.000000,28.538888889
741.000000,5.471352539,51.515798772,84.095327809,6.000000,28.533333333
741.250000,5.474214169,51.509958819,84.095810273,6.000000,28.527777778
741.500000,5.477075627,51.504118832,84.096292754,6.000000,28.522222222
741.750000,5.479936913,51.498278812,84.096775253,6.000000,28.516666667
742.000000,5.482798027,51.492438758,84.097257769,6.000000,28.511111111
742.250000,5.485658968,51.486598671,84.097740303,6.000000,28.505555556
742.500000,5.488519737,51.480758550,84.098222854,6.000000,28.500000000
742.750000,5.491380334,51.474918396,84.098705422,6.000000,28.494444444
743.000000,5.494240759,51.469078208,84.099188008,6.000000,28.488888889
743.250000,5.497101012,51.463237986,84.099670612,6.000000,28.483333333
743.500000,5.499961092,51.457397731,84.100153233,6.000000,28.477777778
743.750000,5.502821001,51.451557443,84.100635872,6.000000,28.472222222
744.000000,5.505680737,51.445717121,84.101118528,6.000000,28.466666667
744.250000,5.508540301,51.439876766,84.101601201,6.000000,28.461111111
744.500000,5.511399693,51.434036377,84.102083892,6.000000,28.455555556
744.750000,5.514258913,51.428195954,84.102566601,6.000000,28.450000000
745.000000,5.517117961,51.422355498,84.103049327,6.000000,28.444444444
745.250000,5.519976837,51.416515009,84.103532071,6.000000,28.438888889
745.500000,5.522835540,51.410674485,84.104014832,6.000000,28.433333333
745.750000,5.525694072,51.404833929,84.104497610,6.000000,28.427777778
746.000000,5.528552431,51.398993339,84.104980406,6.000000,28.422222222
746.250000,5.531410619,51.393152715,84.105463220,6.000000,28.416666667
746.500000,5.534268634,51.387312058,84.105946051,6.000000,28.411111111
746.750000,5.537126478,51.381471367,84.106428899,6.000000,28.405555556
747.000000,5.539984149,51.375630643,84.106911765,6.000000,28.400000000
747.250000,5.542841648,51.369789885,84.107394649,6.000000,28.394444444
747.500000,5.545698976,51.363949094,84.107877550,6.000000,28.388888889
747.750000,5.548556131,51.358108269,84.108360468,6.000000,28.383333333
748.000000,5.551413114,51.352267411,84.108843404,6.000000,28.377777778
748.250000,5.554269926,51.346426519,84.109326358,6.000000,28.372222222
748.500000,5.557126565,51.340585593,84.109809329,6.000000,28.366666667
748.750000,5.559983033,51.334744634,84.110292318,6.000000,28.361111111
749.000000,5.562839328,51.328903642,84.110775324,6.000000,28.355555556
749.250000,5.565695452,51.323062616,84.111258347,6.000000,28.350000000
749.500000,5.568551404,51.317221556,84.111741388,6.000000,28.344444444
749.750000,5.571407184,51.311380463,84.112224447,6.000000,28.338888889
750.000000,5.574262792,51.305539336,84.112707523,6.000000,28.333333333
750.250000,5.577118228,51.299698176,84.113190616,6.000000,28.327777778
750.500000,5.579973492,51.293856982,84.113673727,6.000000,28.322222222
750.750000,5.582828584,51.288015755,84.114156856,6.000000,28.316666667
751.000000,5.585683504,51.282174494,84.114640002,6.000000,28.311111111
751.250000,5.588538253,51.276333200,84.115123165,6.000000,28.305555556
751.500000,5.591392830,51.270491872,84.115606346,6.000000,28.300000000
751.750000,5.594247234,51.264650510,84.116089545,6.000000,28.294444444
752.000000,5.597101467,51.258809115,84.116572761,6.000000,28.288888889
752.250000,5.599955529,51.252967686,84.117055994,6.000000,28.283333333
752.500000,5.602809418,51.247126224,84.117539245,6.000000,28.277777778
752.750000,5.605663136,51.241284728,84.118022514,6.000000,28.272222222
753.000000,5.608516682,51.235443199,84.118505800,6.000000,28.266666667
753.250000,5.611370056,51.229601636,84.118989103,6.000000,28.261111111
753.500000,5.614223258,51.223760040,84.119472424,6.000000,28.255555556
753.750000,5.617076288,51.217918410,84.119955763,6.000000,28.250000000
754.000000,5.619929147,51.212076746,84.120439119,6.000000,28.244444444
754.250000,5.622781834,51.206235049,84.120922492,6.000000,28.238888889
754.500000,5.625634349,51.200393318,84.121405883,6.000000,28.233333333
754.750000,5.628486693,51.194551554,84.121889292,6.000000,28.227777778
755.000000,5.631338865,51.188709756,84.122372718,6.000000,28.222222222
755.250000,5.634190865,51.182867925,84.122856162,6.000000,28.216666667
755.500000,5.637042694,51.177026060,84.123339623,6.000000,28.211111111
755.750000,5.639894350,51.171184161,84.123823101,6.000000,28.205555556
756.000000,5.642745835,51.165342229,84.124306597,6.000000,28.200000000
756.250000,5.645597149,51.159500263,84.124790111,6.000000,28.194444444
756.500000,5.648448291,51.153658264,84.125273642,6.000000,28.188888889
756.750000,5.651299261,51.147816231,84.125757191,6.000000,28.183333333
757.000000,5.654150059,51.141974164,84.126240757,6.000000,28.177777778
757.250000,5.657000686,51.136132064,84.126724340,6.000000,28.172222222
757.500000,5.659851142,51.130289931,84.127207941,6.000000,28.166666667
757.750000,5.662701425,51.124447763,84.127691560,6.000000,28.161111111
758.000000,5.665551537,51.118605563,84.128175196,6.000000,28.155555556
758.250000,5.668401478,51.112763328,84.128658850,6.000000,28.150000000
758.500000,5.671251247,51.106921060,84.129142521,6.000000,28.144444444
758.750000,5.674100844,51.101078759,84.129626210,6.000000,28.138888889
759.000000,5.676950270,51.095236424,84.130109916,6.000000,28.133333333
759.250000,5.679799524,51.089394055,84.130593639,6.000000,28.127777778
759.500000,5.682648607,51.083551653,84.131077380,6.000000,28.122222222
759.750000,5.685497518,51.077709217,84.131561139,6.000000,28.116666667
760.000000,5.688346258,51.071866747,84.132044915,6.000000,28.111111111
760.250000,5.691194826,51.066024244,84.132528709,6.000000,28.105555556
760.500000,5.694043223,51.060181707,84.133012520,6.000000,28.100000000
760.750000,5.696891448,51.054339137,84.133496349,6.000000,28.094444444
761.000000,5.699739502,51.048496533,84.133980195,6.000000,28.088888889
761.250000,5.702587384,51.042653895,84.134464059,6.000000,28.083333333
761.500000,5.705435095,51.036811224,84.134947940,6.000000,28.077777778
761.750000,5.708282634,51.030968520,84.135431839,6.000000,28.072222222
762.000000,5.711130002,51.025125781,84.135915755,6.000000,28.066666667
762.250000,5.713977198,51.019283009,84.136399689,6.000000,28.061111111
762.500000,5.716824223,51.013440204,84.136883640,6.000000,28.055555556
762.750000,5.719671077,51.007597365,84.137367609,6.000000,28.050000000
763.000000,5.722517759,51.001754492,84.137851595,6.000000,28.044444444
763.250000,5.725364270,50.995911586,84.138335599,6.000000,28.038888889
763.500000,5.728210609,50.990068646,84.138819621,6.000000,28.033333333
763.750000,5.731056777,50.984225672,84.139303659,6.000000,28.027777778
764.000000,5.733902774,50.978382665,84.139787716,6.000000,28.022222222
764.250000,5.736748599,50.972539624,84.140271790,6.000000,28.016666667
764.500000,5.739594253,50.966696550,84.140755881,6.000000,28.011111111
764.750000,5.742439736,50.960853442,84.141239990,6.000000,28.005555556
765.000000,5.745285047,50.955010300,84.141724116,6.000000,28.000000000
765.250000,5.748130187,50.949167125,84.142208260,6.000000,27.994444444
765.500000,5.750975156,50.943323916,84.142692422,6.000000,27.988888889
765.750000,5.753819953,50.937480673,84.143176601,6.000000,27.983333333
766.000000,5.756664580,50.931637397,84.143660797,6.000000,27.977777778
766.250000,5.759509034,50.925794087,84.144145011,6.000000,27.972222222
766.500000,5.762353318,50.919950744,84.144629243,6.000000,27.966666667
766.750000,5.765197430,50.914107367,84.145113492,6.000000,27.961111111
767.000000,5.768041371,50.908263956,84.145597758,6.000000,27.955555556
767.250000,5.770885141,50.902420512,84.146082042,6.000000,27.950000000
767.500000,5.773728740,50.896577034,84.146566344,6.000000,27.944444444
767.750000,5.776572167,50.890733522,84.147050663,6.000000,27.938888889
768.000000,5.779415423,50.884889977,84.147534999,6.000000,27.933333333
768.250000,5.782258508,50.879046398,84.148019354,6.000000,27.927777778
768.500000,5.785101422,50.873202786,84.148503725,6.000000,27.922222222
768.750000,5.787944165,50.867359140,84.148988114,6.000000,27.916666667
769.000000,5.790786736,50.861515460,84.149472521,6.000000,27.911111111
769.250000,5.793629136,50.855671747,84.149956945,6.000000,27.905555556
769.500000,5.796471365,50.849828000,84.150441387,6.000000,27.900000000
769.750000,5.799313423,50.843984219,84.150925846,6.000000,27.894444444
770.000000,5.802155310,50.838140405,84.151410323,6.000000,27.888888889
770.250000,5.804997026,50.832296557,84.151894817,6.000000,27.883333333
770.500000,5.807838570,50.826452675,84.152379329,6.000000,27.877777778
770.750000,5.810679944,50.820608760,84.152863858,6.000000,27.872222222
771.000000,5.813521146,50.814764811,84.153348405,6.000000,27.866666667
771.250000,5.816362177,50.808920829,84.153832969,6.000000,27.861111111
771.500000,5.819203038,50.803076812,84.154317551,6.000000,27.855555556
771.750000,5.822043727,50.797232763,84.154802150,6.000000,27.850000000
772.000000,5.824884245,50.791388679,84.155286767,6.000000,27.844444444
772.250000,5.827724592,50.785544562,84.155771402,6.000000,27.838888889
772.500000,5.830564768,50.779700411,84.156256054,6.000000,27.833333333
772.750000,5.833404773,50.773856227,84.156740723,6.000000,27.827777778
773.000000,5.836244607,50.768012009,84.157225410,6.000000,27.822222222
773.250000,5.839084270,50.762167757,84.157710115,6.000000,27.816666667
773.500000,5.841923762,50.756323471,84.158194837,6.000000,27.811111111
773.750000,5.844763083,50.750479152,84.158679576,6.000000,27.805555556
774.000000,5.847602233,50.744634800,84.159164333,6.000000,27.800000000
774.250000,5.850441212,50.738790413,84.159649108,6.000000,27.794444444
774.500000,5.853280020,50.732945993,84.160133900,6.000000,27.788888889
774.750000,5.856118657,50.727101539,84.160618709,6.000000,27.783333333
775.000000,5.858957123,50.721257052,84.161103537,6.000000,27.777777778
775.250000,5.861795418,50.715412531,84.161588381,6.000000,27.772222222
775.500000,5.864633542,50.709567976,84.162073243,6.000000,27.766666667
775.750000,5.867471496,50.703723388,84.162558123,6.000000,27.761111111
776.000000,5.870309278,50.697878766,84.163043020,6.000000,27.755555556
776.250000,5.873146890,50.692034110,84.163527935,6.000000,27.750000000
776.500000,5.875984330,50.686189420,84.164012867,6.000000,27.744444444
776.750000,5.878821600,50.680344697,84.164497817,6.000000,27.738888889
777.000000,5.881658699,50.674499941,84.164982785,6.000000,27.733333333
777.250000,5.884495627,50.668655150,84.165467769,6.000000,27.727777778
777.500000,5.887332384,50.662810326,84.165952772,6.000000,27.722222222
777.750000,5.890168971,50.656965468,84.166437792,6.000000,27.716666667
778.000000,5.893005386,50.651120577,84.166922829,6.000000,27.711111111
778.250000,5.895841631,50.645275651,84.167407884,6.000000,27.705555556
778.500000,5.898677705,50.639430692,84.167892957,6.000000,27.700000000
778.750000,5.901513608,50.633585700,84.168378047,6.000000,27.694444444
779.000000,5.904349341,50.627740674,84.168863154,6.000000,27.688888889
779.250000,5.907184902,50.621895614,84.169348279,6.000000,27.683333333
779.500000,5.910020293,50.616050520,84.169833422,6.000000,27.677777778
779.750000,5.912855513,50.610205393,84.170318582,6.000000,27.672222222
780.000000,5.915690562,50.604360232,84.170803760,6.000000,27.666666667
780.250000,5.918525441,50.598515037,84.171288955,6.000000,27.661111111
780.500000,5.921360149,50.592669809,84.171774167,6.000000,27.655555556
780.750000,5.924194686,50.586824547,84.172259398,6.000000,27.650000000
781.000000,5.927029052,50.580979251,84.172744645,6.000000,27.644444444
781.250000,5.929863248,50.575133921,84.173229911,6.000000,27.638888889
781.500000,5.932697273,50.569288558,84.173715194,6.000000,27.633333333
781.750000,5.935531127,50.563443161,84.174200494,6.000000,27.627777778
782.000000,5.938364811,50.557597731,84.174685812,6.000000,27.622222222
782.250000,5.941198324,50.551752266,84.175171147,6.000000,27.616666667
782.500000,5.944031666,50.545906768,84.175656500,6.000000,27.611111111
782.750000,5.946864837,50.540061237,84.176141871,6.000000,27.605555556
783.000000,5.949697838,50.534215671,84.176627259,6.000000,27.600000000
783.250000,5.952530669,50.528370072,84.177112664,6.000000,27.594444444
783.500000,5.955363329,50.522524439,84.177598087,6.000000,27.588888889
783.750000,5.958195818,50.516678773,84.178083528,6.000000,27.583333333
784.000000,5.961028136,50.510833073,84.178568986,6.000000,27.577777778
784.250000,5.963860284,50.504987339,84.179054462,6.000000,27.572222222
784.500000,5.966692262,50.499141571,84.179539955,6.000000,27.566666667
784.750000,5.969524069,50.493295769,84.180025465,6.000000,27.561111111
785.000000,5.972355705,50.487449934,84.180510994,6.000000,27.555555556
785.250000,5.975187171,50.481604066,84.180996539,6.000000,27.550000000
785.500000,5.978018466,50.475758163,84.181482103,6.000000,27.544444444
785.750000,5.980849590,50.469912227,84.181967684,6.000000,27.538888889
786.000000,5.983680544,50.464066257,84.182453282,6.000000,27.533333333
786.250000,5.986511328,50.458220253,84.182938898,6.000000,27.527777778
786.500000,5.989341941,50.452374216,84.183424531,6.000000,27.522222222
786.750000,5.992172384,50.446528145,84.183910182,6.000000,27.516666667
787.000000,5.995002656,50.440682040,84.184395851,6.000000,27.511111111
787.250000,5.997832758,50.434835901,84.184881537,6.000000,27.505555556
787.500000,6.000662689,50.428989729,84.185367240,6.000000,27.500000000
787.750000,6.003492449,50.423143523,84.185852962,6.000000,27.494444444
788.000000,6.006322040,50.417297283,84.186338700,6.000000,27.488888889
788.250000,6.009151460,50.411451009,84.186824456,6.000000,27.483333333
788.500000,6.011980709,50.405604702,84.187310230,6.000000,27.477777778
788.750000,6.014809788,50.399758361,84.187796021,6.000000,27.472222222
789.000000,6.017638697,50.393911986,84.188281830,6.000000,27.466666667
789.250000,6.020467435,50.388065578,84.188767657,6.000000,27.461111111
789.500000,6.023296003,50.382219136,84.189253500,6.000000,27.455555556
789.750000,6.026124400,50.376372660,84.189739362,6.000000,27.450000000
790.000000,6.028952627,50.370526150,84.190225241,6.000000,27.444444444
790.250000,6.031780684,50.364679607,84.190711137,6.000000,27.438888889
790.500000,6.034608570,50.358833030,84.191197051,6.000000,27.433333333
790.750000,6.037436286,50.352986419,84.191682983,6.000000,27.427777778
791.000000,6.040263832,50.347139774,84.192168932,6.000000,27.422222222
791.250000,6.043091207,50.341293096,84.192654898,6.000000,27.416666667
791.500000,6.045918412,50.335446383,84.193140883,6.000000,27.411111111
791.750000,6.048745447,50.329599638,84.193626884,6.000000,27.405555556
792.000000,6.051572311,50.323752858,84.194112904,6.000000,27.400000000
792.250000,6.054399006,50.317906044,84.194598940,6.000000,27.394444444
792.500000,6.057225529,50.312059197,84.195084995,6.000000,27.388888889
792.750000,6.060051883,50.306212316,84.195571067,6.000000,27.383333333
793.000000,6.062878066,50.300365402,84.196057156,6.000000,27.377777778
793.250000,6.065704080,50.294518453,84.196543263,6.000000,27.372222222
793.500000,6.068529922,50.288671471,84.197029387,6.000000,27.366666667
793.750000,6.071355595,50.282824455,84.197515529,6.000000,27.361111111
794.000000,6.074181098,50.276977406,84.198001689,6.000000,27.355555556
794.250000,6.077006430,50.271130322,84.198487866,6.000000,27.350000000
794.500000,6.079831592,50.265283205,84.198974061,6.000000,27.344444444
794.750000,6.082656584,50.259436054,84.199460273,6.000000,27.338888889
795.000000,6.085481405,50.253588869,84.199946503,6.000000,27.333333333
795.250000,6.088306057,50.247741651,84.200432750,6.000000,27.327777778
795.500000,6.091130538,50.241894398,84.200919015,6.000000,27.322222222
795.750000,6.093954849,50.236047112,84.201405297,6.000000,27.316666667
796.000000,6.096778990,50.230199793,84.201891597,6.000000,27.311111111
796.250000,6.099602961,50.224352439,84.202377914,6.000000,27.305555556
796.500000,6.102426762,50.218505052,84.202864249,6.000000,27.300000000
796.750000,6.105250393,50.212657630,84.203350602,6.000000,27.294444444
797.000000,6.108073853,50.206810176,84.203836972,6.000000,27.288888889
797.250000,6.110897144,50.200962687,84.204323360,6.000000,27.283333333
797.500000,6.113720264,50.195115164,84.204809765,6.000000,27.277777778
797.750000,6.116543215,50.189267608,84.205296187,6.000000,27.272222222
798.000000,6.119365995,50.183420018,84.205782628,6.000000,27.266666667
798.250000,6.122188605,50.177572394,84.206269085,6.000000,27.261111111
798.500000,6.125011045,50.171724737,84.206755561,6.000000,27.255555556
798.750000,6.127833315,50.165877045,84.207242054,6.000000,27.250000000
799.000000,6.130655416,50.160029320,84.207728564,6.000000,27.244444444
799.250000,6.133477346,50.154181561,84.208215092,6.000000,27.238888889
799.500000,6.136299106,50.148333769,84.208701637,6.000000,27.233333333
799.750000,6.139120696,50.142485942,84.209188201,6.000000,27.227777778
800.000000,6.141942116,50.136638082,84.209674781,6.000000,27.222222222
800.250000,6.144763366,50.130790188,84.210161379,6.000000,27.216666667
800.500000,6.147584446,50.124942260,84.210647995,6.000000,27.211111111
800.750000,6.150405356,50.119094298,84.211134628,6.000000,27.205555556
801.000000,6.153226097,50.113246303,84.211621279,6.000000,27.200000000
801.250000,6.156046667,50.107398274,84.212107947,6.000000,27.194444444
801.500000,6.158867067,50.101550211,84.212594633,6.000000,27.188888889
801.750000,6.161687298,50.095702114,84.213081337,6.000000,27.183333333
802.000000,6.164507358,50.089853983,84.213568058,6.000000,27.177777778
802.250000,6.167327249,50.084005819,84.214054796,6.000000,27.172222222
802.500000,6.170146970,50.078157620,84.214541552,6.000000,27.166666667
802.750000,6.172966521,50.072309388,84.215028326,6.000000,27.161111111
803.000000,6.175785902,50.066461122,84.215515117,6.000000,27.155555556
803.250000,6.178605113,50.060612823,84.216001926,6.000000,27.150000000
803.500000,6.181424154,50.054764489,84.216488752,6.000000,27.144444444
803.750000,6.184243025,50.048916122,84.216975596,6.000000,27.138888889
804.000000,6.187061727,50.043067721,84.217462457,6.000000,27.133333333
804.250000,6.189880259,50.037219286,84.217949336,6.000000,27.127777778
804.500000,6.192698621,50.031370817,84.218436233,6.000000,27.122222222
804.750000,6.195516813,50.025522315,84.218923147,6.000000,27.116666667
805.000000,6.198334835,50.019673778,84.219410078,6.000000,27.111111111
805.250000,6.201152688,50.013825208,84.219897027,6.000000,27.105555556
805.500000,6.203970370,50.007976604,84.220383994,6.000000,27.100000000
805.750000,6.206787883,50.002127967,84.220870978,6.000000,27.094444444
806.000000,6.209605227,49.996279295,84.221490406,6.000000,27.088888889
806.250000,6.212422401,49.990430580,84.222185595,6.000000,27.083333333
806.500000,6.215239409,49.984581818,84.222880811,6.000000,27.077777778
806.750000,6.218056248,49.978733006,84.223576054,6.000000,27.072222222
807.000000,6.220872920,49.972884147,84.224271323,6.000000,27.066666667
807.250000,6.223689425,49.967035239,84.224966619,6.000000,27.061111111
807.500000,6.226505761,49.961186283,84.225661941,6.000000,27.055555556
807.750000,6.229321931,49.955337279,84.226357290,6.000000,27.050000000
808.000000,6.232137932,49.949488226,84.227052665,6.000000,27.044444444
808.250000,6.234953767,49.943639125,84.227748067,6.000000,27.038888889
808.500000,6.237769433,49.937789976,84.228443495,6.000000,27.033333333
808.750000,6.240584932,49.931940779,84.229138950,6.000000,27.027777778
809.000000,6.243400264,49.926091533,84.229834431,6.000000,27.022222222
809.250000,6.246215428,49.920242239,84.230529939,6.000000,27.016666667
809.500000,6.249030424,49.914392897,84.231225473,6.000000,27.011111111
809.750000,6.251845253,49.908543506,84.231921034,6.000000,27.005555556
810.000000,6.254659915,49.902694067,84.232616621,6.000000,27.000000000
810.250000,6.257474409,49.896844580,84.233312235,6.000000,26.994444444
810.500000,6.260288735,49.890995044,84.234007876,6.000000,26.988888889
810.750000,6.263102894,49.885145460,84.234703543,6.000000,26.983333333
811.000000,6.265916886,49.879295828,84.235399236,6.000000,26.977777778
811.250000,6.268730710,49.873446148,84.236094956,6.000000,26.972222222
811.500000,6.271544367,49.867596419,84.236790703,6.000000,26.966666667
811.750000,6.274357856,49.861746642,84.237486476,6.000000,26.961111111
812.000000,6.277171178,49.855896816,84.238182276,6.000000,26.955555556
812.250000,6.279984332,49.850046942,84.238878102,6.000000,26.950000000
812.500000,6.282797320,49.844197020,84.239573954,6.000000,26.944444444
812.750000,6.285610139,49.838347050,84.240269834,6.000000,26.938888889
813.000000,6.288422792,49.832497031,84.240965739,6.000000,26.933333333
813.250000,6.291235277,49.826646964,84.241661672,6.000000,26.927777778
813.500000,6.294047594,49.820796849,84.242357631,6.000000,26.922222222
813.750000,6.296859744,49.814946685,84.243053616,6.000000,26.916666667
814.000000,6.299671727,49.809096473,84.243749628,6.000000,26.911111111
814.250000,6.302483543,49.803246212,84.244445666,6.000000,26.905555556
814.500000,6.305295191,49.797395904,84.245141731,6.000000,26.900000000
814.750000,6.308106672,49.791545547,84.245837823,6.000000,26.894444444
815.000000,6.310917986,49.785695141,84.246533941,6.000000,26.888888889
815.250000,6.313729132,49.779844688,84.247230086,6.000000,26.883333333
815.500000,6.316540111,49.773994185,84.247926257,6.000000,26.877777778
815.750000,6.319350923,49.768143635,84.248622455,6.000000,26.872222222
816.000000,6.322161567,49.762293036,84.249318679,6.000000,26.866666667
816.250000,6.324972045,49.756442389,84.250014930,6.000000,26.861111111
816.500000,6.327782355,49.750591694,84.250711207,6.000000,26.855555556
816.750000,6.330592497,49.744740950,84.251407511,6.000000,26.850000000
817.000000,6.333402473,49.738890158,84.252103842,6.000000,26.844444444
817.250000,6.336212281,49.733039317,84.252800199,6.000000,26.838888889
817.500000,6.339021922,49.727188428,84.253496582,6.000000,26.833333333
817.750000,6.341831396,49.721337491,84.254192992,6.000000,26.827777778
818.000000,6.344640703,49.715486505,84.254889429,6.000000,26.822222222
818.250000,6.347449843,49.709635471,84.255585892,6.000000,26.816666667
818.500000,6.350258815,49.703784389,84.256282382,6.000000,26.811111111
818.750000,6.353067620,49.697933258,84.256978899,6.000000,26.805555556
819.000000,6.355876258,49.692082079,84.257675441,6.000000,26.800000000
819.250000,6.358684729,49.686230852,84.258372011,6.000000,26.794444444
819.500000,6.361493033,49.680379576,84.259068607,6.000000,26.788888889
819.750000,6.364301169,49.674528252,84.259765230,6.000000,26.783333333
820.000000,6.367109139,49.668676879,84.260461879,6.000000,26.777777778
820.250000,6.369916941,49.662825458,84.261158555,6.000000,26.772222222
820.500000,6.372724577,49.656973989,84.261855257,6.000000,26.766666667
820.750000,6.375532045,49.651122471,84.262551986,6.000000,26.761111111
821.000000,6.378339346,49.645270905,84.263248741,6.000000,26.755555556
821.250000,6.381146480,49.639419290,84.263945523,6.000000,26.750000000
821.500000,6.383953447,49.633567628,84.264642332,6.000000,26.744444444
821.750000,6.386760247,49.627715916,84.265339167,6.000000,26.738888889
822.000000,6.389566880,49.621864157,84.266036029,6.000000,26.733333333
822.250000,6.392373346,49.616012349,84.266732917,6.000000,26.727777778
822.500000,6.395179645,49.610160492,84.267429832,6.000000,26.722222222
822.750000,6.397985777,49.604308587,84.268126773,6.000000,26.716666667
823.000000,6.400791741,49.598456634,84.268823741,6.000000,26.711111111
823.250000,6.403597539,49.592604632,84.269520736,6.000000,26.705555556
823.500000,6.406403170,49.586752582,84.270217757,6.000000,26.700000000
823.750000,6.409208634,49.580900484,84.270914804,6.000000,26.694444444
824.000000,6.412013931,49.575048337,84.271611879,6.000000,26.688888889
824.250000,6.414819061,49.569196142,84.272308980,6.000000,26.683333333
824.500000,6.417624024,49.563343898,84.273006107,6.000000,26.677777778
824.750000,6.420428820,49.557491606,84.273703261,6.000000,26.672222222
825.000000,6.423233449,49.551639265,84.274400442,6.000000,26.666666667
825.250000,6.426037911,49.545786876,84.275097649,6.000000,26.661111111
825.500000,6.428842206,49.539934439,84.275794883,6.000000,26.655555556
825.750000,6.431646335,49.534081953,84.276492143,6.000000,26.650000000
826.000000,6.434450296,49.528229419,84.277189430,6.000000,26.644444444
826.250000,6.437254091,49.522376837,84.277886743,6.000000,26.638888889
826.500000,6.440057719,49.516524206,84.278584083,6.000000,26.633333333
826.750000,6.442861179,49.510671526,84.279281450,6.000000,26.627777778
827.000000,6.445664473,49.504818798,84.279978843,6.000000,26.622222222
827.250000,6.448467601,49.498966022,84.280676263,6.000000,26.616666667
827.500000,6.451270561,49.493113197,84.281373710,6.000000,26.611111111
827.750000,6.454073354,49.487260324,84.282071183,6.000000,26.605555556
828.000000,6.456875981,49.481407402,84.282768682,6.000000,26.600000000
828.250000,6.459678441,49.475554432,84.283466208,6.000000,26.594444444
828.500000,6.462480734,49.469701414,84.284163761,6.000000,26.588888889
828.750000,6.465282860,49.463848347,84.284861341,6.000000,26.583333333
829.000000,6.468084820,49.457995232,84.285558947,6.000000,26.577777778
829.250000,6.470886612,49.452142068,84.286256579,6.000000,26.572222222
829.500000,6.473688238,49.446288856,84.286954238,6.000000,26.566666667
829.750000,6.476489698,49.440435595,84.287651924,6.000000,26.561111111
830.000000,6.479290990,49.434582286,84.288349637,6.000000,26.555555556
830.250000,6.482092116,49.428728928,84.289047376,6.000000,26.550000000
830.500000,6.484893075,49.422875522,84.289745141,6.000000,26.544444444
830.750000,6.487693867,49.417022067,84.290442933,6.000000,26.538888889
831.000000,6.490494493,49.411168564,84.291140752,6.000000,26.533333333
831.250000,6.493294951,49.405315013,84.291838597,6.000000,26.527777778
831.500000,6.496095244,49.399461413,84.292536469,6.000000,26.522222222
831.750000,6.498895369,49.393607765,84.293234368,6.000000,26.516666667
832.000000,6.501695328,49.387754068,84.293932293,6.000000,26.511111111
832.250000,6.504495120,49.381900323,84.294630245,6.000000,26.505555556
832.500000,6.507294746,49.376046529,84.295328223,6.000000,26.500000000
832.750000,6.510094205,49.370192687,84.296026228,6.000000,26.494444444
833.000000,6.512893497,49.364338796,84.296724260,6.000000,26.488888889
833.250000,6.515692622,49.358484857,84.297422318,6.000000,26.483333333
833.500000,6.518491581,49.352630869,84.298120403,6.000000,26.477777778
833.750000,6.521290374,49.346776833,84.298818514,6.000000,26.472222222
834.000000,6.524089000,49.340922748,84.299516652,6.000000,26.466666667
834.250000,6.526887459,49.335068615,84.300214817,6.000000,26.461111111
834.500000,6.529685751,49.329214434,84.300913008,6.000000,26.455555556
834.750000,6.532483877,49.323360204,84.301611226,6.000000,26.450000000
835.000000,6.535281837,49.317505925,84.302309471,6.000000,26.444444444
835.250000,6.538079630,49.311651598,84.303007742,6.000000,26.438888889
835.500000,6.540877256,49.305797222,84.303706040,6.000000,26.433333333
835.750000,6.543674716,49.299942798,84.304404364,6.000000,26.427777778
836.000000,6.546472010,49.294088326,84.305102715,6.000000,26.422222222
836.250000,6.549269136,49.288233805,84.305801093,6.000000,26.416666667
836.500000,6.552066097,49.282379235,84.306499497,6.000000,26.411111111
836.750000,6.554862891,49.276524617,84.307197928,6.000000,26.405555556
837.000000,6.557659518,49.270669951,84.307896385,6.000000,26.400000000
837.250000,6.560455979,49.264815236,84.308594869,6.000000,26.394444444
837.500000,6.563252273,49.258960472,84.309293380,6.000000,26.388888889
837.750000,6.566048401,49.253105660,84.309991917,6.000000,26.383333333
838.000000,6.568844363,49.247250800,84.310690481,6.000000,26.377777778
838.250000,6.571640158,49.241395891,84.311389072,6.000000,26.372222222
838.500000,6.574435786,49.235540933,84.312087689,6.000000,26.366666667
838.750000,6.577231249,49.229685927,84.312786333,6.000000,26.361111111
839.000000,6.580026544,49.223830872,84.313485003,6.000000,26.355555556
839.250000,6.582821674,49.217975769,84.314183700,6.000000,26.350000000
839.500000,6.585616637,49.212120618,84.314882424,6.000000,26.344444444
839.750000,6.588411434,49.206265417,84.315581175,6.000000,26.338888889
840.000000,6.591206064,49.200410169,84.316279952,6.000000,26.333333333
840.250000,6.594000528,49.194554871,84.316978755,6.000000,26.327777778
840.500000,6.596794825,49.188699526,84.317677585,6.000000,26.322222222
840.750000,6.599588956,49.182844131,84.318376442,6.000000,26.316666667
841.000000,6.602382921,49.176988689,84.319075326,6.000000,26.311111111
841.250000,6.605176720,49.171133197,84.319774236,6.000000,26.305555556
841.500000,6.607970352,49.165277657,84.320473173,6.000000,26.300000000
841.750000,6.610763818,49.159422069,84.321172136,6.000000,26.294444444
842.000000,6.613557118,49.153566432,84.321871126,6.000000,26.288888889
842.250000,6.616350251,49.147710747,84.322570143,6.000000,26.283333333
842.500000,6.619143218,49.141855012,84.323269187,6.000000,26.277777778
842.750000,6.621936019,49.135999230,84.323968257,6.000000,26.272222222
843.000000,6.624728653,49.130143399,84.324667353,6.000000,26.266666667
843.250000,6.627521122,49.124287519,84.325366477,6.000000,26.261111111
843.500000,6.630313424,49.118431591,84.326065627,6.000000,26.255555556
843.750000,6.633105559,49.112575614,84.326764803,6.000000,26.250000000
844.000000,6.635897529,49.106719589,84.327464006,6.000000,26.244444444
844.250000,6.638689332,49.100863515,84.328163236,6.000000,26.238888889
844.500000,6.641480969,49.095007392,84.328862493,6.000000,26.233333333
844.750000,6.644272440,49.089151221,84.329561776,6.000000,26.227777778
845.000000,6.647063745,49.083295002,84.330261086,6.000000,26.222222222
845.250000,6.649854884,49.077438734,84.330960422,6.000000,26.216666667
845.500000,6.652645856,49.071582417,84.331659786,6.000000,26.211111111
845.750000,6.655436662,49.065726052,84.332359175,6.000000,26.205555556
846.000000,6.658227302,49.059869638,84.333058592,6.000000,26.200000000
846.250000,6.661017776,49.054013176,84.333758035,6.000000,26.194444444
846.500000,6.663808084,49.048156665,84.334457505,6.000000,26.188888889
846.750000,6.666598226,49.042300105,84.335157001,6.000000,26.183333333
847.000000,6.669388201,49.036443497,84.335856524,6.000000,26.177777778
847.250000,6.672178011,49.030586840,84.336556074,6.000000,26.172222222
847.500000,6.674967654,49.024730135,84.337255651,6.000000,26.166666667
847.750000,6.677757131,49.018873381,84.337955254,6.000000,26.161111111
848.000000,6.680546443,49.013016579,84.338654883,6.000000,26.155555556
848.250000,6.683335588,49.007159728,84.339354540,6.000000,26.150000000
848.500000,6.686124567,49.001302828,84.340054223,6.000000,26.144444444
848.750000,6.688913380,48.995445880,84.340753933,6.000000,26.138888889
849.000000,6.691702027,48.989588883,84.341453669,6.000000,26.133333333
849.250000,6.694490508,48.983731838,84.342153432,6.000000,26.127777778
849.500000,6.697278823,48.977874744,84.342853222,6.000000,26.122222222
849.750000,6.700066972,48.972017601,84.343553038,6.000000,26.116666667
850.000000,6.702854955,48.966160410,84.344252881,6.000000,26.111111111
850.250000,6.705642772,48.960303170,84.344952751,6.000000,26.105555556
850.500000,6.708430423,48.954445882,84.345652647,6.000000,26.100000000
850.750000,6.711217908,48.948588545,84.346352570,6.000000,26.094444444
851.000000,6.714005227,48.942731159,84.347052520,6.000000,26.088888889
851.250000,6.716792380,48.936873725,84.347752497,6.000000,26.083333333
851.500000,6.719579367,48.931016242,84.348452500,6.000000,26.077777778
851.750000,6.722366188,48.925158711,84.349152529,6.000000,26.072222222
852.000000,6.725152843,48.919301131,84.349852586,6.000000,26.066666667
852.250000,6.727939333,48.913443502,84.350552669,6.000000,26.061111111
852.500000,6.730725656,48.907585825,84.351252779,6.000000,26.055555556
852.750000,6.733511813,48.901728099,84.351952915,6.000000,26.050000000
853.000000,6.736297805,48.895870324,84.352653078,6.000000,26.044444444
853.250000,6.739083631,48.890012501,84.353353268,6.000000,26.038888889
853.500000,6.741869291,48.884154629,84.354053485,6.000000,26.033333333
853.750000,6.744654785,48.878296709,84.354753728,6.000000,26.027777778
854.000000,6.747440113,48.872438740,84.355453998,6.000000,26.022222222
854.250000,6.750225275,48.866580722,84.356154295,6.000000,26.016666667
854.500000,6.753010272,48.860722656,84.356854618,6.000000,26.011111111
854.750000,6.755795102,48.854864541,84.357554968,6.000000,26.005555556
855.000000,6.758579767,48.849006378,84.358255344,6.000000,26.000000000
855.250000,6.761364266,48.843148165,84.358955748,6.000000,25.994444444
855.500000,6.764148599,48.837289905,84.359656178,6.000000,25.988888889
855.750000,6.766932767,48.831431595,84.360356634,6.000000,25.983333333
856.000000,6.769716768,48.825573237,84.361057118,6.000000,25.977777778
856.250000,6.772500604,48.819714830,84.361757628,6.000000,25.972222222
856.500000,6.775284274,48.813856375,84.362458165,6.000000,25.966666667
856.750000,6.778067779,48.807997871,84.363158728,6.000000,25.961111111
857.000000,6.780851117,48.802139318,84.363859318,6.000000,25.955555556
857.250000,6.783634290,48.796280717,84.364559935,6.000000,25.950000000
857.500000,6.786417297,48.790422067,84.365260579,6.000000,25.944444444
857.750000,6.789200139,48.784563368,84.365961249,6.000000,25.938888889
858.000000,6.791982814,48.778704621,84.366661946,6.000000,25.933333333
858.250000,6.794765325,48.772845825,84.367362670,6.000000,25.927777778
858.500000,6.797547669,48.766986980,84.368063420,6.000000,25.922222222
858.750000,6.800329848,48.761128087,84.368764197,6.000000,25.916666667
859.000000,6.803111861,48.755269145,84.369465001,6.000000,25.911111111
859.250000,6.805893708,48.749410154,84.370165831,6.000000,25.905555556
859.500000,6.808675390,48.743551115,84.370866688,6.000000,25.900000000
859.750000,6.811456906,48.737692027,84.371567572,6.000000,25.894444444
860.000000,6.814238256,48.731832891,84.372268483,6.000000,25.888888889
860.250000,6.817019441,48.725973705,84.372969420,6.000000,25.883333333
860.500000,6.819800460,48.720114471,84.373670384,6.000000,25.877777778
860.750000,6.822581314,48.714255189,84.374371375,6.000000,25.872222222
861.000000,6.825362001,48.708395857,84.375072392,6.000000,25.866666667
861.250000,6.828142524,48.702536477,84.375773436,6.000000,25.861111111
861.500000,6.830922881,48.696677048,84.376474507,6.000000,25.855555556
861.750000,6.833703072,48.690817571,84.377175605,6.000000,25.850000000
862.000000,6.836483098,48.684958045,84.377876729,6.000000,25.844444444
862.250000,6.839262958,48.679098470,84.378577880,6.000000,25.838888889
862.500000,6.842042652,48.673238847,84.379279058,6.000000,25.833333333
862.750000,6.844822181,48.667379175,84.379980262,6.000000,25.827777778
863.000000,6.847601545,48.661519454,84.380681493,6.000000,25.822222222
863.250000,6.850380743,48.655659684,84.381382751,6.000000,25.816666667
863.500000,6.853159775,48.649799866,84.382084035,6.000000,25.811111111
863.750000,6.855938642,48.643939999,84.382785347,6.000000,25.805555556
864.000000,6.858717344,48.638080083,84.383486685,6.000000,25.800000000
864.250000,6.861495880,48.632220119,84.384188049,6.000000,25.794444444
864.500000,6.864274251,48.626360106,84.384889441,6.000000,25.788888889
864.750000,6.867052456,48.620500044,84.385590859,6.000000,25.783333333
865.000000,6.869830495,48.614639934,84.386292304,6.000000,25.777777778
865.250000,6.872608370,48.608779774,84.386993775,6.000000,25.772222222
865.500000,6.875386079,48.602919567,84.387695274,6.000000,25.766666667
865.750000,6.878163622,48.597059310,84.388396799,6.000000,25.761111111
866.000000,6.880941000,48.591199005,84.389098351,6.000000,25.755555556
866.250000,6.883718213,48.585338651,84.389799929,6.000000,25.750000000
866.500000,6.886495260,48.579478248,84.390501534,6.000000,25.744444444
866.750000,6.889272142,48.573617796,84.391203166,6.000000,25.738888889
867.000000,6.892048858,48.567757296,84.391904825,6.000000,25.733333333
867.250000,6.894825409,48.561896747,84.392606510,6.000000,25.727777778
867.500000,6.897601795,48.556036149,84.393308222,6.000000,25.722222222
867.750000,6.900378015,48.550175503,84.394009961,6.000000,25.716666667
868.000000,6.903154070,48.544314808,84.394711727,6.000000,25.711111111
868.250000,6.905929960,48.538454064,84.395413519,6.000000,25.705555556
868.500000,6.908705684,48.532593271,84.396115338,6.000000,25.700000000
868.750000,6.911481243,48.526732430,84.396817184,6.000000,25.694444444
869.000000,6.914256637,48.520871540,84.397519057,6.000000,25.688888889
869.250000,6.917031866,48.515010601,84.398220956,6.000000,25.683333333
869.500000,6.919806929,48.509149614,84.398922882,6.000000,25.677777778
869.750000,6.922581827,48.503288577,84.399624835,6.000000,25.672222222
870.000000,6.925356559,48.497427492,84.400326814,6.000000,25.666666667
870.250000,6.928131127,48.491566358,84.401028821,6.000000,25.661111111
870.500000,6.930905529,48.485705176,84.401730854,6.000000,25.655555556
870.750000,6.933679766,48.479843945,84.402432913,6.000000,25.650000000
871.000000,6.936453838,48.473982665,84.403135000,6.000000,25.644444444
871.250000,6.939227744,48.468121336,84.403837113,6.000000,25.638888889
871.500000,6.942001485,48.462259958,84.404539253,6.000000,25.633333333
871.750000,6.944775061,48.456398532,84.405241420,6.000000,25.627777778
872.000000,6.947548472,48.450537057,84.405943613,6.000000,25.622222222
872.250000,6.950321718,48.444675533,84.406645834,6.000000,25.616666667
872.500000,6.953094799,48.438813960,84.407348081,6.000000,25.611111111
872.750000,6.955867714,48.432952339,84.408050354,6.000000,25.605555556
873.000000,6.958640464,48.427090669,84.408752655,6.000000,25.600000000
873.250000,6.961413049,48.421228950,84.409454982,6.000000,25.594444444
873.500000,6.964185469,48.415367182,84.410157336,6.000000,25.588888889
873.750000,6.966957724,48.409505366,84.410859717,6.000000,25.583333333
874.000000,6.969729814,48.403643500,84.411562124,6.000000,25.577777778
874.250000,6.972501738,48.397781586,84.412264559,6.000000,25.572222222
874.500000,6.975273498,48.391919623,84.412967020,6.000000,25.566666667
874.750000,6.978045092,48.386057612,84.413669507,6.000000,25.561111111
875.000000,6.980816521,48.380195551,84.414372022,6.000000,25.555555556
875.250000,6.983587786,48.374333442,84.415074563,6.000000,25.550000000
875.500000,6.986358885,48.368471284,84.415777131,6.000000,25.544444444
875.750000,6.989129819,48.362609078,84.416479726,6.000000,25.538888889
876.000000,6.991900588,48.356746822,84.417182348,6.000000,25.533333333
876.250000,6.994671192,48.350884518,84.417884996,6.000000,25.527777778
876.500000,6.997441631,48.345022165,84.418587671,6.000000,25.522222222
876.750000,7.000211905,48.339159763,84.419290373,6.000000,25.516666667
877.000000,7.002982014,48.333297312,84.419993102,6.000000,25.511111111
877.250000,7.005751958,48.327434812,84.420695857,6.000000,25.505555556
877.500000,7.008521737,48.321572264,84.421398639,6.000000,25.500000000
877.750000,7.011291351,48.315709667,84.422101448,6.000000,25.494444444
878.000000,7.014060800,48.309847021,84.422804284,6.000000,25.488888889
878.250000,7.016830085,48.303984326,84.423507147,6.000000,25.483333333
878.500000,7.019599204,48.298121583,84.424210036,6.000000,25.477777778
878.750000,7.022368158,48.292258790,84.424912952,6.000000,25.472222222
879.000000,7.025136947,48.286395949,84.425615895,6.000000,25.466666667
879.250000,7.027905572,48.280533059,84.426318864,6.000000,25.461111111
879.500000,7.030674031,48.274670120,84.427021861,6.000000,25.455555556
879.750000,7.033442326,48.268807133,84.427724884,6.000000,25.450000000
880.000000,7.036210455,48.262944096,84.428427934,6.000000,25.444444444
880.250000,7.038978420,48.257081011,84.429131010,6.000000,25.438888889
880.500000,7.041746220,48.251217877,84.429834114,6.000000,25.433333333
880.750000,7.044513855,48.245354694,84.430537244,6.000000,25.427777778
881.000000,7.047281325,48.239491462,84.431240401,6.000000,25.422222222
881.250000,7.050048631,48.233628182,84.431943585,6.000000,25.416666667
881.500000,7.052815771,48.227764852,84.432646796,6.000000,25.411111111
881.750000,7.055582747,48.221901474,84.433350033,6.000000,25.405555556
882.000000,7.058349558,48.216038047,84.434053297,6.000000,25.400000000
882.250000,7.061116204,48.210174571,84.434756588,6.000000,25.394444444
882.500000,7.063882685,48.204311046,84.435459906,6.000000,25.388888889
882.750000,7.066649001,48.198447473,84.436163250,6.000000,25.383333333
883.000000,7.069415153,48.192583850,84.436866622,6.000000,25.377777778
883.250000,7.072181140,48.186720179,84.437570020,6.000000,25.372222222
883.500000,7.074946962,48.180856459,84.438273445,6.000000,25.366666667
883.750000,7.077712619,48.174992690,84.438976896,6.000000,25.361111111
884.000000,7.080478112,48.169128872,84.439680375,6.000000,25.355555556
884.250000,7.083243440,48.163265005,84.440383880,6.000000,25.350000000
884.500000,7.086008603,48.157401090,84.441087412,6.000000,25.344444444
884.750000,7.088773601,48.151537125,84.441790971,6.000000,25.338888889
885.000000,7.091538435,48.145673112,84.442494557,6.000000,25.333333333
885.250000,7.094303104,48.139809050,84.443198169,6.000000,25.327777778
885.500000,7.097067608,48.133944939,84.443901809,6.000000,25.322222222
885.750000,7.099831948,48.128080779,84.444605475,6.000000,25.316666667
886.000000,7.102596123,48.122216570,84.445309168,6.000000,25.311111111
886.250000,7.105360133,48.116352313,84.446012887,6.000000,25.305555556
886.500000,7.108123979,48.110488006,84.446716634,6.000000,25.300000000
886.750000,7.110887659,48.104623651,84.447420407,6.000000,25.294444444
887.000000,7.113651176,48.098759247,84.448124207,6.000000,25.288888889
887.250000,7.116414527,48.092894794,84.448828034,6.000000,25.283333333
887.500000,7.119177715,48.087030292,84.449531888,6.000000,25.277777778
887.750000,7.121940737,48.081165741,84.450235768,6.000000,25.272222222
888.000000,7.124703595,48.075301141,84.450939675,6.000000,25.266666667
888.250000,7.127466288,48.069436493,84.451643609,6.000000,25.261111111
888.500000,7.130228817,48.063571795,84.452347570,6.000000,25.255555556
888.750000,7.132991181,48.057707049,84.453051558,6.000000,25.250000000
889.000000,7.135753381,48.051842254,84.453755573,6.000000,25.244444444
889.250000,7.138515416,48.045977409,84.454459614,6.000000,25.238888889
889.500000,7.141277286,48.040112516,84.455163682,6.000000,25.233333333
889.750000,7.144038992,48.034247575,84.455867777,6.000000,25.227777778
890.000000,7.146800533,48.028382584,84.456571899,6.000000,25.222222222
890.250000,7.149561910,48.022517544,84.457276047,6.000000,25.216666667
890.500000,7.152323122,48.016652455,84.457980223,6.000000,25.211111111
890.750000,7.155084170,48.010787318,84.458684425,6.000000,25.205555556
891.000000,7.157845054,48.004922131,84.459388654,6.000000,25.200000000
891.250000,7.160605773,47.999056896,84.460092910,6.000000,25.194444444
891.500000,7.163366327,47.993191612,84.460797193,6.000000,25.188888889
891.750000,7.166126717,47.987326279,84.461501502,6.000000,25.183333333
892.000000,7.168886942,47.981460897,84.462205839,6.000000,25.177777778
892.250000,7.171647003,47.975595466,84.462910202,6.000000,25.172222222
892.500000,7.174406900,47.969729986,84.463614592,6.000000,25.166666667
892.750000,7.177166632,47.963864457,84.464319008,6.000000,25.161111111
893.000000,7.179926200,47.957998879,84.465023452,6.000000,25.155555556
893.250000,7.182685603,47.952133253,84.465727922,6.000000,25.150000000
893.500000,7.185444842,47.946267577,84.466432420,6.000000,25.144444444
893.750000,7.188203917,47.940401853,84.467136944,6.000000,25.138888889
894.000000,7.190962827,47.934536079,84.467841495,6.000000,25.133333333
894.250000,7.193721573,47.928670257,84.468546073,6.000000,25.127777778
894.500000,7.196480154,47.922804386,84.469250677,6.000000,25.122222222
894.750000,7.199238571,47.916938466,84.469955309,6.000000,25.116666667
895.000000,7.201996824,47.911072496,84.470659967,6.000000,25.111111111
895.250000,7.204754912,47.905206478,84.471364652,6.000000,25.105555556
895.500000,7.207512837,47.899340411,84.472069364,6.000000,25.100000000
895.750000,7.210270596,47.893474295,84.472774103,6.000000,25.094444444
896.000000,7.213028192,47.887608131,84.473478868,6.000000,25.088888889
896.250000,7.215785623,47.881741917,84.474183661,6.000000,25.083333333
896.500000,7.218542890,47.875875654,84.474888480,6.000000,25.077777778
896.750000,7.221299992,47.870009342,84.475593326,6.000000,25.072222222
897.000000,7.224056931,47.864142982,84.476298199,6.000000,25.066666667
897.250000,7.226813705,47.858276572,84.477003099,6.000000,25.061111111
897.500000,7.229570315,47.852410114,84.477708025,6.000000,25.055555556
897.750000,7.232326760,47.846543606,84.478412979,6.000000,25.050000000
898.000000,7.235083041,47.840677050,84.479117959,6.000000,25.044444444
898.250000,7.237839159,47.834810444,84.479822966,6.000000,25.038888889
898.500000,7.240595111,47.828943790,84.480528000,6.000000,25.033333333
898.750000,7.243350900,47.823077086,84.481233061,6.000000,25.027777778
899.000000,7.246106525,47.817210334,84.481938149,6.000000,25.022222222
899.250000,7.248861985,47.811343533,84.482643263,6.000000,25.016666667
899.500000,7.251617281,47.805476683,84.483348405,6.000000,25.011111111
899.750000,7.254372413,47.799609783,84.484053573,6.000000,25.005555556
900.000000,7.257127381,47.793742835,70.761475567,6.000000,25.000000000
900.250000,7.260089062,47.788828844,70.761938622,6.000000,24.996527778
900.500000,7.263050596,47.783914820,70.762401693,6.000000,24.993055556
900.750000,7.266011983,47.779000765,70.762864779,6.000000,24.989583333
901.000000,7.268973224,47.774086677,70.763327882,6.000000,24.986111111
901.250000,7.271934318,47.769172557,70.763791000,6.000000,24.982638889
901.500000,7.274895265,47.764258405,70.764254134,6.000000,24.979166667
901.750000,7.277856065,47.759344220,70.764717284,6.000000,24.975694444
902.000000,7.280816719,47.754430004,70.765180449,6.000000,24.972222222
902.250000,7.283777226,47.749515755,70.765643631,6.000000,24.968750000
902.500000,7.286737586,47.744601475,70.766106828,6.000000,24.965277778
902.750000,7.289697799,47.739687162,70.766570041,6.000000,24.961805556
903.000000,7.292657866,47.734772816,70.767033270,6.000000,24.958333333
903.250000,7.295617785,47.729858439,70.767496514,6.000000,24.954861111
903.500000,7.298577559,47.724944030,70.767959775,6.000000,24.951388889
903.750000,7.301537185,47.720029588,70.768423051,6.000000,24.947916667
904.000000,7.304496665,47.715115114,70.768886343,6.000000,24.944444444
904.250000,7.307455998,47.710200608,70.769349651,6.000000,24.940972222
904.500000,7.310415184,47.705286070,70.769812974,6.000000,24.937500000
904.750000,7.313374223,47.700371500,70.770276314,6.000000,24.934027778
905.000000,7.316333116,47.695456897,70.770739669,6.000000,24.930555556
905.250000,7.319291862,47.690542262,70.771203040,6.000000,24.927083333
905.500000,7.322250462,47.685627596,70.771666427,6.000000,24.923611111
905.750000,7.325208915,47.680712896,70.772129830,6.000000,24.920138889
906.000000,7.328167221,47.675798165,70.772593248,6.000000,24.916666667
906.250000,7.331125381,47.670883402,70.773056682,6.000000,24.913194444
906.500000,7.334083393,47.665968606,70.773520133,6.000000,24.909722222
906.750000,7.337041260,47.661053778,70.773983599,6.000000,24.906250000
907.000000,7.339998979,47.656138918,70.774447080,6.000000,24.902777778
907.250000,7.342956552,47.651224026,70.774910578,6.000000,24.899305556
907.500000,7.345913979,47.646309102,70.775374091,6.000000,24.895833333
907.750000,7.348871258,47.641394145,70.775837620,6.000000,24.892361111
908.000000,7.351828392,47.636479157,70.776301165,6.000000,24.888888889
908.250000,7.354785378,47.631564136,70.776764726,6.000000,24.885416667
908.500000,7.357742218,47.626649083,70.777228303,6.000000,24.881944444
908.750000,7.360698912,47.621733997,70.777691895,6.000000,24.878472222
909.000000,7.363655458,47.616818880,70.778155503,6.000000,24.875000000
909.250000,7.366611859,47.611903730,70.778619127,6.000000,24.871527778
909.500000,7.369568112,47.606988548,70.779082767,6.000000,24.868055556
909.750000,7.372524220,47.602073334,70.779546423,6.000000,24.864583333
910.000000,7.375480180,47.597158088,70.780010094,6.000000,24.861111111
910.250000,7.378435994,47.592242809,70.780473782,6.000000,24.857638889
910.500000,7.381391662,47.587327499,70.780937485,6.000000,24.854166667
910.750000,7.384347183,47.582412156,70.781401204,6.000000,24.850694444
911.000000,7.387302557,47.577496781,70.781864939,6.000000,24.847222222
911.250000,7.390257785,47.572581374,70.782328689,6.000000,24.843750000
911.500000,7.393212866,47.567665934,70.782792456,6.000000,24.840277778
911.750000,7.396167801,47.562750462,70.783256238,6.000000,24.836805556
912.000000,7.399122590,47.557834958,70.783720036,6.000000,24.833333333
912.250000,7.402077232,47.552919422,70.784183850,6.000000,24.829861111
912.500000,7.405031727,47.548003854,70.784647679,6.000000,24.826388889
912.750000,7.407986076,47.543088253,70.785111525,6.000000,24.822916667
913.000000,7.410940279,47.538172621,70.785575386,6.000000,24.819444444
913.250000,7.413894335,47.533256956,70.786039263,6.000000,24.815972222
913.500000,7.416848244,47.528341259,70.786503156,6.000000,24.812500000
913.750000,7.419802008,47.523425529,70.786967065,6.000000,24.809027778
914.000000,7.422755624,47.518509768,70.787430990,6.000000,24.805555556
914.250000,7.425709095,47.513593974,70.787894930,6.000000,24.802083333
914.500000,7.428662418,47.508678148,70.788358886,6.000000,24.798611111
914.750000,7.431615596,47.503762290,70.788822858,6.000000,24.795138889
915.000000,7.434568627,47.498846399,70.789286846,6.000000,24.791666667
915.250000,7.437521511,47.493930476,70.789750850,6.000000,24.788194444
915.500000,7.440474250,47.489014521,70.790214870,6.000000,24.784722222
915.750000,7.443426842,47.484098534,70.790678905,6.000000,24.781250000
916.000000,7.446379287,47.479182515,70.791142956,6.000000,24.777777778
916.250000,7.449331586,47.474266463,70.791607023,6.000000,24.774305556
916.500000,7.452283739,47.469350379,70.792071106,6.000000,24.770833333
916.750000,7.455235745,47.464434263,70.792535205,6.000000,24.767361111
917.000000,7.458187605,47.459518115,70.792999319,6.000000,24.763888889
917.250000,7.461139319,47.454601935,70.793463449,6.000000,24.760416667
917.500000,7.464090886,47.449685722,70.793927596,6.000000,24.756944444
917.750000,7.467042307,47.444769477,70.794391757,6.000000,24.753472222
918.000000,7.469993581,47.439853200,70.794855935,6.000000,24.750000000
918.250000,7.472944710,47.434936890,70.795320129,6.000000,24.746527778
918.500000,7.475895691,47.430020549,70.795784338,6.000000,24.743055556
918.750000,7.478846527,47.425104175,70.796248564,6.000000,24.739583333
919.000000,7.481797216,47.420187769,70.796712805,6.000000,24.736111111
919.250000,7.484747759,47.415271330,70.797177062,6.000000,24.732638889
919.500000,7.487698156,47.410354860,70.797641334,6.000000,24.729166667
919.750000,7.490648407,47.405438357,70.798105623,6.000000,24.725694444
920.000000,7.493598511,47.400521822,70.798569928,6.000000,24.722222222
920.250000,7.496548469,47.395605254,70.799034248,6.000000,24.718750000
920.500000,7.499498280,47.390688655,70.799498584,6.000000,24.715277778
920.750000,7.502447946,47.385772023,70.799962936,6.000000,24.711805556
921.000000,7.505397465,47.380855359,70.800427304,6.000000,24.708333333
921.250000,7.508346838,47.375938662,70.800891687,6.000000,24.704861111
921.500000,7.511296064,47.371021934,70.801356087,6.000000,24.701388889
921.750000,7.514245145,47.366105173,70.801820502,6.000000,24.697916667
922.000000,7.517194079,47.361188380,70.802284933,6.000000,24.694444444
922.250000,7.520142867,47.356271554,70.802749380,6.000000,24.690972222
922.500000,7.523091509,47.351354697,70.803213843,6.000000,24.687500000
922.750000,7.526040004,47.346437807,70.803678321,6.000000,24.684027778
923.000000,7.528988353,47.341520885,70.804142816,6.000000,24.680555556
923.250000,7.531936557,47.336603931,70.804607326,6.000000,24.677083333
923.500000,7.534884614,47.331686944,70.805071852,6.000000,24.673611111
923.750000,7.537832524,47.326769925,70.805536394,6.000000,24.670138889
924.000000,7.540780289,47.321852874,70.806000952,6.000000,24.666666667
924.250000,7.543727908,47.316935791,70.806465525,6.000000,24.663194444
924.500000,7.546675380,47.312018675,70.806930115,6.000000,24.659722222
924.750000,7.549622706,47.307101527,70.807394720,6.000000,24.656250000
925.000000,7.552569886,47.302184347,70.807859341,6.000000,24.652777778
925.250000,7.555516920,47.297267134,70.808323978,6.000000,24.649305556
925.500000,7.558463808,47.292349890,70.808788631,6.000000,24.645833333
925.750000,7.561410549,47.287432613,70.809253300,6.000000,24.642361111
926.000000,7.564357145,47.282515303,70.809717984,6.000000,24.638888889
926.250000,7.567303594,47.277597962,70.810182684,6.000000,24.635416667
926.500000,7.570249898,47.272680588,70.810647401,6.000000,24.631944444
926.750000,7.573196055,47.267763182,70.811112133,6.000000,24.628472222
927.000000,7.576142066,47.262845744,70.811576880,6.000000,24.625000000
927.250000,7.579087931,47.257928273,70.812041644,6.000000,24.621527778
927.500000,7.582033650,47.253010770,70.812506424,6.000000,24.618055556
927.750000,7.584979223,47.248093235,70.812971219,6.000000,24.614583333
928.000000,7.587924650,47.243175667,70.813436030,6.000000,24.611111111
928.250000,7.590869930,47.238258068,70.813900857,6.000000,24.607638889
928.500000,7.593815065,47.233340436,70.814365700,6.000000,24.604166667
928.750000,7.596760054,47.228422771,70.814830559,6.000000,24.600694444
929.000000,7.599704896,47.223505075,70.815295434,6.000000,24.597222222
929.250000,7.602649593,47.218587346,70.815760324,6.000000,24.593750000
929.500000,7.605594144,47.213669585,70.816225230,6.000000,24.590277778
929.750000,7.608538548,47.208751791,70.816690152,6.000000,24.586805556
930.000000,7.611482807,47.203833966,70.817155090,6.000000,24.583333333
930.250000,7.614426920,47.198916108,70.817620044,6.000000,24.579861111
930.500000,7.617370886,47.193998218,70.818085014,6.000000,24.576388889
930.750000,7.620314707,47.189080295,70.818549999,6.000000,24.572916667
931.000000,7.623258381,47.184162340,70.819015001,6.000000,24.569444444
931.250000,7.626201910,47.179244353,70.819480018,6.000000,24.565972222
931.500000,7.629145293,47.174326333,70.819945051,6.000000,24.562500000
931.750000,7.632088529,47.169408282,70.820410100,6.000000,24.559027778
932.000000,7.635031620,47.164490198,70.820875165,6.000000,24.555555556
932.250000,7.637974565,47.159572081,70.821340245,6.000000,24.552083333
932.500000,7.640917364,47.154653933,70.821805342,6.000000,24.548611111
932.750000,7.643860017,47.149735752,70.822270454,6.000000,24.545138889
933.000000,7.646802524,47.144817539,70.822735582,6.000000,24.541666667
933.250000,7.649744885,47.139899293,70.823200726,6.000000,24.538194444
933.500000,7.652687100,47.134981015,70.823665886,6.000000,24.534722222
933.750000,7.655629170,47.130062705,70.824131062,6.000000,24.531250000
934.000000,7.658571093,47.125144363,70.824596253,6.000000,24.527777778
934.250000,7.661512870,47.120225988,70.825061461,6.000000,24.524305556
934.500000,7.664454502,47.115307581,70.825526684,6.000000,24.520833333
934.750000,7.667395988,47.110389142,70.825991923,6.000000,24.517361111
935.000000,7.670337328,47.105470670,70.826457178,6.000000,24.513888889
935.250000,7.673278522,47.100552166,70.826922449,6.000000,24.510416667
935.500000,7.676219570,47.095633630,70.827387736,6.000000,24.506944444
935.750000,7.679160472,47.090715061,70.827853038,6.000000,24.503472222
936.000000,7.682101229,47.085796460,70.828318357,6.000000,24.500000000
936.250000,7.685041839,47.080877827,70.828783691,6.000000,24.496527778
936.500000,7.687982304,47.075959161,70.829249041,6.000000,24.493055556
936.750000,7.690922623,47.071040464,70.829714407,6.000000,24.489583333
937.000000,7.693862796,47.066121733,70.830179789,6.000000,24.486111111
937.250000,7.696802823,47.061202971,70.830645187,6.000000,24.482638889
937.500000,7.699742705,47.056284176,70.831110600,6.000000,24.479166667
937.750000,7.702682441,47.051365349,70.831576029,6.000000,24.475694444
938.000000,7.705622030,47.046446489,70.832041475,6.000000,24.472222222
938.250000,7.708561475,47.041527598,70.832506936,6.000000,24.468750000
938.500000,7.711500773,47.036608674,70.832972413,6.000000,24.465277778
938.750000,7.714439926,47.031689717,70.833437906,6.000000,24.461805556
939.000000,7.717378932,47.026770728,70.833903414,6.000000,24.458333333
939.250000,7.720317794,47.021851707,70.834368939,6.000000,24.454861111
939.500000,7.723256509,47.016932654,70.834834479,6.000000,24.451388889
939.750000,7.726195078,47.012013568,70.835300036,6.000000,24.447916667
940.000000,7.729133502,47.007094450,70.835765608,6.000000,24.444444444
940.250000,7.732071780,47.002175300,70.836231196,6.000000,24.440972222
940.500000,7.735009913,46.997256117,70.836696800,6.000000,24.437500000
940.750000,7.737947899,46.992336902,70.837162419,6.000000,24.434027778
941.000000,7.740885740,46.987417655,70.837628055,6.000000,24.430555556
941.250000,7.743823436,46.982498375,70.838093706,6.000000,24.427083333
941.500000,7.746760985,46.977579063,70.838559374,6.000000,24.423611111
941.750000,7.749698389,46.972659718,70.839025057,6.000000,24.420138889
942.000000,7.752635647,46.967740342,70.839490756,6.000000,24.416666667
942.250000,7.755572760,46.962820933,70.839956471,6.000000,24.413194444
942.500000,7.758509727,46.957901491,70.840422202,6.000000,24.409722222
942.750000,7.761446548,46.952982017,70.840887948,6.000000,24.406250000
943.000000,7.764383223,46.948062511,70.841353711,6.000000,24.402777778
943.250000,7.767319753,46.943142973,70.841819489,6.000000,24.399305556
943.500000,7.770256138,46.938223402,70.842285283,6.000000,24.395833333
943.750000,7.773192376,46.933303799,70.842751093,6.000000,24.392361111
944.000000,7.776128469,46.928384163,70.843216919,6.000000,24.388888889
944.250000,7.779064417,46.923464496,70.843682761,6.000000,24.385416667
944.500000,7.782000218,46.918544795,70.844148619,6.000000,24.381944444
944.750000,7.784935874,46.913625063,70.844614492,6.000000,24.378472222
945.000000,7.787871385,46.908705298,70.845080382,6.000000,24.375000000
945.250000,7.790806750,46.903785501,70.845546287,6.000000,24.371527778
945.500000,7.793741969,46.898865671,70.846012208,6.000000,24.368055556
945.750000,7.796677043,46.893945809,70.846478145,6.000000,24.364583333
946.000000,7.799611971,46.889025915,70.846944098,6.000000,24.361111111
946.250000,7.802546754,46.884105988,70.847410067,6.000000,24.357638889
946.500000,7.805481391,46.879186029,70.847876052,6.000000,24.354166667
946.750000,7.808415882,46.874266038,70.848342052,6.000000,24.350694444
947.000000,7.811350228,46.869346014,70.848808069,6.000000,24.347222222
947.250000,7.814284429,46.864425958,70.849274101,6.000000,24.343750000
947.500000,7.817218484,46.859505869,70.849740149,6.000000,24.340277778
947.750000,7.820152393,46.854585749,70.850206213,6.000000,24.336805556
948.000000,7.823086157,46.849665595,70.850672293,6.000000,24.333333333
948.250000,7.826019775,46.844745410,70.851138389,6.000000,24.329861111
948.500000,7.828953248,46.839825192,70.851604501,6.000000,24.326388889
948.750000,7.831886575,46.834904942,70.852070628,6.000000,24.322916667
949.000000,7.834819757,46.829984659,70.852536771,6.000000,24.319444444
949.250000,7.837752793,46.825064344,70.853002931,6.000000,24.315972222
949.500000,7.840685684,46.820143996,70.853469106,6.000000,24.312500000
949.750000,7.843618430,46.815223617,70.853935297,6.000000,24.309027778
950.000000,7.846551030,46.810303204,70.854401504,6.000000,24.305555556
950.250000,7.849483484,46.805382760,70.854867727,6.000000,24.302083333
950.500000,7.852415793,46.800462283,70.855333965,6.000000,24.298611111
950.750000,7.855347957,46.795541774,70.855800220,6.000000,24.295138889
951.000000,7.858279975,46.790621232,70.856266490,6.000000,24.291666667
951.250000,7.861211847,46.785700658,70.856732777,6.000000,24.288194444
951.500000,7.864143575,46.780780051,70.857199079,6.000000,24.284722222
951.750000,7.867075156,46.775859413,70.857665397,6.000000,24.281250000
952.000000,7.870006593,46.770938741,70.858131731,6.000000,24.277777778
952.250000,7.872937884,46.766018038,70.858598080,6.000000,24.274305556
952.500000,7.875869030,46.761097302,70.859064446,6.000000,24.270833333
952.750000,7.878800030,46.756176533,70.859530828,6.000000,24.267361111
953.000000,7.881730885,46.751255733,70.859997225,6.000000,24.263888889
953.250000,7.884661594,46.746334900,70.860463639,6.000000,24.260416667
953.500000,7.887592158,46.741414034,70.860930068,6.000000,24.256944444
953.750000,7.890522577,46.736493136,70.861396513,6.000000,24.253472222
954.000000,7.893452850,46.731572206,70.861862974,6.000000,24.250000000
954.250000,7.896382978,46.726651243,70.862329451,6.000000,24.246527778
954.500000,7.899312961,46.721730248,70.862795943,6.000000,24.243055556
954.750000,7.902242798,46.716809221,70.863262452,6.000000,24.239583333
955.000000,7.905172490,46.711888161,70.863728977,6.000000,24.236111111
955.250000,7.908102037,46.706967068,70.864195517,6.000000,24.232638889
955.500000,7.911031438,46.702045944,70.864662073,6.000000,24.229166667
955.750000,7.913960694,46.697124787,70.865128646,6.000000,24.225694444
956.000000,7.916889805,46.692203597,70.865595234,6.000000,24.222222222
956.250000,7.919818770,46.687282375,70.866061838,6.000000,24.218750000
956.500000,7.922747591,46.682361121,70.866528457,6.000000,24.215277778
956.750000,7.925676265,46.677439834,70.866995093,6.000000,24.211805556
957.000000,7.928604795,46.672518515,70.867461745,6.000000,24.208333333
957.250000,7.931533179,46.667597164,70.867928412,6.000000,24.204861111
957.500000,7.934461418,46.662675780,70.868395096,6.000000,24.201388889
957.750000,7.937389512,46.657754363,70.868861795,6.000000,24.197916667
958.000000,7.940317461,46.652832915,70.869328510,6.000000,24.194444444
958.250000,7.943245264,46.647911433,70.869795241,6.000000,24.190972222
958.500000,7.946172922,46.642989920,70.870261988,6.000000,24.187500000
958.750000,7.949100435,46.638068374,70.870728751,6.000000,24.184027778
959.000000,7.952027803,46.633146796,70.871195530,6.000000,24.180555556
959.250000,7.954955025,46.628225185,70.871662324,6.000000,24.177083333
959.500000,7.957882102,46.623303541,70.872129135,6.000000,24.173611111
959.750000,7.960809034,46.618381866,70.872595961,6.000000,24.170138889
960.000000,7.963735821,46.613460158,70.873062803,6.000000,24.166666667
960.250000,7.966662462,46.608538417,70.873529662,6.000000,24.163194444
960.500000,7.969588959,46.603616644,70.873996536,6.000000,24.159722222
960.750000,7.972515310,46.598694839,70.874463426,6.000000,24.156250000
961.000000,7.975441516,46.593773001,70.874930332,6.000000,24.152777778
961.250000,7.978367577,46.588851131,70.875397253,6.000000,24.149305556
961.500000,7.981293493,46.583929229,70.875864191,6.000000,24.145833333
961.750000,7.984219263,46.579007294,70.876331144,6.000000,24.142361111
962.000000,7.987144889,46.574085326,70.876798114,6.000000,24.138888889
962.250000,7.990070369,46.569163326,70.877265099,6.000000,24.135416667
962.500000,7.992995704,46.564241294,70.877732101,6.000000,24.131944444
962.750000,7.995920894,46.559319229,70.878199118,6.000000,24.128472222
963.000000,7.998845939,46.554397132,70.878666151,6.000000,24.125000000
963.250000,8.001770839,46.549475003,70.879133200,6.000000,24.121527778
963.500000,8.004695594,46.544552841,70.879600264,6.000000,24.118055556
963.750000,8.007620203,46.539630646,70.880067345,6.000000,24.114583333
964.000000,8.010544668,46.534708419,70.880534442,6.000000,24.111111111
964.250000,8.013468987,46.529786160,70.881001554,6.000000,24.107638889
964.500000,8.016393162,46.524863868,70.881468683,6.000000,24.104166667
964.750000,8.019317191,46.519941544,70.881935827,6.000000,24.100694444
965.000000,8.022241075,46.515019187,70.882402987,6.000000,24.097222222
965.250000,8.025164814,46.510096798,70.882870163,6.000000,24.093750000
965.500000,8.028088408,46.505174377,70.883337355,6.000000,24.090277778
965.750000,8.031011858,46.500251923,70.883804563,6.000000,24.086805556
966.000000,8.033935162,46.495329436,70.884271787,6.000000,24.083333333
966.250000,8.036858321,46.490406917,70.884739027,6.000000,24.079861111
966.500000,8.039781335,46.485484366,70.885206282,6.000000,24.076388889
966.750000,8.042704204,46.480561782,70.885673554,6.000000,24.072916667
967.000000,8.045626928,46.475639166,70.886140841,6.000000,24.069444444
967.250000,8.048549507,46.470716517,70.886608145,6.000000,24.065972222
967.500000,8.051471941,46.465793836,70.887075464,6.000000,24.062500000
967.750000,8.054394230,46.460871123,70.887542799,6.000000,24.059027778
968.000000,8.057316374,46.455948377,70.888010150,6.000000,24.055555556
968.250000,8.060238373,46.451025598,70.888477517,6.000000,24.052083333
968.500000,8.063160227,46.446102787,70.888944900,6.000000,24.048611111
968.750000,8.066081936,46.441179944,70.889412299,6.000000,24.045138889
969.000000,8.069003500,46.436257068,70.889879713,6.000000,24.041666667
969.250000,8.071924919,46.431334160,70.890347144,6.000000,24.038194444
969.500000,8.074846193,46.426411219,70.890814591,6.000000,24.034722222
969.750000,8.077767323,46.421488246,70.891282053,6.000000,24.031250000
970.000000,8.080688307,46.416565240,70.891749531,6.000000,24.027777778
970.250000,8.083609147,46.411642202,70.892217025,6.000000,24.024305556
970.500000,8.086529841,46.406719131,70.892684536,6.000000,24.020833333
970.750000,8.089450391,46.401796028,70.893152062,6.000000,24.017361111
971.000000,8.092370795,46.396872892,70.893619603,6.000000,24.013888889
971.250000,8.095291055,46.391949724,70.894087161,6.000000,24.010416667
971.500000,8.098211170,46.387026524,70.894554735,6.000000,24.006944444
971.750000,8.101131140,46.382103291,70.895022325,6.000000,24.003472222
972.000000,8.104050966,46.377180025,70.895489930,6.000000,24.000000000
972.250000,8.106970646,46.372256728,70.895957552,6.000000,23.996527778
972.500000,8.109890181,46.367333397,70.896425189,6.000000,23.993055556
972.750000,8.112809572,46.362410034,70.896892843,6.000000,23.989583333
973.000000,8.115728818,46.357486639,70.897360512,6.000000,23.986111111
973.250000,8.118647919,46.352563211,70.897828197,6.000000,23.982638889
973.500000,8.121566875,46.347639751,70.898295898,6.000000,23.979166667
973.750000,8.124485686,46.342716258,70.898763615,6.000000,23.975694444
974.000000,8.127404353,46.337792733,70.899231348,6.000000,23.972222222
974.250000,8.130322874,46.332869175,70.899699097,6.000000,23.968750000
974.500000,8.133241251,46.327945585,70.900166861,6.000000,23.965277778
974.750000,8.136159483,46.323021962,70.900634642,6.000000,23.961805556
975.000000,8.139077570,46.318098307,70.901102438,6.000000,23.958333333
975.250000,8.141995513,46.313174619,70.901570251,6.000000,23.954861111
975.500000,8.144913310,46.308250899,70.902038079,6.000000,23.951388889
975.750000,8.147830963,46.303327147,70.902505924,6.000000,23.947916667
976.000000,8.150748471,46.298403361,70.902973784,6.000000,23.944444444
976.250000,8.153665835,46.293479544,70.903441660,6.000000,23.940972222
976.500000,8.156583053,46.288555694,70.903909552,6.000000,23.937500000
976.750000,8.159500127,46.283631811,70.904377460,6.000000,23.934027778
977.000000,8.162417056,46.278707896,70.904845384,6.000000,23.930555556
977.250000,8.165333841,46.273783948,70.905313323,6.000000,23.927083333
977.500000,8.168250481,46.268859968,70.905781279,6.000000,23.923611111
977.750000,8.171166975,46.263935956,70.906249251,6.000000,23.920138889
978.000000,8.174083326,46.259011911,70.906717238,6.000000,23.916666667
978.250000,8.176999531,46.254087833,70.907185242,6.000000,23.913194444
978.500000,8.179915592,46.249163723,70.907653261,6.000000,23.909722222
978.750000,8.182831508,46.244239580,70.908121297,6.000000,23.906250000
979.000000,8.185747280,46.239315405,70.908589348,6.000000,23.902777778
979.250000,8.188662906,46.234391198,70.909057415,6.000000,23.899305556
979.500000,8.191578388,46.229466958,70.909525498,6.000000,23.895833333
979.750000,8.194493726,46.224542685,70.909993597,6.000000,23.892361111
980.000000,8.197408919,46.219618380,70.910461712,6.000000,23.888888889
980.250000,8.200323967,46.214694042,70.910929843,6.000000,23.885416667
980.500000,8.203238870,46.209769672,70.911397990,6.000000,23.881944444
980.750000,8.206153629,46.204845269,70.911866152,6.000000,23.878472222
981.000000,8.209068243,46.199920834,70.912334331,6.000000,23.875000000
981.250000,8.211982713,46.194996367,70.912802525,6.000000,23.871527778
981.500000,8.214897038,46.190071866,70.913270736,6.000000,23.868055556
981.750000,8.217811218,46.185147334,70.913738962,6.000000,23.864583333
982.000000,8.220725254,46.180222769,70.914207205,6.000000,23.861111111
982.250000,8.223639145,46.175298171,70.914675463,6.000000,23.857638889
982.500000,8.226552892,46.170373541,70.915143737,6.000000,23.854166667
982.750000,8.229466493,46.165448878,70.915612027,6.000000,23.850694444
983.000000,8.232379951,46.160524183,70.916080333,6.000000,23.847222222
983.250000,8.235293264,46.155599455,70.916548655,6.000000,23.843750000
983.500000,8.238206432,46.150674694,70.917016993,6.000000,23.840277778
983.750000,8.241119456,46.145749902,70.917485347,6.000000,23.836805556
984.000000,8.244032335,46.140825076,70.917953717,6.000000,23.833333333
984.250000,8.246945069,46.135900218,70.918422102,6.000000,23.829861111
984.500000,8.249857659,46.130975328,70.918890504,6.000000,23.826388889
984.750000,8.252770105,46.126050405,70.919358921,6.000000,23.822916667
985.000000,8.255682406,46.121125449,70.919827355,6.000000,23.819444444
985.250000,8.258594562,46.116200461,70.920295804,6.000000,23.815972222
985.500000,8.261506574,46.111275441,70.920764270,6.000000,23.812500000
985.750000,8.264418442,46.106350388,70.921232751,6.000000,23.809027778
986.000000,8.267330165,46.101425302,70.921701248,6.000000,23.805555556
986.250000,8.270241743,46.096500184,70.922169761,6.000000,23.802083333
986.500000,8.273153177,46.091575033,70.922638290,6.000000,23.798611111
986.750000,8.276064466,46.086649850,70.923106835,6.000000,23.795138889
987.000000,8.278975611,46.081724634,70.923575396,6.000000,23.791666667
987.250000,8.281886612,46.076799386,70.924043973,6.000000,23.788194444
987.500000,8.284797468,46.071874105,70.924512566,6.000000,23.784722222
987.750000,8.287708180,46.066948792,70.924981175,6.000000,23.781250000
988.000000,8.290618747,46.062023446,70.925449799,6.000000,23.777777778
988.250000,8.293529170,46.057098068,70.925918440,6.000000,23.774305556
988.500000,8.296439448,46.052172657,70.926387097,6.000000,23.770833333
988.750000,8.299349582,46.047247213,70.926855769,6.000000,23.767361111
989.000000,8.302259571,46.042321737,70.927324457,6.000000,23.763888889
989.250000,8.305169416,46.037396228,70.927793162,6.000000,23.760416667
989.500000,8.308079117,46.032470687,70.928261882,6.000000,23.756944444
989.750000,8.310988673,46.027545113,70.928730618,6.000000,23.753472222
990.000000,8.313898085,46.022619507,70.929199371,6.000000,23.750000000
990.250000,8.316807353,46.017693868,70.929668139,6.000000,23.746527778
990.500000,8.319716476,46.012768197,70.930136923,6.000000,23.743055556
990.750000,8.322625454,46.007842493,70.930605723,6.000000,23.739583333
991.000000,8.325534289,46.002916756,70.931074539,6.000000,23.736111111
991.250000,8.328442979,45.997990987,70.931543370,6.000000,23.732638889
991.500000,8.331351525,45.993065186,70.932012218,6.000000,23.729166667
991.750000,8.334259926,45.988139352,70.932481082,6.000000,23.725694444
992.000000,8.337168183,45.983213485,70.932949962,6.000000,23.722222222
992.250000,8.340076295,45.978287585,70.933418857,6.000000,23.718750000
992.500000,8.342984264,45.973361654,70.933887769,6.000000,23.715277778
992.750000,8.345892088,45.968435689,70.934356697,6.000000,23.711805556
993.000000,8.348799767,45.963509692,70.934825640,6.000000,23.708333333
993.250000,8.351707303,45.958583663,70.935294599,6.000000,23.704861111
993.500000,8.354614694,45.953657600,70.935763575,6.000000,23.701388889
993.750000,8.357521941,45.948731506,70.936232566,6.000000,23.697916667
994.000000,8.360429043,45.943805379,70.936701573,6.000000,23.694444444
994.250000,8.363336001,45.938879219,70.937170597,6.000000,23.690972222
994.500000,8.366242815,45.933953026,70.937639636,6.000000,23.687500000
994.750000,8.369149485,45.929026801,70.938108691,6.000000,23.684027778
995.000000,8.372056010,45.924100544,70.938577762,6.000000,23.680555556
995.250000,8.374962392,45.919174254,70.939046849,6.000000,23.677083333
995.500000,8.377868629,45.914247931,70.939515952,6.000000,23.673611111
995.750000,8.380774721,45.909321576,70.939985071,6.000000,23.670138889
996.000000,8.383680670,45.904395188,70.940454205,6.000000,23.666666667
996.250000,8.386586474,45.899468767,70.940923356,6.000000,23.663194444
996.500000,8.389492134,45.894542314,70.941392523,6.000000,23.659722222
996.750000,8.392397650,45.889615829,70.941861706,6.000000,23.656250000
997.000000,8.395303021,45.884689311,70.942330904,6.000000,23.652777778
997.250000,8.398208249,45.879762760,70.942800119,6.000000,23.649305556
997.500000,8.401113332,45.874836177,70.943269349,6.000000,23.645833333
997.750000,8.404018271,45.869909561,70.943738596,6.000000,23.642361111
998.000000,8.406923066,45.864982912,70.944207858,6.000000,23.638888889
998.250000,8.409827717,45.860056231,70.944677137,6.000000,23.635416667
998.500000,8.412732223,45.855129517,70.945146431,6.000000,23.631944444
998.750000,8.415636586,45.850202771,70.945615741,6.000000,23.628472222
999.000000,8.418540804,45.845275992,70.946085067,6.000000,23.625000000
999.250000,8.421444878,45.840349181,70.946554410,6.000000,23.621527778
999.500000,8.424348808,45.835422337,70.947023768,6.000000,23.618055556
999.750000,8.427252594,45.830495460,70.947493142,6.000000,23.614583333
1000.000000,8.430156235,45.825568551,70.947962532,6.000000,23.611111111
1000.250000,8.433059733,45.820641609,70.948431938,6.000000,23.607638889
1000.500000,8.435963086,45.815714634,70.948901360,6.000000,23.604166667
1000.750000,8.438866296,45.810787627,70.949370798,6.000000,23.600694444
1001.000000,8.441769361,45.805860588,70.949840252,6.000000,23.597222222
1001.250000,8.444672282,45.800933516,70.950309721,6.000000,23.593750000
1001.500000,8.447575059,45.796006411,70.950779207,6.000000,23.590277778
1001.750000,8.450477692,45.791079273,70.951248709,6.000000,23.586805556
1002.000000,8.453380181,45.786152103,70.951718227,6.000000,23.583333333
1002.250000,8.456282526,45.781224901,70.952187760,6.000000,23.579861111
1002.500000,8.459184727,45.776297665,70.952657310,6.000000,23.576388889
1002.750000,8.462086783,45.771370397,70.953126876,6.000000,23.572916667
1003.000000,8.464988696,45.766443097,70.953596457,6.000000,23.569444444
1003.250000,8.467890465,45.761515764,70.954066055,6.000000,23.565972222
1003.500000,8.470792089,45.756588398,70.954535668,6.000000,23.562500000
1003.750000,8.473693570,45.751661000,70.955005297,6.000000,23.559027778
1004.000000,8.476594906,45.746733569,70.955474943,6.000000,23.555555556
1004.250000,8.479496099,45.741806105,70.955944604,6.000000,23.552083333
1004.500000,8.482397148,45.736878609,70.956414281,6.000000,23.548611111
1004.750000,8.485298052,45.731951080,70.956883975,6.000000,23.545138889
1005.000000,8.488198813,45.727023519,70.957353684,6.000000,23.541666667
1005.250000,8.491099429,45.722095925,70.957823409,6.000000,23.538194444
1005.500000,8.493999902,45.717168298,70.958293150,6.000000,23.534722222
1005.750000,8.496900231,45.712240639,70.958762907,6.000000,23.531250000
1006.000000,8.499800415,45.707312947,70.959232680,6.000000,23.527777778
1006.250000,8.502700456,45.702385223,70.959702469,6.000000,23.524305556
1006.500000,8.505600353,45.697457466,70.960172274,6.000000,23.520833333
1006.750000,8.508500106,45.692529676,70.960642095,6.000000,23.517361111
1007.000000,8.511399715,45.687601854,70.961111932,6.000000,23.513888889
1007.250000,8.514299180,45.682673999,70.961581785,6.000000,23.510416667
1007.500000,8.517198501,45.677746111,70.962051654,6.000000,23.506944444
1007.750000,8.520097678,45.672818191,70.962521539,6.000000,23.503472222
1008.000000,8.522996711,45.667890238,70.962991440,6.000000,23.500000000
1008.250000,8.525895600,45.662962252,70.963461357,6.000000,23.496527778
1008.500000,8.528794346,45.658034234,70.963931289,6.000000,23.493055556
1008.750000,8.531692947,45.653106183,70.964401238,6.000000,23.489583333
1009.000000,8.534591405,45.648178100,70.964871203,6.000000,23.486111111
1009.250000,8.537489719,45.643249984,70.965341183,6.000000,23.482638889
1009.500000,8.540387888,45.638321835,70.965811180,6.000000,23.479166667
1009.750000,8.543285914,45.633393654,70.966281193,6.000000,23.475694444
1010.000000,8.546183797,45.628465440,70.966751221,6.000000,23.472222222
1010.250000,8.549081535,45.623537193,70.967221266,6.000000,23.468750000
1010.500000,8.551979129,45.618608914,70.967691326,6.000000,23.465277778
1010.750000,8.554876580,45.613680602,70.968161403,6.000000,23.461805556
1011.000000,8.557773887,45.608752258,70.968631495,6.000000,23.458333333
1011.250000,8.560671050,45.603823880,70.969101603,6.000000,23.454861111
1011.500000,8.563568069,45.598895471,70.969571728,6.000000,23.451388889
1011.750000,8.566464944,45.593967028,70.970041868,6.000000,23.447916667
1012.000000,8.569361676,45.589038553,70.970512024,6.000000,23.444444444
1012.250000,8.572258264,45.584110045,70.970982197,6.000000,23.440972222
1012.500000,8.575154708,45.579181505,70.971452385,6.000000,23.437500000
1012.750000,8.578051008,45.574252932,70.971922589,6.000000,23.434027778
1013.000000,8.580947164,45.569324326,70.972392810,6.000000,23.430555556
1013.250000,8.583843177,45.564395688,70.972863046,6.000000,23.427083333
1013.500000,8.586739046,45.559467017,70.973333298,6.000000,23.423611111
1013.750000,8.589634771,45.554538313,70.973803566,6.000000,23.420138889
1014.000000,8.592530352,45.549609576,70.974273850,6.000000,23.416666667
1014.250000,8.595425790,45.544680807,70.974744150,6.000000,23.413194444
1014.500000,8.598321084,45.539752006,70.975214466,6.000000,23.409722222
1014.750000,8.601216234,45.534823171,70.975684798,6.000000,23.406250000
1015.000000,8.604111240,45.529894304,70.976155146,6.000000,23.402777778
1015.250000,8.607006103,45.524965405,70.976625510,6.000000,23.399305556
1015.500000,8.609900822,45.520036472,70.977095890,6.000000,23.395833333
1015.750000,8.612795397,45.515107507,70.977566286,6.000000,23.392361111
1016.000000,8.615689829,45.510178510,70.978036698,6.000000,23.388888889
1016.250000,8.618584117,45.505249479,70.978507126,6.000000,23.385416667
1016.500000,8.621478261,45.500320416,70.978977570,6.000000,23.381944444
1016.750000,8.624372261,45.495391321,70.979448030,6.000000,23.378472222
1017.000000,8.627266118,45.490462192,70.979918506,6.000000,23.375000000
1017.250000,8.630159831,45.485533031,70.980388998,6.000000,23.371527778
1017.500000,8.633053401,45.480603838,70.980859506,6.000000,23.368055556
1017.750000,8.635946827,45.475674611,70.981330030,6.000000,23.364583333
1018.000000,8.638840109,45.470745352,70.981800569,6.000000,23.361111111
1018.250000,8.641733248,45.465816061,70.982271125,6.000000,23.357638889
1018.500000,8.644626243,45.460886736,70.982741697,6.000000,23.354166667
1018.750000,8.647519094,45.455957379,70.983212285,6.000000,23.350694444
1019.000000,8.650411802,45.451027990,70.983682888,6.000000,23.347222222
1019.250000,8.653304366,45.446098567,70.984153508,6.000000,23.343750000
1019.500000,8.656196786,45.441169112,70.984624144,6.000000,23.340277778
1019.750000,8.659089063,45.436239624,70.985094796,6.000000,23.336805556
1020.000000,8.661981197,45.431310104,70.985565463,6.000000,23.333333333
1020.250000,8.664873186,45.426380551,70.986036147,6.000000,23.329861111
1020.500000,8.667765032,45.421450965,70.986506847,6.000000,23.326388889
1020.750000,8.670656735,45.416521346,70.986977562,6.000000,23.322916667
1021.000000,8.673548294,45.411591695,70.987448294,6.000000,23.319444444
1021.250000,8.676439710,45.406662011,70.987919041,6.000000,23.315972222
1021.500000,8.679330981,45.401732294,70.988389805,6.000000,23.312500000
1021.750000,8.682222110,45.396802545,70.988860585,6.000000,23.309027778
1022.000000,8.685113095,45.391872763,70.989331380,6.000000,23.305555556
1022.250000,8.688003936,45.386942949,70.989802192,6.000000,23.302083333
1022.500000,8.690894634,45.382013101,70.990273019,6.000000,23.298611111
1022.750000,8.693785188,45.377083221,70.990743863,6.000000,23.295138889
1023.000000,8.696675599,45.372153308,70.991214722,6.000000,23.291666667
1023.250000,8.699565866,45.367223363,70.991685598,6.000000,23.288194444
1023.500000,8.702455990,45.362293385,70.992156490,6.000000,23.284722222
1023.750000,8.705345970,45.357363374,70.992627397,6.000000,23.281250000
1024.000000,8.708235807,45.352433330,70.993098321,6.000000,23.277777778
1024.250000,8.711125500,45.347503254,70.993569260,6.000000,23.274305556
1024.500000,8.714015050,45.342573145,70.994040216,6.000000,23.270833333
1024.750000,8.716904456,45.337643003,70.994511187,6.000000,23.267361111
1025.000000,8.719793719,45.332712829,70.994982175,6.000000,23.263888889
1025.250000,8.722682839,45.327782622,70.995453178,6.000000,23.260416667
1025.500000,8.725571815,45.322852382,70.995924198,6.000000,23.256944444
1025.750000,8.728460647,45.317922109,70.996395233,6.000000,23.253472222
1026.000000,8.731349336,45.312991804,70.996866284,6.000000,23.250000000
1026.250000,8.734237882,45.308061466,70.997337352,6.000000,23.246527778
1026.500000,8.737126284,45.303131096,70.997808435,6.000000,23.243055556
1026.750000,8.740014543,45.298200692,70.998279535,6.000000,23.239583333
1027.000000,8.742902659,45.293270256,70.998750650,6.000000,23.236111111
1027.250000,8.745790631,45.288339787,70.999221782,6.000000,23.232638889
1027.500000,8.748678459,45.283409286,70.999692929,6.000000,23.229166667
1027.750000,8.751566145,45.278478752,71.000164093,6.000000,23.225694444
1028.000000,8.754453687,45.273548185,71.000635272,6.000000,23.222222222
1028.250000,8.757341085,45.268617585,71.001106467,6.000000,23.218750000
1028.500000,8.760228340,45.263686953,71.001577679,6.000000,23.215277778
1028.750000,8.763115452,45.258756288,71.002048906,6.000000,23.211805556
1029.000000,8.766002421,45.253825590,71.002520150,6.000000,23.208333333
1029.250000,8.768889246,45.248894859,71.002991409,6.000000,23.204861111
1029.500000,8.771775928,45.243964096,71.003462685,6.000000,23.201388889
1029.750000,8.774662466,45.239033300,71.003933976,6.000000,23.197916667
1030.000000,8.777548861,45.234102471,71.004405284,6.000000,23.194444444
1030.250000,8.780435113,45.229171610,71.004876607,6.000000,23.190972222
1030.500000,8.783321221,45.224240715,71.005347946,6.000000,23.187500000
1030.750000,8.786207187,45.219309788,71.005819302,6.000000,23.184027778
1031.000000,8.789093009,45.214378829,71.006290673,6.000000,23.180555556
1031.250000,8.791978687,45.209447836,71.006762061,6.000000,23.177083333
1031.500000,8.794864222,45.204516811,71.007233464,6.000000,23.173611111
1031.750000,8.797749614,45.199585753,71.007704884,6.000000,23.170138889
1032.000000,8.800634863,45.194654663,71.008176319,6.000000,23.166666667
1032.250000,8.803519969,45.189723539,71.008647771,6.000000,23.163194444
1032.500000,8.806404931,45.184792383,71.009119238,6.000000,23.159722222
1032.750000,8.809289750,45.179861194,71.009590722,6.000000,23.156250000
1033.000000,8.812174426,45.174929973,71.010062221,6.000000,23.152777778
1033.250000,8.815058958,45.169998719,71.010533737,6.000000,23.149305556
1033.500000,8.817943348,45.165067431,71.011005268,6.000000,23.145833333
1033.750000,8.820827594,45.160136112,71.011476816,6.000000,23.142361111
1034.000000,8.823711696,45.155204759,71.011948379,6.000000,23.138888889
1034.250000,8.826595656,45.150273374,71.012419959,6.000000,23.135416667
1034.500000,8.829479472,45.145341956,71.012891554,6.000000,23.131944444
1034.750000,8.832363146,45.140410505,71.013363166,6.000000,23.128472222
1035.000000,8.835246676,45.135479021,71.013834793,6.000000,23.125000000
1035.250000,8.838130062,45.130547505,71.014306437,6.000000,23.121527778
1035.500000,8.841013306,45.125615956,71.014778097,6.000000,23.118055556
1035.750000,8.843896407,45.120684374,71.015249772,6.000000,23.114583333
1036.000000,8.846779364,45.115752760,71.015721464,6.000000,23.111111111
1036.250000,8.849662178,45.110821112,71.016193171,6.000000,23.107638889
1036.500000,8.852544849,45.105889432,71.016664895,6.000000,23.104166667
1036.750000,8.855427377,45.100957719,71.017136635,6.000000,23.100694444
1037.000000,8.858309762,45.096025974,71.017608390,6.000000,23.097222222
1037.250000,8.861192003,45.091094195,71.018080162,6.000000,23.093750000
1037.500000,8.864074102,45.086162384,71.018551950,6.000000,23.090277778
1037.750000,8.866956057,45.081230540,71.019023753,6.000000,23.086805556
1038.000000,8.869837869,45.076298664,71.019495573,6.000000,23.083333333
1038.250000,8.872719538,45.071366754,71.019967409,6.000000,23.079861111
1038.500000,8.875601064,45.066434812,71.020439261,6.000000,23.076388889
1038.750000,8.878482447,45.061502837,71.020911128,6.000000,23.072916667
1039.000000,8.881363687,45.056570830,71.021383012,6.000000,23.069444444
1039.250000,8.884244784,45.051638789,71.021854912,6.000000,23.065972222
1039.500000,8.887125738,45.046706716,71.022326828,6.000000,23.062500000
1039.750000,8.890006548,45.041774610,71.022798760,6.000000,23.059027778
1040.000000,8.892887216,45.036842471,71.023270707,6.000000,23.055555556
1040.250000,8.895767740,45.031910299,71.023742671,6.000000,23.052083333
1040.500000,8.898648122,45.026978095,71.024214651,6.000000,23.048611111
1040.750000,8.901528360,45.022045858,71.024686647,6.000000,23.045138889
1041.000000,8.904408456,45.017113588,71.025158659,6.000000,23.041666667
1041.250000,8.907288408,45.012181285,71.025630687,6.000000,23.038194444
1041.500000,8.910168217,45.007248950,71.026102731,6.000000,23.034722222
1041.750000,8.913047884,45.002316582,71.026574791,6.000000,23.031250000
1042.000000,8.915927407,44.997384181,71.027046867,6.000000,23.027777778
1042.250000,8.918806787,44.992451747,71.027518959,6.000000,23.024305556
1042.500000,8.921686025,44.987519280,71.027991067,6.000000,23.020833333
1042.750000,8.924565119,44.982586781,71.028463191,6.000000,23.017361111
1043.000000,8.927444070,44.977654249,71.028935331,6.000000,23.013888889
1043.250000,8.930322879,44.972721684,71.029407487,6.000000,23.010416667
1043.500000,8.933201544,44.967789086,71.029879659,6.000000,23.006944444
1043.750000,8.936080067,44.962856455,71.030351847,6.000000,23.003472222
1044.000000,8.938958446,44.957923792,71.030824052,6.000000,23.000000000
1044.250000,8.941836683,44.952991096,71.031296272,6.000000,22.996527778
1044.500000,8.944714776,44.948058367,71.031768508,6.000000,22.993055556
1044.750000,8.947592727,44.943125605,71.032240760,6.000000,22.989583333
1045.000000,8.950470535,44.938192811,71.032713029,6.000000,22.986111111
1045.250000,8.953348200,44.933259984,71.033185313,6.000000,22.982638889
1045.500000,8.956225722,44.928327123,71.033657613,6.000000,22.979166667
1045.750000,8.959103101,44.923394231,71.034129930,6.000000,22.975694444
1046.000000,8.961980337,44.918461305,71.034602262,6.000000,22.972222222
1046.250000,8.964857430,44.913528346,71.035074610,6.000000,22.968750000
1046.500000,8.967734380,44.908595355,71.035546975,6.000000,22.965277778
1046.750000,8.970611188,44.903662331,71.036019355,6.000000,22.961805556
1047.000000,8.973487852,44.898729274,71.036491752,6.000000,22.958333333
1047.250000,8.976364374,44.893796184,71.036964164,6.000000,22.954861111
1047.500000,8.979240753,44.888863062,71.037436593,6.000000,22.951388889
1047.750000,8.982116989,44.883929907,71.037909037,6.000000,22.947916667
1048.000000,8.984993082,44.878996718,71.038381498,6.000000,22.944444444
1048.250000,8.987869032,44.874063498,71.038853975,6.000000,22.940972222
1048.500000,8.990744840,44.869130244,71.039326467,6.000000,22.937500000
1048.750000,8.993620504,44.864196957,71.039798976,6.000000,22.934027778
1049.000000,8.996496026,44.859263638,71.040271501,6.000000,22.930555556
1049.250000,8.999371405,44.854330286,71.040744042,6.000000,22.927083333
1049.500000,9.002246641,44.849396901,71.041216598,6.000000,22.923611111
1049.750000,9.005121735,44.844463483,71.041689171,6.000000,22.920138889
1050.000000,9.007996685,44.839530032,71.042161760,6.000000,22.916666667
1050.250000,9.010871493,44.834596549,71.042634365,6.000000,22.913194444
1050.500000,9.013746158,44.829663032,71.043106986,6.000000,22.909722222
1050.750000,9.016620680,44.824729483,71.043579623,6.000000,22.906250000
1051.000000,9.019495060,44.819795901,71.044052276,6.000000,22.902777778
1051.250000,9.022369297,44.814862287,71.044524945,6.000000,22.899305556
1051.500000,9.025243391,44.809928639,71.044997630,6.000000,22.895833333
1051.750000,9.028117342,44.804994959,71.045470331,6.000000,22.892361111
1052.000000,9.030991150,44.800061246,71.045943048,6.000000,22.888888889
1052.250000,9.033864816,44.795127499,71.046415782,6.000000,22.885416667
1052.500000,9.036738339,44.790193721,71.046888531,6.000000,22.881944444
1052.750000,9.039611719,44.785259909,71.047361296,6.000000,22.878472222
1053.000000,9.042484957,44.780326064,71.047834077,6.000000,22.875000000
1053.250000,9.045358052,44.775392187,71.048306875,6.000000,22.871527778
1053.500000,9.048231004,44.770458277,71.048779688,6.000000,22.868055556
1053.750000,9.051103813,44.765524334,71.049252518,6.000000,22.864583333
1054.000000,9.053976480,44.760590358,71.049725363,6.000000,22.861111111
1054.250000,9.056849004,44.755656349,71.050198225,6.000000,22.857638889
1054.500000,9.059721386,44.750722308,71.050671102,6.000000,22.854166667
1054.750000,9.062593624,44.745788233,71.051143996,6.000000,22.850694444
1055.000000,9.065465721,44.740854126,71.051616905,6.000000,22.847222222
1055.250000,9.068337674,44.735919986,71.052089831,6.000000,22.843750000
1055.500000,9.071209485,44.730985813,71.052562773,6.000000,22.840277778
1055.750000,9.074081153,44.726051607,71.053035730,6.000000,22.836805556
1056.000000,9.076952678,44.721117369,71.053508704,6.000000,22.833333333
1056.250000,9.079824061,44.716183097,71.053981694,6.000000,22.829861111
1056.500000,9.082695302,44.711248793,71.054454700,6.000000,22.826388889
1056.750000,9.085566399,44.706314456,71.054927722,6.000000,22.822916667
1057.000000,9.088437354,44.701380086,71.055400760,6.000000,22.819444444
1057.250000,9.091308167,44.696445683,71.055873814,6.000000,22.815972222
1057.500000,9.094178836,44.691511247,71.056346884,6.000000,22.812500000
1057.750000,9.097049364,44.686576779,71.056819970,6.000000,22.809027778
1058.000000,9.099919748,44.681642277,71.057293072,6.000000,22.805555556
1058.250000,9.102789990,44.676707743,71.057766190,6.000000,22.802083333
1058.500000,9.105660090,44.671773176,71.058239325,6.000000,22.798611111
1058.750000,9.108530047,44.666838576,71.058712475,6.000000,22.795138889
1059.000000,9.111399861,44.661903943,71.059185641,6.000000,22.791666667
1059.250000,9.114269533,44.656969278,71.059658824,6.000000,22.788194444
1059.500000,9.117139062,44.652034579,71.060132022,6.000000,22.784722222
1059.750000,9.120008449,44.647099848,71.060605237,6.000000,22.781250000
1060.000000,9.122877693,44.642165084,71.061078467,6.000000,22.777777778
1060.250000,9.125746795,44.637230286,71.061551714,6.000000,22.774305556
1060.500000,9.128615754,44.632295456,71.062024976,6.000000,22.770833333
1060.750000,9.131484571,44.627360594,71.062498255,6.000000,22.767361111
1061.000000,9.134353245,44.622425698,71.062971550,6.000000,22.763888889
1061.250000,9.137221777,44.617490769,71.063444861,6.000000,22.760416667
1061.500000,9.140090166,44.612555808,71.063918188,6.000000,22.756944444
1061.750000,9.142958413,44.607620814,71.064391530,6.000000,22.753472222
1062.000000,9.145826517,44.602685786,71.064864889,6.000000,22.750000000
1062.250000,9.148694479,44.597750726,71.065338264,6.000000,22.746527778
1062.500000,9.151562298,44.592815633,71.065811655,6.000000,22.743055556
1062.750000,9.154429975,44.587880508,71.066285063,6.000000,22.739583333
1063.000000,9.157297509,44.582945349,71.066758486,6.000000,22.736111111
1063.250000,9.160164901,44.578010157,71.067231925,6.000000,22.732638889
1063.500000,9.163032150,44.573074933,71.067705380,6.000000,22.729166667
1063.750000,9.165899258,44.568139676,71.068178852,6.000000,22.725694444
1064.000000,9.168766222,44.563204385,71.068652339,6.000000,22.722222222
1064.250000,9.171633044,44.558269062,71.069125842,6.000000,22.718750000
1064.500000,9.174499724,44.553333706,71.069599362,6.000000,22.715277778
1064.750000,9.177366262,44.548398317,71.070072898,6.000000,22.711805556
1065.000000,9.180232657,44.543462896,71.070546449,6.000000,22.708333333
1065.250000,9.183098909,44.538527441,71.071020017,6.000000,22.704861111
1065.500000,9.185965019,44.533591954,71.071493601,6.000000,22.701388889
1065.750000,9.188830987,44.528656433,71.071967200,6.000000,22.697916667
1066.000000,9.191696813,44.523720880,71.072440816,6.000000,22.694444444
1066.250000,9.194562496,44.518785294,71.072914448,6.000000,22.690972222
1066.500000,9.197428037,44.513849675,71.073388096,6.000000,22.687500000
1066.750000,9.200293435,44.508914023,71.073861760,6.000000,22.684027778
1067.000000,9.203158691,44.503978338,71.074335440,6.000000,22.680555556
1067.250000,9.206023805,44.499042620,71.074809136,6.000000,22.677083333
1067.500000,9.208888776,44.494106870,71.075282849,6.000000,22.673611111
1067.750000,9.211753605,44.489171086,71.075756577,6.000000,22.670138889
1068.000000,9.214618292,44.484235270,71.076230321,6.000000,22.666666667
1068.250000,9.217482836,44.479299420,71.076704082,6.000000,22.663194444
1068.500000,9.220347238,44.474363538,71.077177858,6.000000,22.659722222
1068.750000,9.223211498,44.469427623,71.077651651,6.000000,22.656250000
1069.000000,9.226075616,44.464491675,71.078125459,6.000000,22.652777778
1069.250000,9.228939591,44.459555694,71.078599284,6.000000,22.649305556
1069.500000,9.231803424,44.454619680,71.079073125,6.000000,22.645833333
1069.750000,9.234667115,44.449683633,71.079546981,6.000000,22.642361111
1070.000000,9.237530663,44.444747554,71.080020854,6.000000,22.638888889
1070.250000,9.240394069,44.439811441,71.080494743,6.000000,22.635416667
1070.500000,9.243257333,44.434875296,71.080968648,6.000000,22.631944444
1070.750000,9.246120455,44.429939117,71.081442569,6.000000,22.628472222
1071.000000,9.248983434,44.425002906,71.081916506,6.000000,22.625000000
1071.250000,9.251846271,44.420066662,71.082390460,6.000000,22.621527778
1071.500000,9.254708966,44.415130385,71.082864429,6.000000,22.618055556
1071.750000,9.257571519,44.410194075,71.083338414,6.000000,22.614583333
1072.000000,9.260433929,44.405257732,71.083812415,6.000000,22.611111111
1072.250000,9.263296198,44.400321356,71.084286433,6.000000,22.607638889
1072.500000,9.266158324,44.395384947,71.084760466,6.000000,22.604166667
1072.750000,9.269020308,44.390448505,71.085234516,6.000000,22.600694444
1073.000000,9.271882150,44.385512031,71.085708582,6.000000,22.597222222
1073.250000,9.274743849,44.380575523,71.086182664,6.000000,22.593750000
1073.500000,9.277605406,44.375638983,71.086656761,6.000000,22.590277778
1073.750000,9.280466822,44.370702409,71.087130875,6.000000,22.586805556
1074.000000,9.283328095,44.365765803,71.087605005,6.000000,22.583333333
1074.250000,9.286189226,44.360829164,71.088079151,6.000000,22.579861111
1074.500000,9.289050214,44.355892492,71.088553313,6.000000,22.576388889
1074.750000,9.291911061,44.350955787,71.089027491,6.000000,22.572916667
1075.000000,9.294771765,44.346019049,71.089501686,6.000000,22.569444444
1075.250000,9.297632328,44.341082278,71.089975896,6.000000,22.565972222
1075.500000,9.300492748,44.336145474,71.090450122,6.000000,22.562500000
1075.750000,9.303353026,44.331208637,71.090924365,6.000000,22.559027778
1076.000000,9.306213162,44.326271767,71.091398623,6.000000,22.555555556
1076.250000,9.309073156,44.321334864,71.091872898,6.000000,22.552083333
1076.500000,9.311933008,44.316397929,71.092347189,6.000000,22.548611111
1076.750000,9.314792717,44.311460960,71.092821496,6.000000,22.545138889
1077.000000,9.317652285,44.306523959,71.093295818,6.000000,22.541666667
1077.250000,9.320511711,44.301586924,71.093770157,6.000000,22.538194444
1077.500000,9.323370994,44.296649857,71.094244512,6.000000,22.534722222
1077.750000,9.326230135,44.291712757,71.094718883,6.000000,22.531250000
1078.000000,9.329089135,44.286775623,71.095193271,6.000000,22.527777778
1078.250000,9.331947992,44.281838457,71.095667674,6.000000,22.524305556
1078.500000,9.334806707,44.276901258,71.096142093,6.000000,22.520833333
1078.750000,9.337665281,44.271964026,71.096616529,6.000000,22.517361111
1079.000000,9.340523712,44.267026761,71.097090980,6.000000,22.513888889
1079.250000,9.343382001,44.262089463,71.097565448,6.000000,22.510416667
1079.500000,9.346240148,44.257152132,71.098039931,6.000000,22.506944444
1079.750000,9.349098153,44.252214768,71.098514431,6.000000,22.503472222
1080.000000,9.351956016,44.247277371,71.098988947,6.000000,22.500000000
1080.250000,9.354813738,44.242339942,71.099463479,6.000000,22.496527778
1080.500000,9.357671317,44.237402479,71.099938027,6.000000,22.493055556
1080.750000,9.360528754,44.232464983,71.100412591,6.000000,22.489583333
1081.000000,9.363386049,44.227527454,71.100887171,6.000000,22.486111111
1081.250000,9.366243202,44.222589893,71.101361767,6.000000,22.482638889
1081.500000,9.369100214,44.217652298,71.101836379,6.000000,22.479166667
1081.750000,9.371957083,44.212714671,71.102311008,6.000000,22.475694444
1082.000000,9.374813810,44.207777010,71.102785652,6.000000,22.472222222
1082.250000,9.377670396,44.202839317,71.103260313,6.000000,22.468750000
1082.500000,9.380526839,44.197901590,71.103734990,6.000000,22.465277778
1082.750000,9.383383141,44.192963831,71.104209682,6.000000,22.461805556
1083.000000,9.386239300,44.188026039,71.104684391,6.000000,22.458333333
1083.250000,9.389095318,44.183088213,71.105159116,6.000000,22.454861111
1083.500000,9.391951194,44.178150355,71.105633857,6.000000,22.451388889
1083.750000,9.394806928,44.173212464,71.106108614,6.000000,22.447916667
1084.000000,9.397662520,44.168274540,71.106583387,6.000000,22.444444444
1084.250000,9.400517970,44.163336582,71.107058176,6.000000,22.440972222
1084.500000,9.403373278,44.158398592,71.107532982,6.000000,22.437500000
1084.750000,9.406228444,44.153460569,71.108007803,6.000000,22.434027778
1085.000000,9.409083469,44.148522513,71.108482641,6.000000,22.430555556
1085.250000,9.411938351,44.143584424,71.108957494,6.000000,22.427083333
1085.500000,9.414793092,44.138646302,71.109432364,6.000000,22.423611111
1085.750000,9.417647691,44.133708147,71.109907250,6.000000,22.420138889
1086.000000,9.420502148,44.128769959,71.110382152,6.000000,22.416666667
1086.250000,9.423356463,44.123831738,71.110857070,6.000000,22.413194444
1086.500000,9.426210637,44.118893484,71.111332004,6.000000,22.409722222
1086.750000,9.429064668,44.113955197,71.111806954,6.000000,22.406250000
1087.000000,9.431918558,44.109016877,71.112281920,6.000000,22.402777778
1087.250000,9.434772306,44.104078524,71.112756903,6.000000,22.399305556
1087.500000,9.437625912,44.099140138,71.113231901,6.000000,22.395833333
1087.750000,9.440479376,44.094201719,71.113706916,6.000000,22.392361111
1088.000000,9.443332699,44.089263268,71.114181946,6.000000,22.388888889
1088.250000,9.446185879,44.084324783,71.114656993,6.000000,22.385416667
1088.500000,9.449038918,44.079386265,71.115132056,6.000000,22.381944444
1088.750000,9.451891815,44.074447714,71.115607135,6.000000,22.378472222
1089.000000,9.454744571,44.069509130,71.116082230,6.000000,22.375000000
1089.250000,9.457597185,44.064570513,71.116557341,6.000000,22.371527778
1089.500000,9.460449656,44.059631864,71.117032468,6.000000,22.368055556
1089.750000,9.463301987,44.054693181,71.117507611,6.000000,22.364583333
1090.000000,9.466154175,44.049754465,71.117982771,6.000000,22.361111111
1090.250000,9.469006222,44.044815716,71.118457946,6.000000,22.357638889
1090.500000,9.471858127,44.039876934,71.118933138,6.000000,22.354166667
1090.750000,9.474709890,44.034938120,71.119408346,6.000000,22.350694444
1091.000000,9.477561511,44.029999272,71.119883569,6.000000,22.347222222
1091.250000,9.480412991,44.025060391,71.120358809,6.000000,22.343750000
1091.500000,9.483264329,44.020121477,71.120834065,6.000000,22.340277778
1091.750000,9.486115526,44.015182530,71.121309337,6.000000,22.336805556
1092.000000,9.488966580,44.010243551,71.121784626,6.000000,22.333333333
1092.250000,9.491817493,44.005304538,71.122259930,6.000000,22.329861111
1092.500000,9.494668265,44.000365492,71.122735250,6.000000,22.326388889
1092.750000,9.497518894,43.995426413,71.123210587,6.000000,22.322916667
1093.000000,9.500369382,43.990487301,71.123685939,6.000000,22.319444444
1093.250000,9.503219729,43.985548156,71.124161308,6.000000,22.315972222
1093.500000,9.506069934,43.980608978,71.124636693,6.000000,22.312500000
1093.750000,9.508919997,43.975669768,71.125112094,6.000000,22.309027778
1094.000000,9.511769918,43.970730524,71.125587511,6.000000,22.305555556
1094.250000,9.514619698,43.965791247,71.126062944,6.000000,22.302083333
1094.500000,9.517469336,43.960851937,71.126538393,6.000000,22.298611111
1094.750000,9.520318833,43.955912594,71.127013859,6.000000,22.295138889
1095.000000,9.523168188,43.950973218,71.127489340,6.000000,22.291666667
1095.250000,9.526017401,43.946033809,71.127964838,6.000000,22.288194444
1095.500000,9.528866473,43.941094367,71.128440351,6.000000,22.284722222
1095.750000,9.531715403,43.936154892,71.128915881,6.000000,22.281250000
1096.000000,9.534564192,43.931215384,71.129391427,6.000000,22.277777778
1096.250000,9.537412839,43.926275843,71.129866989,6.000000,22.274305556
1096.500000,9.540261344,43.921336269,71.130342567,6.000000,22.270833333
1096.750000,9.543109708,43.916396662,71.130818161,6.000000,22.267361111
1097.000000,9.545957930,43.911457021,71.131293772,6.000000,22.263888889
1097.250000,9.548806011,43.906517348,71.131769398,6.000000,22.260416667
1097.500000,9.551653950,43.901577642,71.132245040,6.000000,22.256944444
1097.750000,9.554501748,43.896637903,71.132720699,6.000000,22.253472222
1098.000000,9.557349404,43.891698131,71.133196374,6.000000,22.250000000
1098.250000,9.560196919,43.886758325,71.133672065,6.000000,22.246527778
1098.500000,9.563044292,43.881818487,71.134147772,6.000000,22.243055556
1098.750000,9.565891524,43.876878616,71.134623495,6.000000,22.239583333
1099.000000,9.568738614,43.871938711,71.135099234,6.000000,22.236111111
1099.250000,9.571585562,43.866998774,71.135574989,6.000000,22.232638889
1099.500000,9.574432369,43.862058803,71.136050761,6.000000,22.229166667
1099.750000,9.577279035,43.857118800,71.136526548,6.000000,22.225694444
1100.000000,9.580125559,43.852178763,71.137002352,6.000000,22.222222222
1100.250000,9.582971942,43.847238693,71.137478172,6.000000,22.218750000
1100.500000,9.585818183,43.842298591,71.137954008,6.000000,22.215277778
1100.750000,9.588664283,43.837358455,71.138429860,6.000000,22.211805556
1101.000000,9.591510241,43.832418286,71.138905728,6.000000,22.208333333
1101.250000,9.594356058,43.827478085,71.139381612,6.000000,22.204861111
1101.500000,9.597201734,43.822537850,71.139857512,6.000000,22.201388889
1101.750000,9.600047268,43.817597582,71.140333429,6.000000,22.197916667
1102.000000,9.602892660,43.812657281,71.140809361,6.000000,22.194444444
1102.250000,9.605737911,43.807716947,71.141285310,6.000000,22.190972222
1102.500000,9.608583021,43.802776580,71.141761275,6.000000,22.187500000
1102.750000,9.611427989,43.797836180,71.142237256,6.000000,22.184027778
1103.000000,9.614272816,43.792895747,71.142713253,6.000000,22.180555556
1103.250000,9.617117502,43.787955281,71.143189266,6.000000,22.177083333
1103.500000,9.619962046,43.783014781,71.143665295,6.000000,22.173611111
1103.750000,9.622806449,43.778074249,71.144141341,6.000000,22.170138889
1104.000000,9.625650710,43.773133684,71.144617402,6.000000,22.166666667
1104.250000,9.628494830,43.768193085,71.145093480,6.000000,22.163194444
1104.500000,9.631338809,43.763252454,71.145569574,6.000000,22.159722222
1104.750000,9.634182646,43.758311789,71.146045683,6.000000,22.156250000
1105.000000,9.637026342,43.753371091,71.146521809,6.000000,22.152777778
1105.250000,9.639869897,43.748430361,71.146997952,6.000000,22.149305556
1105.500000,9.642713310,43.743489597,71.147474110,6.000000,22.145833333
1105.750000,9.645556582,43.738548800,71.147950284,6.000000,22.142361111
1106.000000,9.648399713,43.733607970,71.148426475,6.000000,22.138888889
1106.250000,9.651242702,43.728667107,71.148902681,6.000000,22.135416667
1106.500000,9.654085550,43.723726211,71.149378904,6.000000,22.131944444
1106.750000,9.656928257,43.718785282,71.149855143,6.000000,22.128472222
1107.000000,9.659770822,43.713844320,71.150331398,6.000000,22.125000000
1107.250000,9.662613247,43.708903325,71.150807669,6.000000,22.121527778
1107.500000,9.665455530,43.703962297,71.151283956,6.000000,22.118055556
1107.750000,9.668297671,43.699021235,71.151760260,6.000000,22.114583333
1108.000000,9.671139671,43.694080141,71.152236579,6.000000,22.111111111
1108.250000,9.673981531,43.689139013,71.152712915,6.000000,22.107638889
1108.500000,9.676823248,43.684197853,71.153189267,6.000000,22.104166667
1108.750000,9.679664825,43.679256659,71.153665635,6.000000,22.100694444
1109.000000,9.682506260,43.674315432,71.154142019,6.000000,22.097222222
1109.250000,9.685347554,43.669374172,71.154618419,6.000000,22.093750000
1109.500000,9.688188707,43.664432879,71.155094835,6.000000,22.090277778
1109.750000,9.691029719,43.659491553,71.155571268,6.000000,22.086805556
1110.000000,9.693870589,43.654550194,71.156047716,6.000000,22.083333333
1110.250000,9.696711318,43.649608802,71.156524181,6.000000,22.079861111
1110.500000,9.699551906,43.644667377,71.157000662,6.000000,22.076388889
1110.750000,9.702392353,43.639725918,71.157477159,6.000000,22.072916667
1111.000000,9.705232659,43.634784427,71.157953672,6.000000,22.069444444
1111.250000,9.708072823,43.629842902,71.158430201,6.000000,22.065972222
1111.500000,9.710912847,43.624901345,71.158906746,6.000000,22.062500000
1111.750000,9.713752729,43.619959754,71.159383308,6.000000,22.059027778
1112.000000,9.716592470,43.615018130,71.159859885,6.000000,22.055555556
1112.250000,9.719432069,43.610076473,71.160336479,6.000000,22.052083333
1112.500000,9.722271528,43.605134783,71.160813089,6.000000,22.048611111
1112.750000,9.725110845,43.600193060,71.161289715,6.000000,22.045138889
1113.000000,9.727950022,43.595251304,71.161766357,6.000000,22.041666667
1113.250000,9.730789057,43.590309514,71.162243015,6.000000,22.038194444
1113.500000,9.733627951,43.585367692,71.162719690,6.000000,22.034722222
1113.750000,9.736466704,43.580425836,71.163196380,6.000000,22.031250000
1114.000000,9.739305316,43.575483948,71.163673087,6.000000,22.027777778
1114.250000,9.742143787,43.570542026,71.164149810,6.000000,22.024305556
1114.500000,9.744982116,43.565600071,71.164626549,6.000000,22.020833333
1114.750000,9.747820305,43.560658083,71.165103304,6.000000,22.017361111
1115.000000,9.750658352,43.555716062,71.165580075,6.000000,22.013888889
1115.250000,9.753496259,43.550774008,71.166056862,6.000000,22.010416667
1115.500000,9.756334024,43.545831921,71.166533666,6.000000,22.006944444
1115.750000,9.759171648,43.540889800,71.167010486,6.000000,22.003472222
1116.000000,9.762009131,43.535947647,71.167487321,6.000000,22.000000000
1116.250000,9.764846473,43.531005460,71.167964173,6.000000,21.996527778
1116.500000,9.767683675,43.526063240,71.168441041,6.000000,21.993055556
1116.750000,9.770520735,43.521120988,71.168917926,6.000000,21.989583333
1117.000000,9.773357654,43.516178702,71.169394826,6.000000,21.986111111
1117.250000,9.776194432,43.511236383,71.169871742,6.000000,21.982638889
1117.500000,9.779031069,43.506294030,71.170348675,6.000000,21.979166667
1117.750000,9.781867565,43.501351645,71.170825624,6.000000,21.975694444
1118.000000,9.784703920,43.496409227,71.171302589,6.000000,21.972222222
1118.250000,9.787540133,43.491466775,71.171779570,6.000000,21.968750000
1118.500000,9.790376206,43.486524290,71.172256567,6.000000,21.965277778
1118.750000,9.793212138,43.481581772,71.172733580,6.000000,21.961805556
1119.000000,9.796047929,43.476639222,71.173210610,6.000000,21.958333333
1119.250000,9.798883579,43.471696637,71.173687656,6.000000,21.954861111
1119.500000,9.801719088,43.466754020,71.174164717,6.000000,21.951388889
1119.750000,9.804554457,43.461811370,71.174641795,6.000000,21.947916667
1120.000000,9.807389684,43.456868686,71.175118889,6.000000,21.944444444
1120.250000,9.810224770,43.451925970,71.175596000,6.000000,21.940972222
1120.500000,9.813059715,43.446983220,71.176073126,6.000000,21.937500000
1120.750000,9.815894519,43.442040437,71.176550269,6.000000,21.934027778
1121.000000,9.818729183,43.437097621,71.177027427,6.000000,21.930555556
1121.250000,9.821563705,43.432154772,71.177504602,6.000000,21.927083333
1121.500000,9.824398087,43.427211890,71.177981793,6.000000,21.923611111
1121.750000,9.827232327,43.422268975,71.178459000,6.000000,21.920138889
1122.000000,9.830066427,43.417326026,71.178936223,6.000000,21.916666667
1122.250000,9.832900386,43.412383044,71.179413463,6.000000,21.913194444
1122.500000,9.835734204,43.407440029,71.179890718,6.000000,21.909722222
1122.750000,9.838567881,43.402496982,71.180367990,6.000000,21.906250000
1123.000000,9.841401417,43.397553900,71.180845278,6.000000,21.902777778
1123.250000,9.844234812,43.392610786,71.181322582,6.000000,21.899305556
1123.500000,9.847068067,43.387667639,71.181799902,6.000000,21.895833333
1123.750000,9.849901180,43.382724458,71.182277239,6.000000,21.892361111
1124.000000,9.852734153,43.377781244,71.182754591,6.000000,21.888888889
1124.250000,9.855566985,43.372837998,71.183231960,6.000000,21.885416667
1124.500000,9.858399676,43.367894718,71.183709345,6.000000,21.881944444
1124.750000,9.861232226,43.362951405,71.184186745,6.000000,21.878472222
1125.000000,9.864064636,43.358008058,71.184664163,6.000000,21.875000000
1125.250000,9.866896904,43.353064679,71.185141596,6.000000,21.871527778
1125.500000,9.869729032,43.348121266,71.185619045,6.000000,21.868055556
1125.750000,9.872561019,43.343177820,71.186096511,6.000000,21.864583333
1126.000000,9.875392865,43.338234341,71.186573993,6.000000,21.861111111
1126.250000,9.878224571,43.333290829,71.187051490,6.000000,21.857638889
1126.500000,9.881056135,43.328347284,71.187529005,6.000000,21.854166667
1126.750000,9.883887559,43.323403706,71.188006535,6.000000,21.850694444
1127.000000,9.886718842,43.318460094,71.188484081,6.000000,21.847222222
1127.250000,9.889549984,43.313516449,71.188961644,6.000000,21.843750000
1127.500000,9.892380986,43.308572772,71.189439222,6.000000,21.840277778
1127.750000,9.895211847,43.303629060,71.189916817,6.000000,21.836805556
1128.000000,9.898042567,43.298685316,71.190394428,6.000000,21.833333333
1128.250000,9.900873146,43.293741539,71.190872055,6.000000,21.829861111
1128.500000,9.903703585,43.288797728,71.191349699,6.000000,21.826388889
1128.750000,9.906533882,43.283853885,71.191827358,6.000000,21.822916667
1129.000000,9.909364040,43.278910008,71.192305034,6.000000,21.819444444
1129.250000,9.912194056,43.273966098,71.192782725,6.000000,21.815972222
1129.500000,9.915023932,43.269022154,71.193260433,6.000000,21.812500000
1129.750000,9.917853667,43.264078178,71.193738158,6.000000,21.809027778
1130.000000,9.920683261,43.259134168,71.194215898,6.000000,21.805555556
1130.250000,9.923512714,43.254190126,71.194693654,6.000000,21.802083333
1130.500000,9.926342027,43.249246050,71.195171427,6.000000,21.798611111
1130.750000,9.929171200,43.244301940,71.195649216,6.000000,21.795138889
1131.000000,9.932000231,43.239357798,71.196127021,6.000000,21.791666667
1131.250000,9.934829122,43.234413623,71.196604842,6.000000,21.788194444
1131.500000,9.937657872,43.229469414,71.197082679,6.000000,21.784722222
1131.750000,9.940486482,43.224525172,71.197560532,6.000000,21.781250000
1132.000000,9.943314951,43.219580897,71.198038402,6.000000,21.777777778
1132.250000,9.946143279,43.214636589,71.198516288,6.000000,21.774305556
1132.500000,9.948971467,43.209692248,71.198994190,6.000000,21.770833333
1132.750000,9.951799514,43.204747873,71.199472108,6.000000,21.767361111
1133.000000,9.954627421,43.199803465,71.199950042,6.000000,21.763888889
1133.250000,9.957455186,43.194859024,71.200427993,6.000000,21.760416667
1133.500000,9.960282812,43.189914550,71.200905959,6.000000,21.756944444
1133.750000,9.963110296,43.184970043,71.201383942,6.000000,21.753472222
1134.000000,9.965937640,43.180025502,71.201861941,6.000000,21.750000000
1134.250000,9.968764844,43.175080928,71.202339956,6.000000,21.746527778
1134.500000,9.971591907,43.170136321,71.202817987,6.000000,21.743055556
1134.750000,9.974418829,43.165191681,71.203296035,6.000000,21.739583333
1135.000000,9.977245611,43.160247008,71.203774098,6.000000,21.736111111
1135.250000,9.980072252,43.155302301,71.204252178,6.000000,21.732638889
1135.500000,9.982898753,43.150357562,71.204730274,6.000000,21.729166667
1135.750000,9.985725113,43.145412789,71.205208386,6.000000,21.725694444
1136.000000,9.988551333,43.140467983,71.205686515,6.000000,21.722222222
1136.250000,9.991377412,43.135523143,71.206164659,6.000000,21.718750000
1136.500000,9.994203350,43.130578271,71.206642820,6.000000,21.715277778
1136.750000,9.997029148,43.125633365,71.207120997,6.000000,21.711805556
1137.000000,9.999854806,43.120688426,71.207599190,6.000000,21.708333333
1137.250000,10.002680323,43.115743454,71.208146294,6.000000,21.704861111
1137.500000,10.005505703,43.110798444,71.208697148,6.000000,21.701388889
1137.750000,10.008330947,43.105853395,71.209248019,6.000000,21.697916667
1138.000000,10.011156055,43.100908309,71.209798907,6.000000,21.694444444
1138.250000,10.013981026,43.095963184,71.210349813,6.000000,21.690972222
1138.500000,10.016805861,43.091018020,71.210900736,6.000000,21.687500000
1138.750000,10.019630559,43.086072819,71.211451676,6.000000,21.684027778
1139.000000,10.022455122,43.081127579,71.212002634,6.000000,21.680555556
1139.250000,10.025279548,43.076182301,71.212553609,6.000000,21.677083333
1139.500000,10.028103837,43.071236985,71.213104601,6.000000,21.673611111
1139.750000,10.030927990,43.066291631,71.213655611,6.000000,21.670138889
1140.000000,10.033752007,43.061346238,71.214206638,6.000000,21.666666667
1140.250000,10.036575888,43.056400807,71.214757682,6.000000,21.663194444
1140.500000,10.039399632,43.051455338,71.215308744,6.000000,21.659722222
1140.750000,10.042223240,43.046509830,71.215859823,6.000000,21.656250000
1141.000000,10.045046711,43.041564284,71.216410919,6.000000,21.652777778
1141.250000,10.047870047,43.036618700,71.216962033,6.000000,21.649305556
1141.500000,10.050693246,43.031673078,71.217513164,6.000000,21.645833333
1141.750000,10.053516309,43.026727417,71.218064312,6.000000,21.642361111
1142.000000,10.056339235,43.021781718,71.218615478,6.000000,21.638888889
1142.250000,10.059162025,43.016835981,71.219166661,6.000000,21.635416667
1142.500000,10.061984679,43.011890206,71.219717861,6.000000,21.631944444
1142.750000,10.064807197,43.006944392,71.220269079,6.000000,21.628472222
1143.000000,10.067629578,43.001998540,71.220820314,6.000000,21.625000000
1143.250000,10.070451824,42.997052650,71.221371567,6.000000,21.621527778
1143.500000,10.073273933,42.992106721,71.221922837,6.000000,21.618055556
1143.750000,10.076095905,42.987160754,71.222474124,6.000000,21.614583333
1144.000000,10.078917742,42.982214749,71.223025428,6.000000,21.611111111
1144.250000,10.081739442,42.977268705,71.223576750,6.000000,21.607638889
1144.500000,10.084561007,42.972322624,71.224128089,6.000000,21.604166667
1144.750000,10.087382435,42.967376504,71.224679446,6.000000,21.600694444
1145.000000,10.090203726,42.962430345,71.225230820,6.000000,21.597222222
1145.250000,10.093024882,42.957484149,71.225782211,6.000000,21.593750000
1145.500000,10.095845901,42.952537914,71.226333620,6.000000,21.590277778
1145.750000,10.098666784,42.947591641,71.226885046,6.000000,21.586805556
1146.000000,10.101487532,42.942645329,71.227436489,6.000000,21.583333333
1146.250000,10.104308142,42.937698980,71.227987950,6.000000,21.579861111
1146.500000,10.107128617,42.932752592,71.228539428,6.000000,21.576388889
1146.750000,10.109948956,42.927806165,71.229090923,6.000000,21.572916667
1147.000000,10.112769158,42.922859701,71.229642436,6.000000,21.569444444
1147.250000,10.115589225,42.917913198,71.230193966,6.000000,21.565972222
1147.500000,10.118409155,42.912966656,71.230745514,6.000000,21.562500000
1147.750000,10.121228949,42.908020077,71.231297078,6.000000,21.559027778
1148.000000,10.124048607,42.903073459,71.231848661,6.000000,21.555555556
1148.250000,10.126868129,42.898126803,71.232400260,6.000000,21.552083333
1148.500000,10.129687515,42.893180108,71.232951877,6.000000,21.548611111
1148.750000,10.132506764,42.888233376,71.233503511,6.000000,21.545138889
1149.000000,10.135325878,42.883286605,71.234055163,6.000000,21.541666667
1149.250000,10.138144855,42.878339795,71.234606832,6.000000,21.538194444
1149.500000,10.140963697,42.873392947,71.235158518,6.000000,21.534722222
1149.750000,10.143782402,42.868446061,71.235710222,6.000000,21.531250000
1150.000000,10.146600971,42.863499137,71.236261943,6.000000,21.527777778
1150.250000,10.149419405,42.858552174,71.236813682,6.000000,21.524305556
1150.500000,10.152237702,42.853605174,71.237365437,6.000000,21.520833333
1150.750000,10.155055863,42.848658134,71.237917210,6.000000,21.517361111
1151.000000,10.157873888,42.843711057,71.238469001,6.000000,21.513888889
1151.250000,10.160691777,42.838763941,71.239020809,6.000000,21.510416667
1151.500000,10.163509531,42.833816787,71.239572634,6.000000,21.506944444
1151.750000,10.166327148,42.828869594,71.240124477,6.000000,21.503472222
1152.000000,10.169144629,42.823922363,71.240676337,6.000000,21.500000000
1152.250000,10.171961974,42.818975094,71.241228214,6.000000,21.496527778
1152.500000,10.174779183,42.814027786,71.241780109,6.000000,21.493055556
1152.750000,10.177596256,42.809080441,71.242332021,6.000000,21.489583333
1153.000000,10.180413193,42.804133056,71.242883951,6.000000,21.486111111
1153.250000,10.183229994,42.799185634,71.243435897,6.000000,21.482638889
1153.500000,10.186046660,42.794238173,71.243987862,6.000000,21.479166667
1153.750000,10.188863189,42.789290674,71.244539843,6.000000,21.475694444
1154.000000,10.191679582,42.784343136,71.245091842,6.000000,21.472222222
1154.250000,10.194495839,42.779395561,71.245643859,6.000000,21.468750000
1154.500000,10.197311961,42.774447946,71.246195892,6.000000,21.465277778
1154.750000,10.200127946,42.769500294,71.246747943,6.000000,21.461805556
1155.000000,10.202943796,42.764552603,71.247300012,6.000000,21.458333333
1155.250000,10.205759509,42.759604874,71.247852098,6.000000,21.454861111
1155.500000,10.208575087,42.754657106,71.248404201,6.000000,21.451388889
1155.750000,10.211390529,42.749709301,71.248956321,6.000000,21.447916667
1156.000000,10.214205835,42.744761456,71.249508459,6.000000,21.444444444
1156.250000,10.217021005,42.739813574,71.250060615,6.000000,21.440972222
1156.500000,10.219836039,42.734865653,71.250612788,6.000000,21.437500000
1156.750000,10.222650937,42.729917694,71.251164978,6.000000,21.434027778
1157.000000,10.225465699,42.724969696,71.251717185,6.000000,21.430555556
1157.250000,10.228280326,42.720021660,71.252269410,6.000000,21.427083333
1157.500000,10.231094817,42.715073586,71.252821652,6.000000,21.423611111
1157.750000,10.233909171,42.710125473,71.253373912,6.000000,21.420138889
1158.000000,10.236723390,42.705177322,71.253926189,6.000000,21.416666667
1158.250000,10.239537473,42.700229133,71.254478483,6.000000,21.413194444
1158.500000,10.242351421,42.695280905,71.255030795,6.000000,21.409722222
1158.750000,10.245165232,42.690332639,71.255583124,6.000000,21.406250000
1159.000000,10.247978908,42.685384335,71.256135471,6.000000,21.402777778
1159.250000,10.250792447,42.680435992,71.256687835,6.000000,21.399305556
1159.500000,10.253605851,42.675487611,71.257240216,6.000000,21.395833333
1159.750000,10.256419120,42.670539192,71.257792615,6.000000,21.392361111
1160.000000,10.259232252,42.665590734,71.258345031,6.000000,21.388888889
1160.250000,10.262045249,42.660642238,71.258897464,6.000000,21.385416667
1160.500000,10.264858109,42.655693703,71.259449915,6.000000,21.381944444
1160.750000,10.267670834,42.650745130,71.260002383,6.000000,21.378472222
1161.000000,10.270483424,42.645796519,71.260554869,6.000000,21.375000000
1161.250000,10.273295877,42.640847869,71.261107372,6.000000,21.371527778
1161.500000,10.276108195,42.635899181,71.261659892,6.000000,21.368055556
1161.750000,10.278920377,42.630950455,71.262212430,6.000000,21.364583333
1162.000000,10.281732423,42.626001690,71.262764985,6.000000,21.361111111
1162.250000,10.284544334,42.621052887,71.263317558,6.000000,21.357638889
1162.500000,10.287356109,42.616104046,71.263870148,6.000000,21.354166667
1162.750000,10.290167748,42.611155166,71.264422755,6.000000,21.350694444
1163.000000,10.292979251,42.606206248,71.264975380,6.000000,21.347222222
1163.250000,10.295790619,42.601257291,71.265528022,6.000000,21.343750000
1163.500000,10.298601851,42.596308296,71.266080682,6.000000,21.340277778
1163.750000,10.301412947,42.591359263,71.266633359,6.000000,21.336805556
1164.000000,10.304223908,42.586410191,71.267186053,6.000000,21.333333333
1164.250000,10.307034733,42.581461081,71.267738765,6.000000,21.329861111
1164.500000,10.309845422,42.576511932,71.268291494,6.000000,21.326388889
1164.750000,10.312655975,42.571562745,71.268844241,6.000000,21.322916667
1165.000000,10.315466393,42.566613520,71.269397005,6.000000,21.319444444
1165.250000,10.318276675,42.561664256,71.269949786,6.000000,21.315972222
1165.500000,10.321086822,42.556714954,71.270502585,6.000000,21.312500000
1165.750000,10.323896833,42.551765614,71.271055401,6.000000,21.309027778
1166.000000,10.326706708,42.546816235,71.271608234,6.000000,21.305555556
1166.250000,10.329516448,42.541866818,71.272161085,6.000000,21.302083333
1166.500000,10.332326052,42.536917362,71.272713954,6.000000,21.298611111
1166.750000,10.335135521,42.531967868,71.273266839,6.000000,21.295138889
1167.000000,10.337944853,42.527018336,71.273819743,6.000000,21.291666667
1167.250000,10.340754051,42.522068765,71.274372663,6.000000,21.288194444
1167.500000,10.343563112,42.517119155,71.274925601,6.000000,21.284722222
1167.750000,10.346372038,42.512169508,71.275478556,6.000000,21.281250000
1168.000000,10.349180829,42.507219822,71.276031529,6.000000,21.277777778
1168.250000,10.351989484,42.502270097,71.276584519,6.000000,21.274305556
1168.500000,10.354798003,42.497320335,71.277137527,6.000000,21.270833333
1168.750000,10.357606387,42.492370533,71.277690552,6.000000,21.267361111
1169.000000,10.360414635,42.487420694,71.278243594,6.000000,21.263888889
1169.250000,10.363222748,42.482470816,71.278796654,6.000000,21.260416667
1169.500000,10.366030725,42.477520899,71.279349731,6.000000,21.256944444
1169.750000,10.368838566,42.472570944,71.279902826,6.000000,21.253472222
1170.000000,10.371646272,42.467620951,71.280455938,6.000000,21.250000000
1170.250000,10.374453843,42.462670920,71.281009067,6.000000,21.246527778
1170.500000,10.377261278,42.457720850,71.281562214,6.000000,21.243055556
1170.750000,10.380068577,42.452770741,71.282115379,6.000000,21.239583333
1171.000000,10.382875741,42.447820594,71.282668560,6.000000,21.236111111
1171.250000,10.385682770,42.442870409,71.283221759,6.000000,21.232638889
1171.500000,10.388489663,42.437920185,71.283774976,6.000000,21.229166667
1171.750000,10.391296420,42.432969923,71.284328210,6.000000,21.225694444
1172.000000,10.394103042,42.428019622,71.284881461,6.000000,21.222222222
1172.250000,10.396909529,42.423069283,71.285434730,6.000000,21.218750000
1172.500000,10.399715880,42.418118906,71.285988016,6.000000,21.215277778
1172.750000,10.402522096,42.413168490,71.286541320,6.000000,21.211805556
1173.000000,10.405328176,42.408218036,71.287094641,6.000000,21.208333333
1173.250000,10.408134121,42.403267543,71.287647979,6.000000,21.204861111
1173.500000,10.410939930,42.398317012,71.288201335,6.000000,21.201388889
1173.750000,10.413745604,42.393366443,71.288754708,6.000000,21.197916667
1174.000000,10.416551142,42.388415835,71.289308099,6.000000,21.194444444
1174.250000,10.419356545,42.383465188,71.289861507,6.000000,21.190972222
1174.500000,10.422161813,42.378514503,71.290414932,6.000000,21.187500000
1174.750000,10.424966945,42.373563780,71.290968375,6.000000,21.184027778
1175.000000,10.427771942,42.368613018,71.291521836,6.000000,21.180555556
1175.250000,10.430576803,42.363662218,71.292075313,6.000000,21.177083333
1175.500000,10.433381530,42.358711380,71.292628809,6.000000,21.173611111
1175.750000,10.436186120,42.353760503,71.293182321,6.000000,21.170138889
1176.000000,10.438990576,42.348809587,71.293735851,6.000000,21.166666667
1176.250000,10.441794895,42.343858633,71.294289399,6.000000,21.163194444
1176.500000,10.444599080,42.338907641,71.294842964,6.000000,21.159722222
1176.750000,10.447403129,42.333956610,71.295396546,6.000000,21.156250000
1177.000000,10.450207043,42.329005541,71.295950146,6.000000,21.152777778
1177.250000,10.453010822,42.324054433,71.296503763,6.000000,21.149305556
1177.500000,10.455814465,42.319103287,71.297057398,6.000000,21.145833333
1177.750000,10.458617973,42.314152103,71.297611050,6.000000,21.142361111
1178.000000,10.461421345,42.309200880,71.298164719,6.000000,21.138888889
1178.250000,10.464224583,42.304249618,71.298718406,6.000000,21.135416667
1178.500000,10.467027685,42.299298318,71.299272110,6.000000,21.131944444
1178.750000,10.469830651,42.294346980,71.299825832,6.000000,21.128472222
1179.000000,10.472633483,42.289395603,71.300379571,6.000000,21.125000000
1179.250000,10.475436179,42.284444188,71.300933328,6.000000,21.121527778
1179.500000,10.478238739,42.279492734,71.301487102,6.000000,21.118055556
1179.750000,10.481041165,42.274541242,71.302040893,6.000000,21.114583333
1180.000000,10.483843455,42.269589712,71.302594702,6.000000,21.111111111
1180.250000,10.486645610,42.264638143,71.303148529,6.000000,21.107638889
1180.500000,10.489447630,42.259686535,71.303702372,6.000000,21.104166667
1180.750000,10.492249515,42.254734889,71.304256234,6.000000,21.100694444
1181.000000,10.495051264,42.249783205,71.304810112,6.000000,21.097222222
1181.250000,10.497852878,42.244831482,71.305364008,6.000000,21.093750000
1181.500000,10.500654357,42.239879720,71.305917922,6.000000,21.090277778
1181.750000,10.503455700,42.234927920,71.306471853,6.000000,21.086805556
1182.000000,10.506256909,42.229976082,71.307025801,6.000000,21.083333333
1182.250000,10.509057982,42.225024205,71.307579767,6.000000,21.079861111
1182.500000,10.511858920,42.220072290,71.308133750,6.000000,21.076388889
1182.750000,10.514659722,42.215120336,71.308687751,6.000000,21.072916667
1183.000000,10.517460390,42.210168344,71.309241769,6.000000,21.069444444
1183.250000,10.520260922,42.205216313,71.309795805,6.000000,21.065972222
1183.500000,10.523061320,42.200264244,71.310349858,6.000000,21.062500000
1183.750000,10.525861582,42.195312137,71.310903928,6.000000,21.059027778
1184.000000,10.528661709,42.190359990,71.311458016,6.000000,21.055555556
1184.250000,10.531461700,42.185407806,71.312012122,6.000000,21.052083333
1184.500000,10.534261557,42.180455583,71.312566244,6.000000,21.048611111
1184.750000,10.537061278,42.175503321,71.313120385,6.000000,21.045138889
1185.000000,10.539860865,42.170551021,71.313674542,6.000000,21.041666667
1185.250000,10.542660316,42.165598683,71.314228718,6.000000,21.038194444
1185.500000,10.545459632,42.160646306,71.314782910,6.000000,21.034722222
1185.750000,10.548258813,42.155693890,71.315337120,6.000000,21.031250000
1186.000000,10.551057859,42.150741436,71.315891348,6.000000,21.027777778
1186.250000,10.553856769,42.145788944,71.316445593,6.000000,21.024305556
1186.500000,10.556655545,42.140836413,71.316999855,6.000000,21.020833333
1186.750000,10.559454186,42.135883843,71.317554135,6.000000,21.017361111
1187.000000,10.562252691,42.130931236,71.318108432,6.000000,21.013888889
1187.250000,10.565051062,42.125978589,71.318662747,6.000000,21.010416667
1187.500000,10.567849297,42.121025904,71.319217079,6.000000,21.006944444
1187.750000,10.570647397,42.116073181,71.319771429,6.000000,21.003472222
1188.000000,10.573445362,42.111120419,71.320325796,6.000000,21.000000000
1188.250000,10.576243193,42.106167619,71.320880180,6.000000,20.996527778
1188.500000,10.579040888,42.101214780,71.321434582,6.000000,20.993055556
1188.750000,10.581838448,42.096261902,71.321989002,6.000000,20.989583333
1189.000000,10.584635873,42.091308986,71.322543439,6.000000,20.986111111
1189.250000,10.587433163,42.086356032,71.323097893,6.000000,20.982638889
1189.500000,10.590230318,42.081403039,71.323652365,6.000000,20.979166667
1189.750000,10.593027338,42.076450008,71.324206854,6.000000,20.975694444
1190.000000,10.595824223,42.071496938,71.324761361,6.000000,20.972222222
1190.250000,10.598620973,42.066543829,71.325315885,6.000000,20.968750000
1190.500000,10.601417588,42.061590682,71.325870427,6.000000,20.965277778
1190.750000,10.604214068,42.056637497,71.326424986,6.000000,20.961805556
1191.000000,10.607010413,42.051684273,71.326979562,6.000000,20.958333333
1191.250000,10.609806623,42.046731010,71.327534156,6.000000,20.954861111
1191.500000,10.612602698,42.041777709,71.328088768,6.000000,20.951388889
1191.750000,10.615398639,42.036824370,71.328643397,6.000000,20.947916667
1192.000000,10.618194444,42.031870992,71.329198043,6.000000,20.944444444
1192.250000,10.620990114,42.026917575,71.329752707,6.000000,20.940972222
1192.500000,10.623785649,42.021964120,71.330307389,6.000000,20.937500000
1192.750000,10.626581050,42.017010627,71.330862087,6.000000,20.934027778
1193.000000,10.629376315,42.012057095,71.331416804,6.000000,20.930555556
1193.250000,10.632171446,42.007103524,71.331971537,6.000000,20.927083333
1193.500000,10.634966442,42.002149915,71.332526289,6.000000,20.923611111
1193.750000,10.637761302,41.997196267,71.333081057,6.000000,20.920138889
1194.000000,10.640556028,41.992242581,71.333635843,6.000000,20.916666667
1194.250000,10.643350619,41.987288856,71.334190647,6.000000,20.913194444
1194.500000,10.646145075,41.982335093,71.334745468,6.000000,20.909722222
1194.750000,10.648939396,41.977381291,71.335300307,6.000000,20.906250000
1195.000000,10.651733583,41.972427451,71.335855163,6.000000,20.902777778
1195.250000,10.654527634,41.967473572,71.336410036,6.000000,20.899305556
1195.500000,10.657321551,41.962519655,71.336964927,6.000000,20.895833333
1195.750000,10.660115333,41.957565699,71.337519835,6.000000,20.892361111
1196.000000,10.662908980,41.952611705,71.338074761,6.000000,20.888888889
1196.250000,10.665702492,41.947657672,71.338629705,6.000000,20.885416667
1196.500000,10.668495869,41.942703600,71.339184665,6.000000,20.881944444
1196.750000,10.671289111,41.937749490,71.339739644,6.000000,20.878472222
1197.000000,10.674082219,41.932795341,71.340294639,6.000000,20.875000000
1197.250000,10.676875192,41.927841154,71.340849653,6.000000,20.871527778
1197.500000,10.679668030,41.922886929,71.341404683,6.000000,20.868055556
1197.750000,10.682460733,41.917932664,71.341959732,6.000000,20.864583333
1198.000000,10.685253301,41.912978362,71.342514797,6.000000,20.861111111
1198.250000,10.688045735,41.908024020,71.343069880,6.000000,20.857638889
1198.500000,10.690838034,41.903069641,71.343624981,6.000000,20.854166667
1198.750000,10.693630198,41.898115222,71.344180099,6.000000,20.850694444
1199.000000,10.696422227,41.893160765,71.344735235,6.000000,20.847222222
1199.250000,10.699214122,41.888206270,71.345290388,6.000000,20.843750000
1199.500000,10.702005881,41.883251736,71.345845558,6.000000,20.840277778
1199.750000,10.704797506,41.878297163,71.346400746,6.000000,20.836805556
1200.000000,10.707588997,41.873342552,71.346955952,6.000000,20.833333333
1200.250000,10.710380352,41.868387902,71.347511175,6.000000,20.829861111
1200.500000,10.713171573,41.863433214,71.348066415,6.000000,20.826388889
1200.750000,10.715962659,41.858478487,71.348621673,6.000000,20.822916667
1201.000000,10.718753611,41.853523722,71.349176949,6.000000,20.819444444
1201.250000,10.721544427,41.848568918,71.349732242,6.000000,20.815972222
1201.500000,10.724335109,41.843614075,71.350287552,6.000000,20.812500000
1201.750000,10.727125657,41.838659194,71.350842880,6.000000,20.809027778
1202.000000,10.729916069,41.833704274,71.351398225,6.000000,20.805555556
1202.250000,10.732706347,41.828749316,71.351953588,6.000000,20.802083333
1202.500000,10.735496490,41.823794319,71.352508968,6.000000,20.798611111
1202.750000,10.738286499,41.818839284,71.353064366,6.000000,20.795138889
1203.000000,10.741076373,41.813884210,71.353619782,6.000000,20.791666667
1203.250000,10.743866112,41.808929098,71.354175214,6.000000,20.788194444
1203.500000,10.746655717,41.803973947,71.354730665,6.000000,20.784722222
1203.750000,10.749445187,41.799018757,71.355286132,6.000000,20.781250000
1204.000000,10.752234522,41.794063529,71.355841618,6.000000,20.777777778
1204.250000,10.755023723,41.789108262,71.356397120,6.000000,20.774305556
1204.500000,10.757812789,41.784152957,71.356952641,6.000000,20.770833333
1204.750000,10.760601720,41.779197613,71.357508178,6.000000,20.767361111
1205.000000,10.763390517,41.774242230,71.358063734,6.000000,20.763888889
1205.250000,10.766179180,41.769286809,71.358619306,6.000000,20.760416667
1205.500000,10.768967707,41.764331349,71.359174897,6.000000,20.756944444
1205.750000,10.771756100,41.759375851,71.359730504,6.000000,20.753472222
1206.000000,10.774544359,41.754420314,71.360286130,6.000000,20.750000000
1206.250000,10.777332483,41.749464739,71.360841772,6.000000,20.746527778
1206.500000,10.780120472,41.744509125,71.361397432,6.000000,20.743055556
1206.750000,10.782908327,41.739553472,71.361953110,6.000000,20.739583333
1207.000000,10.785696047,41.734597781,71.362508805,6.000000,20.736111111
1207.250000,10.788483633,41.729642051,71.363064518,6.000000,20.732638889
1207.500000,10.791271084,41.724686283,71.363620248,6.000000,20.729166667
1207.750000,10.794058401,41.719730476,71.364175996,6.000000,20.725694444
1208.000000,10.796845583,41.714774630,71.364731761,6.000000,20.722222222
1208.250000,10.799632630,41.709818746,71.365287544,6.000000,20.718750000
1208.500000,10.802419543,41.704862824,71.365843344,6.000000,20.715277778
1208.750000,10.805206322,41.699906862,71.366399162,6.000000,20.711805556
1209.000000,10.807992966,41.694950862,71.366954997,6.000000,20.708333333
1209.250000,10.810779475,41.689994824,71.367510850,6.000000,20.704861111
1209.500000,10.813565850,41.685038747,71.368066720,6.000000,20.701388889
1209.750000,10.816352091,41.680082631,71.368622607,6.000000,20.697916667
1210.000000,10.819138197,41.675126477,71.369178513,6.000000,20.694444444
1210.250000,10.821924169,41.670170284,71.369734435,6.000000,20.690972222
1210.500000,10.824710006,41.665214052,71.370290376,6.000000,20.687500000
1210.750000,10.827495708,41.660257782,71.370846333,6.000000,20.684027778
1211.000000,10.830281277,41.655301473,71.371402309,6.000000,20.680555556
1211.250000,10.833066710,41.650345126,71.371958301,6.000000,20.677083333
1211.500000,10.835852010,41.645388740,71.372514312,6.000000,20.673611111
1211.750000,10.838637175,41.640432315,71.373070339,6.000000,20.670138889
1212.000000,10.841422205,41.635475852,71.373626385,6.000000,20.666666667
1212.250000,10.844207101,41.630519350,71.374182447,6.000000,20.663194444
1212.500000,10.846991863,41.625562810,71.374738528,6.000000,20.659722222
1212.750000,10.849776490,41.620606231,71.375294625,6.000000,20.656250000
1213.000000,10.852560983,41.615649613,71.375850741,6.000000,20.652777778
1213.250000,10.855345341,41.610692957,71.376406874,6.000000,20.649305556
1213.500000,10.858129566,41.605736262,71.376963024,6.000000,20.645833333
1213.750000,10.860913655,41.600779528,71.377519192,6.000000,20.642361111
1214.000000,10.863697611,41.595822756,71.378075377,6.000000,20.638888889
1214.250000,10.866481432,41.590865945,71.378631580,6.000000,20.635416667
1214.500000,10.869265118,41.585909096,71.379187800,6.000000,20.631944444
1214.750000,10.872048670,41.580952208,71.379744038,6.000000,20.628472222
1215.000000,10.874832088,41.575995281,71.380300294,6.000000,20.625000000
1215.250000,10.877615372,41.571038316,71.380856567,6.000000,20.621527778
1215.500000,10.880398521,41.566081312,71.381412857,6.000000,20.618055556
1215.750000,10.883181536,41.561124269,71.381969165,6.000000,20.614583333
1216.000000,10.885964417,41.556167188,71.382525490,6.000000,20.611111111
1216.250000,10.888747163,41.551210068,71.383081833,6.000000,20.607638889
1216.500000,10.891529775,41.546252910,71.383638194,6.000000,20.604166667
1216.750000,10.894312252,41.541295713,71.384194572,6.000000,20.600694444
1217.000000,10.897094596,41.536338477,71.384750968,6.000000,20.597222222
1217.250000,10.899876805,41.531381203,71.385307381,6.000000,20.593750000
1217.500000,10.902658880,41.526423890,71.385863811,6.000000,20.590277778
1217.750000,10.905440820,41.521466538,71.386420259,6.000000,20.586805556
1218.000000,10.908222626,41.516509148,71.386976725,6.000000,20.583333333
1218.250000,10.911004298,41.511551719,71.387533208,6.000000,20.579861111
1218.500000,10.913785836,41.506594251,71.388089709,6.000000,20.576388889
1218.750000,10.916567240,41.501636745,71.388646227,6.000000,20.572916667
1219.000000,10.919348509,41.496679200,71.389202763,6.000000,20.569444444
1219.250000,10.922129644,41.491721616,71.389759316,6.000000,20.565972222
1219.500000,10.924910645,41.486763994,71.390315887,6.000000,20.562500000
1219.750000,10.927691511,41.481806333,71.390872475,6.000000,20.559027778
1220.000000,10.930472243,41.476848634,71.391429081,6.000000,20.555555556
1220.250000,10.933252842,41.471890896,71.391985705,6.000000,20.552083333
1220.500000,10.936033306,41.466933119,71.392542346,6.000000,20.548611111
1220.750000,10.938813635,41.461975304,71.393099004,6.000000,20.545138889
1221.000000,10.941593831,41.457017449,71.393655680,6.000000,20.541666667
1221.250000,10.944373892,41.452059557,71.394212374,6.000000,20.538194444
1221.500000,10.947153819,41.447101625,71.394769085,6.000000,20.534722222
1221.750000,10.949933612,41.442143655,71.395325813,6.000000,20.531250000
1222.000000,10.952713271,41.437185646,71.395882559,6.000000,20.527777778
1222.250000,10.955492796,41.432227599,71.396439323,6.000000,20.524305556
1222.500000,10.958272186,41.427269513,71.396996104,6.000000,20.520833333
1222.750000,10.961051443,41.422311388,71.397552903,6.000000,20.517361111
1223.000000,10.963830565,41.417353225,71.398109719,6.000000,20.513888889
1223.250000,10.966609553,41.412395023,71.398666553,6.000000,20.510416667
1223.500000,10.969388407,41.407436782,71.399223404,6.000000,20.506944444
1223.750000,10.972167127,41.402478503,71.399780273,6.000000,20.503472222
1224.000000,10.974945713,41.397520185,71.400337160,6.000000,20.500000000
1224.250000,10.977724164,41.392561828,71.400894063,6.000000,20.496527778
1224.500000,10.980502482,41.387603432,71.401450985,6.000000,20.493055556
1224.750000,10.983280666,41.382644998,71.402007924,6.000000,20.489583333
1225.000000,10.986058715,41.377686526,71.402564880,6.000000,20.486111111
1225.250000,10.988836630,41.372728014,71.403121855,6.000000,20.482638889
1225.500000,10.991614411,41.367769464,71.403678846,6.000000,20.479166667
1225.750000,10.994392059,41.362810875,71.404235855,6.000000,20.475694444
1226.000000,10.997169572,41.357852248,71.404792882,6.000000,20.472222222
1226.250000,10.999946951,41.352893582,71.405349926,6.000000,20.468750000
1226.500000,11.002724196,41.347934877,71.405906988,6.000000,20.465277778
1226.750000,11.005501307,41.342976133,71.406464068,6.000000,20.461805556
1227.000000,11.008278284,41.338017351,71.407021164,6.000000,20.458333333
1227.250000,11.011055127,41.333058530,71.407578279,6.000000,20.454861111
1227.500000,11.013831836,41.328099670,71.408135411,6.000000,20.451388889
1227.750000,11.016608410,41.323140772,71.408692560,6.000000,20.447916667
1228.000000,11.019384851,41.318181835,71.409249727,6.000000,20.444444444
1228.250000,11.022161158,41.313222859,71.409806912,6.000000,20.440972222
1228.500000,11.024937331,41.308263845,71.410364114,6.000000,20.437500000
1228.750000,11.027713370,41.303304792,71.410921334,6.000000,20.434027778
1229.000000,11.030489275,41.298345700,71.411478571,6.000000,20.430555556
1229.250000,11.033265046,41.293386570,71.412035826,6.000000,20.427083333
1229.500000,11.036040683,41.288427401,71.412593098,6.000000,20.423611111
1229.750000,11.038816186,41.283468193,71.413150388,6.000000,20.420138889
1230.000000,11.041591555,41.278508946,71.413707696,6.000000,20.416666667
1230.250000,11.044366790,41.273549661,71.414265021,6.000000,20.413194444
1230.500000,11.047141891,41.268590337,71.414822363,6.000000,20.409722222
1230.750000,11.049916858,41.263630974,71.415379724,6.000000,20.406250000
1231.000000,11.052691692,41.258671573,71.415937101,6.000000,20.402777778
1231.250000,11.055466391,41.253712133,71.416494497,6.000000,20.399305556
1231.500000,11.058240957,41.248752654,71.417051909,6.000000,20.395833333
1231.750000,11.061015388,41.243793137,71.417609340,6.000000,20.392361111
1232.000000,11.063789686,41.238833580,71.418166788,6.000000,20.388888889
1232.250000,11.066563850,41.233873986,71.418724253,6.000000,20.385416667
1232.500000,11.069337879,41.228914352,71.419281736,6.000000,20.381944444
1232.750000,11.072111775,41.223954680,71.419839237,6.000000,20.378472222
1233.000000,11.074885538,41.218994968,71.420396755,6.000000,20.375000000
1233.250000,11.077659166,41.214035219,71.420954291,6.000000,20.371527778
1233.500000,11.080432660,41.209075430,71.421511844,6.000000,20.368055556
1233.750000,11.083206021,41.204115603,71.422069415,6.000000,20.364583333
1234.000000,11.085979247,41.199155737,71.422627003,6.000000,20.361111111
1234.250000,11.088752340,41.194195832,71.423184609,6.000000,20.357638889
1234.500000,11.091525299,41.189235889,71.423742233,6.000000,20.354166667
1234.750000,11.094298124,41.184275907,71.424299874,6.000000,20.350694444
1235.000000,11.097070816,41.179315886,71.424857532,6.000000,20.347222222
1235.250000,11.099843373,41.174355827,71.425415208,6.000000,20.343750000
1235.500000,11.102615797,41.169395728,71.425972902,6.000000,20.340277778
1235.750000,11.105388087,41.164435591,71.426530614,6.000000,20.336805556
1236.000000,11.108160243,41.159475416,71.427088342,6.000000,20.333333333
1236.250000,11.110932265,41.154515201,71.427646089,6.000000,20.329861111
1236.500000,11.113704154,41.149554948,71.428203853,6.000000,20.326388889
1236.750000,11.116475909,41.144594656,71.428761635,6.000000,20.322916667
1237.000000,11.119247530,41.139634325,71.429319434,6.000000,20.319444444
1237.250000,11.122019017,41.134673956,71.429877250,6.000000,20.315972222
1237.500000,11.124790370,41.129713548,71.430435085,6.000000,20.312500000
1237.750000,11.127561590,41.124753101,71.430992937,6.000000,20.309027778
1238.000000,11.130332676,41.119792615,71.431550806,6.000000,20.305555556
1238.250000,11.133103628,41.114832091,71.432108693,6.000000,20.302083333
1238.500000,11.135874447,41.109871528,71.432666598,6.000000,20.298611111
1238.750000,11.138645131,41.104910926,71.433224520,6.000000,20.295138889
1239.000000,11.141415682,41.099950285,71.433782460,6.000000,20.291666667
1239.250000,11.144186100,41.094989606,71.434340417,6.000000,20.288194444
1239.500000,11.146956383,41.090028888,71.434898392,6.000000,20.284722222
1239.750000,11.149726533,41.085068131,71.435456384,6.000000,20.281250000
1240.000000,11.152496549,41.080107335,71.436014394,6.000000,20.277777778
1240.250000,11.155266432,41.075146501,71.436572422,6.000000,20.274305556
1240.500000,11.158036181,41.070185628,71.437130467,6.000000,20.270833333
1240.750000,11.160805796,41.065224716,71.437688530,6.000000,20.267361111
1241.000000,11.163575278,41.060263766,71.438246610,6.000000,20.263888889
1241.250000,11.166344625,41.055302776,71.438804708,6.000000,20.260416667
1241.500000,11.169113840,41.050341748,71.439362824,6.000000,20.256944444
1241.750000,11.171882920,41.045380681,71.439920957,6.000000,20.253472222
1242.000000,11.174651867,41.040419576,71.440479108,6.000000,20.250000000
1242.250000,11.177420680,41.035458431,71.441037276,6.000000,20.246527778
1242.500000,11.180189360,41.030497248,71.441595462,6.000000,20.243055556
1242.750000,11.182957906,41.025536026,71.442153665,6.000000,20.239583333
1243.000000,11.185726318,41.020574766,71.442711886,6.000000,20.236111111
1243.250000,11.188494597,41.015613466,71.443270125,6.000000,20.232638889
1243.500000,11.191262742,41.010652128,71.443828381,6.000000,20.229166667
1243.750000,11.194030754,41.005690751,71.444386655,6.000000,20.225694444
1244.000000,11.196798632,41.000729335,71.444944946,6.000000,20.222222222
1244.250000,11.199566376,40.995767881,71.445503255,6.000000,20.218750000
1244.500000,11.202333987,40.990806387,71.446061581,6.000000,20.215277778
1244.750000,11.205101465,40.985844855,71.446619925,6.000000,20.211805556
1245.000000,11.207868808,40.980883285,71.447178287,6.000000,20.208333333
1245.250000,11.210636019,40.975921675,71.447736666,6.000000,20.204861111
1245.500000,11.213403095,40.970960027,71.448295063,6.000000,20.201388889
1245.750000,11.216170038,40.965998339,71.448853478,6.000000,20.197916667
1246.000000,11.218936848,40.961036613,71.449411910,6.000000,20.194444444
1246.250000,11.221703524,40.956074849,71.449970359,6.000000,20.190972222
1246.500000,11.224470066,40.951113045,71.450528827,6.000000,20.187500000
1246.750000,11.227236475,40.946151203,71.451087311,6.000000,20.184027778
1247.000000,11.230002751,40.941189322,71.451645814,6.000000,20.180555556
1247.250000,11.232768893,40.936227402,71.452204334,6.000000,20.177083333
1247.500000,11.235534901,40.931265443,71.452762871,6.000000,20.173611111
1247.750000,11.238300776,40.926303446,71.453321427,6.000000,20.170138889
1248.000000,11.241066517,40.921341410,71.453879999,6.000000,20.166666667
1248.250000,11.243832125,40.916379335,71.454438590,6.000000,20.163194444
1248.500000,11.246597600,40.911417221,71.454997198,6.000000,20.159722222
1248.750000,11.249362941,40.906455068,71.455555823,6.000000,20.156250000
1249.000000,11.252128149,40.901492877,71.456114467,6.000000,20.152777778
1249.250000,11.254893223,40.896530647,71.456673127,6.000000,20.149305556
1249.500000,11.257658163,40.891568378,71.457231806,6.000000,20.145833333
1249.750000,11.260422971,40.886606070,71.457790502,6.000000,20.142361111
1250.000000,11.263187644,40.881643724,71.458349215,6.000000,20.138888889
1250.250000,11.265952185,40.876681338,71.458907946,6.000000,20.135416667
1250.500000,11.268716592,40.871718914,71.459466695,6.000000,20.131944444
1250.750000,11.271480865,40.866756451,71.460025461,6.000000,20.128472222
1251.000000,11.274245005,40.861793949,71.460584245,6.000000,20.125000000
1251.250000,11.277009012,40.856831409,71.461143047,6.000000,20.121527778
1251.500000,11.279772886,40.851868829,71.461701866,6.000000,20.118055556
1251.750000,11.282536625,40.846906211,71.462260703,6.000000,20.114583333
1252.000000,11.285300232,40.841943554,71.462819557,6.000000,20.111111111
1252.250000,11.288063705,40.836980858,71.463378429,6.000000,20.107638889
1252.500000,11.290827045,40.832018124,71.463937319,6.000000,20.104166667
1252.750000,11.293590252,40.827055350,71.464496226,6.000000,20.100694444
1253.000000,11.296353325,40.822092538,71.465055151,6.000000,20.097222222
1253.250000,11.299116264,40.817129687,71.465614093,6.000000,20.093750000
1253.500000,11.301879071,40.812166797,71.466173053,6.000000,20.090277778
1253.750000,11.304641744,40.807203869,71.466732031,6.000000,20.086805556
1254.000000,11.307404284,40.802240901,71.467291026,6.000000,20.083333333
1254.250000,11.310166690,40.797277895,71.467850039,6.000000,20.079861111
1254.500000,11.312928963,40.792314850,71.468409070,6.000000,20.076388889
1254.750000,11.315691103,40.787351766,71.468968118,6.000000,20.072916667
1255.000000,11.318453110,40.782388643,71.469527183,6.000000,20.069444444
1255.250000,11.321214983,40.777425481,71.470086267,6.000000,20.065972222
1255.500000,11.323976723,40.772462281,71.470645368,6.000000,20.062500000
1255.750000,11.326738329,40.767499042,71.471204486,6.000000,20.059027778
1256.000000,11.329499803,40.762535763,71.471763622,6.000000,20.055555556
1256.250000,11.332261143,40.757572447,71.472322776,6.000000,20.052083333
1256.500000,11.335022350,40.752609091,71.472881947,6.000000,20.048611111
1256.750000,11.337783423,40.747645696,71.473441136,6.000000,20.045138889
1257.000000,11.340544364,40.742682263,71.474000343,6.000000,20.041666667
1257.250000,11.343305171,40.737718791,71.474559567,6.000000,20.038194444
1257.500000,11.346065844,40.732755279,71.475118809,6.000000,20.034722222
1257.750000,11.348826385,40.727791730,71.475678068,6.000000,20.031250000
1258.000000,11.351586792,40.722828141,71.476237346,6.000000,20.027777778
1258.250000,11.354347067,40.717864513,71.476796640,6.000000,20.024305556
1258.500000,11.357107208,40.712900847,71.477355953,6.000000,20.020833333
1258.750000,11.359867215,40.707937141,71.477915283,6.000000,20.017361111
1259.000000,11.362627090,40.702973397,71.478474630,6.000000,20.013888889
1259.250000,11.365386831,40.698009614,71.479033995,6.000000,20.010416667
1259.500000,11.368146439,40.693045793,71.479593378,6.000000,20.006944444
1259.750000,11.370905914,40.688081932,71.480152778,6.000000,20.003472222
1260.000000,11.373665256,40.683118032,71.480712197,6.000000,20.000000000
1260.250000,11.376424465,40.678154094,71.481271632,6.000000,19.996527778
1260.500000,11.379183540,40.673190117,71.481831086,6.000000,19.993055556
1260.750000,11.381942483,40.668226101,71.482390556,6.000000,19.989583333
1261.000000,11.384701292,40.663262046,71.482950045,6.000000,19.986111111
1261.250000,11.387459968,40.658297952,71.483509551,6.000000,19.982638889
1261.500000,11.390218511,40.653333820,71.484069075,6.000000,19.979166667
1261.750000,11.392976920,40.648369648,71.484628616,6.000000,19.975694444
1262.000000,11.395735197,40.643405438,71.485188175,6.000000,19.972222222
1262.250000,11.398493341,40.638441189,71.485747752,6.000000,19.968750000
1262.500000,11.401251351,40.633476901,71.486307346,6.000000,19.965277778
1262.750000,11.404009228,40.628512574,71.486866958,6.000000,19.961805556
1263.000000,11.406766973,40.623548208,71.487426588,6.000000,19.958333333
1263.250000,11.409524584,40.618583803,71.487986235,6.000000,19.954861111
1263.500000,11.412282062,40.613619360,71.488545900,6.000000,19.951388889
1263.750000,11.415039407,40.608654877,71.489105583,6.000000,19.947916667
1264.000000,11.417796619,40.603690356,71.489665283,6.000000,19.944444444
1264.250000,11.420553697,40.598725796,71.490225000,6.000000,19.940972222
1264.500000,11.423310643,40.593761197,71.490784736,6.000000,19.937500000
1264.750000,11.426067456,40.588796559,71.491344489,6.000000,19.934027778
1265.000000,11.428824136,40.583831883,71.491904259,6.000000,19.930555556
1265.250000,11.431580682,40.578867167,71.492464048,6.000000,19.927083333
1265.500000,11.434337096,40.573902413,71.493023854,6.000000,19.923611111
1265.750000,11.437093377,40.568937619,71.493583677,6.000000,19.920138889
1266.000000,11.439849524,40.563972787,71.494143518,6.000000,19.916666667
1266.250000,11.442605539,40.559007916,71.494703377,6.000000,19.913194444
1266.500000,11.445361420,40.554043006,71.495263254,6.000000,19.909722222
1266.750000,11.448117169,40.549078057,71.495823148,6.000000,19.906250000
1267.000000,11.450872784,40.544113070,71.496383060,6.000000,19.902777778
1267.250000,11.453628267,40.539148043,71.496942989,6.000000,19.899305556
1267.500000,11.456383617,40.534182977,71.497502936,6.000000,19.895833333
1267.750000,11.459138833,40.529217873,71.498062901,6.000000,19.892361111
1268.000000,11.461893917,40.524252730,71.498622883,6.000000,19.888888889
1268.250000,11.464648868,40.519287548,71.499182883,6.000000,19.885416667
1268.500000,11.467403685,40.514322327,71.499742901,6.000000,19.881944444
1268.750000,11.470158370,40.509357067,71.500302936,6.000000,19.878472222
1269.000000,11.472912922,40.504391768,71.500862989,6.000000,19.875000000
1269.250000,11.475667341,40.499426430,71.501423059,6.000000,19.871527778
1269.500000,11.478421627,40.494461054,71.501983148,6.000000,19.868055556
1269.750000,11.481175780,40.489495638,71.502543253,6.000000,19.864583333
1270.000000,11.483929800,40.484530184,71.503103377,6.000000,19.861111111
1270.250000,11.486683688,40.479564690,71.503663518,6.000000,19.857638889
1270.500000,11.489437442,40.474599158,71.504223677,6.000000,19.854166667
1270.750000,11.492191063,40.469633587,71.504783853,6.000000,19.850694444
1271.000000,11.494944552,40.464667977,71.505344047,6.000000,19.847222222
1271.250000,11.497697908,40.459702328,71.505904259,6.000000,19.843750000
1271.500000,11.500451130,40.454736640,71.506464489,6.000000,19.840277778
1271.750000,11.503204220,40.449770914,71.507024736,6.000000,19.836805556
1272.000000,11.505957178,40.444805148,71.507585000,6.000000,19.833333333
1272.250000,11.508710002,40.439839344,71.508145283,6.000000,19.829861111
1272.500000,11.511462693,40.434873500,71.508705583,6.000000,19.826388889
1272.750000,11.514215252,40.429907618,71.509265900,6.000000,19.822916667
1273.000000,11.516967677,40.424941697,71.509826236,6.000000,19.819444444
1273.250000,11.519719970,40.419975736,71.510386589,6.000000,19.815972222
1273.500000,11.522472130,40.415009737,71.510946959,6.000000,19.812500000
1273.750000,11.525224158,40.410043699,71.511507348,6.000000,19.809027778
1274.000000,11.527976052,40.405077623,71.512067754,6.000000,19.805555556
1274.250000,11.530727814,40.400111507,71.512628177,6.000000,19.802083333
1274.500000,11.533479442,40.395145352,71.513188618,6.000000,19.798611111
1274.750000,11.536230938,40.390179158,71.513749077,6.000000,19.795138889
1275.000000,11.538982302,40.385212926,71.514309554,6.000000,19.791666667
1275.250000,11.541733532,40.380246654,71.514870048,6.000000,19.788194444
1275.500000,11.544484630,40.375280344,71.515430560,6.000000,19.784722222
1275.750000,11.547235595,40.370313994,71.515991090,6.000000,19.781250000
1276.000000,11.549986427,40.365347606,71.516551637,6.000000,19.777777778
1276.250000,11.552737126,40.360381179,71.517112202,6.000000,19.774305556
1276.500000,11.555487693,40.355414713,71.517672784,6.000000,19.770833333
1276.750000,11.558238127,40.350448208,71.518233385,6.000000,19.767361111
1277.000000,11.560988428,40.345481664,71.518794002,6.000000,19.763888889
1277.250000,11.563738597,40.340515081,71.519354638,6.000000,19.760416667
1277.500000,11.566488632,40.335548459,71.519915291,6.000000,19.756944444
1277.750000,11.569238535,40.330581798,71.520475962,6.000000,19.753472222
1278.000000,11.571988306,40.325615099,71.521036651,6.000000,19.750000000
1278.250000,11.574737943,40.320648360,71.521597357,6.000000,19.746527778
1278.500000,11.577487448,40.315681582,71.522158081,6.000000,19.743055556
1278.750000,11.580236821,40.310714766,71.522718822,6.000000,19.739583333
1279.000000,11.582986060,40.305747910,71.523279581,6.000000,19.736111111
1279.250000,11.585735167,40.300781016,71.523840358,6.000000,19.732638889
1279.500000,11.588484141,40.295814083,71.524401153,6.000000,19.729166667
1279.750000,11.591232983,40.290847110,71.524961965,6.000000,19.725694444
1280.000000,11.593981692,40.285880099,71.525522795,6.000000,19.722222222
1280.250000,11.596730268,40.280913049,71.526083643,6.000000,19.718750000
1280.500000,11.599478712,40.275945960,71.526644508,6.000000,19.715277778
1280.750000,11.602227023,40.270978832,71.527205391,6.000000,19.711805556
1281.000000,11.604975201,40.266011665,71.527766291,6.000000,19.708333333
1281.250000,11.607723247,40.261044459,71.528327210,6.000000,19.704861111
1281.500000,11.610471160,40.256077214,71.528888146,6.000000,19.701388889
1281.750000,11.613218940,40.251109930,71.529449099,6.000000,19.697916667
1282.000000,11.615966588,40.246142607,71.530010071,6.000000,19.694444444
1282.250000,11.618714103,40.241175245,71.530571060,6.000000,19.690972222
1282.500000,11.621461486,40.236207844,71.531132066,6.000000,19.687500000
1282.750000,11.624208736,40.231240405,71.531693091,6.000000,19.684027778
1283.000000,11.626955854,40.226272926,71.532254133,6.000000,19.680555556
1283.250000,11.629702839,40.221305408,71.532815192,6.000000,19.677083333
1283.500000,11.632449691,40.216337852,71.533376270,6.000000,19.673611111
1283.750000,11.635196411,40.211370256,71.533937365,6.000000,19.670138889
1284.000000,11.637942998,40.206402621,71.534498478,6.000000,19.666666667
1284.250000,11.640689453,40.201434948,71.535059608,6.000000,19.663194444
1284.500000,11.643435775,40.196467235,71.535620756,6.000000,19.659722222
1284.750000,11.646181965,40.191499484,71.536181922,6.000000,19.656250000
1285.000000,11.648928022,40.186531694,71.536743105,6.000000,19.652777778
1285.250000,11.651673947,40.181563864,71.537304307,6.000000,19.649305556
1285.500000,11.654419739,40.176595996,71.537865525,6.000000,19.645833333
1285.750000,11.657165399,40.171628089,71.538426762,6.000000,19.642361111
1286.000000,11.659910926,40.166660142,71.538988016,6.000000,19.638888889
1286.250000,11.662656320,40.161692157,71.539549288,6.000000,19.635416667
1286.500000,11.665401582,40.156724133,71.540110578,6.000000,19.631944444
1286.750000,11.668146712,40.151756070,71.540671885,6.000000,19.628472222
1287.000000,11.670891709,40.146787967,71.541233210,6.000000,19.625000000
1287.250000,11.673636574,40.141819826,71.541794553,6.000000,19.621527778
1287.500000,11.676381306,40.136851646,71.542355913,6.000000,19.618055556
1287.750000,11.679125906,40.131883427,71.542917291,6.000000,19.614583333
1288.000000,11.681870373,40.126915169,71.543478687,6.000000,19.611111111
1288.250000,11.684614708,40.121946871,71.544040100,6.000000,19.607638889
1288.500000,11.687358911,40.116978535,71.544601531,6.000000,19.604166667
1288.750000,11.690102981,40.112010160,71.545162980,6.000000,19.600694444
1289.000000,11.692846918,40.107041746,71.545724447,6.000000,19.597222222
1289.250000,11.695590723,40.102073293,71.546285931,6.000000,19.593750000
1289.500000,11.698334396,40.097104801,71.546847433,6.000000,19.590277778
1289.750000,11.701077937,40.092136270,71.547408952,6.000000,19.586805556
1290.000000,11.703821345,40.087167700,71.547970490,6.000000,19.583333333
1290.250000,11.706564620,40.082199091,71.548532045,6.000000,19.579861111
1290.500000,11.709307763,40.077230443,71.549093617,6.000000,19.576388889
1290.750000,11.712050774,40.072261756,71.549655208,6.000000,19.572916667
1291.000000,11.714793653,40.067293030,71.550216816,6.000000,19.569444444
1291.250000,11.717536399,40.062324265,71.550778442,6.000000,19.565972222
1291.500000,11.720279013,40.057355461,71.551340085,6.000000,19.562500000
1291.750000,11.723021494,40.052386617,71.551901746,6.000000,19.559027778
1292.000000,11.725763843,40.047417735,71.552463425,6.000000,19.555555556
1292.250000,11.728506060,40.042448814,71.553025122,6.000000,19.552083333
1292.500000,11.731248144,40.037479854,71.553586836,6.000000,19.548611111
1292.750000,11.733990096,40.032510855,71.554148568,6.000000,19.545138889
1293.000000,11.736731916,40.027541817,71.554710318,6.000000,19.541666667
1293.250000,11.739473603,40.022572740,71.555272085,6.000000,19.538194444
1293.500000,11.742215158,40.017603624,71.555833870,6.000000,19.534722222
1293.750000,11.744956581,40.012634469,71.556395673,6.000000,19.531250000
1294.000000,11.747697872,40.007665275,71.556957494,6.000000,19.527777778
1294.250000,11.750439030,40.002696041,71.557519332,6.000000,19.524305556
1294.500000,11.753180056,39.997726769,71.558081188,6.000000,19.520833333
1294.750000,11.755920949,39.992757458,71.558643061,6.000000,19.517361111
1295.000000,11.758661711,39.987788108,71.559204953,6.000000,19.513888889
1295.250000,11.761402340,39.982818719,71.559766862,6.000000,19.510416667
1295.500000,11.764142837,39.977849290,71.560328788,6.000000,19.506944444
1295.750000,11.766883201,39.972879823,71.560890733,6.000000,19.503472222
1296.000000,11.769623434,39.967910317,71.561452695,6.000000,19.500000000
1296.250000,11.772363534,39.962940771,71.562014675,6.000000,19.496527778
1296.500000,11.775103502,39.957971187,71.562576673,6.000000,19.493055556
1296.750000,11.777843338,39.953001564,71.563138688,6.000000,19.489583333
1297.000000,11.780583041,39.948031901,71.563700721,6.000000,19.486111111
1297.250000,11.783322612,39.943062200,71.564262772,6.000000,19.482638889
1297.500000,11.786062051,39.938092459,71.564824840,6.000000,19.479166667
1297.750000,11.788801358,39.933122680,71.565386926,6.000000,19.475694444
1298.000000,11.791540533,39.928152861,71.565949030,6.000000,19.472222222
1298.250000,11.794279575,39.923183004,71.566511152,6.000000,19.468750000
1298.500000,11.797018486,39.918213107,71.567073291,6.000000,19.465277778
1298.750000,11.799757264,39.913243172,71.567635448,6.000000,19.461805556
1299.000000,11.802495910,39.908273197,71.568197623,6.000000,19.458333333
1299.250000,11.805234424,39.903303183,71.568759816,6.000000,19.454861111
1299.500000,11.807972805,39.898333130,71.569322026,6.000000,19.451388889
1299.750000,11.810711055,39.893363039,71.569884254,6.000000,19.447916667
1300.000000,11.813449172,39.888392908,71.570446499,6.000000,19.444444444
1300.250000,11.816187157,39.883422738,71.571008763,6.000000,19.440972222
1300.500000,11.818925011,39.878452529,71.571571044,6.000000,19.437500000
1300.750000,11.821662732,39.873482281,71.572133343,6.000000,19.434027778
1301.000000,11.824400320,39.868511994,71.572695659,6.000000,19.430555556
1301.250000,11.827137777,39.863541668,71.573257993,6.000000,19.427083333
1301.500000,11.829875102,39.858571303,71.573820345,6.000000,19.423611111
1301.750000,11.832612295,39.853600898,71.574382715,6.000000,19.420138889
1302.000000,11.835349355,39.848630455,71.574945103,6.000000,19.416666667
1302.250000,11.838086283,39.843659973,71.575507508,6.000000,19.413194444
1302.500000,11.840823080,39.838689451,71.576069931,6.000000,19.409722222
1302.750000,11.843559744,39.833718891,71.576632371,6.000000,19.406250000
1303.000000,11.846296276,39.828748292,71.577194830,6.000000,19.402777778
1303.250000,11.849032676,39.823777653,71.577757306,6.000000,19.399305556
1303.500000,11.851768944,39.818806975,71.578319799,6.000000,19.395833333
1303.750000,11.854505081,39.813836259,71.578882311,6.000000,19.392361111
1304.000000,11.857241085,39.808865503,71.579444840,6.000000,19.388888889
1304.250000,11.859976957,39.803894708,71.580007387,6.000000,19.385416667
1304.500000,11.862712697,39.798923874,71.580569952,6.000000,19.381944444
1304.750000,11.865448304,39.793953002,71.581132534,6.000000,19.378472222
1305.000000,11.868183780,39.788982090,71.581695135,6.000000,19.375000000
1305.250000,11.870919124,39.784011139,71.582257753,6.000000,19.371527778
1305.500000,11.873654336,39.779040148,71.582820388,6.000000,19.368055556
1305.750000,11.876389416,39.774069119,71.583383042,6.000000,19.364583333
1306.000000,11.879124364,39.769098051,71.583945713,6.000000,19.361111111
1306.250000,11.881859180,39.764126944,71.584508402,6.000000,19.357638889
1306.500000,11.884593864,39.759155797,71.585071108,6.000000,19.354166667
1306.750000,11.887328416,39.754184612,71.585633833,6.000000,19.350694444
1307.000000,11.890062836,39.749213387,71.586196575,6.000000,19.347222222
1307.250000,11.892797124,39.744242123,71.586759334,6.000000,19.343750000
1307.500000,11.895531281,39.739270821,71.587322112,6.000000,19.340277778
1307.750000,11.898265305,39.734299479,71.587884907,6.000000,19.336805556
1308.000000,11.900999197,39.729328098,71.588447720,6.000000,19.333333333
1308.250000,11.903732958,39.724356678,71.589010551,6.000000,19.329861111
1308.500000,11.906466586,39.719385219,71.589573400,6.000000,19.326388889
1308.750000,11.909200083,39.714413721,71.590136266,6.000000,19.322916667
1309.000000,11.911933447,39.709442184,71.590699150,6.000000,19.319444444
1309.250000,11.914666680,39.704470607,71.591262052,6.000000,19.315972222
1309.500000,11.917399781,39.699498992,71.591824971,6.000000,19.312500000
1309.750000,11.920132750,39.694527337,71.592387908,6.000000,19.309027778
1310.000000,11.922865587,39.689555644,71.592950863,6.000000,19.305555556
1310.250000,11.925598292,39.684583911,71.593513836,6.000000,19.302083333
1310.500000,11.928330865,39.679612139,71.594076826,6.000000,19.298611111
1310.750000,11.931063307,39.674640328,71.594639835,6.000000,19.295138889
1311.000000,11.933795617,39.669668478,71.595202861,6.000000,19.291666667
1311.250000,11.936527794,39.664696589,71.595765904,6.000000,19.288194444
1311.500000,11.939259840,39.659724661,71.596328966,6.000000,19.284722222
1311.750000,11.941991754,39.654752694,71.596892045,6.000000,19.281250000
1312.000000,11.944723537,39.649780687,71.597455142,6.000000,19.277777778
1312.250000,11.947455187,39.644808642,71.598018257,6.000000,19.274305556
1312.500000,11.950186706,39.639836557,71.598581389,6.000000,19.270833333
1312.750000,11.952918092,39.634864434,71.599144539,6.000000,19.267361111
1313.000000,11.955649347,39.629892271,71.599707707,6.000000,19.263888889
1313.250000,11.958380471,39.624920069,71.600270893,6.000000,19.260416667
1313.500000,11.961111462,39.619947828,71.600834097,6.000000,19.256944444
1313.750000,11.963842322,39.614975548,71.601397318,6.000000,19.253472222
1314.000000,11.966573049,39.610003228,71.601960557,6.000000,19.250000000
1314.250000,11.969303646,39.605030870,71.602523813,6.000000,19.246527778
1314.500000,11.972034110,39.600058473,71.603087088,6.000000,19.243055556
1314.750000,11.974764442,39.595086036,71.603650380,6.000000,19.239583333
1315.000000,11.977494643,39.590113560,71.604213690,6.000000,19.236111111
1315.250000,11.980224712,39.585141045,71.604777018,6.000000,19.232638889
1315.500000,11.982954650,39.580168491,71.605340364,6.000000,19.229166667
1315.750000,11.985684455,39.575195898,71.605903727,6.000000,19.225694444
1316.000000,11.988414129,39.570223266,71.606467108,6.000000,19.222222222
1316.250000,11.991143671,39.565250595,71.607030507,6.000000,19.218750000
1316.500000,11.993873081,39.560277884,71.607593923,6.000000,19.215277778
1316.750000,11.996602360,39.555305135,71.608157358,6.000000,19.211805556
1317.000000,11.999331507,39.550332346,71.608720810,6.000000,19.208333333
1317.250000,12.002060522,39.545359518,71.609284280,6.000000,19.204861111
1317.500000,12.004789406,39.540386651,71.609847767,6.000000,19.201388889
1317.750000,12.007518158,39.535413745,71.610411273,6.000000,19.197916667
1318.000000,12.010246778,39.530440800,71.610974796,6.000000,19.194444444
1318.250000,12.012975267,39.525467816,71.611538337,6.000000,19.190972222
1318.500000,12.015703624,39.520494792,71.612101895,6.000000,19.187500000
1318.750000,12.018431849,39.515521729,71.612665472,6.000000,19.184027778
1319.000000,12.021159943,39.510548628,71.613229066,6.000000,19.180555556
1319.250000,12.023887904,39.505575487,71.613792678,6.000000,19.177083333
1319.500000,12.026615735,39.500602307,71.614356308,6.000000,19.173611111
1319.750000,12.029343433,39.495629088,71.614919955,6.000000,19.170138889
1320.000000,12.032071001,39.490655829,71.615483620,6.000000,19.166666667
1320.250000,12.034798436,39.485682532,71.616047303,6.000000,19.163194444
1320.500000,12.037525740,39.480709195,71.616611004,6.000000,19.159722222
1320.750000,12.040252912,39.475735819,71.617174723,6.000000,19.156250000
1321.000000,12.042979953,39.470762404,71.617738459,6.000000,19.152777778
1321.250000,12.045706862,39.465788950,71.618302213,6.000000,19.149305556
1321.500000,12.048433639,39.460815457,71.618865985,6.000000,19.145833333
1321.750000,12.051160285,39.455841925,71.619429775,6.000000,19.142361111
1322.000000,12.053886799,39.450868353,71.619993582,6.000000,19.138888889
1322.250000,12.056613182,39.445894743,71.620557408,6.000000,19.135416667
1322.500000,12.059339433,39.440921093,71.621121251,6.000000,19.131944444
1322.750000,12.062065553,39.435947404,71.621685112,6.000000,19.128472222
1323.000000,12.064791541,39.430973676,71.622248990,6.000000,19.125000000
1323.250000,12.067517397,39.425999908,71.622812886,6.000000,19.121527778
1323.500000,12.070243122,39.421026102,71.623376801,6.000000,19.118055556
1323.750000,12.072968716,39.416052256,71.623940732,6.000000,19.114583333
1324.000000,12.075694178,39.411078372,71.624504682,6.000000,19.111111111
1324.250000,12.078419508,39.406104448,71.625068650,6.000000,19.107638889
1324.500000,12.081144707,39.401130485,71.625632635,6.000000,19.104166667
1324.750000,12.083869774,39.396156482,71.626196638,6.000000,19.100694444
1325.000000,12.086594710,39.391182441,71.626760659,6.000000,19.097222222
1325.250000,12.089319515,39.386208360,71.627324697,6.000000,19.093750000
1325.500000,12.092044188,39.381234241,71.627888754,6.000000,19.090277778
1325.750000,12.094768729,39.376260082,71.628452828,6.000000,19.086805556
1326.000000,12.097493139,39.371285883,71.629016920,6.000000,19.083333333
1326.250000,12.100217418,39.366311646,71.629581029,6.000000,19.079861111
1326.500000,12.102941565,39.361337370,71.630145157,6.000000,19.076388889
1326.750000,12.105665580,39.356363054,71.630709302,6.000000,19.072916667
1327.000000,12.108389464,39.351388699,71.631273465,6.000000,19.069444444
1327.250000,12.111113217,39.346414305,71.631837646,6.000000,19.065972222
1327.500000,12.113836838,39.341439872,71.632401845,6.000000,19.062500000
1327.750000,12.116560328,39.336465400,71.632966061,6.000000,19.059027778
1328.000000,12.119283687,39.331490888,71.633530296,6.000000,19.055555556
1328.250000,12.122006914,39.326516338,71.634094548,6.000000,19.052083333
1328.500000,12.124730009,39.321541748,71.634658817,6.000000,19.048611111
1328.750000,12.127452974,39.316567119,71.635223105,6.000000,19.045138889
1329.000000,12.130175806,39.311592450,71.635787410,6.000000,19.041666667
1329.250000,12.132898508,39.306617743,71.636351734,6.000000,19.038194444
1329.500000,12.135621078,39.301642996,71.636916075,6.000000,19.034722222
1329.750000,12.138343517,39.296668210,71.637480433,6.000000,19.031250000
1330.000000,12.141065824,39.291693385,71.638044810,6.000000,19.027777778
1330.250000,12.143788000,39.286718521,71.638609204,6.000000,19.024305556
1330.500000,12.146510044,39.281743618,71.639173617,6.000000,19.020833333
1330.750000,12.149231958,39.276768675,71.639738047,6.000000,19.017361111
1331.000000,12.151953740,39.271793693,71.640302494,6.000000,19.013888889
1331.250000,12.154675390,39.266818672,71.640866960,6.000000,19.010416667
1331.500000,12.157396909,39.261843612,71.641431443,6.000000,19.006944444
1331.750000,12.160118297,39.256868513,71.641995944,6.000000,19.003472222
1332.000000,12.162839554,39.251893374,71.642560463,6.000000,19.000000000
1332.250000,12.165560679,39.246918196,71.643125000,6.000000,18.996527778
1332.500000,12.168281673,39.241942979,71.643689555,6.000000,18.993055556
1332.750000,12.171002536,39.236967723,71.644254127,6.000000,18.989583333
1333.000000,12.173723267,39.231992428,71.644818717,6.000000,18.986111111
1333.250000,12.176443867,39.227017093,71.645383325,6.000000,18.982638889
1333.500000,12.179164336,39.222041719,71.645947951,6.000000,18.979166667
1333.750000,12.181884674,39.217066306,71.646512594,6.000000,18.975694444
1334.000000,12.184604880,39.212090854,71.647077256,6.000000,18.972222222
1334.250000,12.187324955,39.207115362,71.647641935,6.000000,18.968750000
1334.500000,12.190044899,39.202139832,71.648206632,6.000000,18.965277778
1334.750000,12.192764711,39.197164262,71.648771347,6.000000,18.961805556
1335.000000,12.195484392,39.192188653,71.649336079,6.000000,18.958333333
1335.250000,12.198203942,39.187213004,71.649900830,6.000000,18.954861111
1335.500000,12.200923361,39.182237317,71.650465598,6.000000,18.951388889
1335.750000,12.203642649,39.177261590,71.651030384,6.000000,18.947916667
1336.000000,12.206361805,39.172285824,71.651595188,6.000000,18.944444444
1336.250000,12.209080830,39.167310019,71.652160009,6.000000,18.940972222
1336.500000,12.211799724,39.162334174,71.652724849,6.000000,18.937500000
1336.750000,12.214518487,39.157358291,71.653289706,6.000000,18.934027778
1337.000000,12.217237119,39.152382368,71.653854581,6.000000,18.930555556
1337.250000,12.219955619,39.147406406,71.654419474,6.000000,18.927083333
1337.500000,12.222673988,39.142430404,71.654984385,6.000000,18.923611111
1337.750000,12.225392226,39.137454364,71.655549313,6.000000,18.920138889
1338.000000,12.228110333,39.132478284,71.656114259,6.000000,18.916666667
1338.250000,12.230828309,39.127502165,71.656679224,6.000000,18.913194444
1338.500000,12.233546154,39.122526006,71.657244206,6.000000,18.909722222
1338.750000,12.236263867,39.117549809,71.657809205,6.000000,18.906250000
1339.000000,12.238981449,39.112573572,71.658374223,6.000000,18.902777778
1339.250000,12.241698900,39.107597296,71.658939258,6.000000,18.899305556
1339.500000,12.244416220,39.102620981,71.659504311,6.000000,18.895833333
1339.750000,12.247133409,39.097644626,71.660069383,6.000000,18.892361111
1340.000000,12.249850467,39.092668233,71.660634471,6.000000,18.888888889
1340.250000,12.252567394,39.087691800,71.661199578,6.000000,18.885416667
1340.500000,12.255284189,39.082715328,71.661764703,6.000000,18.881944444
1340.750000,12.258000854,39.077738816,71.662329845,6.000000,18.878472222
1341.000000,12.260717387,39.072762266,71.662895005,6.000000,18.875000000
1341.250000,12.263433790,39.067785676,71.663460183,6.000000,18.871527778
1341.500000,12.266150061,39.062809046,71.664025379,6.000000,18.868055556
1341.750000,12.268866201,39.057832378,71.664590592,6.000000,18.864583333
1342.000000,12.271582210,39.052855670,71.665155824,6.000000,18.861111111
1342.250000,12.274298088,39.047878923,71.665721073,6.000000,18.857638889
1342.500000,12.277013835,39.042902137,71.666286340,6.000000,18.854166667
1342.750000,12.279729451,39.037925312,71.666851625,6.000000,18.850694444
1343.000000,12.282444936,39.032948447,71.667416928,6.000000,18.847222222
1343.250000,12.285160290,39.027971543,71.667982248,6.000000,18.843750000
1343.500000,12.287875513,39.022994600,71.668547587,6.000000,18.840277778
1343.750000,12.290590605,39.018017617,71.669112943,6.000000,18.836805556
1344.000000,12.293305566,39.013040596,71.669678317,6.000000,18.833333333
1344.250000,12.296020396,39.008063535,71.670243709,6.000000,18.829861111
1344.500000,12.298735094,39.003086434,71.670809118,6.000000,18.826388889
1344.750000,12.301449662,38.998109295,71.671374546,6.000000,18.822916667
1345.000000,12.304164099,38.993132116,71.671939991,6.000000,18.819444444
1345.250000,12.306878405,38.988154898,71.672505454,6.000000,18.815972222
1345.500000,12.309592580,38.983177641,71.673070935,6.000000,18.812500000
1345.750000,12.312306624,38.978200344,71.673636434,6.000000,18.809027778
1346.000000,12.315020537,38.973223008,71.674201951,6.000000,18.805555556
1346.250000,12.317734319,38.968245633,71.674767486,6.000000,18.802083333
1346.500000,12.320447970,38.963268219,71.675333038,6.000000,18.798611111
1346.750000,12.323161490,38.958290765,71.675898608,6.000000,18.795138889
1347.000000,12.325874880,38.953313272,71.676464196,6.000000,18.791666667
1347.250000,12.328588138,38.948335740,71.677029802,6.000000,18.788194444
1347.500000,12.331301265,38.943358168,71.677595426,6.000000,18.784722222
1347.750000,12.334014262,38.938380558,71.678161067,6.000000,18.781250000
1348.000000,12.336727127,38.933402907,71.678726727,6.000000,18.777777778
1348.250000,12.339439862,38.928425218,71.679292404,6.000000,18.774305556
1348.500000,12.342152466,38.923447489,71.679858099,6.000000,18.770833333
1348.750000,12.344864938,38.918469722,71.680423812,6.000000,18.767361111
1349.000000,12.347577280,38.913491914,71.680989542,6.000000,18.763888889
1349.250000,12.350289492,38.908514068,71.681555291,6.000000,18.760416667
1349.500000,12.353001572,38.903536182,71.682121057,6.000000,18.756944444
1349.750000,12.355713521,38.898558257,71.682686842,6.000000,18.753472222
1350.000000,12.358425340,38.893580293,71.683252644,6.000000,18.750000000
1350.250000,12.361137027,38.888602289,71.683818464,6.000000,18.746527778
1350.500000,12.363848584,38.883624246,71.684384302,6.000000,18.743055556
1350.750000,12.366560010,38.878646164,71.684950157,6.000000,18.739583333
1351.000000,12.369271305,38.873668042,71.685516031,6.000000,18.736111111
1351.250000,12.371982470,38.868689881,71.686081922,6.000000,18.732638889
1351.500000,12.374693503,38.863711681,71.686647831,6.000000,18.729166667
1351.750000,12.377404406,38.858733442,71.687213758,6.000000,18.725694444
1352.000000,12.380115178,38.853755163,71.687779703,6.000000,18.722222222
1352.250000,12.382825819,38.848776845,71.688345666,6.000000,18.718750000
1352.500000,12.385536329,38.843798488,71.688911646,6.000000,18.715277778
1352.750000,12.388246708,38.838820091,71.689477645,6.000000,18.711805556
1353.000000,12.390956957,38.833841655,71.690043661,6.000000,18.708333333
1353.250000,12.393667075,38.828863180,71.690609695,6.000000,18.704861111
1353.500000,12.396377062,38.823884665,71.691175747,6.000000,18.701388889
1353.750000,12.399086919,38.818906111,71.691741817,6.000000,18.697916667
1354.000000,12.401796644,38.813927518,71.692307905,6.000000,18.694444444
1354.250000,12.404506239,38.808948886,71.692874010,6.000000,18.690972222
1354.500000,12.407215703,38.803970214,71.693440134,6.000000,18.687500000
1354.750000,12.409925037,38.798991503,71.694006275,6.000000,18.684027778
1355.000000,12.412634240,38.794012752,71.694572434,6.000000,18.680555556
1355.250000,12.415343312,38.789033963,71.695138611,6.000000,18.677083333
1355.500000,12.418052253,38.784055134,71.695704806,6.000000,18.673611111
1355.750000,12.420761063,38.779076265,71.696271019,6.000000,18.670138889
1356.000000,12.423469743,38.774097358,71.696837249,6.000000,18.666666667
1356.250000,12.426178292,38.769118410,71.697403498,6.000000,18.663194444
1356.500000,12.428886711,38.764139424,71.697969764,6.000000,18.659722222
1356.750000,12.431594999,38.759160398,71.698536048,6.000000,18.656250000
1357.000000,12.434303156,38.754181333,71.699102350,6.000000,18.652777778
1357.250000,12.437011182,38.749202229,71.699668670,6.000000,18.649305556
1357.500000,12.439719078,38.744223085,71.700235007,6.000000,18.645833333
1357.750000,12.442426843,38.739243902,71.700801363,6.000000,18.642361111
1358.000000,12.445134477,38.734264680,71.701367736,6.000000,18.638888889
1358.250000,12.447841981,38.729285419,71.701934128,6.000000,18.635416667
1358.500000,12.450549354,38.724306118,71.702500537,6.000000,18.631944444
1358.750000,12.453256597,38.719326777,71.703066964,6.000000,18.628472222
1359.000000,12.455963709,38.714347398,71.703633409,6.000000,18.625000000
1359.250000,12.458670690,38.709367979,71.704199872,6.000000,18.621527778
1359.500000,12.461377540,38.704388520,71.704766352,6.000000,18.618055556
1359.750000,12.464084260,38.699409023,71.705332851,6.000000,18.614583333
1360.000000,12.466790850,38.694429486,71.705899367,6.000000,18.611111111
1360.250000,12.469497309,38.689449909,71.706465901,6.000000,18.607638889
1360.500000,12.472203637,38.684470294,71.707032453,6.000000,18.604166667
1360.750000,12.474909835,38.679490639,71.707599023,6.000000,18.600694444
1361.000000,12.477615902,38.674510944,71.708165611,6.000000,18.597222222
1361.250000,12.480321838,38.669531210,71.708732217,6.000000,18.593750000
1361.500000,12.483027644,38.664551437,71.709298841,6.000000,18.590277778
1361.750000,12.485733320,38.659571625,71.709865482,6.000000,18.586805556
1362.000000,12.488438864,38.654591773,71.710432141,6.000000,18.583333333
1362.250000,12.491144279,38.649611882,71.710998819,6.000000,18.579861111
1362.500000,12.493849562,38.644631952,71.711565514,6.000000,18.576388889
1362.750000,12.496554716,38.639651982,71.712132227,6.000000,18.572916667
1363.000000,12.499259738,38.634671973,71.712698957,6.000000,18.569444444
1363.250000,12.501964631,38.629691924,71.713265706,6.000000,18.565972222
1363.500000,12.504669392,38.624711836,71.713832473,6.000000,18.562500000
1363.750000,12.507374023,38.619731709,71.714399257,6.000000,18.559027778
1364.000000,12.510078524,38.614751542,71.714966059,6.000000,18.555555556
1364.250000,12.512782894,38.609771336,71.715532880,6.000000,18.552083333
1364.500000,12.515487134,38.604791091,71.716099718,6.000000,18.548611111
1364.750000,12.518191243,38.599810806,71.716666574,6.000000,18.545138889
1365.000000,12.520895222,38.594830482,71.717233448,6.000000,18.541666667
1365.250000,12.523599070,38.589850119,71.717800339,6.000000,18.538194444
1365.500000,12.526302788,38.584869716,71.718367249,6.000000,18.534722222
1365.750000,12.529006375,38.579889274,71.718934176,6.000000,18.531250000
1366.000000,12.531709832,38.574908792,71.719501122,6.000000,18.527777778
1366.250000,12.534413158,38.569928271,71.720068085,6.000000,18.524305556
1366.500000,12.537116354,38.564947711,71.720635066,6.000000,18.520833333
1366.750000,12.539819420,38.559967111,71.721202065,6.000000,18.517361111
1367.000000,12.542522355,38.554986472,71.721769082,6.000000,18.513888889
1367.250000,12.545225160,38.550005794,71.722336117,6.000000,18.510416667
1367.500000,12.547927834,38.545025076,71.722903170,6.000000,18.506944444
1367.750000,12.550630378,38.540044319,71.723470240,6.000000,18.503472222
1368.000000,12.553332791,38.535063522,71.724037329,6.000000,18.500000000
1368.250000,12.556035074,38.530082687,71.724604435,6.000000,18.496527778
1368.500000,12.558737227,38.525101811,71.725171559,6.000000,18.493055556
1368.750000,12.561439250,38.520120897,71.725738702,6.000000,18.489583333
1369.000000,12.564141141,38.515139942,71.726305862,6.000000,18.486111111
1369.250000,12.566842903,38.510158949,71.726873040,6.000000,18.482638889
1369.500000,12.569544534,38.505177916,71.727440235,6.000000,18.479166667
1369.750000,12.572246035,38.500196844,71.728007449,6.000000,18.475694444
1370.000000,12.574947406,38.495215732,71.728574681,6.000000,18.472222222
1370.250000,12.577648646,38.490234581,71.729141930,6.000000,18.468750000
1370.500000,12.580349756,38.485253391,71.729709198,6.000000,18.465277778
1370.750000,12.583050735,38.480272161,71.730276483,6.000000,18.461805556
1371.000000,12.585751585,38.475290892,71.730843786,6.000000,18.458333333
1371.250000,12.588452303,38.470309583,71.731411107,6.000000,18.454861111
1371.500000,12.591152892,38.465328235,71.731978446,6.000000,18.451388889
1371.750000,12.593853350,38.460346848,71.732545803,6.000000,18.447916667
1372.000000,12.596553678,38.455365421,71.733113178,6.000000,18.444444444
1372.250000,12.599253876,38.450383955,71.733680570,6.000000,18.440972222
1372.500000,12.601953943,38.445402449,71.734247981,6.000000,18.437500000
1372.750000,12.604653880,38.440420904,71.734815410,6.000000,18.434027778
1373.000000,12.607353687,38.435439320,71.735382856,6.000000,18.430555556
1373.250000,12.610053364,38.430457696,71.735950320,6.000000,18.427083333
1373.500000,12.612752910,38.425476033,71.736517802,6.000000,18.423611111
1373.750000,12.615452326,38.420494330,71.737085302,6.000000,18.420138889
1374.000000,12.618151612,38.415512588,71.737652820,6.000000,18.416666667
1374.250000,12.620850768,38.410530807,71.738220356,6.000000,18.413194444
1374.500000,12.623549793,38.405548986,71.738787910,6.000000,18.409722222
1374.750000,12.626248688,38.400567126,71.739355482,6.000000,18.406250000
1375.000000,12.628947453,38.395585226,71.739923071,6.000000,18.402777778
1375.250000,12.631646088,38.390603287,71.740490679,6.000000,18.399305556
1375.500000,12.634344592,38.385621308,71.741058304,6.000000,18.395833333
1375.750000,12.637042966,38.380639290,71.741625948,6.000000,18.392361111
1376.000000,12.639741210,38.375657233,71.742193609,6.000000,18.388888889
1376.250000,12.642439324,38.370675136,71.742761288,6.000000,18.385416667
1376.500000,12.645137308,38.365693000,71.743328985,6.000000,18.381944444
1376.750000,12.647835162,38.360710824,71.743896700,6.000000,18.378472222
1377.000000,12.650532885,38.355728609,71.744464433,6.000000,18.375000000
1377.250000,12.653230478,38.350746355,71.745032184,6.000000,18.371527778
1377.500000,12.655927941,38.345764061,71.745599952,6.000000,18.368055556
1377.750000,12.658625274,38.340781728,71.746167739,6.000000,18.364583333
1378.000000,12.661322477,38.335799355,71.746735543,6.000000,18.361111111
1378.250000,12.664019549,38.330816943,71.747303366,6.000000,18.357638889
1378.500000,12.666716492,38.325834491,71.747871206,6.000000,18.354166667
1378.750000,12.669413304,38.320852000,71.748439064,6.000000,18.350694444
1379.000000,12.672109986,38.315869470,71.749006941,6.000000,18.347222222
1379.250000,12.674806538,38.310886900,71.749574835,6.000000,18.343750000
1379.500000,12.677502960,38.305904290,71.750142747,6.000000,18.340277778
1379.750000,12.680199252,38.300921641,71.750710677,6.000000,18.336805556
1380.000000,12.682895414,38.295938953,71.751278625,6.000000,18.333333333
1380.250000,12.685591446,38.290956225,71.751846590,6.000000,18.329861111
1380.500000,12.688287347,38.285973458,71.752414574,6.000000,18.326388889
1380.750000,12.690983119,38.280990652,71.752982576,6.000000,18.322916667
1381.000000,12.693678760,38.276007806,71.753550595,6.000000,18.319444444
1381.250000,12.696374272,38.271024920,71.754118633,6.000000,18.315972222
1381.500000,12.699069653,38.266041995,71.754686688,6.000000,18.312500000
1381.750000,12.701764905,38.261059031,71.755254761,6.000000,18.309027778
1382.000000,12.704460026,38.256076027,71.755822852,6.000000,18.305555556
1382.250000,12.707155017,38.251092984,71.756390962,6.000000,18.302083333
1382.500000,12.709849878,38.246109901,71.756959089,6.000000,18.298611111
1382.750000,12.712544609,38.241126779,71.757527234,6.000000,18.295138889
1383.000000,12.715239211,38.236143618,71.758095397,6.000000,18.291666667
1383.250000,12.717933682,38.231160416,71.758663577,6.000000,18.288194444
1383.500000,12.720628023,38.226177176,71.759231776,6.000000,18.284722222
1383.750000,12.723322234,38.221193896,71.759799993,6.000000,18.281250000
1384.000000,12.726016315,38.216210577,71.760368227,6.000000,18.277777778
1384.250000,12.728710266,38.211227218,71.760936480,6.000000,18.274305556
1384.500000,12.731404088,38.206243819,71.761504750,6.000000,18.270833333
1384.750000,12.734097779,38.201260381,71.762073039,6.000000,18.267361111
1385.000000,12.736791340,38.196276904,71.762641345,6.000000,18.263888889
1385.250000,12.739484771,38.191293387,71.763209669,6.000000,18.260416667
1385.500000,12.742178073,38.186309831,71.763778012,6.000000,18.256944444
1385.750000,12.744871244,38.181326235,71.764346372,6.000000,18.253472222
1386.000000,12.747564285,38.176342600,71.764914750,6.000000,18.250000000
1386.250000,12.750257197,38.171358926,71.765483146,6.000000,18.246527778
1386.500000,12.752949978,38.166375212,71.766051560,6.000000,18.243055556
1386.750000,12.755642630,38.161391458,71.766619992,6.000000,18.239583333
1387.000000,12.758335152,38.156407665,71.767188442,6.000000,18.236111111
1387.250000,12.761027544,38.151423832,71.767756909,6.000000,18.232638889
1387.500000,12.763719806,38.146439960,71.768325395,6.000000,18.229166667
1387.750000,12.766411938,38.141456049,71.768893899,6.000000,18.225694444
1388.000000,12.769103940,38.136472098,71.769462420,6.000000,18.222222222
1388.250000,12.771795812,38.131488107,71.770030960,6.000000,18.218750000
1388.500000,12.774487554,38.126504078,71.770599517,6.000000,18.215277778
1388.750000,12.777179167,38.121520008,71.771168092,6.000000,18.211805556
1389.000000,12.779870649,38.116535899,71.771736686,6.000000,18.208333333
1389.250000,12.782562002,38.111551751,71.772305297,6.000000,18.204861111
1389.500000,12.785253225,38.106567563,71.772873926,6.000000,18.201388889
1389.750000,12.787944318,38.101583336,71.773442573,6.000000,18.197916667
1390.000000,12.790635281,38.096599069,71.774011238,6.000000,18.194444444
1390.250000,12.793326115,38.091614762,71.774579921,6.000000,18.190972222
1390.500000,12.796016818,38.086630417,71.775148622,6.000000,18.187500000
1390.750000,12.798707392,38.081646031,71.775717341,6.000000,18.184027778
1391.000000,12.801397836,38.076661606,71.776286078,6.000000,18.180555556
1391.250000,12.804088150,38.071677142,71.776854833,6.000000,18.177083333
1391.500000,12.806778334,38.066692638,71.777423606,6.000000,18.173611111
1391.750000,12.809468389,38.061708095,71.777992396,6.000000,18.170138889
1392.000000,12.812158313,38.056723512,71.778561205,6.000000,18.166666667
1392.250000,12.814848108,38.051738890,71.779130032,6.000000,18.163194444
1392.500000,12.817537773,38.046754228,71.779698876,6.000000,18.159722222
1392.750000,12.820227309,38.041769527,71.780267739,6.000000,18.156250000
1393.000000,12.822916714,38.036784786,71.780836619,6.000000,18.152777778
1393.250000,12.825605990,38.031800006,71.781405518,6.000000,18.149305556
1393.500000,12.828295136,38.026815186,71.781974434,6.000000,18.145833333
1393.750000,12.830984153,38.021830327,71.782543368,6.000000,18.142361111
1394.000000,12.833673039,38.016845428,71.783112321,6.000000,18.138888889
1394.250000,12.836361796,38.011860489,71.783681291,6.000000,18.135416667
1394.500000,12.839050423,38.006875511,71.784250279,6.000000,18.131944444
1394.750000,12.841738921,38.001890494,71.784819285,6.000000,18.128472222
1395.000000,12.844427289,37.996905437,71.785388309,6.000000,18.125000000
1395.250000,12.847115527,37.991920341,71.785957351,6.000000,18.121527778
1395.500000,12.849803635,37.986935205,71.786526411,6.000000,18.118055556
1395.750000,12.852491613,37.981950029,71.787095489,6.000000,18.114583333
1396.000000,12.855179462,37.976964814,71.787664585,6.000000,18.111111111
1396.250000,12.857867182,37.971979560,71.788233699,6.000000,18.107638889
1396.500000,12.860554771,37.966994266,71.788802831,6.000000,18.104166667
1396.750000,12.863242231,37.962008932,71.789371981,6.000000,18.100694444
1397.000000,12.865929561,37.957023559,71.789941148,6.000000,18.097222222
1397.250000,12.868616762,37.952038147,71.790510334,6.000000,18.093750000
1397.500000,12.871303833,37.947052695,71.791079538,6.000000,18.090277778
1397.750000,12.873990774,37.942067203,71.791648759,6.000000,18.086805556
1398.000000,12.876677586,37.937081672,71.792217999,6.000000,18.083333333
1398.250000,12.879364268,37.932096101,71.792787256,6.000000,18.079861111
1398.500000,12.882050820,37.927110491,71.793356532,6.000000,18.076388889
1398.750000,12.884737243,37.922124841,71.793925825,6.000000,18.072916667
1399.000000,12.887423536,37.917139152,71.794495137,6.000000,18.069444444
1399.250000,12.890109700,37.912153423,71.795064466,6.000000,18.065972222
1399.500000,12.892795733,37.907167655,71.795633814,6.000000,18.062500000
1399.750000,12.895481638,37.902181847,71.796203179,6.000000,18.059027778
1400.000000,12.898167413,37.897195999,71.796772562,6.000000,18.055555556
1400.250000,12.900853058,37.892210112,71.797341964,6.000000,18.052083333
1400.500000,12.903538573,37.887224186,71.797911383,6.000000,18.048611111
1400.750000,12.906223959,37.882238220,71.798480820,6.000000,18.045138889
1401.000000,12.908909216,37.877252214,71.799050275,6.000000,18.041666667
1401.250000,12.911594343,37.872266169,71.799619749,6.000000,18.038194444
1401.500000,12.914279340,37.867280084,71.800189240,6.000000,18.034722222
1401.750000,12.916964208,37.862293960,71.800758749,6.000000,18.031250000
1402.000000,12.919648946,37.857307796,71.801328276,6.000000,18.027777778
1402.250000,12.922333555,37.852321593,71.801897821,6.000000,18.024305556
1402.500000,12.925018034,37.847335350,71.802467384,6.000000,18.020833333
1402.750000,12.927702384,37.842349068,71.803036965,6.000000,18.017361111
1403.000000,12.930386604,37.837362746,71.803606564,6.000000,18.013888889
1403.250000,12.933070695,37.832376384,71.804176181,6.000000,18.010416667
1403.500000,12.935754656,37.827389983,71.804745816,6.000000,18.006944444
1403.750000,12.938438488,37.822403542,71.805315469,6.000000,18.003472222
1404.000000,12.941122190,37.817417062,71.805885140,6.000000,18.000000000
1404.250000,12.943805762,37.812430542,71.806454829,6.000000,17.996527778
1404.500000,12.946489206,37.807443983,71.807024536,6.000000,17.993055556
1404.750000,12.949172519,37.802457384,71.807594260,6.000000,17.989583333
1405.000000,12.951855704,37.797470745,71.808164003,6.000000,17.986111111
1405.250000,12.954538759,37.792484067,71.808733764,6.000000,17.982638889
1405.500000,12.957221684,37.787497350,71.809303543,6.000000,17.979166667
1405.750000,12.959904480,37.782510592,71.809873340,6.000000,17.975694444
1406.000000,12.962587147,37.777523796,71.810443154,6.000000,17.972222222
1406.250000,12.965269684,37.772536959,71.811012987,6.000000,17.968750000
1406.500000,12.967952091,37.767550083,71.811582838,6.000000,17.965277778
1406.750000,12.970634370,37.762563168,71.812152707,6.000000,17.961805556
1407.000000,12.973316518,37.757576213,71.812722593,6.000000,17.958333333
1407.250000,12.975998538,37.752589218,71.813292498,6.000000,17.954861111
1407.500000,12.978680428,37.747602184,71.813862421,6.000000,17.951388889
1407.750000,12.981362189,37.742615110,71.814432361,6.000000,17.947916667
1408.000000,12.984043820,37.737627997,71.815002320,6.000000,17.944444444
1408.250000,12.986725322,37.732640844,71.815572297,6.000000,17.940972222
1408.500000,12.989406694,37.727653652,71.816142291,6.000000,17.937500000
1408.750000,12.992087937,37.722666419,71.816712304,6.000000,17.934027778
1409.000000,12.994769051,37.717679148,71.817282334,6.000000,17.930555556
1409.250000,12.997450036,37.712691836,71.817852383,6.000000,17.927083333
1409.500000,13.000130891,37.707704486,71.818422450,6.000000,17.923611111
1409.750000,13.002811616,37.702717095,71.818992534,6.000000,17.920138889
1410.000000,13.005492213,37.697729665,71.819562637,6.000000,17.916666667
1410.250000,13.008172680,37.692742195,71.820132757,6.000000,17.913194444
1410.500000,13.010853018,37.687754686,71.820702896,6.000000,17.909722222
1410.750000,13.013533226,37.682767137,71.821273052,6.000000,17.906250000
1411.000000,13.016213305,37.677779549,71.821843227,6.000000,17.902777778
1411.250000,13.018893255,37.672791921,71.822413420,6.000000,17.899305556
1411.500000,13.021573075,37.667804253,71.822983630,6.000000,17.895833333
1411.750000,13.024252767,37.662816546,71.823553859,6.000000,17.892361111
1412.000000,13.026932329,37.657828799,71.824124105,6.000000,17.888888889
1412.250000,13.029611761,37.652841013,71.824694370,6.000000,17.885416667
1412.500000,13.032291065,37.647853187,71.825264652,6.000000,17.881944444
1412.750000,13.034970239,37.642865321,71.825834953,6.000000,17.878472222
1413.000000,13.037649284,37.637877416,71.826405271,6.000000,17.875000000
1413.250000,13.040328199,37.632889471,71.826975608,6.000000,17.871527778
1413.500000,13.043006986,37.627901487,71.827545962,6.000000,17.868055556
1413.750000,13.045685643,37.622913463,71.828116335,6.000000,17.864583333
1414.000000,13.048364171,37.617925399,71.828686726,6.000000,17.861111111
1414.250000,13.051042569,37.612937296,71.829257134,6.000000,17.857638889
1414.500000,13.053720839,37.607949153,71.829827561,6.000000,17.854166667
1414.750000,13.056398979,37.602960971,71.830398005,6.000000,17.850694444
1415.000000,13.059076990,37.597972749,71.830968468,6.000000,17.847222222
1415.250000,13.061754872,37.592984487,71.831538948,6.000000,17.843750000
1415.500000,13.064432624,37.587996186,71.832109447,6.000000,17.840277778
1415.750000,13.067110248,37.583007845,71.832679964,6.000000,17.836805556
1416.000000,13.069787742,37.578019464,71.833250498,6.000000,17.833333333
1416.250000,13.072465107,37.573031044,71.833821051,6.000000,17.829861111
1416.500000,13.075142343,37.568042584,71.834391621,6.000000,17.826388889
1416.750000,13.077819450,37.563054085,71.834962210,6.000000,17.822916667
1417.000000,13.080496427,37.558065546,71.835532817,6.000000,17.819444444
1417.250000,13.083173276,37.553076967,71.836103441,6.000000,17.815972222
1417.500000,13.085849995,37.548088349,71.836674084,6.000000,17.812500000
1417.750000,13.088526585,37.543099691,71.837244745,6.000000,17.809027778
1418.000000,13.091203046,37.538110993,71.837815423,6.000000,17.805555556
1418.250000,13.093879378,37.533122256,71.838386120,6.000000,17.802083333
1418.500000,13.096555580,37.528133479,71.838956835,6.000000,17.798611111
1418.750000,13.099231654,37.523144663,71.839527568,6.000000,17.795138889
1419.000000,13.101907599,37.518155807,71.840098318,6.000000,17.791666667
1419.250000,13.104583414,37.513166911,71.840669087,6.000000,17.788194444
1419.500000,13.107259100,37.508177976,71.841239874,6.000000,17.784722222
1419.750000,13.109934658,37.503189001,71.841810679,6.000000,17.781250000
1420.000000,13.112610086,37.498199986,71.842381502,6.000000,17.777777778
1420.250000,13.115285385,37.493210932,71.842952342,6.000000,17.774305556
1420.500000,13.117960555,37.488221838,71.843523201,6.000000,17.770833333
1420.750000,13.120635596,37.483232704,71.844094078,6.000000,17.767361111
1421.000000,13.123310507,37.478243531,71.844664973,6.000000,17.763888889
1421.250000,13.125985290,37.473254318,71.845235886,6.000000,17.760416667
1421.500000,13.128659944,37.468265066,71.845806817,6.000000,17.756944444
1421.750000,13.131334469,37.463275774,71.846377766,6.000000,17.753472222
1422.000000,13.134008864,37.458286442,71.846948733,6.000000,17.750000000
1422.250000,13.136683131,37.453297070,71.847519718,6.000000,17.746527778
1422.500000,13.139357269,37.448307659,71.848090721,6.000000,17.743055556
1422.750000,13.142031277,37.443318209,71.848661742,6.000000,17.739583333
1423.000000,13.144705157,37.438328718,71.849232781,6.000000,17.736111111
1423.250000,13.147378908,37.433339188,71.849803838,6.000000,17.732638889
1423.500000,13.150052529,37.428349618,71.850374914,6.000000,17.729166667
1423.750000,13.152726022,37.423360009,71.850946007,6.000000,17.725694444
1424.000000,13.155399385,37.418370360,71.851517118,6.000000,17.722222222
1424.250000,13.158072620,37.413380671,71.852088247,6.000000,17.718750000
1424.500000,13.160745726,37.408390943,71.852659394,6.000000,17.715277778
1424.750000,13.163418703,37.403401175,71.853230560,6.000000,17.711805556
1425.000000,13.166091550,37.398411367,71.853801743,6.000000,17.708333333
1425.250000,13.168764269,37.393421520,71.854372944,6.000000,17.704861111
1425.500000,13.171436859,37.388431633,71.854944164,6.000000,17.701388889
1425.750000,13.174109320,37.383441706,71.855515401,6.000000,17.697916667
1426.000000,13.176781652,37.378451740,71.856086657,6.000000,17.694444444
1426.250000,13.179453855,37.373461734,71.856657930,6.000000,17.690972222
1426.500000,13.182125929,37.368471688,71.857229222,6.000000,17.687500000
1426.750000,13.184797875,37.363481603,71.857800531,6.000000,17.684027778
1427.000000,13.187469691,37.358491478,71.858371859,6.000000,17.680555556
1427.250000,13.190141378,37.353501313,71.858943205,6.000000,17.677083333
1427.500000,13.192812937,37.348511109,71.859514568,6.000000,17.673611111
1427.750000,13.195484366,37.343520865,71.860085950,6.000000,17.670138889
1428.000000,13.198155667,37.338530581,71.860657350,6.000000,17.666666667
1428.250000,13.200826839,37.333540258,71.861228768,6.000000,17.663194444
1428.500000,13.203497882,37.328549894,71.861800203,6.000000,17.659722222
1428.750000,13.206168796,37.323559492,71.862371657,6.000000,17.656250000
1429.000000,13.208839582,37.318569049,71.862943129,6.000000,17.652777778
1429.250000,13.211510238,37.313578567,71.863514619,6.000000,17.649305556
1429.500000,13.214180766,37.308588045,71.864086127,6.000000,17.645833333
1429.750000,13.216851164,37.303597484,71.864657653,6.000000,17.642361111
1430.000000,13.219521434,37.298606882,71.865229197,6.000000,17.638888889
1430.250000,13.222191576,37.293616241,71.865800760,6.000000,17.635416667
1430.500000,13.224861588,37.288625561,71.866372340,6.000000,17.631944444
1430.750000,13.227531471,37.283634841,71.866943938,6.000000,17.628472222
1431.000000,13.230201226,37.278644081,71.867515554,6.000000,17.625000000
1431.250000,13.232870852,37.273653281,71.868087189,6.000000,17.621527778
1431.500000,13.235540349,37.268662441,71.868658841,6.000000,17.618055556
1431.750000,13.238209717,37.263671562,71.869230511,6.000000,17.614583333
1432.000000,13.240878957,37.258680644,71.869802200,6.000000,17.611111111
1432.250000,13.243548067,37.253689685,71.870373906,6.000000,17.607638889
1432.500000,13.246217049,37.248698687,71.870945631,6.000000,17.604166667
1432.750000,13.248885903,37.243707649,71.871517374,6.000000,17.600694444
1433.000000,13.251554627,37.238716571,71.872089134,6.000000,17.597222222
1433.250000,13.254223223,37.233725454,71.872660913,6.000000,17.593750000
1433.500000,13.256891690,37.228734297,71.873232710,6.000000,17.590277778
1433.750000,13.259560028,37.223743100,71.873804525,6.000000,17.586805556
1434.000000,13.262228237,37.218751864,71.874376357,6.000000,17.583333333
1434.250000,13.264896318,37.213760588,71.874948208,6.000000,17.579861111
1434.500000,13.267564270,37.208769272,71.875520077,6.000000,17.576388889
1434.750000,13.270232093,37.203777916,71.876091964,6.000000,17.572916667
1435.000000,13.272899788,37.198786521,71.876663870,6.000000,17.569444444
1435.250000,13.275567354,37.193795086,71.877235793,6.000000,17.565972222
1435.500000,13.278234791,37.188803611,71.877807734,6.000000,17.562500000
1435.750000,13.280902100,37.183812097,71.878379693,6.000000,17.559027778
1436.000000,13.283569279,37.178820543,71.878951671,6.000000,17.555555556
1436.250000,13.286236331,37.173828949,71.879523666,6.000000,17.552083333
1436.500000,13.288903253,37.168837315,71.880095679,6.000000,17.548611111
1436.750000,13.291570047,37.163845642,71.880667711,6.000000,17.545138889
1437.000000,13.294236712,37.158853929,71.881239761,6.000000,17.541666667
1437.250000,13.296903249,37.153862176,71.881811828,6.000000,17.538194444
1437.500000,13.299569657,37.148870384,71.882383914,6.000000,17.534722222
1437.750000,13.302235936,37.143878552,71.882956018,6.000000,17.531250000
1438.000000,13.304902086,37.138886680,71.883528140,6.000000,17.527777778
1438.250000,13.307568108,37.133894768,71.884100279,6.000000,17.524305556
1438.500000,13.310234002,37.128902817,71.884672437,6.000000,17.520833333
1438.750000,13.312899767,37.123910825,71.885244613,6.000000,17.517361111
1439.000000,13.315565403,37.118918795,71.885816808,6.000000,17.513888889
1439.250000,13.318230910,37.113926724,71.886389020,6.000000,17.510416667
1439.500000,13.320896289,37.108934614,71.886961250,6.000000,17.506944444
1439.750000,13.323561540,37.103942464,71.887533498,6.000000,17.503472222
1440.000000,13.326226661,37.098950274,71.888105765,6.000000,17.500000000
1440.250000,13.328891655,37.093958044,71.888678049,6.000000,17.496527778
1440.500000,13.331556519,37.088965775,71.889250352,6.000000,17.493055556
1440.750000,13.334221255,37.083973466,71.889822672,6.000000,17.489583333
1441.000000,13.336885863,37.078981117,71.890395011,6.000000,17.486111111
1441.250000,13.339550342,37.073988728,71.890967368,6.000000,17.482638889
1441.500000,13.342214692,37.068996300,71.891539742,6.000000,17.479166667
1441.750000,13.344878914,37.064003832,71.892112135,6.000000,17.475694444
1442.000000,13.347543007,37.059011324,71.892684546,6.000000,17.472222222
1442.250000,13.350206972,37.054018777,71.893256975,6.000000,17.468750000
1442.500000,13.352870809,37.049026190,71.893829422,6.000000,17.465277778
1442.750000,13.355534516,37.044033562,71.894401888,6.000000,17.461805556
1443.000000,13.358198096,37.039040896,71.894974371,6.000000,17.458333333
1443.250000,13.360861547,37.034048189,71.895546872,6.000000,17.454861111
1443.500000,13.363524869,37.029055443,71.896119392,6.000000,17.451388889
1443.750000,13.366188063,37.024062657,71.896691929,6.000000,17.447916667
1444.000000,13.368851128,37.019069831,71.897264485,6.000000,17.444444444
1444.250000,13.371514065,37.014076965,71.897837058,6.000000,17.440972222
1444.500000,13.374176873,37.009084060,71.898409650,6.000000,17.437500000
1444.750000,13.376839553,37.004091115,71.898982260,6.000000,17.434027778
1445.000000,13.379502105,36.999098130,71.899554888,6.000000,17.430555556
1445.250000,13.382164528,36.994105105,71.900127534,6.000000,17.427083333
1445.500000,13.384826822,36.989112041,71.900700198,6.000000,17.423611111
1445.750000,13.387488988,36.984118937,71.901272880,6.000000,17.420138889
1446.000000,13.390151026,36.979125793,71.901845580,6.000000,17.416666667
1446.250000,13.392812935,36.974132609,71.902418299,6.000000,17.413194444
1446.500000,13.395474716,36.969139386,71.902991035,6.000000,17.409722222
1446.750000,13.398136369,36.964146122,71.903563789,6.000000,17.406250000
1447.000000,13.400797893,36.959152819,71.904136562,6.000000,17.402777778
1447.250000,13.403459288,36.954159476,71.904709353,6.000000,17.399305556
1447.500000,13.406120556,36.949166094,71.905282161,6.000000,17.395833333
1447.750000,13.408781695,36.944172671,71.905854988,6.000000,17.392361111
1448.000000,13.411442705,36.939179209,71.906427833,6.000000,17.388888889
1448.250000,13.414103587,36.934185707,71.907000696,6.000000,17.385416667
1448.500000,13.416764341,36.929192166,71.907573577,6.000000,17.381944444
1448.750000,13.419424966,36.924198584,71.908146477,6.000000,17.378472222
1449.000000,13.422085463,36.919204963,71.908719394,6.000000,17.375000000
1449.250000,13.424745832,36.914211302,71.909292329,6.000000,17.371527778
1449.500000,13.427406072,36.909217601,71.909865283,6.000000,17.368055556
1449.750000,13.430066184,36.904223860,71.910438254,6.000000,17.364583333
1450.000000,13.432726168,36.899230080,71.911011244,6.000000,17.361111111
1450.250000,13.435386023,36.894236260,71.911584252,6.000000,17.357638889
1450.500000,13.438045750,36.889242400,71.912157278,6.000000,17.354166667
1450.750000,13.440705349,36.884248500,71.912730322,6.000000,17.350694444
1451.000000,13.443364820,36.879254560,71.913303384,6.000000,17.347222222
1451.250000,13.446024162,36.874260581,71.913876464,6.000000,17.343750000
1451.500000,13.448683376,36.869266562,71.914449562,6.000000,17.340277778
1451.750000,13.451342461,36.864272503,71.915022679,6.000000,17.336805556
1452.000000,13.454001418,36.859278404,71.915595813,6.000000,17.333333333
1452.250000,13.456660247,36.854284265,71.916168966,6.000000,17.329861111
1452.500000,13.459318948,36.849290087,71.916742136,6.000000,17.326388889
1452.750000,13.461977520,36.844295869,71.917315325,6.000000,17.322916667
1453.000000,13.464635965,36.839301611,71.917888532,6.000000,17.319444444
1453.250000,13.467294281,36.834307313,71.918461757,6.000000,17.315972222
1453.500000,13.469952468,36.829312975,71.919035000,6.000000,17.312500000
1453.750000,13.472610528,36.824318598,71.919608261,6.000000,17.309027778
1454.000000,13.475268459,36.819324181,71.920181540,6.000000,17.305555556
1454.250000,13.477926262,36.814329723,71.920754838,6.000000,17.302083333
1454.500000,13.480583937,36.809335227,71.921328153,6.000000,17.298611111
1454.750000,13.483241483,36.804340690,71.921901487,6.000000,17.295138889
1455.000000,13.485898902,36.799346113,71.922474839,6.000000,17.291666667
1455.250000,13.488556192,36.794351497,71.923048208,6.000000,17.288194444
1455.500000,13.491213354,36.789356841,71.923621596,6.000000,17.284722222
1455.750000,13.493870388,36.784362145,71.924195002,6.000000,17.281250000
1456.000000,13.496527293,36.779367409,71.924768426,6.000000,17.277777778
1456.250000,13.499184071,36.774372634,71.925341869,6.000000,17.274305556
1456.500000,13.501840720,36.769377818,71.925915329,6.000000,17.270833333
1456.750000,13.504497241,36.764382963,71.926488808,6.000000,17.267361111
1457.000000,13.507153634,36.759388068,71.927062304,6.000000,17.263888889
1457.250000,13.509809899,36.754393133,71.927635819,6.000000,17.260416667
1457.500000,13.512466035,36.749398158,71.928209352,6.000000,17.256944444
1457.750000,13.515122044,36.744403144,71.928782903,6.000000,17.253472222
1458.000000,13.517777924,36.739408090,71.929356472,6.000000,17.250000000
1458.250000,13.520433677,36.734412995,71.929930059,6.000000,17.246527778
1458.500000,13.523089301,36.729417861,71.930503664,6.000000,17.243055556
1458.750000,13.525744797,36.724422687,71.931077288,6.000000,17.239583333
1459.000000,13.528400165,36.719427474,71.931650929,6.000000,17.236111111
1459.250000,13.531055404,36.714432220,71.932224589,6.000000,17.232638889
1459.500000,13.533710516,36.709436927,71.932798266,6.000000,17.229166667
1459.750000,13.536365500,36.704441594,71.933371962,6.000000,17.225694444
1460.000000,13.539020355,36.699446221,71.933945676,6.000000,17.222222222
1460.250000,13.541675083,36.694450808,71.934519408,6.000000,17.218750000
1460.500000,13.544329682,36.689455355,71.935093159,6.000000,17.215277778
1460.750000,13.546984154,36.684459862,71.935666927,6.000000,17.211805556
1461.000000,13.549638497,36.679464330,71.936240714,6.000000,17.208333333
1461.250000,13.552292712,36.674468758,71.936814518,6.000000,17.204861111
1461.500000,13.554946799,36.669473146,71.937388341,6.000000,17.201388889
1461.750000,13.557600759,36.664477494,71.937962182,6.000000,17.197916667
1462.000000,13.560254590,36.659481802,71.938536041,6.000000,17.194444444
1462.250000,13.562908293,36.654486070,71.939109918,6.000000,17.190972222
1462.500000,13.565561868,36.649490299,71.939683813,6.000000,17.187500000
1462.750000,13.568215315,36.644494487,71.940257726,6.000000,17.184027778
1463.000000,13.570868634,36.639498636,71.940831658,6.000000,17.180555556
1463.250000,13.573521825,36.634502745,71.941405608,6.000000,17.177083333
1463.500000,13.576174888,36.629506814,71.941979575,6.000000,17.173611111
1463.750000,13.578827823,36.624510843,71.942553561,6.000000,17.170138889
1464.000000,13.581480630,36.619514832,71.943127565,6.000000,17.166666667
1464.250000,13.584133310,36.614518782,71.943701587,6.000000,17.163194444
1464.500000,13.586785861,36.609522692,71.944275628,6.000000,17.159722222
1464.750000,13.589438284,36.604526561,71.944849686,6.000000,17.156250000
1465.000000,13.592090579,36.599530391,71.945423763,6.000000,17.152777778
1465.250000,13.594742747,36.594534181,71.945997857,6.000000,17.149305556
1465.500000,13.597394786,36.589537931,71.946571970,6.000000,17.145833333
1465.750000,13.600046697,36.584541642,71.947146101,6.000000,17.142361111
1466.000000,13.602698481,36.579545312,71.947720250,6.000000,17.138888889
1466.250000,13.605350136,36.574548943,71.948294417,6.000000,17.135416667
1466.500000,13.608001664,36.569552533,71.948868603,6.000000,17.131944444
1466.750000,13.610653064,36.564556084,71.949442806,6.000000,17.128472222
1467.000000,13.613304336,36.559559595,71.950017028,6.000000,17.125000000
1467.250000,13.615955480,36.554563066,71.950591268,6.000000,17.121527778
1467.500000,13.618606496,36.549566497,71.951165525,6.000000,17.118055556
1467.750000,13.621257384,36.544569888,71.951739802,6.000000,17.114583333
1468.000000,13.623908144,36.539573240,71.952314096,6.000000,17.111111111
1468.250000,13.626558776,36.534576551,71.952888408,6.000000,17.107638889
1468.500000,13.629209281,36.529579823,71.953462739,6.000000,17.104166667
1468.750000,13.631859658,36.524583055,71.954037087,6.000000,17.100694444
1469.000000,13.634509906,36.519586247,71.954611454,6.000000,17.097222222
1469.250000,13.637160027,36.514589399,71.955185839,6.000000,17.093750000
1469.500000,13.639810021,36.509592511,71.955760242,6.000000,17.090277778
1469.750000,13.642459886,36.504595583,71.956334663,6.000000,17.086805556
1470.000000,13.645109623,36.499598615,71.956909102,6.000000,17.083333333
1470.250000,13.647759233,36.494601608,71.957483560,6.000000,17.079861111
1470.500000,13.650408715,36.489604560,71.958058036,6.000000,17.076388889
1470.750000,13.653058069,36.484607473,71.958632529,6.000000,17.072916667
1471.000000,13.655707295,36.479610346,71.959207041,6.000000,17.069444444
1471.250000,13.658356393,36.474613178,71.959781571,6.000000,17.065972222
1471.500000,13.661005364,36.469615971,71.960356120,6.000000,17.062500000
1471.750000,13.663654207,36.464618724,71.960930686,6.000000,17.059027778
1472.000000,13.666302922,36.459621437,71.961505270,6.000000,17.055555556
1472.250000,13.668951509,36.454624111,71.962079873,6.000000,17.052083333
1472.500000,13.671599968,36.449626744,71.962654494,6.000000,17.048611111
1472.750000,13.674248300,36.444629338,71.963229133,6.000000,17.045138889
1473.000000,13.676896504,36.439631891,71.963803790,6.000000,17.041666667
1473.250000,13.679544580,36.434634405,71.964378465,6.000000,17.038194444
1473.500000,13.682192529,36.429636878,71.964953159,6.000000,17.034722222
1473.750000,13.684840349,36.424639312,71.965527870,6.000000,17.031250000
1474.000000,13.687488042,36.419641706,71.966102600,6.000000,17.027777778
1474.250000,13.690135608,36.414644060,71.966677348,6.000000,17.024305556
1474.500000,13.692783045,36.409646374,71.967252114,6.000000,17.020833333
1474.750000,13.695430355,36.404648648,71.967826899,6.000000,17.017361111
1475.000000,13.698077537,36.399650883,71.968401701,6.000000,17.013888889
1475.250000,13.700724592,36.394653077,71.968976521,6.000000,17.010416667
1475.500000,13.703371518,36.389655231,71.969551360,6.000000,17.006944444
1475.750000,13.706018317,36.384657346,71.970126217,6.000000,17.003472222
1476.000000,13.708664989,36.379659420,58.059992415,6.000000,17.000000000
1476.250000,13.710999342,36.375627476,58.060363861,6.000000,16.993055556
1476.500000,13.713333547,36.371595507,58.060735318,6.000000,16.986111111
1476.750000,13.715667604,36.367563511,58.061106786,6.000000,16.979166667
1477.000000,13.718001513,36.363531490,58.061478264,6.000000,16.972222222
1477.250000,13.720335274,36.359499443,58.061849754,6.000000,16.965277778
1477.500000,13.722668887,36.355467370,58.062221254,6.000000,16.958333333
1477.750000,13.725002351,36.351435271,58.062592765,6.000000,16.951388889
1478.000000,13.727335668,36.347403147,58.062964286,6.000000,16.944444444
1478.250000,13.729668836,36.343370996,58.063335819,6.000000,16.937500000
1478.500000,13.732001856,36.339338820,58.063707363,6.000000,16.930555556
1478.750000,13.734334729,36.335306618,58.064078917,6.000000,16.923611111
1479.000000,13.736667453,36.331274391,58.064450482,6.000000,16.916666667
1479.250000,13.739000029,36.327242137,58.064822058,6.000000,16.909722222
1479.500000,13.741332458,36.323209858,58.065193645,6.000000,16.902777778
1479.750000,13.743664738,36.319177553,58.065565242,6.000000,16.895833333
1480.000000,13.745996870,36.315145222,58.065936851,6.000000,16.888888889
1480.250000,13.748328854,36.311112865,58.066308470,6.000000,16.881944444
1480.500000,13.750660690,36.307080483,58.066680100,6.000000,16.875000000
1480.750000,13.752992379,36.303048074,58.067051741,6.000000,16.868055556
1481.000000,13.755323919,36.299015640,58.067423393,6.000000,16.861111111
1481.250000,13.757655311,36.294983180,58.067795056,6.000000,16.854166667
1481.500000,13.759986556,36.290950694,58.068166729,6.000000,16.847222222
1481.750000,13.762317652,36.286918183,58.068538413,6.000000,16.840277778
1482.000000,13.764648601,36.282885645,58.068910109,6.000000,16.833333333
1482.250000,13.766979401,36.278853082,58.069281815,6.000000,16.826388889
1482.500000,13.769310054,36.274820493,58.069653531,6.000000,16.819444444
1482.750000,13.771640559,36.270787878,58.070025259,6.000000,16.812500000
1483.000000,13.773970916,36.266755238,58.070396997,6.000000,16.805555556
1483.250000,13.776301125,36.262722571,58.070768747,6.000000,16.798611111
1483.500000,13.778631186,36.258689879,58.071140507,6.000000,16.791666667
1483.750000,13.780961099,36.254657161,58.071512278,6.000000,16.784722222
1484.000000,13.783290865,36.250624417,58.071884060,6.000000,16.777777778
1484.250000,13.785620482,36.246591647,58.072255852,6.000000,16.770833333
1484.500000,13.787949952,36.242558852,58.072627656,6.000000,16.763888889
1484.750000,13.790279274,36.238526030,58.072999470,6.000000,16.756944444
1485.000000,13.792608448,36.234493183,58.073371295,6.000000,16.750000000
1485.250000,13.794937475,36.230460310,58.073743131,6.000000,16.743055556
1485.500000,13.797266353,36.226427411,58.074114978,6.000000,16.736111111
1485.750000,13.799595084,36.222394487,58.074486836,6.000000,16.729166667
1486.000000,13.801923667,36.218361536,58.074858705,6.000000,16.722222222
1486.250000,13.804252102,36.214328560,58.075230584,6.000000,16.715277778
1486.500000,13.806580389,36.210295558,58.075602474,6.000000,16.708333333
1486.750000,13.808908529,36.206262530,58.075974375,6.000000,16.701388889
1487.000000,13.811236521,36.202229476,58.076346287,6.000000,16.694444444
1487.250000,13.813564365,36.198196396,58.076718210,6.000000,16.687500000
1487.500000,13.815892062,36.194163291,58.077090143,6.000000,16.680555556
1487.750000,13.818219611,36.190130160,58.077462088,6.000000,16.673611111
1488.000000,13.820547012,36.186097003,58.077834043,6.000000,16.666666667
1488.250000,13.822874265,36.182063820,58.078206009,6.000000,16.659722222
1488.500000,13.825201371,36.178030611,58.078577986,6.000000,16.652777778
1488.750000,13.827528329,36.173997376,58.078949974,6.000000,16.645833333
1489.000000,13.829855139,36.169964116,58.079321972,6.000000,16.638888889
1489.250000,13.832181802,36.165930830,58.079693982,6.000000,16.631944444
1489.500000,13.834508317,36.161897518,58.080066002,6.000000,16.625000000
1489.750000,13.836834685,36.157864180,58.080438033,6.000000,16.618055556
1490.000000,13.839160905,36.153830816,58.080810075,6.000000,16.611111111
1490.250000,13.841486977,36.149797426,58.081182128,6.000000,16.604166667
1490.500000,13.843812901,36.145764011,58.081554192,6.000000,16.597222222
1490.750000,13.846138678,36.141730570,58.081926266,6.000000,16.590277778
1491.000000,13.848464308,36.137697103,58.082298351,6.000000,16.583333333
1491.250000,13.850789790,36.133663610,58.082670448,6.000000,16.576388889
1491.500000,13.853115124,36.129630091,58.083042555,6.000000,16.569444444
1491.750000,13.855440311,36.125596546,58.083414672,6.000000,16.562500000
1492.000000,13.857765350,36.121562976,58.083786801,6.000000,16.555555556
1492.250000,13.860090241,36.117529380,58.084158941,6.000000,16.548611111
1492.500000,13.862414985,36.113495757,58.084531091,6.000000,16.541666667
1492.750000,13.864739582,36.109462109,58.084903252,6.000000,16.534722222
1493.000000,13.867064031,36.105428436,58.085275424,6.000000,16.527777778
1493.250000,13.869388333,36.101394736,58.085647607,6.000000,16.520833333
1493.500000,13.871712487,36.097361010,58.086019801,6.000000,16.513888889
1493.750000,13.874036493,36.093327259,58.086392006,6.000000,16.506944444
1494.000000,13.876360352,36.089293482,58.086764221,6.000000,16.500000000
1494.250000,13.878684064,36.085259679,58.087136447,6.000000,16.493055556
1494.500000,13.881007628,36.081225850,58.087508685,6.000000,16.486111111
1494.750000,13.883331045,36.077191995,58.087880933,6.000000,16.479166667
1495.000000,13.885654314,36.073158114,58.088253191,6.000000,16.472222222
1495.250000,13.887977436,36.069124208,58.088625461,6.000000,16.465277778
1495.500000,13.890300411,36.065090276,58.088997742,6.000000,16.458333333
1495.750000,13.892623238,36.061056317,58.089370033,6.000000,16.451388889
1496.000000,13.894945917,36.057022333,58.089742335,6.000000,16.444444444
1496.250000,13.897268450,36.052988323,58.090114648,6.000000,16.437500000
1496.500000,13.899590834,36.048954288,58.090486972,6.000000,16.430555556
1496.750000,13.901913072,36.044920226,58.090859307,6.000000,16.423611111
1497.000000,13.904235162,36.040886139,58.091231653,6.000000,16.416666667
1497.250000,13.906557105,36.036852025,58.091604009,6.000000,16.409722222
1497.500000,13.908878900,36.032817886,58.091976376,6.000000,16.402777778
1497.750000,13.911200548,36.028783721,58.092348754,6.000000,16.395833333
1498.000000,13.913522049,36.024749530,58.092721143,6.000000,16.388888889
1498.250000,13.915843403,36.020715314,58.093093543,6.000000,16.381944444
1498.500000,13.918164609,36.016681071,58.093465954,6.000000,16.375000000
1498.750000,13.920485668,36.012646802,58.093838375,6.000000,16.368055556
1499.000000,13.922806579,36.008612508,58.094210808,6.000000,16.361111111
1499.250000,13.925127344,36.004578188,58.094583251,6.000000,16.354166667
1499.500000,13.927447961,36.000543842,58.094955705,6.000000,16.347222222
1499.750000,13.929768430,35.996509470,58.095328170,6.000000,16.340277778
1500.000000,13.932088753,35.992475072,58.095700646,6.000000,16.333333333
1500.250000,13.934408928,35.988440649,58.096073133,6.000000,16.326388889
1500.500000,13.936728956,35.984406199,58.096445630,6.000000,16.319444444
1500.750000,13.939048837,35.980371724,58.096818138,6.000000,16.312500000
1501.000000,13.941368571,35.976337222,58.097190658,6.000000,16.305555556
1501.250000,13.943688157,35.972302695,58.097563188,6.000000,16.298611111
1501.500000,13.946007597,35.968268142,58.097935728,6.000000,16.291666667
1501.750000,13.948326889,35.964233563,58.098308280,6.000000,16.284722222
1502.000000,13.950646033,35.960198959,58.098680843,6.000000,16.277777778
1502.250000,13.952965031,35.956164328,58.099053416,6.000000,16.270833333
1502.500000,13.955283882,35.952129672,58.099426000,6.000000,16.263888889
1502.750000,13.957602585,35.948094989,58.099798596,6.000000,16.256944444
1503.000000,13.959921141,35.944060281,58.100171202,6.000000,16.250000000
1503.250000,13.962239551,35.940025547,58.100543818,6.000000,16.243055556
1503.500000,13.964557813,35.935990787,58.100916446,6.000000,16.236111111
1503.750000,13.966875928,35.931956001,58.101289085,6.000000,16.229166667
1504.000000,13.969193895,35.927921189,58.101661734,6.000000,16.222222222
1504.250000,13.971511716,35.923886352,58.102034394,6.000000,16.215277778
1504.500000,13.973829390,35.919851488,58.102407065,6.000000,16.208333333
1504.750000,13.976146916,35.915816599,58.102779747,6.000000,16.201388889
1505.000000,13.978464296,35.911781683,58.103152440,6.000000,16.194444444
1505.250000,13.980781528,35.907746742,58.103525144,6.000000,16.187500000
1505.500000,13.983098614,35.903711775,58.103897858,6.000000,16.180555556
1505.750000,13.985415552,35.899676782,58.104270584,6.000000,16.173611111
1506.000000,13.987732344,35.895641764,58.104643320,6.000000,16.166666667
1506.250000,13.990048988,35.891606719,58.105016067,6.000000,16.159722222
1506.500000,13.992365485,35.887571648,58.105388825,6.000000,16.152777778
1506.750000,13.994681836,35.883536552,58.105761594,6.000000,16.145833333
1507.000000,13.996998039,35.879501430,58.106134373,6.000000,16.138888889
1507.250000,13.999314096,35.875466281,58.106507164,6.000000,16.131944444
1507.500000,14.001630005,35.871431107,58.106879965,6.000000,16.125000000
1507.750000,14.003945768,35.867395907,58.107252778,6.000000,16.118055556
1508.000000,14.006261383,35.863360681,58.107625601,6.000000,16.111111111
1508.250000,14.008576852,35.859325430,58.107998434,6.000000,16.104166667
1508.500000,14.010892173,35.855290152,58.108371279,6.000000,16.097222222
1508.750000,14.013207348,35.851254848,58.108744135,6.000000,16.090277778
1509.000000,14.015522376,35.847219519,58.109117001,6.000000,16.083333333
1509.250000,14.017837257,35.843184164,58.109489879,6.000000,16.076388889
1509.500000,14.020151991,35.839148782,58.109862767,6.000000,16.069444444
1509.750000,14.022466578,35.835113375,58.110235666,6.000000,16.062500000
1510.000000,14.024781018,35.831077942,58.110608576,6.000000,16.055555556
1510.250000,14.027095312,35.827042483,58.110981497,6.000000,16.048611111
1510.500000,14.029409458,35.823006998,58.111354428,6.000000,16.041666667
1510.750000,14.031723458,35.818971488,58.111727371,6.000000,16.034722222
1511.000000,14.034037311,35.814935951,58.112100324,6.000000,16.027777778
1511.250000,14.036351017,35.810900389,58.112473288,6.000000,16.020833333
1511.500000,14.038664576,35.806864800,58.112846263,6.000000,16.013888889
1511.750000,14.040977989,35.802829186,58.113219249,6.000000,16.006944444
1512.000000,14.043291255,35.798793546,58.113592246,6.000000,16.000000000
1512.250000,14.045604373,35.794757879,58.113965254,6.000000,15.993055556
1512.500000,14.047917345,35.790722187,58.114338272,6.000000,15.986111111
1512.750000,14.050230171,35.786686469,58.114711302,6.000000,15.979166667
1513.000000,14.052542849,35.782650726,58.115084342,6.000000,15.972222222
1513.250000,14.054855381,35.778614956,58.115457393,6.000000,15.965277778
1513.500000,14.057167766,35.774579160,58.115830455,6.000000,15.958333333
1513.750000,14.059480005,35.770543339,58.116203528,6.000000,15.951388889
1514.000000,14.061792096,35.766507491,58.116576611,6.000000,15.944444444
1514.250000,14.064104041,35.762471618,58.116949706,6.000000,15.937500000
1514.500000,14.066415839,35.758435719,58.117322811,6.000000,15.930555556
1514.750000,14.068727491,35.754399793,58.117695927,6.000000,15.923611111
1515.000000,14.071038996,35.750363842,58.118069055,6.000000,15.916666667
1515.250000,14.073350354,35.746327865,58.118442193,6.000000,15.909722222
1515.500000,14.075661565,35.742291862,58.118815341,6.000000,15.902777778
1515.750000,14.077972630,35.738255833,58.119188501,6.000000,15.895833333
1516.000000,14.080283548,35.734219779,58.119561672,6.000000,15.888888889
1516.250000,14.082594320,35.730183698,58.119934853,6.000000,15.881944444
1516.500000,14.084904945,35.726147591,58.120308045,6.000000,15.875000000
1516.750000,14.087215423,35.722111459,58.120681248,6.000000,15.868055556
1517.000000,14.089525754,35.718075300,58.121054462,6.000000,15.861111111
1517.250000,14.091835940,35.714039116,58.121427687,6.000000,15.854166667
1517.500000,14.094145978,35.710002906,58.121800923,6.000000,15.847222222
1517.750000,14.096455870,35.705966670,58.122174170,6.000000,15.840277778
1518.000000,14.098765615,35.701930408,58.122547427,6.000000,15.833333333
1518.250000,14.101075214,35.697894120,58.122920695,6.000000,15.826388889
1518.500000,14.103384666,35.693857806,58.123293975,6.000000,15.819444444
1518.750000,14.105693972,35.689821466,58.123667265,6.000000,15.812500000
1519.000000,14.108003131,35.685785100,58.124040566,6.000000,15.805555556
1519.250000,14.110312143,35.681748708,58.124413877,6.000000,15.798611111
1519.500000,14.112621010,35.677712291,58.124787200,6.000000,15.791666667
1519.750000,14.114929729,35.673675847,58.125160534,6.000000,15.784722222
1520.000000,14.117238302,35.669639378,58.125533878,6.000000,15.777777778
1520.250000,14.119546729,35.665602882,58.125907233,6.000000,15.770833333
1520.500000,14.121855009,35.661566361,58.126280599,6.000000,15.763888889
1520.750000,14.124163143,35.657529814,58.126653976,6.000000,15.756944444
1521.000000,14.126471130,35.653493240,58.127027364,6.000000,15.750000000
1521.250000,14.128778970,35.649456641,58.127400763,6.000000,15.743055556
1521.500000,14.131086665,35.645420016,58.127774172,6.000000,15.736111111
1521.750000,14.133394213,35.641383365,58.128147593,6.000000,15.729166667
1522.000000,14.135701614,35.637346688,58.128521024,6.000000,15.722222222
1522.250000,14.138008869,35.633309986,58.128894466,6.000000,15.715277778
1522.500000,14.140315978,35.629273257,58.129267919,6.000000,15.708333333
1522.750000,14.142622940,35.625236502,58.129641383,6.000000,15.701388889
1523.000000,14.144929756,35.621199721,58.130014858,6.000000,15.694444444
1523.250000,14.147236425,35.617162915,58.130388344,6.000000,15.687500000
1523.500000,14.149542948,35.613126082,58.130761840,6.000000,15.680555556
1523.750000,14.151849325,35.609089224,58.131135347,6.000000,15.673611111
1524.000000,14.154155555,35.605052339,58.131508866,6.000000,15.666666667
1524.250000,14.156461639,35.601015429,58.131882395,6.000000,15.659722222
1524.500000,14.158767577,35.596978493,58.132255935,6.000000,15.652777778
1524.750000,14.161073368,35.592941531,58.132629486,6.000000,15.645833333
1525.000000,14.163379013,35.588904542,58.133003047,6.000000,15.638888889
1525.250000,14.165684512,35.584867528,58.133376620,6.000000,15.631944444
1525.500000,14.167989865,35.580830488,58.133750203,6.000000,15.625000000
1525.750000,14.170295071,35.576793422,58.134123798,6.000000,15.618055556
1526.000000,14.172600131,35.572756330,58.134497403,6.000000,15.611111111
1526.250000,14.174905044,35.568719212,58.134871019,6.000000,15.604166667
1526.500000,14.177209812,35.564682069,58.135244646,6.000000,15.597222222
1526.750000,14.179514433,35.560644899,58.135618284,6.000000,15.590277778
1527.000000,14.181818908,35.556607703,58.135991932,6.000000,15.583333333
1527.250000,14.184123237,35.552570482,58.136365592,6.000000,15.576388889
1527.500000,14.186427419,35.548533234,58.136739262,6.000000,15.569444444
1527.750000,14.188731455,35.544495960,58.137112944,6.000000,15.562500000
1528.000000,14.191035346,35.540458661,58.137486636,6.000000,15.555555556
1528.250000,14.193339089,35.536421335,58.137860339,6.000000,15.548611111
1528.500000,14.195642687,35.532383984,58.138234053,6.000000,15.541666667
1528.750000,14.197946139,35.528346607,58.138607778,6.000000,15.534722222
1529.000000,14.200249444,35.524309203,58.138981513,6.000000,15.527777778
1529.250000,14.202552603,35.520271774,58.139355260,6.000000,15.520833333
1529.500000,14.204855616,35.516234319,58.139729017,6.000000,15.513888889
1529.750000,14.207158483,35.512196838,58.140102785,6.000000,15.506944444
1530.000000,14.209461204,35.508159330,58.140476565,6.000000,15.500000000
1530.250000,14.211763779,35.504121797,58.140850355,6.000000,15.493055556
1530.500000,14.214066207,35.500084238,58.141224155,6.000000,15.486111111
1530.750000,14.216368490,35.496046653,58.141597967,6.000000,15.479166667
1531.000000,14.218670626,35.492009042,58.141971790,6.000000,15.472222222
1531.250000,14.220972617,35.487971405,58.142345623,6.000000,15.465277778
1531.500000,14.223274461,35.483933743,58.142719468,6.000000,15.458333333
1531.750000,14.225576159,35.479896054,58.143093323,6.000000,15.451388889
1532.000000,14.227877711,35.475858339,58.143467189,6.000000,15.444444444
1532.250000,14.230179117,35.471820598,58.143841066,6.000000,15.437500000
1532.500000,14.232480378,35.467782831,58.144214954,6.000000,15.430555556
1532.750000,14.234781492,35.463745039,58.144588853,6.000000,15.423611111
1533.000000,14.237082460,35.459707220,58.144962763,6.000000,15.416666667
1533.250000,14.239383282,35.455669375,58.145336683,6.000000,15.409722222
1533.500000,14.241683958,35.451631505,58.145710614,6.000000,15.402777778
1533.750000,14.243984488,35.447593608,58.146084557,6.000000,15.395833333
1534.000000,14.246284872,35.443555686,58.146458510,6.000000,15.388888889
1534.250000,14.248585110,35.439517737,58.146832474,6.000000,15.381944444
1534.500000,14.250885202,35.435479763,58.147206449,6.000000,15.375000000
1534.750000,14.253185149,35.431441762,58.147580435,6.000000,15.368055556
1535.000000,14.255484949,35.427403736,58.147954431,6.000000,15.361111111
1535.250000,14.257784603,35.423365683,58.148328439,6.000000,15.354166667
1535.500000,14.260084112,35.419327605,58.148702457,6.000000,15.347222222
1535.750000,14.262383474,35.415289501,58.149076486,6.000000,15.340277778
1536.000000,14.264682691,35.411251370,58.149450527,6.000000,15.333333333
1536.250000,14.266981762,35.407213214,58.149824578,6.000000,15.326388889
1536.500000,14.269280686,35.403175032,58.150198640,6.000000,15.319444444
1536.750000,14.271579465,35.399136824,58.150572712,6.000000,15.312500000
1537.000000,14.273878099,35.395098589,58.150946796,6.000000,15.305555556
1537.250000,14.276176586,35.391060329,58.151320891,6.000000,15.298611111
1537.500000,14.278474927,35.387022043,58.151694996,6.000000,15.291666667
1537.750000,14.280773123,35.382983731,58.152069112,6.000000,15.284722222
1538.000000,14.283071173,35.378945393,58.152443240,6.000000,15.277777778
1538.250000,14.285369077,35.374907029,58.152817378,6.000000,15.270833333
1538.500000,14.287666835,35.370868638,58.153191527,6.000000,15.263888889
1538.750000,14.289964447,35.366830222,58.153565686,6.000000,15.256944444
1539.000000,14.292261914,35.362791780,58.153939857,6.000000,15.250000000
1539.250000,14.294559235,35.358753312,58.154314039,6.000000,15.243055556
1539.500000,14.296856410,35.354714818,58.154688231,6.000000,15.236111111
1539.750000,14.299153439,35.350676298,58.155062435,6.000000,15.229166667
1540.000000,14.301450322,35.346637752,58.155436649,6.000000,15.222222222
1540.250000,14.303747060,35.342599180,58.155810874,6.000000,15.215277778
1540.500000,14.306043652,35.338560582,58.156185110,6.000000,15.208333333
1540.750000,14.308340098,35.334521958,58.156559357,6.000000,15.201388889
1541.000000,14.310636399,35.330483308,58.156933615,6.000000,15.194444444
1541.250000,14.312932554,35.326444632,58.157307883,6.000000,15.187500000
1541.500000,14.315228563,35.322405930,58.157682163,6.000000,15.180555556
1541.750000,14.317524427,35.318367203,58.158056453,6.000000,15.173611111
1542.000000,14.319820145,35.314328449,58.158430755,6.000000,15.166666667
1542.250000,14.322115717,35.310289669,58.158805067,6.000000,15.159722222
1542.500000,14.324411143,35.306250863,58.159179390,6.000000,15.152777778
1542.750000,14.326706424,35.302212031,58.159553724,6.000000,15.145833333
1543.000000,14.329001559,35.298173173,58.159928069,6.000000,15.138888889
1543.250000,14.331296549,35.294134289,58.160302424,6.000000,15.131944444
1543.500000,14.333591393,35.290095379,58.160676791,6.000000,15.125000000
1543.750000,14.335886091,35.286056443,58.161051168,6.000000,15.118055556
1544.000000,14.338180644,35.282017481,58.161425557,6.000000,15.111111111
1544.250000,14.340475051,35.277978494,58.161799956,6.000000,15.104166667
1544.500000,14.342769313,35.273939480,58.162174366,6.000000,15.097222222
1544.750000,14.345063429,35.269900440,58.162548787,6.000000,15.090277778
1545.000000,14.347357399,35.265861374,58.162923219,6.000000,15.083333333
1545.250000,14.349651224,35.261822282,58.163297662,6.000000,15.076388889
1545.500000,14.351944903,35.257783164,58.163672116,6.000000,15.069444444
1545.750000,14.354238437,35.253744020,58.164046580,6.000000,15.062500000
1546.000000,14.356531826,35.249704850,58.164421056,6.000000,15.055555556
1546.250000,14.358825068,35.245665654,58.164795542,6.000000,15.048611111
1546.500000,14.361118166,35.241626433,58.165170039,6.000000,15.041666667
1546.750000,14.363411117,35.237587185,58.165544547,6.000000,15.034722222
1547.000000,14.365703924,35.233547911,58.165919066,6.000000,15.027777778
1547.250000,14.367996584,35.229508611,58.166293596,6.000000,15.020833333
1547.500000,14.370289100,35.225469285,58.166668137,6.000000,15.013888889
1547.750000,14.372581470,35.221429933,58.167042689,6.000000,15.006944444
1548.000000,14.374873694,35.217390555,58.167417251,6.000000,15.000000000
1548.250000,14.377165773,35.213351151,58.167791825,6.000000,14.993055556
1548.500000,14.379457706,35.209311721,58.168166409,6.000000,14.986111111
1548.750000,14.381749494,35.205272265,58.168541004,6.000000,14.979166667
1549.000000,14.384041137,35.201232783,58.168915610,6.000000,14.972222222
1549.250000,14.386332634,35.197193275,58.169290227,6.000000,14.965277778
1549.500000,14.388623986,35.193153741,58.169664855,6.000000,14.958333333
1549.750000,14.390915193,35.189114181,58.170039494,6.000000,14.951388889
1550.000000,14.393206254,35.185074595,58.170414144,6.000000,14.944444444
1550.250000,14.395497170,35.181034983,58.170788804,6.000000,14.937500000
1550.500000,14.397787940,35.176995344,58.171163476,6.000000,14.930555556
1550.750000,14.400078565,35.172955680,58.171538158,6.000000,14.923611111
1551.000000,14.402369045,35.168915990,58.171912851,6.000000,14.916666667
1551.250000,14.404659379,35.164876274,58.172287555,6.000000,14.909722222
1551.500000,14.406949568,35.160836532,58.172662270,6.000000,14.902777778
1551.750000,14.409239612,35.156796764,58.173036996,6.000000,14.895833333
1552.000000,14.411529510,35.152756969,58.173411733,6.000000,14.888888889
1552.250000,14.413819263,35.148717149,58.173786481,6.000000,14.881944444
1552.500000,14.416108871,35.144677303,58.174161239,6.000000,14.875000000
1552.750000,14.418398334,35.140637431,58.174536009,6.000000,14.868055556
1553.000000,14.420687651,35.136597532,58.174910789,6.000000,14.861111111
1553.250000,14.422976823,35.132557608,58.175285580,6.000000,14.854166667
1553.500000,14.425265850,35.128517657,58.175660382,6.000000,14.847222222
1553.750000,14.427554731,35.124477681,58.176035195,6.000000,14.840277778
1554.000000,14.429843468,35.120437679,58.176410019,6.000000,14.833333333
1554.250000,14.432132059,35.116397650,58.176784854,6.000000,14.826388889
1554.500000,14.434420505,35.112357596,58.177159700,6.000000,14.819444444
1554.750000,14.436708805,35.108317515,58.177534556,6.000000,14.812500000
1555.000000,14.438996961,35.104277409,58.177909424,6.000000,14.805555556
1555.250000,14.441284971,35.100237276,58.178284302,6.000000,14.798611111
1555.500000,14.443572836,35.096197117,58.178659192,6.000000,14.791666667
1555.750000,14.445860556,35.092156933,58.179034092,6.000000,14.784722222
1556.000000,14.448148131,35.088116722,58.179409003,6.000000,14.777777778
1556.250000,14.450435560,35.084076485,58.179783925,6.000000,14.770833333
1556.500000,14.452722845,35.080036222,58.180158858,6.000000,14.763888889
1556.750000,14.455009984,35.075995934,58.180533801,6.000000,14.756944444
1557.000000,14.457296979,35.071955619,58.180908756,6.000000,14.750000000
1557.250000,14.459583828,35.067915278,58.181283722,6.000000,14.743055556
1557.500000,14.461870532,35.063874911,58.181658698,6.000000,14.736111111
1557.750000,14.464157091,35.059834518,58.182033685,6.000000,14.729166667
1558.000000,14.466443505,35.055794099,58.182408684,6.000000,14.722222222
1558.250000,14.468729773,35.051753654,58.182783693,6.000000,14.715277778
1558.500000,14.471015897,35.047713183,58.183158713,6.000000,14.708333333
1558.750000,14.473301876,35.043672686,58.183533744,6.000000,14.701388889
1559.000000,14.475587710,35.039632163,58.183908786,6.000000,14.694444444
1559.250000,14.477873398,35.035591613,58.184283838,6.000000,14.687500000
1559.500000,14.480158942,35.031551038,58.184658902,6.000000,14.680555556
1559.750000,14.482444340,35.027510437,58.185033976,6.000000,14.673611111
1560.000000,14.484729594,35.023469809,58.185409062,6.000000,14.666666667
1560.250000,14.487014702,35.019429156,58.185784158,6.000000,14.659722222
1560.500000,14.489299666,35.015388476,58.186159265,6.000000,14.652777778
1560.750000,14.491584485,35.011347771,58.186534383,6.000000,14.645833333
1561.000000,14.493869158,35.007307039,58.186909512,6.000000,14.638888889
1561.250000,14.496153687,35.003266282,58.187284652,6.000000,14.631944444
1561.500000,14.498438071,34.999225498,58.187659803,6.000000,14.625000000
1561.750000,14.500722309,34.995184688,58.188034965,6.000000,14.618055556
1562.000000,14.503006403,34.991143853,58.188410137,6.000000,14.611111111
1562.250000,14.505290352,34.987102991,58.188785321,6.000000,14.604166667
1562.500000,14.507574156,34.983062103,58.189160515,6.000000,14.597222222
1562.750000,14.509857815,34.979021189,58.189535721,6.000000,14.590277778
1563.000000,14.512141329,34.974980249,58.189910937,6.000000,14.583333333
1563.250000,14.514424699,34.970939283,58.190286164,6.000000,14.576388889
1563.500000,14.516707923,34.966898291,58.190661402,6.000000,14.569444444
1563.750000,14.518991003,34.962857273,58.191036651,6.000000,14.562500000
1564.000000,14.521273937,34.958816229,58.191411911,6.000000,14.555555556
1564.250000,14.523556727,34.954775158,58.191787181,6.000000,14.548611111
1564.500000,14.525839372,34.950734062,58.192162463,6.000000,14.541666667
1564.750000,14.528121872,34.946692940,58.192537755,6.000000,14.534722222
1565.000000,14.530404228,34.942651791,58.192913059,6.000000,14.527777778
1565.250000,14.532686438,34.938610617,58.193288373,6.000000,14.520833333
1565.500000,14.534968504,34.934569416,58.193663698,6.000000,14.513888889
1565.750000,14.537250425,34.930528189,58.194039034,6.000000,14.506944444
1566.000000,14.539532201,34.926486937,58.194414381,6.000000,14.500000000
1566.250000,14.541813832,34.922445658,58.194789739,6.000000,14.493055556
1566.500000,14.544095319,34.918404353,58.195165108,6.000000,14.486111111
1566.750000,14.546376661,34.914363022,58.195540488,6.000000,14.479166667
1567.000000,14.548657858,34.910321665,58.195915879,6.000000,14.472222222
1567.250000,14.550938910,34.906280282,58.196291280,6.000000,14.465277778
1567.500000,14.553219818,34.902238873,58.196666693,6.000000,14.458333333
1567.750000,14.555500581,34.898197438,58.197042116,6.000000,14.451388889
1568.000000,14.557781199,34.894155977,58.197417550,6.000000,14.444444444
1568.250000,14.560061673,34.890114489,58.197792995,6.000000,14.437500000
1568.500000,14.562342001,34.886072976,58.198168451,6.000000,14.430555556
1568.750000,14.564622185,34.882031436,58.198543918,6.000000,14.423611111
1569.000000,14.566902225,34.877989871,58.198919396,6.000000,14.416666667
1569.250000,14.569182120,34.873948279,58.199294885,6.000000,14.409722222
1569.500000,14.571461870,34.869906662,58.199670385,6.000000,14.402777778
1569.750000,14.573741475,34.865865018,58.200045895,6.000000,14.395833333
1570.000000,14.576020936,34.861823348,58.200421417,6.000000,14.388888889
1570.250000,14.578300252,34.857781652,58.200796949,6.000000,14.381944444
1570.500000,14.580579424,34.853739930,58.201172492,6.000000,14.375000000
1570.750000,14.582858451,34.849698182,58.201548046,6.000000,14.368055556
1571.000000,14.585137333,34.845656408,58.201923612,6.000000,14.361111111
1571.250000,14.587416071,34.841614607,58.202299188,6.000000,14.354166667
1571.500000,14.589694664,34.837572781,58.202674775,6.000000,14.347222222
1571.750000,14.591973113,34.833530929,58.203050372,6.000000,14.340277778
1572.000000,14.594251417,34.829489050,58.203425981,6.000000,14.333333333
1572.250000,14.596529577,34.825447146,58.203801601,6.000000,14.326388889
1572.500000,14.598807592,34.821405215,58.204177231,6.000000,14.319444444
1572.750000,14.601085462,34.817363258,58.204552873,6.000000,14.312500000
1573.000000,14.603363188,34.813321275,58.204928525,6.000000,14.305555556
1573.250000,14.605640769,34.809279266,58.205304188,6.000000,14.298611111
1573.500000,14.607918206,34.805237231,58.205679863,6.000000,14.291666667
1573.750000,14.610195499,34.801195170,58.206055548,6.000000,14.284722222
1574.000000,14.612472646,34.797153083,58.206431244,6.000000,14.277777778
1574.250000,14.614749650,34.793110970,58.206806951,6.000000,14.270833333
1574.500000,14.617026509,34.789068830,58.207182668,6.000000,14.263888889
1574.750000,14.619303223,34.785026665,58.207558397,6.000000,14.256944444
1575.000000,14.621579793,34.780984473,58.207934137,6.000000,14.250000000
1575.250000,14.623856219,34.776942256,58.208309887,6.000000,14.243055556
1575.500000,14.626132500,34.772900012,58.208685649,6.000000,14.236111111
1575.750000,14.628408637,34.768857742,58.209061421,6.000000,14.229166667
1576.000000,14.630684629,34.764815446,58.209437204,6.000000,14.222222222
1576.250000,14.632960477,34.760773124,58.209812999,6.000000,14.215277778
1576.500000,14.635236180,34.756730776,58.210188804,6.000000,14.208333333
1576.750000,14.637511740,34.752688402,58.210564620,6.000000,14.201388889
1577.000000,14.639787154,34.748646002,58.210940447,6.000000,14.194444444
1577.250000,14.642062425,34.744603575,58.211316285,6.000000,14.187500000
1577.500000,14.644337551,34.740561123,58.211692133,6.000000,14.180555556
1577.750000,14.646612532,34.736518644,58.212067993,6.000000,14.173611111
1578.000000,14.648887370,34.732476139,58.212443863,6.000000,14.166666667
1578.250000,14.651162063,34.728433608,58.212819745,6.000000,14.159722222
1578.500000,14.653436611,34.724391052,58.213195637,6.000000,14.152777778
1578.750000,14.655711016,34.720348469,58.213571541,6.000000,14.145833333
1579.000000,14.657985276,34.716305859,58.213947455,6.000000,14.138888889
1579.250000,14.660259391,34.712263224,58.214323380,6.000000,14.131944444
1579.500000,14.662533363,34.708220563,58.214699316,6.000000,14.125000000
1579.750000,14.664807190,34.704177875,58.215075263,6.000000,14.118055556
1580.000000,14.667080873,34.700135162,58.215451221,6.000000,14.111111111
1580.250000,14.669354412,34.696092422,58.215827190,6.000000,14.104166667
1580.500000,14.671627806,34.692049656,58.216203169,6.000000,14.097222222
1580.750000,14.673901056,34.688006864,58.216579160,6.000000,14.090277778
1581.000000,14.676174162,34.683964046,58.216955162,6.000000,14.083333333
1581.250000,14.678447124,34.679921202,58.217331174,6.000000,14.076388889
1581.500000,14.680719941,34.675878332,58.217707197,6.000000,14.069444444
1581.750000,14.682992615,34.671835436,58.218083232,6.000000,14.062500000
1582.000000,14.685265144,34.667792513,58.218459277,6.000000,14.055555556
1582.250000,14.687537529,34.663749565,58.218835333,6.000000,14.048611111
1582.500000,14.689809769,34.659706590,58.219211400,6.000000,14.041666667
1582.750000,14.692081866,34.655663589,58.219587478,6.000000,14.034722222
1583.000000,14.694353818,34.651620562,58.219963567,6.000000,14.027777778
1583.250000,14.696625627,34.647577509,58.220339667,6.000000,14.020833333
1583.500000,14.698897291,34.643534430,58.220715777,6.000000,14.013888889
1583.750000,14.701168811,34.639491325,58.221091899,6.000000,14.006944444
1584.000000,14.703440187,34.635448194,58.221468032,6.000000,14.000000000
1584.250000,14.705711418,34.631405036,58.221844175,6.000000,13.993055556
1584.500000,14.707982506,34.627361852,58.222220329,6.000000,13.986111111
1584.750000,14.710253450,34.623318643,58.222596495,6.000000,13.979166667
1585.000000,14.712524249,34.619275407,58.222972671,6.000000,13.972222222
1585.250000,14.714794904,34.615232145,58.223348858,6.000000,13.965277778
1585.500000,14.717065416,34.611188857,58.223725056,6.000000,13.958333333
1585.750000,14.719335783,34.607145543,58.224101265,6.000000,13.951388889
1586.000000,14.721606006,34.603102202,58.224477485,6.000000,13.944444444
1586.250000,14.723876085,34.599058836,58.224853716,6.000000,13.937500000
1586.500000,14.726146021,34.595015443,58.225229957,6.000000,13.930555556
1586.750000,14.728415812,34.590972024,58.225606210,6.000000,13.923611111
1587.000000,14.730685459,34.586928579,58.225982474,6.000000,13.916666667
1587.250000,14.732954962,34.582885108,58.226358748,6.000000,13.909722222
1587.500000,14.735224321,34.578841611,58.226735033,6.000000,13.902777778
1587.750000,14.737493536,34.574798088,58.227111330,6.000000,13.895833333
1588.000000,14.739762608,34.570754539,58.227487637,6.000000,13.888888889
1588.250000,14.742031535,34.566710963,58.227863955,6.000000,13.881944444
1588.500000,14.744300318,34.562667361,58.228240284,6.000000,13.875000000
1588.750000,14.746568957,34.558623734,58.228616624,6.000000,13.868055556
1589.000000,14.748837453,34.554580080,58.228992975,6.000000,13.861111111
1589.250000,14.751105804,34.550536400,58.229369337,6.000000,13.854166667
1589.500000,14.753374012,34.546492693,58.229745710,6.000000,13.847222222
1589.750000,14.755642075,34.542448961,58.230122093,6.000000,13.840277778
1590.000000,14.757909995,34.538405203,58.230498488,6.000000,13.833333333
1590.250000,14.760177771,34.534361418,58.230874894,6.000000,13.826388889
1590.500000,14.762445403,34.530317607,58.231251310,6.000000,13.819444444
1590.750000,14.764712891,34.526273770,58.231627737,6.000000,13.812500000
1591.000000,14.766980235,34.522229907,58.232004176,6.000000,13.805555556
1591.250000,14.769247436,34.518186018,58.232380625,6.000000,13.798611111
1591.500000,14.771514492,34.514142103,58.232757085,6.000000,13.791666667
1591.750000,14.773781405,34.510098161,58.233133556,6.000000,13.784722222
1592.000000,14.776048174,34.506054194,58.233510038,6.000000,13.777777778
1592.250000,14.778314799,34.502010200,58.233886531,6.000000,13.770833333
1592.500000,14.780581280,34.497966180,58.234263035,6.000000,13.763888889
1592.750000,14.782847617,34.493922134,58.234639550,6.000000,13.756944444
1593.000000,14.785113811,34.489878062,58.235016075,6.000000,13.750000000
1593.250000,14.787379861,34.485833963,58.235392612,6.000000,13.743055556
1593.500000,14.789645767,34.481789839,58.235769160,6.000000,13.736111111
1593.750000,14.791911529,34.477745688,58.236145718,6.000000,13.729166667
1594.000000,14.794177148,34.473701512,58.236522287,6.000000,13.722222222
1594.250000,14.796442623,34.469657309,58.236898868,6.000000,13.715277778
1594.500000,14.798707954,34.465613080,58.237275459,6.000000,13.708333333
1594.750000,14.800973141,34.461568824,58.237652061,6.000000,13.701388889
1595.000000,14.803238185,34.457524543,58.238028674,6.000000,13.694444444
1595.250000,14.805503085,34.453480235,58.238405298,6.000000,13.687500000
1595.500000,14.807767841,34.449435902,58.238781933,6.000000,13.680555556
1595.750000,14.810032454,34.445391542,58.239158579,6.000000,13.673611111
1596.000000,14.812296923,34.441347156,58.239535236,6.000000,13.666666667
1596.250000,14.814561248,34.437302744,58.239911904,6.000000,13.659722222
1596.500000,14.816825429,34.433258305,58.240288582,6.000000,13.652777778
1596.750000,14.819089467,34.429213841,58.240665272,6.000000,13.645833333
1597.000000,14.821353361,34.425169350,58.241041972,6.000000,13.638888889
1597.250000,14.823617112,34.421124833,58.241418684,6.000000,13.631944444
1597.500000,14.825880719,34.417080290,58.241795406,6.000000,13.625000000
1597.750000,14.828144182,34.413035721,58.242172140,6.000000,13.618055556
1598.000000,14.830407502,34.408991126,58.242548884,6.000000,13.611111111
1598.250000,14.832670678,34.404946505,58.242925639,6.000000,13.604166667
1598.500000,14.834933711,34.400901857,58.243302405,6.000000,13.597222222
1598.750000,14.837196600,34.396857183,58.243679182,6.000000,13.590277778
1599.000000,14.839459346,34.392812483,58.244055970,6.000000,13.583333333
1599.250000,14.841721947,34.388767757,58.244432769,6.000000,13.576388889
1599.500000,14.843984406,34.384723005,58.244809579,6.000000,13.569444444
1599.750000,14.846246721,34.380678226,58.245186399,6.000000,13.562500000
1600.000000,14.848508892,34.376633422,58.245563231,6.000000,13.555555556
1600.250000,14.850770920,34.372588591,58.245940074,6.000000,13.548611111
1600.500000,14.853032804,34.368543734,58.246316927,6.000000,13.541666667
1600.750000,14.855294544,34.364498851,58.246693792,6.000000,13.534722222
1601.000000,14.857556142,34.360453942,58.247070667,6.000000,13.527777778
1601.250000,14.859817595,34.356409006,58.247447553,6.000000,13.520833333
1601.500000,14.862078906,34.352364045,58.247824451,6.000000,13.513888889
1601.750000,14.864340073,34.348319057,58.248201359,6.000000,13.506944444
1602.000000,14.866601096,34.344274043,58.248578278,6.000000,13.500000000
1602.250000,14.868861976,34.340229003,58.248955208,6.000000,13.493055556
1602.500000,14.871122712,34.336183936,58.249332149,6.000000,13.486111111
1602.750000,14.873383305,34.332138844,58.249709101,6.000000,13.479166667
1603.000000,14.875643755,34.328093725,58.250086064,6.000000,13.472222222
1603.250000,14.877904061,34.324048580,58.250463038,6.000000,13.465277778
1603.500000,14.880164224,34.320003409,58.250840022,6.000000,13.458333333
1603.750000,14.882424243,34.315958212,58.251217018,6.000000,13.451388889
1604.000000,14.884684119,34.311912989,58.251594025,6.000000,13.444444444
1604.250000,14.886943852,34.307867739,58.251971042,6.000000,13.437500000
1604.500000,14.889203441,34.303822463,58.252348071,6.000000,13.430555556
1604.750000,14.891462887,34.299777161,58.252725110,6.000000,13.423611111
1605.000000,14.893722189,34.295731833,58.253102160,6.000000,13.416666667
1605.250000,14.895981349,34.291686479,58.253479222,6.000000,13.409722222
1605.500000,14.898240364,34.287641098,58.253856294,6.000000,13.402777778
1605.750000,14.900499237,34.283595692,58.254233377,6.000000,13.395833333
1606.000000,14.902757966,34.279550259,58.254610471,6.000000,13.388888889
1606.250000,14.905016552,34.275504800,58.254987576,6.000000,13.381944444
1606.500000,14.907274995,34.271459314,58.255364692,6.000000,13.375000000
1606.750000,14.909533294,34.267413803,58.255741819,6.000000,13.368055556
1607.000000,14.911791450,34.263368265,58.256118957,6.000000,13.361111111
1607.250000,14.914049463,34.259322702,58.256496105,6.000000,13.354166667
1607.500000,14.916307333,34.255277112,58.256873265,6.000000,13.347222222
1607.750000,14.918565059,34.251231495,58.257250436,6.000000,13.340277778
1608.000000,14.920822642,34.247185853,58.257627617,6.000000,13.333333333
1608.250000,14.923080082,34.243140184,58.258004810,6.000000,13.326388889
1608.500000,14.925337378,34.239094490,58.258382013,6.000000,13.319444444
1608.750000,14.927594532,34.235048769,58.258759227,6.000000,13.312500000
1609.000000,14.929851542,34.231003021,58.259136453,6.000000,13.305555556
1609.250000,14.932108409,34.226957248,58.259513689,6.000000,13.298611111
1609.500000,14.934365133,34.222911448,58.259890936,6.000000,13.291666667
1609.750000,14.936621713,34.218865623,58.260268194,6.000000,13.284722222
1610.000000,14.938878151,34.214819771,58.260645463,6.000000,13.277777778
1610.250000,14.941134445,34.210773893,58.261022743,6.000000,13.270833333
1610.500000,14.943390596,34.206727988,58.261400034,6.000000,13.263888889
1610.750000,14.945646604,34.202682058,58.261777336,6.000000,13.256944444
1611.000000,14.947902469,34.198636101,58.262154649,6.000000,13.250000000
1611.250000,14.950158191,34.194590118,58.262531973,6.000000,13.243055556
1611.500000,14.952413770,34.190544109,58.262909308,6.000000,13.236111111
1611.750000,14.954669205,34.186498073,58.263286653,6.000000,13.229166667
1612.000000,14.956924498,34.182452012,58.263664010,6.000000,13.222222222
1612.250000,14.959179647,34.178405924,58.264041377,6.000000,13.215277778
1612.500000,14.961434653,34.174359810,58.264418756,6.000000,13.208333333
1612.750000,14.963689517,34.170313670,58.264796145,6.000000,13.201388889
1613.000000,14.965944237,34.166267504,58.265173546,6.000000,13.194444444
1613.250000,14.968198814,34.162221311,58.265550957,6.000000,13.187500000
1613.500000,14.970453248,34.158175092,58.265928379,6.000000,13.180555556
1613.750000,14.972707539,34.154128847,58.266305812,6.000000,13.173611111
1614.000000,14.974961687,34.150082576,58.266683256,6.000000,13.166666667
1614.250000,14.977215692,34.146036278,58.267060711,6.000000,13.159722222
1614.500000,14.979469554,34.141989955,58.267438177,6.000000,13.152777778
1614.750000,14.981723273,34.137943605,58.267815654,6.000000,13.145833333
1615.000000,14.983976850,34.133897229,58.268193142,6.000000,13.138888889
1615.250000,14.986230283,34.129850826,58.268570641,6.000000,13.131944444
1615.500000,14.988483573,34.125804398,58.268948151,6.000000,13.125000000
1615.750000,14.990736720,34.121757943,58.269325672,6.000000,13.118055556
1616.000000,14.992989724,34.117711462,58.269703203,6.000000,13.111111111
1616.250000,14.995242585,34.113664955,58.270080746,6.000000,13.104166667
1616.500000,14.997495304,34.109618422,58.270458299,6.000000,13.097222222
1616.750000,14.999747879,34.105571862,58.270835864,6.000000,13.090277778
1617.000000,15.002000312,34.101525276,58.271213439,6.000000,13.083333333
1617.250000,15.004252601,34.097478664,58.271591026,6.000000,13.076388889
1617.500000,15.006504748,34.093432026,58.271968623,6.000000,13.069444444
1617.750000,15.008756752,34.089385361,58.272346231,6.000000,13.062500000
1618.000000,15.011008613,34.085338671,58.272723850,6.000000,13.055555556
1618.250000,15.013260331,34.081291954,58.273101481,6.000000,13.048611111
1618.500000,15.015511906,34.077245211,58.273479122,6.000000,13.041666667
1618.750000,15.017763339,34.073198441,58.273856774,6.000000,13.034722222
1619.000000,15.020014628,34.069151646,58.274234437,6.000000,13.027777778
1619.250000,15.022265775,34.065104824,58.274612111,6.000000,13.020833333
1619.500000,15.024516779,34.061057976,58.274989796,6.000000,13.013888889
1619.750000,15.026767640,34.057011101,58.275367492,6.000000,13.006944444
1620.000000,15.029018359,34.052964201,58.275745198,6.000000,13.000000000
1620.250000,15.031268934,34.048917274,58.276122916,6.000000,12.993055556
1620.500000,15.033519367,34.044870321,58.276500645,6.000000,12.986111111
1620.750000,15.035769657,34.040823342,58.276878384,6.000000,12.979166667
1621.000000,15.038019804,34.036776337,58.277256135,6.000000,12.972222222
1621.250000,15.040269808,34.032729305,58.277633896,6.000000,12.965277778
1621.500000,15.042519670,34.028682247,58.278011669,6.000000,12.958333333
1621.750000,15.044769389,34.024635163,58.278389452,6.000000,12.951388889
1622.000000,15.047018965,34.020588052,58.278767247,6.000000,12.944444444
1622.250000,15.049268399,34.016540916,58.279145052,6.000000,12.937500000
1622.500000,15.051517690,34.012493753,58.279522868,6.000000,12.930555556
1622.750000,15.053766838,34.008446564,58.279900696,6.000000,12.923611111
1623.000000,15.056015843,34.004399349,58.280278534,6.000000,12.916666667
1623.250000,15.058264706,34.000352107,58.280656383,6.000000,12.909722222
1623.500000,15.060513426,33.996304839,58.281034243,6.000000,12.902777778
1623.750000,15.062762003,33.992257545,58.281412114,6.000000,12.895833333
1624.000000,15.065010438,33.988210225,58.281789996,6.000000,12.888888889
1624.250000,15.067258730,33.984162878,58.282167889,6.000000,12.881944444
1624.500000,15.069506880,33.980115506,58.282545793,6.000000,12.875000000
1624.750000,15.071754887,33.976068107,58.282923708,6.000000,12.868055556
1625.000000,15.074002751,33.972020681,58.283301633,6.000000,12.861111111
1625.250000,15.076250473,33.967973230,58.283679570,6.000000,12.854166667
1625.500000,15.078498052,33.963925752,58.284057518,6.000000,12.847222222
1625.750000,15.080745488,33.959878248,58.284435476,6.000000,12.840277778
1626.000000,15.082992782,33.955830718,58.284813446,6.000000,12.833333333
1626.250000,15.085239933,33.951783161,58.285191427,6.000000,12.826388889
1626.500000,15.087486942,33.947735579,58.285569418,6.000000,12.819444444
1626.750000,15.089733808,33.943687970,58.285947421,6.000000,12.812500000
1627.000000,15.091980532,33.939640334,58.286325434,6.000000,12.805555556
1627.250000,15.094227113,33.935592673,58.286703458,6.000000,12.798611111
1627.500000,15.096473551,33.931544985,58.287081494,6.000000,12.791666667
1627.750000,15.098719847,33.927497271,58.287459540,6.000000,12.784722222
1628.000000,15.100966001,33.923449531,58.287837597,6.000000,12.777777778
1628.250000,15.103212012,33.919401764,58.288215665,6.000000,12.770833333
1628.500000,15.105457880,33.915353972,58.288593744,6.000000,12.763888889
1628.750000,15.107703606,33.911306153,58.288971834,6.000000,12.756944444
1629.000000,15.109949190,33.907258307,58.289349935,6.000000,12.750000000
1629.250000,15.112194631,33.903210436,58.289728047,6.000000,12.743055556
1629.500000,15.114439930,33.899162538,58.290106170,6.000000,12.736111111
1629.750000,15.116685086,33.895114614,58.290484304,6.000000,12.729166667
1630.000000,15.118930100,33.891066664,58.290862449,6.000000,12.722222222
1630.250000,15.121174971,33.887018687,58.291240605,6.000000,12.715277778
1630.500000,15.123419700,33.882970684,58.291618772,6.000000,12.708333333
1630.750000,15.125664286,33.878922655,58.291996949,6.000000,12.701388889
1631.000000,15.127908731,33.874874600,58.292375138,6.000000,12.694444444
1631.250000,15.130153032,33.870826518,58.292753338,6.000000,12.687500000
1631.500000,15.132397192,33.866778410,58.293131548,6.000000,12.680555556
1631.750000,15.134641209,33.862730276,58.293509770,6.000000,12.673611111
1632.000000,15.136885083,33.858682116,58.293888002,6.000000,12.666666667
1632.250000,15.139128815,33.854633929,58.294266246,6.000000,12.659722222
1632.500000,15.141372405,33.850585716,58.294644500,6.000000,12.652777778
1632.750000,15.143615853,33.846537477,58.295022766,6.000000,12.645833333
1633.000000,15.145859158,33.842489212,58.295401042,6.000000,12.638888889
1633.250000,15.148102321,33.838440920,58.295779329,6.000000,12.631944444
1633.500000,15.150345342,33.834392602,58.296157628,6.000000,12.625000000
1633.750000,15.152588220,33.830344258,58.296535937,6.000000,12.618055556
1634.000000,15.154830956,33.826295887,58.296914257,6.000000,12.611111111
1634.250000,15.157073550,33.822247490,58.297292588,6.000000,12.604166667
1634.500000,15.159316001,33.818199067,58.297670930,6.000000,12.597222222
1634.750000,15.161558311,33.814150618,58.298049283,6.000000,12.590277778
1635.000000,15.163800478,33.810102142,58.298427647,6.000000,12.583333333
1635.250000,15.166042502,33.806053640,58.298806022,6.000000,12.576388889
1635.500000,15.168284385,33.802005112,58.299184408,6.000000,12.569444444
1635.750000,15.170526125,33.797956558,58.299562805,6.000000,12.562500000
1636.000000,15.172767723,33.793907977,58.299941213,6.000000,12.555555556
1636.250000,15.175009179,33.789859370,58.300319632,6.000000,12.548611111
1636.500000,15.177250492,33.785810736,58.300698062,6.000000,12.541666667
1636.750000,15.179491664,33.781762077,58.301076502,6.000000,12.534722222
1637.000000,15.181732693,33.777713391,58.301454954,6.000000,12.527777778
1637.250000,15.183973580,33.773664679,58.301833417,6.000000,12.520833333
1637.500000,15.186214325,33.769615940,58.302211890,6.000000,12.513888889
1637.750000,15.188454928,33.765567176,58.302590375,6.000000,12.506944444
1638.000000,15.190695389,33.761518385,58.302968870,6.000000,12.500000000
1638.250000,15.192935707,33.757469567,58.303347377,6.000000,12.493055556
1638.500000,15.195175883,33.753420724,58.303725894,6.000000,12.486111111
1638.750000,15.197415918,33.749371854,58.304104423,6.000000,12.479166667
1639.000000,15.199655810,33.745322958,58.304482962,6.000000,12.472222222
1639.250000,15.201895560,33.741274035,58.304861513,6.000000,12.465277778
1639.500000,15.204135168,33.737225087,58.305240074,6.000000,12.458333333
1639.750000,15.206374634,33.733176112,58.305618646,6.000000,12.451388889
1640.000000,15.208613957,33.729127110,58.305997229,6.000000,12.444444444
1640.250000,15.210853139,33.725078083,58.306375824,6.000000,12.437500000
1640.500000,15.213092179,33.721029029,58.306754429,6.000000,12.430555556
1640.750000,15.215331076,33.716979949,58.307133045,6.000000,12.423611111
1641.000000,15.217569832,33.712930842,58.307511672,6.000000,12.416666667
1641.250000,15.219808446,33.708881710,58.307890310,6.000000,12.409722222
1641.500000,15.222046917,33.704832551,58.308268959,6.000000,12.402777778
1641.750000,15.224285247,33.700783365,58.308647619,6.000000,12.395833333
1642.000000,15.226523434,33.696734154,58.309026290,6.000000,12.388888889
1642.250000,15.228761480,33.692684916,58.309404972,6.000000,12.381944444
1642.500000,15.230999383,33.688635651,58.309783665,6.000000,12.375000000
1642.750000,15.233237145,33.684586361,58.310162369,6.000000,12.368055556
1643.000000,15.235474765,33.680537044,58.310541084,6.000000,12.361111111
1643.250000,15.237712242,33.676487701,58.310919810,6.000000,12.354166667
1643.500000,15.239949578,33.672438331,58.311298546,6.000000,12.347222222
1643.750000,15.242186772,33.668388936,58.311677294,6.000000,12.340277778
1644.000000,15.244423824,33.664339514,58.312056053,6.000000,12.333333333
1644.250000,15.246660734,33.660290065,58.312434823,6.000000,12.326388889
1644.500000,15.248897502,33.656240591,58.312813603,6.000000,12.319444444
1644.750000,15.251134128,33.652191090,58.313192395,6.000000,12.312500000
1645.000000,15.253370612,33.648141563,58.313571197,6.000000,12.305555556
1645.250000,15.255606954,33.644092009,58.313950011,6.000000,12.298611111
1645.500000,15.257843155,33.640042429,58.314328835,6.000000,12.291666667
1645.750000,15.260079213,33.635992823,58.314707671,6.000000,12.284722222
1646.000000,15.262315130,33.631943190,58.315086517,6.000000,12.277777778
1646.250000,15.264550905,33.627893532,58.315465375,6.000000,12.270833333
1646.500000,15.266786538,33.623843847,58.315844243,6.000000,12.263888889
1646.750000,15.269022030,33.619794135,58.316223123,6.000000,12.256944444
1647.000000,15.271257379,33.615744397,58.316602013,6.000000,12.250000000
1647.250000,15.273492587,33.611694633,58.316980914,6.000000,12.243055556
1647.500000,15.275727652,33.607644843,58.317359827,6.000000,12.236111111
1647.750000,15.277962576,33.603595026,58.317738750,6.000000,12.229166667
1648.000000,15.280197359,33.599545183,58.318117684,6.000000,12.222222222
1648.250000,15.282431999,33.595495314,58.318496629,6.000000,12.215277778
1648.500000,15.284666498,33.591445419,58.318875585,6.000000,12.208333333
1648.750000,15.286900855,33.587395497,58.319254552,6.000000,12.201388889
1649.000000,15.289135070,33.583345548,58.319633531,6.000000,12.194444444
1649.250000,15.291369144,33.579295574,58.320012520,6.000000,12.187500000
1649.500000,15.293603075,33.575245573,58.320391520,6.000000,12.180555556
1649.750000,15.295836865,33.571195546,58.320770531,6.000000,12.173611111
1650.000000,15.298070514,33.567145492,58.321149553,6.000000,12.166666667
1650.250000,15.300304020,33.563095412,58.321528586,6.000000,12.159722222
1650.500000,15.302537385,33.559045306,58.321907630,6.000000,12.152777778
1650.750000,15.304770609,33.554995174,58.322286685,6.000000,12.145833333
1651.000000,15.307003690,33.550945015,58.322665750,6.000000,12.138888889
1651.250000,15.309236630,33.546894830,58.323044827,6.000000,12.131944444
1651.500000,15.311469428,33.542844618,58.323423915,6.000000,12.125000000
1651.750000,15.313702085,33.538794381,58.323803014,6.000000,12.118055556
1652.000000,15.315934600,33.534744117,58.324182124,6.000000,12.111111111
1652.250000,15.318166973,33.530693826,58.324561244,6.000000,12.104166667
1652.500000,15.320399205,33.526643509,58.324940376,6.000000,12.097222222
1652.750000,15.322631295,33.522593166,58.325319519,6.000000,12.090277778
1653.000000,15.324863244,33.518542797,58.325698673,6.000000,12.083333333
1653.250000,15.327095051,33.514492401,58.326077837,6.000000,12.076388889
1653.500000,15.329326716,33.510441979,58.326457013,6.000000,12.069444444
1653.750000,15.331558240,33.506391531,58.326836200,6.000000,12.062500000
1654.000000,15.333789622,33.502341056,58.327215397,6.000000,12.055555556
1654.250000,15.336020863,33.498290555,58.327594606,6.000000,12.048611111
1654.500000,15.338251962,33.494240028,58.327973825,6.000000,12.041666667
1654.750000,15.340482919,33.490189474,58.328353056,6.000000,12.034722222
1655.000000,15.342713735,33.486138894,58.328732297,6.000000,12.027777778
1655.250000,15.344944410,33.482088287,58.329111550,6.000000,12.020833333
1655.500000,15.347174943,33.478037655,58.329490813,6.000000,12.013888889
1655.750000,15.349405334,33.473986995,58.329870088,6.000000,12.006944444
1656.000000,15.351635584,33.469936310,58.330249373,6.000000,12.000000000
1656.250000,15.353865693,33.465885598,58.330628669,6.000000,11.993055556
1656.500000,15.356095660,33.461834860,58.331007977,6.000000,11.986111111
1656.750000,15.358325486,33.457784096,58.331387295,6.000000,11.979166667
1657.000000,15.360555170,33.453733305,58.331766624,6.000000,11.972222222
1657.250000,15.362784712,33.449682488,58.332145965,6.000000,11.965277778
1657.500000,15.365014114,33.445631644,58.332525316,6.000000,11.958333333
1657.750000,15.367243373,33.441580775,58.332904678,6.000000,11.951388889
1658.000000,15.369472492,33.437529878,58.333284051,6.000000,11.944444444
1658.250000,15.371701469,33.433478956,58.333663436,6.000000,11.937500000
1658.500000,15.373930304,33.429428007,58.334042831,6.000000,11.930555556
1658.750000,15.376158999,33.425377032,58.334422237,6.000000,11.923611111
1659.000000,15.378387551,33.421326030,58.334801654,6.000000,11.916666667
1659.250000,15.380615963,33.417275002,58.335181082,6.000000,11.909722222
1659.500000,15.382844233,33.413223948,58.335560521,6.000000,11.902777778
1659.750000,15.385072362,33.409172868,58.335939971,6.000000,11.895833333
1660.000000,15.387300349,33.405121761,58.336319433,6.000000,11.888888889
1660.250000,15.389528195,33.401070627,58.336698905,6.000000,11.881944444
1660.500000,15.391755900,33.397019468,58.337078388,6.000000,11.875000000
1660.750000,15.393983463,33.392968282,58.337457882,6.000000,11.868055556
1661.000000,15.396210885,33.388917069,58.337837387,6.000000,11.861111111
1661.250000,15.398438166,33.384865831,58.338216903,6.000000,11.854166667
1661.500000,15.400665305,33.380814566,58.338596430,6.000000,11.847222222
1661.750000,15.402892304,33.376763274,58.338975968,6.000000,11.840277778
1662.000000,15.405119161,33.372711956,58.339355516,6.000000,11.833333333
1662.250000,15.407345876,33.368660612,58.339735076,6.000000,11.826388889
1662.500000,15.409572451,33.364609242,58.340114647,6.000000,11.819444444
1662.750000,15.411798884,33.360557845,58.340494229,6.000000,11.812500000
1663.000000,15.414025176,33.356506422,58.340873822,6.000000,11.805555556
1663.250000,15.416251326,33.352454972,58.341253426,6.000000,11.798611111
1663.500000,15.418477336,33.348403496,58.341633041,6.000000,11.791666667
1663.750000,15.420703204,33.344351994,58.342012667,6.000000,11.784722222
1664.000000,15.422928931,33.340300465,58.342392303,6.000000,11.777777778
1664.250000,15.425154517,33.336248910,58.342771951,6.000000,11.770833333
1664.500000,15.427379961,33.332197329,58.343151610,6.000000,11.763888889
1664.750000,15.429605265,33.328145721,58.343531280,6.000000,11.756944444
1665.000000,15.431830427,33.324094087,58.343910960,6.000000,11.750000000
1665.250000,15.434055448,33.320042426,58.344290652,6.000000,11.743055556
1665.500000,15.436280328,33.315990740,58.344670355,6.000000,11.736111111
1665.750000,15.438505067,33.311939026,58.345050069,6.000000,11.729166667
1666.000000,15.440729665,33.307887287,58.345429793,6.000000,11.722222222
1666.250000,15.442954122,33.303835521,58.345809529,6.000000,11.715277778
1666.500000,15.445178437,33.299783729,58.346189276,6.000000,11.708333333
1666.750000,15.447402611,33.295731910,58.346569033,6.000000,11.701388889
1667.000000,15.449626645,33.291680065,58.346948802,6.000000,11.694444444
1667.250000,15.451850537,33.287628193,58.347328581,6.000000,11.687500000
1667.500000,15.454074288,33.283576295,58.347708372,6.000000,11.680555556
1667.750000,15.456297898,33.279524371,58.348088174,6.000000,11.673611111
1668.000000,15.458521367,33.275472421,58.348467986,6.000000,11.666666667
1668.250000,15.460744695,33.271420444,58.348847810,6.000000,11.659722222
1668.500000,15.462967882,33.267368440,58.349227644,6.000000,11.652777778
1668.750000,15.465190928,33.263316411,58.349607490,6.000000,11.645833333
1669.000000,15.467413833,33.259264355,58.349987346,6.000000,11.638888889
1669.250000,15.469636597,33.255212272,58.350367214,6.000000,11.631944444
1669.500000,15.471859219,33.251160163,58.350747092,6.000000,11.625000000
1669.750000,15.474081701,33.247108028,58.351126982,6.000000,11.618055556
1670.000000,15.476304042,33.243055867,58.351506882,6.000000,11.611111111
1670.250000,15.478526242,33.239003679,58.351886794,6.000000,11.604166667
1670.500000,15.480748301,33.234951464,58.352266716,6.000000,11.597222222
1670.750000,15.482970219,33.230899224,58.352646650,6.000000,11.590277778
1671.000000,15.485191996,33.226846956,58.353026594,6.000000,11.583333333
1671.250000,15.487413632,33.222794663,58.353406550,6.000000,11.576388889
1671.500000,15.489635127,33.218742343,58.353786516,6.000000,11.569444444
1671.750000,15.491856481,33.214689997,58.354166494,6.000000,11.562500000
1672.000000,15.494077695,33.210637624,58.354546482,6.000000,11.555555556
1672.250000,15.496298767,33.206585225,58.354926482,6.000000,11.548611111
1672.500000,15.498519698,33.202532800,58.355306492,6.000000,11.541666667
1672.750000,15.500740489,33.198480348,58.355686513,6.000000,11.534722222
1673.000000,15.502961139,33.194427869,58.356066546,6.000000,11.527777778
1673.250000,15.505181648,33.190375365,58.356446589,6.000000,11.520833333
1673.500000,15.507402016,33.186322834,58.356826643,6.000000,11.513888889
1673.750000,15.509622243,33.182270276,58.357206709,6.000000,11.506944444
1674.000000,15.511842329,33.178217693,58.357586785,6.000000,11.500000000
1674.250000,15.514062274,33.174165082,58.357966873,6.000000,11.493055556
1674.500000,15.516282079,33.170112446,58.358346971,6.000000,11.486111111
1674.750000,15.518501743,33.166059783,58.358727080,6.000000,11.479166667
1675.000000,15.520721266,33.162007093,58.359107201,6.000000,11.472222222
1675.250000,15.522940648,33.157954378,58.359487332,6.000000,11.465277778
1675.500000,15.525159890,33.153901635,58.359867474,6.000000,11.458333333
1675.750000,15.527378990,33.149848867,58.360247628,6.000000,11.451388889
1676.000000,15.529597950,33.145796072,58.360627792,6.000000,11.444444444
1676.250000,15.531816769,33.141743251,58.361007967,6.000000,11.437500000
1676.500000,15.534035448,33.137690403,58.361388153,6.000000,11.430555556
1676.750000,15.536253985,33.133637529,58.361768351,6.000000,11.423611111
1677.000000,15.538472382,33.129584628,58.362148559,6.000000,11.416666667
1677.250000,15.540690638,33.125531701,58.362528778,6.000000,11.409722222
1677.500000,15.542908754,33.121478748,58.362909009,6.000000,11.402777778
1677.750000,15.545126728,33.117425768,58.363289250,6.000000,11.395833333
1678.000000,15.547344562,33.113372762,58.363669502,6.000000,11.388888889
1678.250000,15.549562256,33.109319729,58.364049765,6.000000,11.381944444
1678.500000,15.551779808,33.105266670,58.364430040,6.000000,11.375000000
1678.750000,15.553997220,33.101213585,58.364810325,6.000000,11.368055556
1679.000000,15.556214492,33.097160473,58.365190621,6.000000,11.361111111
1679.250000,15.558431622,33.093107335,58.365570929,6.000000,11.354166667
1679.500000,15.560648612,33.089054170,58.365951247,6.000000,11.347222222
1679.750000,15.562865462,33.085000979,58.366331576,6.000000,11.340277778
1680.000000,15.565082170,33.080947761,58.366711916,6.000000,11.333333333
1680.250000,15.567298739,33.076894518,58.367092268,6.000000,11.326388889
1680.500000,15.569515166,33.072841247,58.367472630,6.000000,11.319444444
1680.750000,15.571731453,33.068787951,58.367853003,6.000000,11.312500000
1681.000000,15.573947599,33.064734627,58.368233387,6.000000,11.305555556
1681.250000,15.576163605,33.060681278,58.368613783,6.000000,11.298611111
1681.500000,15.578379470,33.056627902,58.368994189,6.000000,11.291666667
1681.750000,15.580595195,33.052574500,58.369374606,6.000000,11.284722222
1682.000000,15.582810779,33.048521071,58.369755034,6.000000,11.277777778
1682.250000,15.585026223,33.044467616,58.370135474,6.000000,11.270833333
1682.500000,15.587241526,33.040414134,58.370515924,6.000000,11.263888889
1682.750000,15.589456688,33.036360626,58.370896385,6.000000,11.256944444
1683.000000,15.591671710,33.032307091,58.371276857,6.000000,11.250000000
1683.250000,15.593886591,33.028253530,58.371657341,6.000000,11.243055556
1683.500000,15.596101332,33.024199943,58.372037835,6.000000,11.236111111
1683.750000,15.598315933,33.020146329,58.372418340,6.000000,11.229166667
1684.000000,15.600530393,33.016092689,58.372798856,6.000000,11.222222222
1684.250000,15.602744712,33.012039023,58.373179384,6.000000,11.215277778
1684.500000,15.604958891,33.007985330,58.373559922,6.000000,11.208333333
1684.750000,15.607172930,33.003931610,58.373940471,6.000000,11.201388889
1685.000000,15.609386828,32.999877864,58.374321032,6.000000,11.194444444
1685.250000,15.611600586,32.995824092,58.374701603,6.000000,11.187500000
1685.500000,15.613814203,32.991770293,58.375082185,6.000000,11.180555556
1685.750000,15.616027680,32.987716468,58.375462778,6.000000,11.173611111
1686.000000,15.618241016,32.983662617,58.375843383,6.000000,11.166666667
1686.250000,15.620454212,32.979608739,58.376223998,6.000000,11.159722222
1686.500000,15.622667268,32.975554834,58.376604624,6.000000,11.152777778
1686.750000,15.624880183,32.971500903,58.376985261,6.000000,11.145833333
1687.000000,15.627092958,32.967446946,58.377365910,6.000000,11.138888889
1687.250000,15.629305592,32.963392962,58.377746569,6.000000,11.131944444
1687.500000,15.631518086,32.959338952,58.378127239,6.000000,11.125000000
1687.750000,15.633730440,32.955284915,58.378507921,6.000000,11.118055556
1688.000000,15.635942654,32.951230852,58.378888613,6.000000,11.111111111
1688.250000,15.638154727,32.947176763,58.379269316,6.000000,11.104166667
1688.500000,15.640366659,32.943122647,58.379650031,6.000000,11.097222222
1688.750000,15.642578452,32.939068505,58.380030756,6.000000,11.090277778
1689.000000,15.644790104,32.935014336,58.380411492,6.000000,11.083333333
1689.250000,15.647001616,32.930960141,58.380792240,6.000000,11.076388889
1689.500000,15.649212988,32.926905919,58.381172998,6.000000,11.069444444
1689.750000,15.651424219,32.922851671,58.381553767,6.000000,11.062500000
1690.000000,15.653635310,32.918797396,58.381934548,6.000000,11.055555556
1690.250000,15.655846261,32.914743095,58.382315339,6.000000,11.048611111
1690.500000,15.658057071,32.910688768,58.382696142,6.000000,11.041666667
1690.750000,15.660267742,32.906634414,58.383076955,6.000000,11.034722222
1691.000000,15.662478272,32.902580033,58.383457779,6.000000,11.027777778
1691.250000,15.664688662,32.898525627,58.383838615,6.000000,11.020833333
1691.500000,15.666898911,32.894471193,58.384219461,6.000000,11.013888889
1691.750000,15.669109021,32.890416734,58.384600319,6.000000,11.006944444
1692.000000,15.671318990,32.886362248,58.384981187,6.000000,11.000000000
1692.250000,15.673528819,32.882307735,58.385362066,6.000000,10.993055556
1692.500000,15.675738508,32.878253196,58.385742957,6.000000,10.986111111
1692.750000,15.677948056,32.874198631,58.386123858,6.000000,10.979166667
1693.000000,15.680157465,32.870144039,58.386504771,6.000000,10.972222222
1693.250000,15.682366733,32.866089420,58.386885694,6.000000,10.965277778
1693.500000,15.684575862,32.862034775,58.387266629,6.000000,10.958333333
1693.750000,15.686784850,32.857980104,58.387647574,6.000000,10.951388889
1694.000000,15.688993698,32.853925406,58.388028531,6.000000,10.944444444
1694.250000,15.691202406,32.849870682,58.388409498,6.000000,10.937500000
1694.500000,15.693410973,32.845815931,58.388790477,6.000000,10.930555556
1694.750000,15.695619401,32.841761154,58.389171466,6.000000,10.923611111
1695.000000,15.697827689,32.837706351,58.389552467,6.000000,10.916666667
1695.250000,15.700035836,32.833651521,58.389933479,6.000000,10.909722222
1695.500000,15.702243843,32.829596664,58.390314501,6.000000,10.902777778
1695.750000,15.704451711,32.825541781,58.390695535,6.000000,10.895833333
1696.000000,15.706659438,32.821486872,58.391076579,6.000000,10.888888889
1696.250000,15.708867025,32.817431936,58.391457635,6.000000,10.881944444
1696.500000,15.711074473,32.813376974,58.391838702,6.000000,10.875000000
1696.750000,15.713281780,32.809321985,58.392219779,6.000000,10.868055556
1697.000000,15.715488947,32.805266970,58.392600868,6.000000,10.861111111
1697.250000,15.717695974,32.801211928,58.392981968,6.000000,10.854166667
1697.500000,15.719902861,32.797156860,58.393363078,6.000000,10.847222222
1697.750000,15.722109609,32.793101765,58.393744200,6.000000,10.840277778
1698.000000,15.724316216,32.789046644,58.394125333,6.000000,10.833333333
1698.250000,15.726522683,32.784991496,58.394506476,6.000000,10.826388889
1698.500000,15.728729010,32.780936322,58.394887631,6.000000,10.819444444
1698.750000,15.730935198,32.776881122,58.395268797,6.000000,10.812500000
1699.000000,15.733141245,32.772825895,58.395649974,6.000000,10.805555556
1699.250000,15.735347152,32.768770641,58.396031161,6.000000,10.798611111
1699.500000,15.737552920,32.764715361,58.396412360,6.000000,10.791666667
1699.750000,15.739758547,32.760660055,58.396793570,6.000000,10.784722222
1700.000000,15.741964035,32.756604722,58.397174791,6.000000,10.777777778
1700.250000,15.744169383,32.752549363,58.397556023,6.000000,10.770833333
1700.500000,15.746374591,32.748493977,58.397937265,6.000000,10.763888889
1700.750000,15.748579659,32.744438565,58.398318519,6.000000,10.756944444
1701.000000,15.750784587,32.740383126,58.398699784,6.000000,10.750000000
1701.250000,15.752989375,32.736327660,58.399081060,6.000000,10.743055556
1701.500000,15.755194024,32.732272169,58.399462347,6.000000,10.736111111
1701.750000,15.757398532,32.728216650,58.399843645,6.000000,10.729166667
1702.000000,15.759602901,32.724161106,58.400224954,6.000000,10.722222222
1702.250000,15.761807130,32.720105535,58.400606274,6.000000,10.715277778
1702.500000,15.764011219,32.716049937,58.400987605,6.000000,10.708333333
1702.750000,15.766215168,32.711994313,58.401368947,6.000000,10.701388889
1703.000000,15.768418978,32.707938662,58.401750300,6.000000,10.694444444
1703.250000,15.770622647,32.703882985,58.402131664,6.000000,10.687500000
1703.500000,15.772826177,32.699827282,58.402513039,6.000000,10.680555556
1703.750000,15.775029567,32.695771551,58.402894425,6.000000,10.673611111
1704.000000,15.777232818,32.691715795,58.403275822,6.000000,10.666666667
1704.250000,15.779435928,32.687660012,58.403657230,6.000000,10.659722222
1704.500000,15.781638899,32.683604202,58.404038650,6.000000,10.652777778
1704.750000,15.783841730,32.679548366,58.404420080,6.000000,10.645833333
1705.000000,15.786044421,32.675492504,58.404801521,6.000000,10.638888889
1705.250000,15.788246973,32.671436615,58.405182973,6.000000,10.631944444
1705.500000,15.790449385,32.667380699,58.405564436,6.000000,10.625000000
1705.750000,15.792651657,32.663324757,58.405945911,6.000000,10.618055556
1706.000000,15.794853790,32.659268789,58.406327396,6.000000,10.611111111
1706.250000,15.797055783,32.655212794,58.406708892,6.000000,10.604166667
1706.500000,15.799257636,32.651156772,58.407090399,6.000000,10.597222222
1706.750000,15.801459349,32.647100725,58.407471918,6.000000,10.590277778
1707.000000,15.803660923,32.643044650,58.407853447,6.000000,10.583333333
1707.250000,15.805862357,32.638988549,58.408234987,6.000000,10.576388889
1707.500000,15.808063652,32.634932422,58.408616539,6.000000,10.569444444
1707.750000,15.810264807,32.630876268,58.408998101,6.000000,10.562500000
1708.000000,15.812465822,32.626820087,58.409379675,6.000000,10.555555556
1708.250000,15.814666698,32.622763880,58.409761259,6.000000,10.548611111
1708.500000,15.816867434,32.618707647,58.410142855,6.000000,10.541666667
1708.750000,15.819068030,32.614651387,58.410524461,6.000000,10.534722222
1709.000000,15.821268487,32.610595101,58.410906079,6.000000,10.527777778
1709.250000,15.823468804,32.606538788,58.411287707,6.000000,10.520833333
1709.500000,15.825668982,32.602482448,58.411669347,6.000000,10.513888889
1709.750000,15.827869020,32.598426082,58.412050997,6.000000,10.506944444
1710.000000,15.830068919,32.594369690,58.412432659,6.000000,10.500000000
1710.250000,15.832268678,32.590313271,58.412814332,6.000000,10.493055556
1710.500000,15.834468298,32.586256826,58.413196015,6.000000,10.486111111
1710.750000,15.836667778,32.582200354,58.413577710,6.000000,10.479166667
1711.000000,15.838867118,32.578143855,58.413959416,6.000000,10.472222222
1711.250000,15.841066319,32.574087330,58.414341133,6.000000,10.465277778
1711.500000,15.843265381,32.570030779,58.414722860,6.000000,10.458333333
1711.750000,15.845464303,32.565974201,58.415104599,6.000000,10.451388889
1712.000000,15.847663085,32.561917596,58.415486349,6.000000,10.444444444
1712.250000,15.849861728,32.557860965,58.415868110,6.000000,10.437500000
1712.500000,15.852060232,32.553804308,58.416249882,6.000000,10.430555556
1712.750000,15.854258596,32.549747624,58.416631665,6.000000,10.423611111
1713.000000,15.856456821,32.545690913,58.417013459,6.000000,10.416666667
1713.250000,15.858654906,32.541634176,58.417395264,6.000000,10.409722222
1713.500000,15.860852852,32.537577413,58.417777080,6.000000,10.402777778
1713.750000,15.863050658,32.533520623,58.418158907,6.000000,10.395833333
1714.000000,15.865248325,32.529463806,58.418540745,6.000000,10.388888889
1714.250000,15.867445853,32.525406963,58.418922594,6.000000,10.381944444
1714.500000,15.869643241,32.521350093,58.419304454,6.000000,10.375000000
1714.750000,15.871840490,32.517293197,58.419686325,6.000000,10.368055556
1715.000000,15.874037599,32.513236274,58.420068207,6.000000,10.361111111
1715.250000,15.876234569,32.509179325,58.420450100,6.000000,10.354166667
1715.500000,15.878431400,32.505122350,58.420832005,6.000000,10.347222222
1715.750000,15.880628091,32.501065347,58.421213920,6.000000,10.340277778
1716.000000,15.882824643,32.497008319,58.421595846,6.000000,10.333333333
1716.250000,15.885021056,32.492951263,58.421977783,6.000000,10.326388889
1716.500000,15.887217329,32.488894182,58.422359732,6.000000,10.319444444
1716.750000,15.889413464,32.484837073,58.422741691,6.000000,10.312500000
1717.000000,15.891609458,32.480779938,58.423123661,6.000000,10.305555556
1717.250000,15.893805314,32.476722777,58.423505643,6.000000,10.298611111
1717.500000,15.896001030,32.472665589,58.423887635,6.000000,10.291666667
1717.750000,15.898196607,32.468608375,58.424269639,6.000000,10.284722222
1718.000000,15.900392045,32.464551134,58.424651653,6.000000,10.277777778
1718.250000,15.902587343,32.460493866,58.425033679,6.000000,10.270833333
1718.500000,15.904782502,32.456436572,58.425415716,6.000000,10.263888889
1718.750000,15.906977522,32.452379252,58.425797763,6.000000,10.256944444
1719.000000,15.909172403,32.448321905,58.426179822,6.000000,10.250000000
1719.250000,15.911367144,32.444264531,58.426561891,6.000000,10.243055556
1719.500000,15.913561746,32.440207131,58.426943972,6.000000,10.236111111
1719.750000,15.915756209,32.436149704,58.427326064,6.000000,10.229166667
1720.000000,15.917950533,32.432092251,58.427708167,6.000000,10.222222222
1720.250000,15.920144718,32.428034771,58.428090281,6.000000,10.215277778
1720.500000,15.922338763,32.423977265,58.428472405,6.000000,10.208333333
1720.750000,15.924532670,32.419919732,58.428854541,6.000000,10.201388889
1721.000000,15.926726437,32.415862173,58.429236688,6.000000,10.194444444
1721.250000,15.928920065,32.411804587,58.429618846,6.000000,10.187500000
1721.500000,15.931113554,32.407746975,58.430001015,6.000000,10.180555556
1721.750000,15.933306903,32.403689336,58.430383195,6.000000,10.173611111
1722.000000,15.935500114,32.399631670,58.430765386,6.000000,10.166666667
1722.250000,15.937693185,32.395573978,58.431147588,6.000000,10.159722222
1722.500000,15.939886118,32.391516260,58.431529801,6.000000,10.152777778
1722.750000,15.942078911,32.387458514,58.431912026,6.000000,10.145833333
1723.000000,15.944271565,32.383400743,58.432294261,6.000000,10.138888889
1723.250000,15.946464080,32.379342945,58.432676507,6.000000,10.131944444
1723.500000,15.948656456,32.375285120,58.433058764,6.000000,10.125000000
1723.750000,15.950848693,32.371227268,58.433441033,6.000000,10.118055556
1724.000000,15.953040791,32.367169391,58.433823312,6.000000,10.111111111
1724.250000,15.955232750,32.363111486,58.434205602,6.000000,10.104166667
1724.500000,15.957424570,32.359053555,58.434587904,6.000000,10.097222222
1724.750000,15.959616251,32.354995598,58.434970216,6.000000,10.090277778
1725.000000,15.961807792,32.350937614,58.435352540,6.000000,10.083333333
1725.250000,15.963999195,32.346879603,58.435734874,6.000000,10.076388889
1725.500000,15.966190459,32.342821566,58.436117220,6.000000,10.069444444
1725.750000,15.968381584,32.338763502,58.436499576,6.000000,10.062500000
1726.000000,15.970572569,32.334705412,58.436881944,6.000000,10.055555556
1726.250000,15.972763416,32.330647295,58.437264323,6.000000,10.048611111
1726.500000,15.974954124,32.326589152,58.437646712,6.000000,10.041666667
1726.750000,15.977144693,32.322530982,58.438029113,6.000000,10.034722222
1727.000000,15.979335123,32.318472786,58.438411525,6.000000,10.027777778
1727.250000,15.981525414,32.314414563,58.438793948,6.000000,10.020833333
1727.500000,15.983715566,32.310356313,58.439176382,6.000000,10.013888889
1727.750000,15.985905579,32.306298037,58.439558827,6.000000,10.006944444
1728.000000,15.988095454,32.302239734,58.439941283,6.000000,10.000000000
1728.250000,15.990285189,32.298181405,58.440323750,6.000000,9.993055556
1728.500000,15.992474785,32.294123049,58.440706228,6.000000,9.986111111
1728.750000,15.994664243,32.290064667,58.441088717,6.000000,9.979166667
1729.000000,15.996853562,32.286006258,58.441471217,6.000000,9.972222222
1729.250000,15.999042741,32.281947822,58.441853728,6.000000,9.965277778
1729.500000,16.001231782,32.277889360,58.442236250,6.000000,9.958333333
1729.750000,16.003420685,32.273830872,58.442618783,6.000000,9.951388889
1730.000000,16.005609448,32.269772356,58.443001328,6.000000,9.944444444
1730.250000,16.007798072,32.265713815,58.443383883,6.000000,9.937500000
1730.500000,16.009986558,32.261655246,58.443766449,6.000000,9.930555556
1730.750000,16.012174905,32.257596651,58.444149027,6.000000,9.923611111
1731.000000,16.014363113,32.253538030,58.444531615,6.000000,9.916666667
1731.250000,16.016551182,32.249479382,58.444914215,6.000000,9.909722222
1731.500000,16.018739112,32.245420707,58.445296825,6.000000,9.902777778
1731.750000,16.020926904,32.241362006,58.445679447,6.000000,9.895833333
1732.000000,16.023114557,32.237303278,58.446062079,6.000000,9.888888889
1732.250000,16.025302071,32.233244524,58.446444723,6.000000,9.881944444
1732.500000,16.027489446,32.229185743,58.446827378,6.000000,9.875000000
1732.750000,16.029676683,32.225126936,58.447210044,6.000000,9.868055556
1733.000000,16.031863781,32.221068102,58.447592720,6.000000,9.861111111
1733.250000,16.034050740,32.217009241,58.447975408,6.000000,9.854166667
1733.500000,16.036237560,32.212950354,58.448358107,6.000000,9.847222222
1733.750000,16.038424242,32.208891440,58.448740817,6.000000,9.840277778
1734.000000,16.040610785,32.204832500,58.449123538,6.000000,9.833333333
1734.250000,16.042797190,32.200773533,58.449506270,6.000000,9.826388889
1734.500000,16.044983455,32.196714539,58.449889013,6.000000,9.819444444
1734.750000,16.047169582,32.192655519,58.450271767,6.000000,9.812500000
1735.000000,16.049355571,32.188596473,58.450654533,6.000000,9.805555556
1735.250000,16.051541420,32.184537399,58.451037309,6.000000,9.798611111
1735.500000,16.053727131,32.180478300,58.451420096,6.000000,9.791666667
1735.750000,16.055912704,32.176419173,58.451802894,6.000000,9.784722222
1736.000000,16.058098137,32.172360020,58.452185704,6.000000,9.777777778
1736.250000,16.060283433,32.168300841,58.452568524,6.000000,9.770833333
1736.500000,16.062468589,32.164241635,58.452951356,6.000000,9.763888889
1736.750000,16.064653607,32.160182402,58.453334198,6.000000,9.756944444
1737.000000,16.066838486,32.156123142,58.453717052,6.000000,9.750000000
1737.250000,16.069023227,32.152063857,58.454099916,6.000000,9.743055556
1737.500000,16.071207829,32.148004544,58.454482792,6.000000,9.736111111
1737.750000,16.073392293,32.143945205,58.454865679,6.000000,9.729166667
1738.000000,16.075576618,32.139885839,58.455248576,6.000000,9.722222222
1738.250000,16.077760804,32.135826447,58.455631485,6.000000,9.715277778
1738.500000,16.079944852,32.131767028,58.456014405,6.000000,9.708333333
1738.750000,16.082128762,32.127707583,58.456397336,6.000000,9.701388889
1739.000000,16.084312533,32.123648111,58.456780278,6.000000,9.694444444
1739.250000,16.086496165,32.119588612,58.457163231,6.000000,9.687500000
1739.500000,16.088679659,32.115529087,58.457546195,6.000000,9.680555556
1739.750000,16.090863015,32.111469535,58.457929170,6.000000,9.673611111
1740.000000,16.093046231,32.107409957,58.458312156,6.000000,9.666666667
1740.250000,16.095229310,32.103350352,58.458695153,6.000000,9.659722222
1740.500000,16.097412250,32.099290720,58.459078161,6.000000,9.652777778
1740.750000,16.099595051,32.095231062,58.459461181,6.000000,9.645833333
1741.000000,16.101777715,32.091171377,58.459844211,6.000000,9.638888889
1741.250000,16.103960239,32.087111666,58.460227252,6.000000,9.631944444
1741.500000,16.106142625,32.083051928,58.460610305,6.000000,9.625000000
1741.750000,16.108324873,32.078992163,58.460993368,6.000000,9.618055556
1742.000000,16.110506982,32.074932372,58.461376443,6.000000,9.611111111
1742.250000,16.112688953,32.070872554,58.461759529,6.000000,9.604166667
1742.500000,16.114870786,32.066812710,58.462142625,6.000000,9.597222222
1742.750000,16.117052480,32.062752839,58.462525733,6.000000,9.590277778
1743.000000,16.119234036,32.058692941,58.462908852,6.000000,9.583333333
1743.250000,16.121415453,32.054633017,58.463291982,6.000000,9.576388889
1743.500000,16.123596732,32.050573066,58.463675122,6.000000,9.569444444
1743.750000,16.125777873,32.046513088,58.464058274,6.000000,9.562500000
1744.000000,16.127958875,32.042453084,58.464441437,6.000000,9.555555556
1744.250000,16.130139739,32.038393054,58.464824611,6.000000,9.548611111
1744.500000,16.132320465,32.034332996,58.465207796,6.000000,9.541666667
1744.750000,16.134501053,32.030272913,58.465590993,6.000000,9.534722222
1745.000000,16.136681502,32.026212802,58.465974200,6.000000,9.527777778
1745.250000,16.138861812,32.022152665,58.466357418,6.000000,9.520833333
1745.500000,16.141041985,32.018092501,58.466740647,6.000000,9.513888889
1745.750000,16.143222019,32.014032311,58.467123888,6.000000,9.506944444
1746.000000,16.145401915,32.009972094,58.467507139,6.000000,9.500000000
1746.250000,16.147581673,32.005911851,58.467890402,6.000000,9.493055556
1746.500000,16.149761292,32.001851580,58.468273675,6.000000,9.486111111
1746.750000,16.151940773,31.997791284,58.468656960,6.000000,9.479166667
1747.000000,16.154120116,31.993730960,58.469040255,6.000000,9.472222222
1747.250000,16.156299321,31.989670610,58.469423562,6.000000,9.465277778
1747.500000,16.158478387,31.985610234,58.469806880,6.000000,9.458333333
1747.750000,16.160657315,31.981549830,58.470190209,6.000000,9.451388889
1748.000000,16.162836105,31.977489400,58.470573549,6.000000,9.444444444
1748.250000,16.165014757,31.973428944,58.470956900,6.000000,9.437500000
1748.500000,16.167193271,31.969368461,58.471340262,6.000000,9.430555556
1748.750000,16.169371646,31.965307951,58.471723635,6.000000,9.423611111
1749.000000,16.171549884,31.961247415,58.472107019,6.000000,9.416666667
1749.250000,16.173727983,31.957186852,58.472490414,6.000000,9.409722222
1749.500000,16.175905944,31.953126262,58.472873820,6.000000,9.402777778
1749.750000,16.178083767,31.949065646,58.473257237,6.000000,9.395833333
1750.000000,16.180261452,31.945005003,58.473640666,6.000000,9.388888889
1750.250000,16.182438998,31.940944333,58.474024105,6.000000,9.381944444
1750.500000,16.184616407,31.936883637,58.474407556,6.000000,9.375000000
1750.750000,16.186793677,31.932822915,58.474791017,6.000000,9.368055556
1751.000000,16.188970809,31.928762165,58.475174490,6.000000,9.361111111
1751.250000,16.191147804,31.924701389,58.475557974,6.000000,9.354166667
1751.500000,16.193324660,31.920640587,58.475941468,6.000000,9.347222222
1751.750000,16.195501378,31.916579757,58.476324974,6.000000,9.340277778
1752.000000,16.197677958,31.912518901,58.476708491,6.000000,9.333333333
1752.250000,16.199854400,31.908458019,58.477092019,6.000000,9.326388889
1752.500000,16.202030704,31.904397110,58.477475558,6.000000,9.319444444
1752.750000,16.204206869,31.900336174,58.477859108,6.000000,9.312500000
1753.000000,16.206382897,31.896275211,58.478242669,6.000000,9.305555556
1753.250000,16.208558787,31.892214222,58.478626241,6.000000,9.298611111
1753.500000,16.210734539,31.888153207,58.479009824,6.000000,9.291666667
1753.750000,16.212910153,31.884092164,58.479393418,6.000000,9.284722222
1754.000000,16.215085629,31.880031095,58.479777024,6.000000,9.277777778
1754.250000,16.217260966,31.875970000,58.480160640,6.000000,9.270833333
1754.500000,16.219436166,31.871908877,58.480544268,6.000000,9.263888889
1754.750000,16.221611228,31.867847729,58.480927906,6.000000,9.256944444
1755.000000,16.223786152,31.863786553,58.481311556,6.000000,9.250000000
1755.250000,16.225960938,31.859725351,58.481695216,6.000000,9.243055556
1755.500000,16.228135586,31.855664122,58.482078888,6.000000,9.236111111
1755.750000,16.230310096,31.851602866,58.482462571,6.000000,9.229166667
1756.000000,16.232484469,31.847541584,58.482846265,6.000000,9.222222222
1756.250000,16.234658703,31.843480276,58.483229970,6.000000,9.215277778
1756.500000,16.236832799,31.839418940,58.483613686,6.000000,9.208333333
1756.750000,16.239006758,31.835357578,58.483997413,6.000000,9.201388889
1757.000000,16.241180578,31.831296189,58.484381151,6.000000,9.194444444
1757.250000,16.243354261,31.827234774,58.484764900,6.000000,9.187500000
1757.500000,16.245527806,31.823173332,58.485148660,6.000000,9.180555556
1757.750000,16.247701213,31.819111863,58.485532432,6.000000,9.173611111
1758.000000,16.249874482,31.815050368,58.485916214,6.000000,9.166666667
1758.250000,16.252047613,31.810988846,58.486300007,6.000000,9.159722222
1758.500000,16.254220607,31.806927298,58.486683812,6.000000,9.152777778
1758.750000,16.256393463,31.802865722,58.487067627,6.000000,9.145833333
1759.000000,16.258566180,31.798804120,58.487451454,6.000000,9.138888889
1759.250000,16.260738760,31.794742492,58.487835292,6.000000,9.131944444
1759.500000,16.262911203,31.790680837,58.488219141,6.000000,9.125000000
1759.750000,16.265083507,31.786619155,58.488603000,6.000000,9.118055556
1760.000000,16.267255674,31.782557446,58.488986871,6.000000,9.111111111
1760.250000,16.269427703,31.778495711,58.489370753,6.000000,9.104166667
1760.500000,16.271599594,31.774433949,58.489754646,6.000000,9.097222222
1760.750000,16.273771347,31.770372161,58.490138551,6.000000,9.090277778
1761.000000,16.275942963,31.766310345,58.490522466,6.000000,9.083333333
1761.250000,16.278114441,31.762248504,58.490906392,6.000000,9.076388889
1761.500000,16.280285781,31.758186635,58.491290329,6.000000,9.069444444
1761.750000,16.282456983,31.754124740,58.491674278,6.000000,9.062500000
1762.000000,16.284628048,31.750062818,58.492058237,6.000000,9.055555556
1762.250000,16.286798975,31.746000870,58.492442208,6.000000,9.048611111
1762.500000,16.288969765,31.741938894,58.492826189,6.000000,9.041666667
1762.750000,16.291140416,31.737876893,58.493210182,6.000000,9.034722222
1763.000000,16.293310930,31.733814864,58.493594186,6.000000,9.027777778
1763.250000,16.295481307,31.729752809,58.493978201,6.000000,9.020833333
1763.500000,16.297651545,31.725690727,58.494362227,6.000000,9.013888889
1763.750000,16.299821646,31.721628619,58.494746264,6.000000,9.006944444
1764.000000,16.301991610,31.717566483,58.495130312,6.000000,9.000000000
1764.250000,16.304161436,31.713504322,58.495514371,6.000000,8.993055556
1764.500000,16.306331124,31.709442133,58.495898441,6.000000,8.986111111
1764.750000,16.308500674,31.705379918,58.496282522,6.000000,8.979166667
1765.000000,16.310670087,31.701317676,58.496666615,6.000000,8.972222222
1765.250000,16.312839363,31.697255408,58.497050718,6.000000,8.965277778
1765.500000,16.315008500,31.693193112,58.497434832,6.000000,8.958333333
1765.750000,16.317177500,31.689130791,58.497818958,6.000000,8.951388889
1766.000000,16.319346363,31.685068442,58.498203095,6.000000,8.944444444
1766.250000,16.321515088,31.681006067,58.498587242,6.000000,8.937500000
1766.500000,16.323683676,31.676943665,58.498971401,6.000000,8.930555556
1766.750000,16.325852126,31.672881236,58.499355571,6.000000,8.923611111
1767.000000,16.328020438,31.668818781,58.499739752,6.000000,8.916666667
1767.250000,16.330188613,31.664756299,58.500123944,6.000000,8.909722222
1767.500000,16.332356650,31.660693791,58.500508147,6.000000,8.902777778
1767.750000,16.334524550,31.656631255,58.500892361,6.000000,8.895833333
1768.000000,16.336692313,31.652568693,58.501276586,6.000000,8.888888889
1768.250000,16.338859937,31.648506105,58.501660823,6.000000,8.881944444
1768.500000,16.341027425,31.644443489,58.502045070,6.000000,8.875000000
1768.750000,16.343194775,31.640380847,58.502429328,6.000000,8.868055556
1769.000000,16.345361987,31.636318179,58.502813598,6.000000,8.861111111
1769.250000,16.347529062,31.632255483,58.503197879,6.000000,8.854166667
1769.500000,16.349696000,31.628192761,58.503582170,6.000000,8.847222222
1769.750000,16.351862800,31.624130012,58.503966473,6.000000,8.840277778
1770.000000,16.354029463,31.620067237,58.504350787,6.000000,8.833333333
1770.250000,16.356195988,31.616004435,58.504735112,6.000000,8.826388889
1770.500000,16.358362376,31.611941606,58.505119448,6.000000,8.819444444
1770.750000,16.360528626,31.607878750,58.505503795,6.000000,8.812500000
1771.000000,16.362694739,31.603815868,58.505888153,6.000000,8.805555556
1771.250000,16.364860715,31.599752959,58.506272522,6.000000,8.798611111
1771.500000,16.367026553,31.595690024,58.506656903,6.000000,8.791666667
1771.750000,16.369192254,31.591627061,58.507041294,6.000000,8.784722222
1772.000000,16.371357818,31.587564072,58.507425696,6.000000,8.777777778
1772.250000,16.373523244,31.583501057,58.507810110,6.000000,8.770833333
1772.500000,16.375688533,31.579438014,58.508194535,6.000000,8.763888889
1772.750000,16.377853685,31.575374945,58.508578970,6.000000,8.756944444
1773.000000,16.380018699,31.571311850,58.508963417,6.000000,8.750000000
1773.250000,16.382183576,31.567248727,58.509347875,6.000000,8.743055556
1773.500000,16.384348316,31.563185578,58.509732344,6.000000,8.736111111
1773.750000,16.386512918,31.559122402,58.510116824,6.000000,8.729166667
1774.000000,16.388677383,31.555059200,58.510501315,6.000000,8.722222222
1774.250000,16.390841711,31.550995970,58.510885817,6.000000,8.715277778
1774.500000,16.393005901,31.546932714,58.511270331,6.000000,8.708333333
1774.750000,16.395169954,31.542869432,58.511654855,6.000000,8.701388889
1775.000000,16.397333870,31.538806122,58.512039390,6.000000,8.694444444
1775.250000,16.399497649,31.534742786,58.512423937,6.000000,8.687500000
1775.500000,16.401661291,31.530679423,58.512808495,6.000000,8.680555556
1775.750000,16.403824795,31.526616034,58.513193063,6.000000,8.673611111
1776.000000,16.405988162,31.522552618,58.513577643,6.000000,8.666666667
1776.250000,16.408151392,31.518489175,58.513962234,6.000000,8.659722222
1776.500000,16.410314485,31.514425705,58.514346836,6.000000,8.652777778
1776.750000,16.412477440,31.510362209,58.514731449,6.000000,8.645833333
1777.000000,16.414640258,31.506298686,58.515116073,6.000000,8.638888889
1777.250000,16.416802940,31.502235136,58.515500708,6.000000,8.631944444
1777.500000,16.418965484,31.498171560,58.515885354,6.000000,8.625000000
1777.750000,16.421127890,31.494107957,58.516270012,6.000000,8.618055556
1778.000000,16.423290160,31.490044327,58.516654680,6.000000,8.611111111
1778.250000,16.425452292,31.485980670,58.517039360,6.000000,8.604166667
1778.500000,16.427614288,31.481916987,58.517424050,6.000000,8.597222222
1778.750000,16.429776146,31.477853277,58.517808752,6.000000,8.590277778
1779.000000,16.431937867,31.473789540,58.518193465,6.000000,8.583333333
1779.250000,16.434099451,31.469725777,58.518578189,6.000000,8.576388889
1779.500000,16.436260898,31.465661987,58.518962924,6.000000,8.569444444
1779.750000,16.438422208,31.461598170,58.519347670,6.000000,8.562500000
1780.000000,16.440583381,31.457534326,58.519732427,6.000000,8.555555556
1780.250000,16.442744417,31.453470456,58.520117195,6.000000,8.548611111
1780.500000,16.444905315,31.449406559,58.520501974,6.000000,8.541666667
1780.750000,16.447066077,31.445342635,58.520886765,6.000000,8.534722222
1781.000000,16.449226702,31.441278685,58.521271566,6.000000,8.527777778
1781.250000,16.451387189,31.437214707,58.521656379,6.000000,8.520833333
1781.500000,16.453547540,31.433150704,58.522041202,6.000000,8.513888889
1781.750000,16.455707753,31.429086673,58.522426037,6.000000,8.506944444
1782.000000,16.457867830,31.425022616,58.522810883,6.000000,8.500000000
1782.250000,16.460027769,31.420958531,58.523195740,6.000000,8.493055556
1782.500000,16.462187572,31.416894421,58.523580608,6.000000,8.486111111
1782.750000,16.464347237,31.412830283,58.523965487,6.000000,8.479166667
1783.000000,16.466506766,31.408766119,58.524350377,6.000000,8.472222222
1783.250000,16.468666157,31.404701928,58.524735278,6.000000,8.465277778
1783.500000,16.470825412,31.400637710,58.525120191,6.000000,8.458333333
1783.750000,16.472984530,31.396573466,58.525505114,6.000000,8.451388889
1784.000000,16.475143510,31.392509194,58.525890049,6.000000,8.444444444
1784.250000,16.477302354,31.388444897,58.526274994,6.000000,8.437500000
1784.500000,16.479461061,31.384380572,58.526659951,6.000000,8.430555556
1784.750000,16.481619631,31.380316220,58.527044919,6.000000,8.423611111
1785.000000,16.483778064,31.376251842,58.527429898,6.000000,8.416666667
1785.250000,16.485936360,31.372187438,58.527814888,6.000000,8.409722222
1785.500000,16.488094520,31.368123006,58.528199889,6.000000,8.402777778
1785.750000,16.490252542,31.364058548,58.528584901,6.000000,8.395833333
1786.000000,16.492410428,31.359994063,58.528969924,6.000000,8.388888889
1786.250000,16.494568176,31.355929551,58.529354959,6.000000,8.381944444
1786.500000,16.496725788,31.351865012,58.529740004,6.000000,8.375000000
1786.750000,16.498883263,31.347800447,58.530125061,6.000000,8.368055556
1787.000000,16.501040602,31.343735855,58.530510128,6.000000,8.361111111
1787.250000,16.503197803,31.339671236,58.530895207,6.000000,8.354166667
1787.500000,16.505354868,31.335606591,58.531280297,6.000000,8.347222222
1787.750000,16.507511795,31.331541918,58.531665398,6.000000,8.340277778
1788.000000,16.509668586,31.327477219,58.532050510,6.000000,8.333333333
1788.250000,16.511825240,31.323412494,58.532435633,6.000000,8.326388889
1788.500000,16.513981758,31.319347741,58.532820767,6.000000,8.319444444
1788.750000,16.516138138,31.315282962,58.533205912,6.000000,8.312500000
1789.000000,16.518294382,31.311218156,58.533591069,6.000000,8.305555556
1789.250000,16.520450489,31.307153323,58.533976236,6.000000,8.298611111
1789.500000,16.522606460,31.303088464,58.534361415,6.000000,8.291666667
1789.750000,16.524762293,31.299023578,58.534746604,6.000000,8.284722222
1790.000000,16.526917990,31.294958665,58.535131805,6.000000,8.277777778
1790.250000,16.529073550,31.290893725,58.535517017,6.000000,8.270833333
1790.500000,16.531228974,31.286828759,58.535902240,6.000000,8.263888889
1790.750000,16.533384261,31.282763765,58.536287474,6.000000,8.256944444
1791.000000,16.535539411,31.278698745,58.536672719,6.000000,8.250000000
1791.250000,16.537694424,31.274633699,58.537057976,6.000000,8.243055556
1791.500000,16.539849301,31.270568625,58.537443243,6.000000,8.236111111
1791.750000,16.542004041,31.266503525,58.537828521,6.000000,8.229166667
1792.000000,16.544158644,31.262438398,58.538213811,6.000000,8.222222222
1792.250000,16.546313111,31.258373244,58.538599111,6.000000,8.215277778
1792.500000,16.548467441,31.254308064,58.538984423,6.000000,8.208333333
1792.750000,16.550621635,31.250242856,58.539369746,6.000000,8.201388889
1793.000000,16.552775692,31.246177622,58.539755080,6.000000,8.194444444
1793.250000,16.554929612,31.242112362,58.540140425,6.000000,8.187500000
1793.500000,16.557083395,31.238047074,58.540525781,6.000000,8.180555556
1793.750000,16.559237043,31.233981760,58.540911148,6.000000,8.173611111
1794.000000,16.561390553,31.229916419,58.541296527,6.000000,8.166666667
1794.250000,16.563543927,31.225851051,58.541681916,6.000000,8.159722222
1794.500000,16.565697164,31.221785656,58.542067317,6.000000,8.152777778
1794.750000,16.567850265,31.217720235,58.542452728,6.000000,8.145833333
1795.000000,16.570003229,31.213654787,58.542838151,6.000000,8.138888889
1795.250000,16.572156057,31.209589312,58.543223585,6.000000,8.131944444
1795.500000,16.574308748,31.205523810,58.543609030,6.000000,8.125000000
1795.750000,16.576461303,31.201458282,58.543994486,6.000000,8.118055556
1796.000000,16.578613721,31.197392727,58.544379953,6.000000,8.111111111
1796.250000,16.580766002,31.193327145,58.544765431,6.000000,8.104166667
1796.500000,16.582918147,31.189261536,58.545150920,6.000000,8.097222222
1796.750000,16.585070156,31.185195901,58.545536421,6.000000,8.090277778
1797.000000,16.587222028,31.181130239,58.545921932,6.000000,8.083333333
1797.250000,16.589373764,31.177064549,58.546307455,6.000000,8.076388889
1797.500000,16.591525363,31.172998834,58.546692989,6.000000,8.069444444
1797.750000,16.593676825,31.168933091,58.547078534,6.000000,8.062500000
1798.000000,16.595828152,31.164867322,58.547464090,6.000000,8.055555556
1798.250000,16.597979342,31.160801526,58.547849657,6.000000,8.048611111
1798.500000,16.600130395,31.156735703,58.548235235,6.000000,8.041666667
1798.750000,16.602281312,31.152669853,58.548620824,6.000000,8.034722222
1799.000000,16.604432092,31.148603977,58.549006424,6.000000,8.027777778
1799.250000,16.606582737,31.144538073,58.549392036,6.000000,8.020833333
1799.500000,16.608733244,31.140472143,58.549777658,6.000000,8.013888889
1799.750000,16.610883616,31.136406187,58.550163292,6.000000,8.006944444
1800.000000,16.613033851,31.132340203,58.550548937,6.000000,8.000000000
1800.250000,16.615183949,31.128274193,58.550934593,6.000000,7.993055556
1800.500000,16.617333912,31.124208156,58.551320260,6.000000,7.986111111
1800.750000,16.619483738,31.120142092,58.551705938,6.000000,7.979166667
1801.000000,16.621633427,31.116076001,58.552091627,6.000000,7.972222222
1801.250000,16.623782980,31.112009884,58.552477327,6.000000,7.965277778
1801.500000,16.625932397,31.107943739,58.552863039,6.000000,7.958333333
1801.750000,16.628081678,31.103877568,58.553248761,6.000000,7.951388889
1802.000000,16.630230822,31.099811370,58.553634495,6.000000,7.944444444
1802.250000,16.632379830,31.095745146,58.554020240,6.000000,7.937500000
1802.500000,16.634528702,31.091678894,58.554405995,6.000000,7.930555556
1802.750000,16.636677437,31.087612616,58.554791762,6.000000,7.923611111
1803.000000,16.638826036,31.083546311,58.555177540,6.000000,7.916666667
1803.250000,16.640974499,31.079479979,58.555563330,6.000000,7.909722222
1803.500000,16.643122826,31.075413621,58.555949130,6.000000,7.902777778
1803.750000,16.645271016,31.071347236,58.556334941,6.000000,7.895833333
1804.000000,16.647419070,31.067280823,58.556720764,6.000000,7.888888889
1804.250000,16.649566988,31.063214384,58.557106597,6.000000,7.881944444
1804.500000,16.651714770,31.059147919,58.557492442,6.000000,7.875000000
1804.750000,16.653862415,31.055081426,58.557878298,6.000000,7.868055556
1805.000000,16.656009925,31.051014907,58.558264165,6.000000,7.861111111
1805.250000,16.658157298,31.046948361,58.558650043,6.000000,7.854166667
1805.500000,16.660304535,31.042881788,58.559035932,6.000000,7.847222222
1805.750000,16.662451635,31.038815188,58.559421832,6.000000,7.840277778
1806.000000,16.664598600,31.034748562,58.559807743,6.000000,7.833333333
1806.250000,16.666745428,31.030681908,58.560193666,6.000000,7.826388889
1806.500000,16.668892121,31.026615228,58.560579599,6.000000,7.819444444
1806.750000,16.671038677,31.022548521,58.560965544,6.000000,7.812500000
1807.000000,16.673185097,31.018481787,58.561351500,6.000000,7.805555556
1807.250000,16.675331381,31.014415027,58.561737467,6.000000,7.798611111
1807.500000,16.677477528,31.010348240,58.562123445,6.000000,7.791666667
1807.750000,16.679623540,31.006281426,58.562509434,6.000000,7.784722222
1808.000000,16.681769415,31.002214585,58.562895434,6.000000,7.777777778
1808.250000,16.683915155,30.998147717,58.563281445,6.000000,7.770833333
1808.500000,16.686060758,30.994080822,58.563667468,6.000000,7.763888889
1808.750000,16.688206225,30.990013901,58.564053502,6.000000,7.756944444
1809.000000,16.690351557,30.985946953,58.564439546,6.000000,7.750000000
1809.250000,16.692496752,30.981879978,58.564825602,6.000000,7.743055556
1809.500000,16.694641811,30.977812976,58.565211669,6.000000,7.736111111
1809.750000,16.696786734,30.973745947,58.565597747,6.000000,7.729166667
1810.000000,16.698931521,30.969678892,58.565983836,6.000000,7.722222222
1810.250000,16.701076172,30.965611810,58.566369936,6.000000,7.715277778
1810.500000,16.703220687,30.961544701,58.566756048,6.000000,7.708333333
1810.750000,16.705365066,30.957477565,58.567142170,6.000000,7.701388889
1811.000000,16.707509309,30.953410402,58.567528304,6.000000,7.694444444
1811.250000,16.709653416,30.949343213,58.567914448,6.000000,7.687500000
1811.500000,16.711797387,30.945275997,58.568300604,6.000000,7.680555556
1811.750000,16.713941222,30.941208753,58.568686771,6.000000,7.673611111
1812.000000,16.716084921,30.937141484,58.569072949,6.000000,7.666666667
1812.250000,16.718228484,30.933074187,58.569459138,6.000000,7.659722222
1812.500000,16.720371912,30.929006863,58.569845339,6.000000,7.652777778
1812.750000,16.722515203,30.924939513,58.570231550,6.000000,7.645833333
1813.000000,16.724658358,30.920872136,58.570617773,6.000000,7.638888889
1813.250000,16.726801378,30.916804732,58.571004006,6.000000,7.631944444
1813.500000,16.728944261,30.912737301,58.571390251,6.000000,7.625000000
1813.750000,16.731087009,30.908669843,58.571776507,6.000000,7.618055556
1814.000000,16.733229621,30.904602359,58.572162774,6.000000,7.611111111
1814.250000,16.735372097,30.900534847,58.572549052,6.000000,7.604166667
1814.500000,16.737514437,30.896467309,58.572935341,6.000000,7.597222222
1814.750000,16.739656641,30.892399744,58.573321642,6.000000,7.590277778
1815.000000,16.741798709,30.888332153,58.573707953,6.000000,7.583333333
1815.250000,16.743940641,30.884264534,58.574094276,6.000000,7.576388889
1815.500000,16.746082438,30.880196889,58.574480609,6.000000,7.569444444
1815.750000,16.748224099,30.876129216,58.574866954,6.000000,7.562500000
1816.000000,16.750365624,30.872061517,58.575253310,6.000000,7.555555556
1816.250000,16.752507013,30.867993791,58.575639677,6.000000,7.548611111
1816.500000,16.754648266,30.863926038,58.576026055,6.000000,7.541666667
1816.750000,16.756789384,30.859858259,58.576412445,6.000000,7.534722222
1817.000000,16.758930365,30.855790452,58.576798845,6.000000,7.527777778
1817.250000,16.761071211,30.851722619,58.577185257,6.000000,7.520833333
1817.500000,16.763211922,30.847654759,58.577571679,6.000000,7.513888889
1817.750000,16.765352496,30.843586872,58.577958113,6.000000,7.506944444
1818.000000,16.767492935,30.839518958,58.578344558,6.000000,7.500000000
1818.250000,16.769633238,30.835451018,58.578731014,6.000000,7.493055556
1818.500000,16.771773405,30.831383050,58.579117481,6.000000,7.486111111
1818.750000,16.773913436,30.827315056,58.579503959,6.000000,7.479166667
1819.000000,16.776053332,30.823247035,58.579890449,6.000000,7.472222222
1819.250000,16.778193092,30.819178987,58.580276949,6.000000,7.465277778
1819.500000,16.780332717,30.815110912,58.580663461,6.000000,7.458333333
1819.750000,16.782472205,30.811042811,58.581049984,6.000000,7.451388889
1820.000000,16.784611558,30.806974682,58.581436517,6.000000,7.444444444
1820.250000,16.786750776,30.802906527,58.581823062,6.000000,7.437500000
1820.500000,16.788889857,30.798838345,58.582209619,6.000000,7.430555556
1820.750000,16.791028803,30.794770136,58.582596186,6.000000,7.423611111
1821.000000,16.793167614,30.790701900,58.582982764,6.000000,7.416666667
1821.250000,16.795306288,30.786633637,58.583369354,6.000000,7.409722222
1821.500000,16.797444827,30.782565348,58.583755954,6.000000,7.402777778
1821.750000,16.799583231,30.778497031,58.584142566,6.000000,7.395833333
1822.000000,16.801721499,30.774428688,58.584529189,6.000000,7.388888889
1822.250000,16.803859631,30.770360318,58.584915823,6.000000,7.381944444
1822.500000,16.805997628,30.766291921,58.585302468,6.000000,7.375000000
1822.750000,16.808135489,30.762223497,58.585689124,6.000000,7.368055556
1823.000000,16.810273214,30.758155047,58.586075792,6.000000,7.361111111
1823.250000,16.812410804,30.754086569,58.586462470,6.000000,7.354166667
1823.500000,16.814548258,30.750018065,58.586849160,6.000000,7.347222222
1823.750000,16.816685577,30.745949534,58.587235860,6.000000,7.340277778
1824.000000,16.818822760,30.741880976,58.587622572,6.000000,7.333333333
1824.250000,16.820959808,30.737812391,58.588009295,6.000000,7.326388889
1824.500000,16.823096720,30.733743779,58.588396029,6.000000,7.319444444
1824.750000,16.825233497,30.729675140,58.588782775,6.000000,7.312500000
1825.000000,16.827370138,30.725606475,58.589169531,6.000000,7.305555556
1825.250000,16.829506644,30.721537782,58.589556299,6.000000,7.298611111
1825.500000,16.831643014,30.717469063,58.589943077,6.000000,7.291666667
1825.750000,16.833779249,30.713400317,58.590329867,6.000000,7.284722222
1826.000000,16.835915348,30.709331544,58.590716668,6.000000,7.277777778
1826.250000,16.838051312,30.705262745,58.591103480,6.000000,7.270833333
1826.500000,16.840187140,30.701193918,58.591490303,6.000000,7.263888889
1826.750000,16.842322833,30.697125064,58.591877137,6.000000,7.256944444
1827.000000,16.844458390,30.693056184,58.592263983,6.000000,7.250000000
1827.250000,16.846593812,30.688987277,58.592650839,6.000000,7.243055556
1827.500000,16.848729099,30.684918343,58.593037707,6.000000,7.236111111
1827.750000,16.850864250,30.680849382,58.593424586,6.000000,7.229166667
1828.000000,16.852999266,30.676780394,58.593811476,6.000000,7.222222222
1828.250000,16.855134146,30.672711379,58.594198377,6.000000,7.215277778
1828.500000,16.857268891,30.668642338,58.594585289,6.000000,7.208333333
1828.750000,16.859403501,30.664573269,58.594972212,6.000000,7.201388889
1829.000000,16.861537975,30.660504174,58.595359147,6.000000,7.194444444
1829.250000,16.863672314,30.656435052,58.595746092,6.000000,7.187500000
1829.500000,16.865806517,30.652365903,58.596133049,6.000000,7.180555556
1829.750000,16.867940586,30.648296727,58.596520017,6.000000,7.173611111
1830.000000,16.870074518,30.644227524,58.596906996,6.000000,7.166666667
1830.250000,16.872208316,30.640158295,58.597293986,6.000000,7.159722222
1830.500000,16.874341978,30.636089038,58.597680987,6.000000,7.152777778
1830.750000,16.876475505,30.632019755,58.598067999,6.000000,7.145833333
1831.000000,16.878608897,30.627950444,58.598455023,6.000000,7.138888889
1831.250000,16.880742153,30.623881107,58.598842058,6.000000,7.131944444
1831.500000,16.882875274,30.619811743,58.599229103,6.000000,7.125000000
1831.750000,16.885008260,30.615742352,58.599616160,6.000000,7.118055556
1832.000000,16.887141110,30.611672934,58.600003228,6.000000,7.111111111
1832.250000,16.889273825,30.607603490,58.600390307,6.000000,7.104166667
1832.500000,16.891406405,30.603534018,58.600777398,6.000000,7.097222222
1832.750000,16.893538850,30.599464520,58.601164499,6.000000,7.090277778
1833.000000,16.895671159,30.595394994,58.601551612,6.000000,7.083333333
1833.250000,16.897803334,30.591325442,58.601938735,6.000000,7.076388889
1833.500000,16.899935373,30.587255863,58.602325870,6.000000,7.069444444
1833.750000,16.902067276,30.583186257,58.602713016,6.000000,7.062500000
1834.000000,16.904199045,30.579116624,58.603100173,6.000000,7.055555556
1834.250000,16.906330679,30.575046965,58.603487342,6.000000,7.048611111
1834.500000,16.908462177,30.570977278,58.603874521,6.000000,7.041666667
1834.750000,16.910593540,30.566907565,58.604261712,6.000000,7.034722222
1835.000000,16.912724768,30.562837824,58.604648913,6.000000,7.027777778
1835.250000,16.914855861,30.558768057,58.605036126,6.000000,7.020833333
1835.500000,16.916986818,30.554698263,58.605423350,6.000000,7.013888889
1835.750000,16.919117641,30.550628442,58.605810585,6.000000,7.006944444
1836.000000,16.921248328,30.546558594,44.601075482,6.000000,7.000000000
1836.250000,16.923470325,30.543461297,44.601290809,6.000000,6.995138889
1836.500000,16.925692202,30.540363985,44.601506140,6.000000,6.990277778
1836.750000,16.927913960,30.537266658,44.601721477,6.000000,6.985416667
1837.000000,16.930135598,30.534169316,44.601936819,6.000000,6.980555556
1837.250000,16.932357116,30.531071960,44.602152167,6.000000,6.975694444
1837.500000,16.934578515,30.527974588,44.602367520,6.000000,6.970833333
1837.750000,16.936799795,30.524877201,44.602582878,6.000000,6.965972222
1838.000000,16.939020955,30.521779800,44.602798241,6.000000,6.961111111
1838.250000,16.941241996,30.518682383,44.603013609,6.000000,6.956250000
1838.500000,16.943462917,30.515584952,44.603228983,6.000000,6.951388889
1838.750000,16.945683719,30.512487505,44.603444362,6.000000,6.946527778
1839.000000,16.947904401,30.509390044,44.603659746,6.000000,6.941666667
1839.250000,16.950124964,30.506292567,44.603875135,6.000000,6.936805556
1839.500000,16.952345408,30.503195076,44.604090530,6.000000,6.931944444
1839.750000,16.954565732,30.500097570,44.604305930,6.000000,6.927083333
1840.000000,16.956785936,30.497000049,44.604521335,6.000000,6.922222222
1840.250000,16.959006021,30.493902512,44.604736746,6.000000,6.917361111
1840.500000,16.961225987,30.490804961,44.604952162,6.000000,6.912500000
1840.750000,16.963445833,30.487707395,44.605167583,6.000000,6.907638889
1841.000000,16.965665560,30.484609814,44.605383009,6.000000,6.902777778
1841.250000,16.967885168,30.481512218,44.605598440,6.000000,6.897916667
1841.500000,16.970104656,30.478414607,44.605813877,6.000000,6.893055556
1841.750000,16.972324025,30.475316981,44.606029319,6.000000,6.888194444
1842.000000,16.974543274,30.472219340,44.606244766,6.000000,6.883333333
1842.250000,16.976762404,30.469121684,44.606460219,6.000000,6.878472222
1842.500000,16.978981415,30.466024013,44.606675677,6.000000,6.873611111
1842.750000,16.981200306,30.462926327,44.606891140,6.000000,6.868750000
1843.000000,16.983419078,30.459828627,44.607106608,6.000000,6.863888889
1843.250000,16.985637731,30.456730911,44.607322081,6.000000,6.859027778
1843.500000,16.987856264,30.453633180,44.607537560,6.000000,6.854166667
1843.750000,16.990074678,30.450535435,44.607753044,6.000000,6.849305556
1844.000000,16.992292973,30.447437674,44.607968533,6.000000,6.844444444
1844.250000,16.994511148,30.444339898,44.608184028,6.000000,6.839583333
1844.500000,16.996729204,30.441242108,44.608399528,6.000000,6.834722222
1844.750000,16.998947141,30.438144302,44.608615033,6.000000,6.829861111
1845.000000,17.001164958,30.435046482,44.608830543,6.000000,6.825000000
1845.250000,17.003382656,30.431948646,44.609046059,6.000000,6.820138889
1845.500000,17.005600235,30.428850796,44.609261579,6.000000,6.815277778
1845.750000,17.007817695,30.425752931,44.609477105,6.000000,6.810416667
1846.000000,17.010035035,30.422655050,44.609692637,6.000000,6.805555556
1846.250000,17.012252256,30.419557155,44.609908173,6.000000,6.800694444
1846.500000,17.014469358,30.416459245,44.610123715,6.000000,6.795833333
1846.750000,17.016686340,30.413361319,44.610339262,6.000000,6.790972222
1847.000000,17.018903204,30.410263379,44.610554815,6.000000,6.786111111
1847.250000,17.021119948,30.407165424,44.610770372,6.000000,6.781250000
1847.500000,17.023336573,30.404067454,44.610985935,6.000000,6.776388889
1847.750000,17.025553078,30.400969469,44.611201503,6.000000,6.771527778
1848.000000,17.027769465,30.397871468,44.611417076,6.000000,6.766666667
1848.250000,17.029985732,30.394773453,44.611632655,6.000000,6.761805556
1848.500000,17.032201880,30.391675423,44.611848239,6.000000,6.756944444
1848.750000,17.034417908,30.388577378,44.612063828,6.000000,6.752083333
1849.000000,17.036633818,30.385479318,44.612279422,6.000000,6.747222222
1849.250000,17.038849608,30.382381243,44.612495022,6.000000,6.742361111
1849.500000,17.041065280,30.379283153,44.612710627,6.000000,6.737500000
1849.750000,17.043280832,30.376185049,44.612926237,6.000000,6.732638889
1850.000000,17.045496264,30.373086929,44.613141852,6.000000,6.727777778
1850.250000,17.047711578,30.369988794,44.613357473,6.000000,6.722916667
1850.500000,17.049926773,30.366890644,44.613573099,6.000000,6.718055556
1850.750000,17.052141848,30.363792479,44.613788730,6.000000,6.713194444
1851.000000,17.054356804,30.360694299,44.614004366,6.000000,6.708333333
1851.250000,17.056571641,30.357596105,44.614220008,6.000000,6.703472222
1851.500000,17.058786359,30.354497895,44.614435655,6.000000,6.698611111
1851.750000,17.061000958,30.351399670,44.614651307,6.000000,6.693750000
1852.000000,17.063215438,30.348301431,44.614866965,6.000000,6.688888889
1852.250000,17.065429799,30.345203176,44.615082627,6.000000,6.684027778
1852.500000,17.067644040,30.342104906,44.615298295,6.000000,6.679166667
1852.750000,17.069858162,30.339006622,44.615513968,6.000000,6.674305556
1853.000000,17.072072166,30.335908322,44.615729647,6.000000,6.669444444
1853.250000,17.074286050,30.332810008,44.615945331,6.000000,6.664583333
1853.500000,17.076499815,30.329711678,44.616161020,6.000000,6.659722222
1853.750000,17.078713461,30.326613334,44.616376714,6.000000,6.654861111
1854.000000,17.080926988,30.323514974,44.616592413,6.000000,6.650000000
1854.250000,17.083140396,30.320416600,44.616808118,6.000000,6.645138889
1854.500000,17.085353685,30.317318210,44.617023828,6.000000,6.640277778
1854.750000,17.087566855,30.314219806,44.617239543,6.000000,6.635416667
1855.000000,17.089779906,30.311121386,44.617455264,6.000000,6.630555556
1855.250000,17.091992838,30.308022952,44.617670990,6.000000,6.625694444
1855.500000,17.094205650,30.304924503,44.617886721,6.000000,6.620833333
1855.750000,17.096418344,30.301826038,44.618102457,6.000000,6.615972222
1856.000000,17.098630919,30.298727559,44.618318198,6.000000,6.611111111
1856.250000,17.100843375,30.295629064,44.618533945,6.000000,6.606250000
1856.500000,17.103055711,30.292530555,44.618749697,6.000000,6.601388889
1856.750000,17.105267929,30.289432031,44.618965455,6.000000,6.596527778
1857.000000,17.107480028,30.286333492,44.619181217,6.000000,6.591666667
1857.250000,17.109692008,30.283234937,44.619396985,6.000000,6.586805556
1857.500000,17.111903868,30.280136368,44.619612758,6.000000,6.581944444
1857.750000,17.114115610,30.277037784,44.619828536,6.000000,6.577083333
1858.000000,17.116327233,30.273939185,44.620044320,6.000000,6.572222222
1858.250000,17.118538737,30.270840571,44.620260109,6.000000,6.567361111
1858.500000,17.120750122,30.267741941,44.620475903,6.000000,6.562500000
1858.750000,17.122961388,30.264643297,44.620691702,6.000000,6.557638889
1859.000000,17.125172535,30.261544638,44.620907507,6.000000,6.552777778
1859.250000,17.127383563,30.258445964,44.621123317,6.000000,6.547916667
1859.500000,17.129594472,30.255347275,44.621339132,6.000000,6.543055556
1859.750000,17.131805263,30.252248571,44.621554952,6.000000,6.538194444
1860.000000,17.134015934,30.249149852,44.621770778,6.000000,6.533333333
1860.250000,17.136226487,30.246051118,44.621986609,6.000000,6.528472222
1860.500000,17.138436920,30.242952368,44.622202445,6.000000,6.523611111
1860.750000,17.140647235,30.239853604,44.622418286,6.000000,6.518750000
1861.000000,17.142857431,30.236754825,44.622634133,6.000000,6.513888889
1861.250000,17.145067508,30.233656031,44.622849985,6.000000,6.509027778
1861.500000,17.147277466,30.230557222,44.623065842,6.000000,6.504166667
1861.750000,17.149487305,30.227458398,44.623281704,6.000000,6.499305556
1862.000000,17.151697025,30.224359559,44.623497572,6.000000,6.494444444
1862.250000,17.153906627,30.221260705,44.623713445,6.000000,6.489583333
1862.500000,17.156116109,30.218161836,44.623929323,6.000000,6.484722222
1862.750000,17.158325473,30.215062952,44.624145207,6.000000,6.479861111
1863.000000,17.160534718,30.211964053,44.624361096,6.000000,6.475000000
1863.250000,17.162743844,30.208865139,44.624576990,6.000000,6.470138889
1863.500000,17.164952852,30.205766210,44.624792889,6.000000,6.465277778
1863.750000,17.167161740,30.202667266,44.625008793,6.000000,6.460416667
1864.000000,17.169370510,30.199568308,44.625224703,6.000000,6.455555556
1864.250000,17.171579161,30.196469334,44.625440618,6.000000,6.450694444
1864.500000,17.173787693,30.193370345,44.625656538,6.000000,6.445833333
1864.750000,17.175996106,30.190271341,44.625872464,6.000000,6.440972222
1865.000000,17.178204400,30.187172322,44.626088395,6.000000,6.436111111
1865.250000,17.180412576,30.184073288,44.626304331,6.000000,6.431250000
1865.500000,17.182620633,30.180974239,44.626520272,6.000000,6.426388889
1865.750000,17.184828571,30.177875175,44.626736219,6.000000,6.421527778
1866.000000,17.187036391,30.174776096,44.626952170,6.000000,6.416666667
1866.250000,17.189244092,30.171677002,44.627168127,6.000000,6.411805556
1866.500000,17.191451673,30.168577893,44.627384090,6.000000,6.406944444
1866.750000,17.193659137,30.165478769,44.627600057,6.000000,6.402083333
1867.000000,17.195866481,30.162379631,44.627816030,6.000000,6.397222222
1867.250000,17.198073707,30.159280477,44.628032008,6.000000,6.392361111
1867.500000,17.200280814,30.156181308,44.628247992,6.000000,6.387500000
1867.750000,17.202487802,30.153082124,44.628463980,6.000000,6.382638889
1868.000000,17.204694672,30.149982925,44.628679974,6.000000,6.377777778
1868.250000,17.206901423,30.146883711,44.628895973,6.000000,6.372916667
1868.500000,17.209108055,30.143784482,44.629111978,6.000000,6.368055556
1868.750000,17.211314569,30.140685238,44.629327988,6.000000,6.363194444
1869.000000,17.213520963,30.137585979,44.629544002,6.000000,6.358333333
1869.250000,17.215727240,30.134486706,44.629760023,6.000000,6.353472222
1869.500000,17.217933397,30.131387417,44.629976048,6.000000,6.348611111
1869.750000,17.220139436,30.128288113,44.630192079,6.000000,6.343750000
1870.000000,17.222345356,30.125188794,44.630408115,6.000000,6.338888889
1870.250000,17.224551158,30.122089460,44.630624156,6.000000,6.334027778
1870.500000,17.226756841,30.118990111,44.630840202,6.000000,6.329166667
1870.750000,17.228962405,30.115890747,44.631056254,6.000000,6.324305556
1871.000000,17.231167851,30.112791368,44.631272311,6.000000,6.319444444
1871.250000,17.233373178,30.109691974,44.631488373,6.000000,6.314583333
1871.500000,17.235578386,30.106592565,44.631704441,6.000000,6.309722222
1871.750000,17.237783476,30.103493142,44.631920514,6.000000,6.304861111
1872.000000,17.239988447,30.100393703,44.632136592,6.000000,6.300000000
1872.250000,17.242193300,30.097294249,44.632352675,6.000000,6.295138889
1872.500000,17.244398034,30.094194780,44.632568764,6.000000,6.290277778
1872.750000,17.246602649,30.091095296,44.632784858,6.000000,6.285416667
1873.000000,17.248807146,30.087995797,44.633000957,6.000000,6.280555556
1873.250000,17.251011524,30.084896283,44.633217061,6.000000,6.275694444
1873.500000,17.253215784,30.081796754,44.633433171,6.000000,6.270833333
1873.750000,17.255419925,30.078697210,44.633649285,6.000000,6.265972222
1874.000000,17.257623947,30.075597651,44.633865406,6.000000,6.261111111
1874.250000,17.259827852,30.072498077,44.634081531,6.000000,6.256250000
1874.500000,17.262031637,30.069398488,44.634297662,6.000000,6.251388889
1874.750000,17.264235304,30.066298884,44.634513797,6.000000,6.246527778
1875.000000,17.266438852,30.063199265,44.634729939,6.000000,6.241666667
1875.250000,17.268642282,30.060099631,44.634946085,6.000000,6.236805556
1875.500000,17.270845594,30.056999982,44.635162237,6.000000,6.231944444
1875.750000,17.273048787,30.053900318,44.635378394,6.000000,6.227083333
1876.000000,17.275251861,30.050800639,44.635594556,6.000000,6.222222222
1876.250000,17.277454817,30.047700945,44.635810723,6.000000,6.217361111
1876.500000,17.279657654,30.044601236,44.636026896,6.000000,6.212500000
1876.750000,17.281860373,30.041501512,44.636243074,6.000000,6.207638889
1877.000000,17.284062974,30.038401772,44.636459257,6.000000,6.202777778
1877.250000,17.286265456,30.035302018,44.636675446,6.000000,6.197916667
1877.500000,17.288467819,30.032202249,44.636891639,6.000000,6.193055556
1877.750000,17.290670064,30.029102465,44.637107839,6.000000,6.188194444
1878.000000,17.292872191,30.026002666,44.637324043,6.000000,6.183333333
1878.250000,17.295074199,30.022902852,44.637540252,6.000000,6.178472222
1878.500000,17.297276089,30.019803023,44.637756467,6.000000,6.173611111
1878.750000,17.299477860,30.016703178,44.637972687,6.000000,6.168750000
1879.000000,17.301679513,30.013603319,44.638188913,6.000000,6.163888889
1879.250000,17.303881047,30.010503445,44.638405143,6.000000,6.159027778
1879.500000,17.306082464,30.007403556,44.638621379,6.000000,6.154166667
1879.750000,17.308283761,30.004303651,44.638837620,6.000000,6.149305556
1880.000000,17.310484940,30.001203732,44.639053866,6.000000,6.144444444
1880.250000,17.312686001,29.998103798,44.639401820,6.000000,6.139583333
1880.500000,17.314886944,29.995003839,44.639833391,6.000000,6.134722222
1880.750000,17.317087770,29.991903851,44.640264977,6.000000,6.129861111
1881.000000,17.319288478,29.988803833,44.640696576,6.000000,6.125000000
1881.250000,17.321489068,29.985703784,44.641128189,6.000000,6.120138889
1881.500000,17.323689541,29.982603706,44.641559817,6.000000,6.115277778
1881.750000,17.325889896,29.979503598,44.641991458,6.000000,6.110416667
1882.000000,17.328090134,29.976403459,44.642423114,6.000000,6.105555556
1882.250000,17.330290254,29.973303291,44.642854783,6.000000,6.100694444
1882.500000,17.332490257,29.970203093,44.643286467,6.000000,6.095833333
1882.750000,17.334690142,29.967102865,44.643718165,6.000000,6.090972222
1883.000000,17.336889910,29.964002606,44.644149876,6.000000,6.086111111
1883.250000,17.339089561,29.960902318,44.644581602,6.000000,6.081250000
1883.500000,17.341289094,29.957802000,44.645013342,6.000000,6.076388889
1883.750000,17.343488509,29.954701652,44.645445095,6.000000,6.071527778
1884.000000,17.345687807,29.951601274,44.645876863,6.000000,6.066666667
1884.250000,17.347886987,29.948500866,44.646308645,6.000000,6.061805556
1884.500000,17.350086051,29.945400427,44.646740441,6.000000,6.056944444
1884.750000,17.352284996,29.942299959,44.647172251,6.000000,6.052083333
1885.000000,17.354483824,29.939199461,44.647604075,6.000000,6.047222222
1885.250000,17.356682535,29.936098933,44.648035913,6.000000,6.042361111
1885.500000,17.358881129,29.932998375,44.648467765,6.000000,6.037500000
1885.750000,17.361079604,29.929897787,44.648899631,6.000000,6.032638889
1886.000000,17.363277963,29.926797169,44.649331511,6.000000,6.027777778
1886.250000,17.365476204,29.923696521,44.649763405,6.000000,6.022916667
1886.500000,17.367674328,29.920595843,44.650195313,6.000000,6.018055556
1886.750000,17.369872334,29.917495135,44.650627235,6.000000,6.013194444
1887.000000,17.372070223,29.914394397,44.651059172,6.000000,6.008333333
1887.250000,17.374267995,29.911293629,44.651491122,6.000000,6.003472222
1887.500000,17.376465649,29.908192831,44.651923086,6.000000,5.998611111
1887.750000,17.378663186,29.905092003,44.652355065,6.000000,5.993750000
1888.000000,17.380860605,29.901991145,44.652787057,6.000000,5.988888889
1888.250000,17.383057907,29.898890257,44.653219064,6.000000,5.984027778
1888.500000,17.385255092,29.895789339,44.653651084,6.000000,5.979166667
1888.750000,17.387452159,29.892688391,44.654083119,6.000000,5.974305556
1889.000000,17.389649109,29.889587413,44.654515167,6.000000,5.969444444
1889.250000,17.391845942,29.886486405,44.654947230,6.000000,5.964583333
1889.500000,17.394042658,29.883385367,44.655379307,6.000000,5.959722222
1889.750000,17.396239256,29.880284299,44.655811397,6.000000,5.954861111
1890.000000,17.398435736,29.877183201,44.656243502,6.000000,5.950000000
1890.250000,17.400632100,29.874082073,44.656675621,6.000000,5.945138889
1890.500000,17.402828346,29.870980915,44.657107754,6.000000,5.940277778
1890.750000,17.405024475,29.867879727,44.657539901,6.000000,5.935416667
1891.000000,17.407220487,29.864778509,44.657972062,6.000000,5.930555556
1891.250000,17.409416381,29.861677261,44.658404237,6.000000,5.925694444
1891.500000,17.411612158,29.858575983,44.658836426,6.000000,5.920833333
1891.750000,17.413807818,29.855474675,44.659268630,6.000000,5.915972222
1892.000000,17.416003360,29.852373337,44.659700847,6.000000,5.911111111
1892.250000,17.418198785,29.849271969,44.660133078,6.000000,5.906250000
1892.500000,17.420394093,29.846170570,44.660565324,6.000000,5.901388889
1892.750000,17.422589284,29.843069142,44.660997583,6.000000,5.896527778
1893.000000,17.424784358,29.839967684,44.661429857,6.000000,5.891666667
1893.250000,17.426979314,29.836866196,44.661862144,6.000000,5.886805556
1893.500000,17.429174153,29.833764678,44.662294446,6.000000,5.881944444
1893.750000,17.431368875,29.830663129,44.662726762,6.000000,5.877083333
1894.000000,17.433563480,29.827561551,44.663159091,6.000000,5.872222222
1894.250000,17.435757967,29.824459943,44.663591435,6.000000,5.867361111
1894.500000,17.437952337,29.821358305,44.664023793,6.000000,5.862500000
1894.750000,17.440146590,29.818256636,44.664456165,6.000000,5.857638889
1895.000000,17.442340726,29.815154938,44.664888551,6.000000,5.852777778
1895.250000,17.444534745,29.812053210,44.665320951,6.000000,5.847916667
1895.500000,17.446728646,29.808951451,44.665753365,6.000000,5.843055556
1895.750000,17.448922431,29.805849663,44.666185793,6.000000,5.838194444
1896.000000,17.451116098,29.802747844,44.666618236,6.000000,5.833333333
1896.250000,17.453309648,29.799645996,44.667050692,6.000000,5.828472222
1896.500000,17.455503081,29.796544117,44.667483162,6.000000,5.823611111
1896.750000,17.457696396,29.793442209,44.667915647,6.000000,5.818750000
1897.000000,17.459889595,29.790340270,44.668348145,6.000000,5.813888889
1897.250000,17.462082676,29.787238302,44.668780658,6.000000,5.809027778
1897.500000,17.464275641,29.784136303,44.669213185,6.000000,5.804166667
1897.750000,17.466468488,29.781034274,44.669645725,6.000000,5.799305556
1898.000000,17.468661218,29.777932215,44.670078280,6.000000,5.794444444
1898.250000,17.470853831,29.774830127,44.670510849,6.000000,5.789583333
1898.500000,17.473046327,29.771728008,44.670943432,6.000000,5.784722222
1898.750000,17.475238705,29.768625859,44.671376029,6.000000,5.779861111
1899.000000,17.477430967,29.765523680,44.671808640,6.000000,5.775000000
1899.250000,17.479623112,29.762421471,44.672241266,6.000000,5.770138889
1899.500000,17.481815139,29.759319232,44.672673905,6.000000,5.765277778
1899.750000,17.484007050,29.756216963,44.673106558,6.000000,5.760416667
1900.000000,17.486198843,29.753114664,44.673539226,6.000000,5.755555556
1900.250000,17.488390519,29.750012335,44.673971907,6.000000,5.750694444
1900.500000,17.490582078,29.746909976,44.674404603,6.000000,5.745833333
1900.750000,17.492773521,29.743807587,44.674837312,6.000000,5.740972222
1901.000000,17.494964846,29.740705167,44.675270036,6.000000,5.736111111
1901.250000,17.497156054,29.737602718,44.675702774,6.000000,5.731250000
1901.500000,17.499347145,29.734500239,44.676135526,6.000000,5.726388889
1901.750000,17.501538119,29.731397729,44.676568292,6.000000,5.721527778
1902.000000,17.503728976,29.728295190,44.677001072,6.000000,5.716666667
1902.250000,17.505919716,29.725192620,44.677433866,6.000000,5.711805556
1902.500000,17.508110339,29.722090021,44.677866674,6.000000,5.706944444
1902.750000,17.510300845,29.718987391,44.678299497,6.000000,5.702083333
1903.000000,17.512491234,29.715884731,44.678732333,6.000000,5.697222222
1903.250000,17.514681507,29.712782042,44.679165184,6.000000,5.692361111
1903.500000,17.516871662,29.709679322,44.679598048,6.000000,5.687500000
1903.750000,17.519061700,29.706576572,44.680030927,6.000000,5.682638889
1904.000000,17.521251621,29.703473792,44.680463820,6.000000,5.677777778
1904.250000,17.523441425,29.700370982,44.680896727,6.000000,5.672916667
1904.500000,17.525631112,29.697268142,44.681329648,6.000000,5.668055556
1904.750000,17.527820683,29.694165272,44.681762583,6.000000,5.663194444
1905.000000,17.530010136,29.691062372,44.682195532,6.000000,5.658333333
1905.250000,17.532199472,29.687959442,44.682628495,6.000000,5.653472222
1905.500000,17.534388692,29.684856481,44.683061472,6.000000,5.648611111
1905.750000,17.536577794,29.681753491,44.683494464,6.000000,5.643750000
1906.000000,17.538766780,29.678650470,44.683927469,6.000000,5.638888889
1906.250000,17.540955649,29.675547420,44.684360489,6.000000,5.634027778
1906.500000,17.543144401,29.672444339,44.684793523,6.000000,5.629166667
1906.750000,17.545333036,29.669341229,44.685226570,6.000000,5.624305556
1907.000000,17.547521554,29.666238088,44.685659632,6.000000,5.619444444
1907.250000,17.549709955,29.663134917,44.686092708,6.000000,5.614583333
1907.500000,17.551898239,29.660031716,44.686525798,6.000000,5.609722222
1907.750000,17.554086406,29.656928485,44.686958902,6.000000,5.604861111
1908.000000,17.556274457,29.653825224,44.687392021,6.000000,5.600000000
1908.250000,17.558462391,29.650721933,44.687825153,6.000000,5.595138889
1908.500000,17.560650207,29.647618612,44.688258300,6.000000,5.590277778
1908.750000,17.562837907,29.644515261,44.688691460,6.000000,5.585416667
1909.000000,17.565025490,29.641411879,44.689124635,6.000000,5.580555556
1909.250000,17.567212957,29.638308468,44.689557824,6.000000,5.575694444
1909.500000,17.569400306,29.635205026,44.689991027,6.000000,5.570833333
1909.750000,17.571587539,29.632101555,44.690424243,6.000000,5.565972222
1910.000000,17.573774654,29.628998053,44.690857475,6.000000,5.561111111
1910.250000,17.575961653,29.625894521,44.691290720,6.000000,5.556250000
1910.500000,17.578148536,29.622790959,44.691723979,6.000000,5.551388889
1910.750000,17.580335301,29.619687368,44.692157252,6.000000,5.546527778
1911.000000,17.582521950,29.616583745,44.692590540,6.000000,5.541666667
1911.250000,17.584708481,29.613480093,44.693023842,6.000000,5.536805556
1911.500000,17.586894896,29.610376411,44.693457157,6.000000,5.531944444
1911.750000,17.589081195,29.607272699,44.693890487,6.000000,5.527083333
1912.000000,17.591267376,29.604168956,44.694323831,6.000000,5.522222222
1912.250000,17.593453441,29.601065184,44.694757189,6.000000,5.517361111
1912.500000,17.595639389,29.597961381,44.695190561,6.000000,5.512500000
1912.750000,17.597825220,29.594857549,44.695623948,6.000000,5.507638889
1913.000000,17.600010934,29.591753686,44.696057348,6.000000,5.502777778
1913.250000,17.602196532,29.588649793,44.696490763,6.000000,5.497916667
1913.500000,17.604382013,29.585545870,44.696924191,6.000000,5.493055556
1913.750000,17.606567377,29.582441917,44.697357634,6.000000,5.488194444
1914.000000,17.608752625,29.579337934,44.697791091,6.000000,5.483333333
1914.250000,17.610937755,29.576233921,44.698224562,6.000000,5.478472222
1914.500000,17.613122770,29.573129877,44.698658047,6.000000,5.473611111
1914.750000,17.615307667,29.570025804,44.699091546,6.000000,5.468750000
1915.000000,17.617492448,29.566921700,44.699525059,6.000000,5.463888889
1915.250000,17.619677112,29.563817566,44.699958587,6.000000,5.459027778
1915.500000,17.621861659,29.560713403,44.700392128,6.000000,5.454166667
1915.750000,17.624046090,29.557609209,44.700825684,6.000000,5.449305556
1916.000000,17.626230404,29.554504985,44.701259254,6.000000,5.444444444
1916.250000,17.628414601,29.551400731,44.701692838,6.000000,5.439583333
1916.500000,17.630598681,29.548296446,44.702126436,6.000000,5.434722222
1916.750000,17.632782645,29.545192132,44.702560048,6.000000,5.429861111
1917.000000,17.634966493,29.542087788,44.702993674,6.000000,5.425000000
1917.250000,17.637150223,29.538983413,44.703427315,6.000000,5.420138889
1917.500000,17.639333838,29.535879008,44.703860969,6.000000,5.415277778
1917.750000,17.641517335,29.532774574,44.704294638,6.000000,5.410416667
1918.000000,17.643700716,29.529670109,44.704728321,6.000000,5.405555556
1918.250000,17.645883980,29.526565614,44.705162017,6.000000,5.400694444
1918.500000,17.648067128,29.523461089,44.705595729,6.000000,5.395833333
1918.750000,17.650250158,29.520356533,44.706029454,6.000000,5.390972222
1919.000000,17.652433073,29.517251948,44.706463193,6.000000,5.386111111
1919.250000,17.654615871,29.514147332,44.706896946,6.000000,5.381250000
1919.500000,17.656798552,29.511042687,44.707330714,6.000000,5.376388889
1919.750000,17.658981116,29.507938011,44.707764496,6.000000,5.371527778
1920.000000,17.661163564,29.504833305,44.708198291,6.000000,5.366666667
1920.250000,17.663345896,29.501728569,44.708632101,6.000000,5.361805556
1920.500000,17.665528111,29.498623803,44.709065925,6.000000,5.356944444
1920.750000,17.667710209,29.495519007,44.709499764,6.000000,5.352083333
1921.000000,17.669892191,29.492414180,44.709933616,6.000000,5.347222222
1921.250000,17.672074056,29.489309324,44.710367482,6.000000,5.342361111
1921.500000,17.674255805,29.486204437,44.710801363,6.000000,5.337500000
1921.750000,17.676437437,29.483099521,44.711235258,6.000000,5.332638889
1922.000000,17.678618953,29.479994574,44.711669167,6.000000,5.327777778
1922.250000,17.680800352,29.476889597,44.712103090,6.000000,5.322916667
1922.500000,17.682981635,29.473784589,44.712537027,6.000000,5.318055556
1922.750000,17.685162801,29.470679552,44.712970978,6.000000,5.313194444
1923.000000,17.687343850,29.467574485,44.713404943,6.000000,5.308333333
1923.250000,17.689524784,29.464469387,44.713838923,6.000000,5.303472222
1923.500000,17.691705600,29.461364259,44.714272917,6.000000,5.298611111
1923.750000,17.693886300,29.458259102,44.714706925,6.000000,5.293750000
1924.000000,17.696066884,29.455153914,44.715140947,6.000000,5.288888889
1924.250000,17.698247351,29.452048696,44.715574983,6.000000,5.284027778
1924.500000,17.700427702,29.448943447,44.716009033,6.000000,5.279166667
1924.750000,17.702607936,29.445838169,44.716443097,6.000000,5.274305556
1925.000000,17.704788054,29.442732860,44.716877176,6.000000,5.269444444
1925.250000,17.706968055,29.439627522,44.717311269,6.000000,5.264583333
1925.500000,17.709147940,29.436522153,44.717745376,6.000000,5.259722222
1925.750000,17.711327709,29.433416754,44.718179497,6.000000,5.254861111
1926.000000,17.713507361,29.430311325,44.718613632,6.000000,5.250000000
1926.250000,17.715686897,29.427205865,44.719047781,6.000000,5.245138889
1926.500000,17.717866316,29.424100376,44.719481944,6.000000,5.240277778
1926.750000,17.720045619,29.420994856,44.719916122,6.000000,5.235416667
1927.000000,17.722224805,29.417889307,44.720350314,6.000000,5.230555556
1927.250000,17.724403875,29.414783727,44.720784520,6.000000,5.225694444
1927.500000,17.726582829,29.411678117,44.721218740,6.000000,5.220833333
1927.750000,17.728761666,29.408572477,44.721652974,6.000000,5.215972222
1928.000000,17.730940387,29.405466806,44.722087222,6.000000,5.211111111
1928.250000,17.733118992,29.402361106,44.722521485,6.000000,5.206250000
1928.500000,17.735297480,29.399255375,44.722955761,6.000000,5.201388889
1928.750000,17.737475852,29.396149614,44.723390052,6.000000,5.196527778
1929.000000,17.739654107,29.393043823,44.723824357,6.000000,5.191666667
1929.250000,17.741832246,29.389938002,44.724258676,6.000000,5.186805556
1929.500000,17.744010269,29.386832151,44.724693009,6.000000,5.181944444
1929.750000,17.746188175,29.383726269,44.725127357,6.000000,5.177083333
1930.000000,17.748365965,29.380620358,44.725561718,6.000000,5.172222222
1930.250000,17.750543639,29.377514416,44.725996094,6.000000,5.167361111
1930.500000,17.752721197,29.374408444,44.726430484,6.000000,5.162500000
1930.750000,17.754898638,29.371302442,44.726864888,6.000000,5.157638889
1931.000000,17.757075963,29.368196410,44.727299306,6.000000,5.152777778
1931.250000,17.759253171,29.365090347,44.727733739,6.000000,5.147916667
1931.500000,17.761430263,29.361984255,44.728168185,6.000000,5.143055556
1931.750000,17.763607239,29.358878132,44.728602646,6.000000,5.138194444
1932.000000,17.765784099,29.355771979,44.729037121,6.000000,5.133333333
1932.250000,17.767960842,29.352665796,44.729471610,6.000000,5.128472222
1932.500000,17.770137470,29.349559582,44.729906113,6.000000,5.123611111
1932.750000,17.772313980,29.346453339,44.730340630,6.000000,5.118750000
1933.000000,17.774490375,29.343347065,44.730775162,6.000000,5.113888889
1933.250000,17.776666653,29.340240761,44.731209707,6.000000,5.109027778
1933.500000,17.778842816,29.337134427,44.731644267,6.000000,5.104166667
1933.750000,17.781018861,29.334028063,44.732078841,6.000000,5.099305556
1934.000000,17.783194791,29.330921669,44.732513430,6.000000,5.094444444
1934.250000,17.785370605,29.327815244,44.732948032,6.000000,5.089583333
1934.500000,17.787546302,29.324708790,44.733382648,6.000000,5.084722222
1934.750000,17.789721883,29.321602305,44.733817279,6.000000,5.079861111
1935.000000,17.791897348,29.318495790,44.734251924,6.000000,5.075000000
1935.250000,17.794072696,29.315389244,44.734686583,6.000000,5.070138889
1935.500000,17.796247929,29.312282669,44.735121256,6.000000,5.065277778
1935.750000,17.798423045,29.309176063,44.735555944,6.000000,5.060416667
1936.000000,17.800598045,29.306069427,44.735990645,6.000000,5.055555556
1936.250000,17.802772929,29.302962761,44.736425361,6.000000,5.050694444
1936.500000,17.804947696,29.299856065,44.736860091,6.000000,5.045833333
1936.750000,17.807122348,29.296749339,44.737294835,6.000000,5.040972222
1937.000000,17.809296883,29.293642582,44.737729593,6.000000,5.036111111
1937.250000,17.811471302,29.290535795,44.738164365,6.000000,5.031250000
1937.500000,17.813645605,29.287428978,44.738599152,6.000000,5.026388889
1937.750000,17.815819792,29.284322131,44.739033953,6.000000,5.021527778
1938.000000,17.817993863,29.281215254,44.739468768,6.000000,5.016666667
1938.250000,17.820167818,29.278108346,44.739903597,6.000000,5.011805556
1938.500000,17.822341656,29.275001409,44.740338440,6.000000,5.006944444
1938.750000,17.824515379,29.271894441,44.740773298,6.000000,5.002083333
1939.000000,17.826688985,29.268787442,44.741208169,6.000000,4.997222222
1939.250000,17.828862475,29.265680414,44.741643055,6.000000,4.992361111
1939.500000,17.831035849,29.262573356,44.742077955,6.000000,4.987500000
1939.750000,17.833209107,29.259466267,44.742512870,6.000000,4.982638889
1940.000000,17.835382249,29.256359148,44.742947798,6.000000,4.977777778
1940.250000,17.837555275,29.253251999,44.743382741,6.000000,4.972916667
1940.500000,17.839728185,29.250144819,44.743817697,6.000000,4.968055556
1940.750000,17.841900979,29.247037610,44.744252668,6.000000,4.963194444
1941.000000,17.844073656,29.243930370,44.744687654,6.000000,4.958333333
1941.250000,17.846246218,29.240823100,44.745122653,6.000000,4.953472222
1941.500000,17.848418663,29.237715800,44.745557666,6.000000,4.948611111
1941.750000,17.850590993,29.234608470,44.745992694,6.000000,4.943750000
1942.000000,17.852763206,29.231501109,44.746427736,6.000000,4.938888889
1942.250000,17.854935304,29.228393718,44.746862792,6.000000,4.934027778
1942.500000,17.857107285,29.225286297,44.747297862,6.000000,4.929166667
1942.750000,17.859279151,29.222178846,44.747732947,6.000000,4.924305556
1943.000000,17.861450900,29.219071364,44.748168046,6.000000,4.919444444
1943.250000,17.863622533,29.215963853,44.748603158,6.000000,4.914583333
1943.500000,17.865794051,29.212856311,44.749038285,6.000000,4.909722222
1943.750000,17.867965452,29.209748739,44.749473427,6.000000,4.904861111
1944.000000,17.870136737,29.206641136,44.749908582,6.000000,4.900000000
1944.250000,17.872307907,29.203533504,44.750343752,6.000000,4.895138889
1944.500000,17.874478960,29.200425841,44.750778936,6.000000,4.890277778
1944.750000,17.876649898,29.197318148,44.751214134,6.000000,4.885416667
1945.000000,17.878820719,29.194210425,44.751649346,6.000000,4.880555556
1945.250000,17.880991425,29.191102671,44.752084572,6.000000,4.875694444
1945.500000,17.883162014,29.187994888,44.752519813,6.000000,4.870833333
1945.750000,17.885332488,29.184887074,44.752955068,6.000000,4.865972222
1946.000000,17.887502846,29.181779230,44.753390337,6.000000,4.861111111
1946.250000,17.889673088,29.178671356,44.753825620,6.000000,4.856250000
1946.500000,17.891843213,29.175563451,44.754260917,6.000000,4.851388889
1946.750000,17.894013223,29.172455516,44.754696229,6.000000,4.846527778
1947.000000,17.896183117,29.169347551,44.755131555,6.000000,4.841666667
1947.250000,17.898352896,29.166239556,44.755566895,6.000000,4.836805556
1947.500000,17.900522558,29.163131530,44.756002249,6.000000,4.831944444
1947.750000,17.902692104,29.160023475,44.756437618,6.000000,4.827083333
1948.000000,17.904861534,29.156915389,44.756873000,6.000000,4.822222222
1948.250000,17.907030849,29.153807273,44.757308397,6.000000,4.817361111
1948.500000,17.909200048,29.150699126,44.757743808,6.000000,4.812500000
1948.750000,17.911369130,29.147590950,44.758179233,6.000000,4.807638889
1949.000000,17.913538097,29.144482743,44.758614673,6.000000,4.802777778
1949.250000,17.915706948,29.141374506,44.759050127,6.000000,4.797916667
1949.500000,17.917875684,29.138266238,44.759485595,6.000000,4.793055556
1949.750000,17.920044303,29.135157941,44.759921077,6.000000,4.788194444
1950.000000,17.922212807,29.132049613,44.760356573,6.000000,4.783333333
1950.250000,17.924381194,29.128941255,44.760792083,6.000000,4.778472222
1950.500000,17.926549466,29.125832866,44.761227608,6.000000,4.773611111
1950.750000,17.928717622,29.122724448,44.761663147,6.000000,4.768750000
1951.000000,17.930885662,29.119615999,44.762098700,6.000000,4.763888889
1951.250000,17.933053587,29.116507520,44.762534268,6.000000,4.759027778
1951.500000,17.935221395,29.113399010,44.762969849,6.000000,4.754166667
1951.750000,17.937389088,29.110290471,44.763405445,6.000000,4.749305556
1952.000000,17.939556665,29.107181901,44.763841055,6.000000,4.744444444
1952.250000,17.941724126,29.104073301,44.764276679,6.000000,4.739583333
1952.500000,17.943891472,29.100964671,44.764712318,6.000000,4.734722222
1952.750000,17.946058702,29.097856010,44.765147970,6.000000,4.729861111
1953.000000,17.948225816,29.094747319,44.765583637,6.000000,4.725000000
1953.250000,17.950392814,29.091638598,44.766019318,6.000000,4.720138889
1953.500000,17.952559696,29.088529847,44.766455014,6.000000,4.715277778
1953.750000,17.954726463,29.085421065,44.766890723,6.000000,4.710416667
1954.000000,17.956893114,29.082312253,44.767326447,6.000000,4.705555556
1954.250000,17.959059649,29.079203411,44.767762185,6.000000,4.700694444
1954.500000,17.961226068,29.076094539,44.768197937,6.000000,4.695833333
1954.750000,17.963392372,29.072985636,44.768633704,6.000000,4.690972222
1955.000000,17.965558560,29.069876703,44.769069484,6.000000,4.686111111
1955.250000,17.967724632,29.066767740,44.769505279,6.000000,4.681250000
1955.500000,17.969890589,29.063658747,44.769941088,6.000000,4.676388889
1955.750000,17.972056430,29.060549723,44.770376912,6.000000,4.671527778
1956.000000,17.974222155,29.057440669,44.770812749,6.000000,4.666666667
1956.250000,17.976387764,29.054331585,44.771248601,6.000000,4.661805556
1956.500000,17.978553258,29.051222470,44.771684467,6.000000,4.656944444
1956.750000,17.980718636,29.048113326,44.772120347,6.000000,4.652083333
1957.000000,17.982883899,29.045004151,44.772556242,6.000000,4.647222222
1957.250000,17.985049045,29.041894945,44.772992151,6.000000,4.642361111
1957.500000,17.987214076,29.038785710,44.773428074,6.000000,4.637500000
1957.750000,17.989378992,29.035676444,44.773864011,6.000000,4.632638889
1958.000000,17.991543792,29.032567148,44.774299962,6.000000,4.627777778
1958.250000,17.993708476,29.029457821,44.774735928,6.000000,4.622916667
1958.500000,17.995873044,29.026348465,44.775171908,6.000000,4.618055556
1958.750000,17.998037497,29.023239078,44.775607902,6.000000,4.613194444
1959.000000,18.000201835,29.020129661,44.776043910,6.000000,4.608333333
1959.250000,18.002366056,29.017020213,44.776479933,6.000000,4.603472222
1959.500000,18.004530162,29.013910735,44.776915970,6.000000,4.598611111
1959.750000,18.006694153,29.010801227,44.777352021,6.000000,4.593750000
1960.000000,18.008858028,29.007691689,44.777788086,6.000000,4.588888889
1960.250000,18.011021787,29.004582120,44.778224165,6.000000,4.584027778
1960.500000,18.013185431,29.001472521,44.778660259,6.000000,4.579166667
1960.750000,18.015348959,28.998362892,44.779096367,6.000000,4.574305556
1961.000000,18.017512371,28.995253233,44.779532489,6.000000,4.569444444
1961.250000,18.019675668,28.992143543,44.779968626,6.000000,4.564583333
1961.500000,18.021838850,28.989033823,44.780404777,6.000000,4.559722222
1961.750000,18.024001916,28.985924073,44.780840942,6.000000,4.554861111
1962.000000,18.026164866,28.982814292,44.781277121,6.000000,4.550000000
1962.250000,18.028327701,28.979704481,44.781713314,6.000000,4.545138889
1962.500000,18.030490420,28.976594640,44.782149522,6.000000,4.540277778
1962.750000,18.032653024,28.973484768,44.782585744,6.000000,4.535416667
1963.000000,18.034815512,28.970374867,44.783021980,6.000000,4.530555556
1963.250000,18.036977884,28.967264935,44.783458230,6.000000,4.525694444
1963.500000,18.039140141,28.964154972,44.783894495,6.000000,4.520833333
1963.750000,18.041302283,28.961044979,44.784330774,6.000000,4.515972222
1964.000000,18.043464309,28.957934957,44.784767067,6.000000,4.511111111
1964.250000,18.045626220,28.954824903,44.785203375,6.000000,4.506250000
1964.500000,18.047788015,28.951714820,44.785639696,6.000000,4.501388889
1964.750000,18.049949695,28.948604706,44.786076032,6.000000,4.496527778
1965.000000,18.052111259,28.945494562,44.786512382,6.000000,4.491666667
1965.250000,18.054272708,28.942384387,44.786948747,6.000000,4.486805556
1965.500000,18.056434041,28.939274182,44.787385126,6.000000,4.481944444
1965.750000,18.058595259,28.936163947,44.787821518,6.000000,4.477083333
1966.000000,18.060756361,28.933053682,44.788257926,6.000000,4.472222222
1966.250000,18.062917348,28.929943386,44.788694347,6.000000,4.467361111
1966.500000,18.065078219,28.926833060,44.789130783,6.000000,4.462500000
1966.750000,18.067238975,28.923722704,44.789567233,6.000000,4.457638889
1967.000000,18.069399616,28.920612317,44.790003697,6.000000,4.452777778
1967.250000,18.071560141,28.917501900,44.790440175,6.000000,4.447916667
1967.500000,18.073720551,28.914391453,44.790876668,6.000000,4.443055556
1967.750000,18.075880845,28.911280976,44.791313175,6.000000,4.438194444
1968.000000,18.078041024,28.908170468,44.791749696,6.000000,4.433333333
1968.250000,18.080201088,28.905059930,44.792186232,6.000000,4.428472222
1968.500000,18.082361036,28.901949361,44.792622782,6.000000,4.423611111
1968.750000,18.084520869,28.898838762,44.793059346,6.000000,4.418750000
1969.000000,18.086680586,28.895728133,44.793495924,6.000000,4.413888889
1969.250000,18.088840188,28.892617474,44.793932516,6.000000,4.409027778
1969.500000,18.090999675,28.889506784,44.794369123,6.000000,4.404166667
1969.750000,18.093159046,28.886396064,44.794805744,6.000000,4.399305556
1970.000000,18.095318302,28.883285314,44.795242380,6.000000,4.394444444
1970.250000,18.097477442,28.880174533,44.795679029,6.000000,4.389583333
1970.500000,18.099636468,28.877063722,44.796115693,6.000000,4.384722222
1970.750000,18.101795378,28.873952880,44.796552371,6.000000,4.379861111
1971.000000,18.103954172,28.870842009,44.796989064,6.000000,4.375000000
1971.250000,18.106112851,28.867731107,44.797425770,6.000000,4.370138889
1971.500000,18.108271415,28.864620174,44.797862491,6.000000,4.365277778
1971.750000,18.110429864,28.861509212,44.798299226,6.000000,4.360416667
1972.000000,18.112588197,28.858398219,44.798735976,6.000000,4.355555556
1972.250000,18.114746415,28.855287195,44.799172740,6.000000,4.350694444
1972.500000,18.116904518,28.852176142,44.799609518,6.000000,4.345833333
1972.750000,18.119062505,28.849065058,44.800046310,6.000000,4.340972222
1973.000000,18.121220377,28.845953943,44.800483116,6.000000,4.336111111
1973.250000,18.123378134,28.842842799,44.800919937,6.000000,4.331250000
1973.500000,18.125535776,28.839731624,44.801356772,6.000000,4.326388889
1973.750000,18.127693302,28.836620418,44.801793622,6.000000,4.321527778
1974.000000,18.129850713,28.833509183,44.802230485,6.000000,4.316666667
1974.250000,18.132008009,28.830397917,44.802667363,6.000000,4.311805556
1974.500000,18.134165190,28.827286620,44.803104255,6.000000,4.306944444
1974.750000,18.136322255,28.824175294,44.803541162,6.000000,4.302083333
1975.000000,18.138479205,28.821063937,44.803978083,6.000000,4.297222222
1975.250000,18.140636040,28.817952549,44.804415018,6.000000,4.292361111
1975.500000,18.142792760,28.814841132,44.804851967,6.000000,4.287500000
1975.750000,18.144949364,28.811729683,44.805288931,6.000000,4.282638889
1976.000000,18.147105853,28.808618205,44.805725908,6.000000,4.277777778
1976.250000,18.149262227,28.805506696,44.806162901,6.000000,4.272916667
1976.500000,18.151418486,28.802395157,44.806599907,6.000000,4.268055556
1976.750000,18.153574630,28.799283588,44.807036928,6.000000,4.263194444
1977.000000,18.155730658,28.796171988,44.807473963,6.000000,4.258333333
1977.250000,18.157886571,28.793060358,44.807911012,6.000000,4.253472222
1977.500000,18.160042370,28.789948697,44.808348076,6.000000,4.248611111
1977.750000,18.162198052,28.786837007,44.808785153,6.000000,4.243750000
1978.000000,18.164353620,28.783725285,44.809222246,6.000000,4.238888889
1978.250000,18.166509073,28.780613534,44.809659352,6.000000,4.234027778
1978.500000,18.168664410,28.777501752,44.810096473,6.000000,4.229166667
1978.750000,18.170819633,28.774389940,44.810533608,6.000000,4.224305556
1979.000000,18.172974740,28.771278097,44.810970757,6.000000,4.219444444
1979.250000,18.175129732,28.768166224,44.811407921,6.000000,4.214583333
1979.500000,18.177284609,28.765054321,44.811845098,6.000000,4.209722222
1979.750000,18.179439371,28.761942387,44.812282291,6.000000,4.204861111
1980.000000,18.181594017,28.758830423,44.812719497,6.000000,4.200000000
1980.250000,18.183748549,28.755718429,44.813156718,6.000000,4.195138889
1980.500000,18.185902965,28.752606404,44.813593953,6.000000,4.190277778
1980.750000,18.188057267,28.749494349,44.814031202,6.000000,4.185416667
1981.000000,18.190211453,28.746382263,44.814468466,6.000000,4.180555556
1981.250000,18.192365524,28.743270147,44.814905744,6.000000,4.175694444
1981.500000,18.194519480,28.740158001,44.815343036,6.000000,4.170833333
1981.750000,18.196673321,28.737045825,44.815780342,6.000000,4.165972222
1982.000000,18.198827047,28.733933618,44.816217663,6.000000,4.161111111
1982.250000,18.200980658,28.730821380,44.816654998,6.000000,4.156250000
1982.500000,18.203134154,28.727709113,44.817092348,6.000000,4.151388889
1982.750000,18.205287535,28.724596814,44.817529711,6.000000,4.146527778
1983.000000,18.207440801,28.721484486,44.817967089,6.000000,4.141666667
1983.250000,18.209593952,28.718372127,44.818404482,6.000000,4.136805556
1983.500000,18.211746987,28.715259738,44.818841888,6.000000,4.131944444
1983.750000,18.213899908,28.712147318,44.819279309,6.000000,4.127083333
1984.000000,18.216052714,28.709034868,44.819716744,6.000000,4.122222222
1984.250000,18.218205405,28.705922388,44.820154194,6.000000,4.117361111
1984.500000,18.220357980,28.702809877,44.820591658,6.000000,4.112500000
1984.750000,18.222510441,28.699697336,44.821029136,6.000000,4.107638889
1985.000000,18.224662787,28.696584765,44.821466628,6.000000,4.102777778
1985.250000,18.226815017,28.693472163,44.821904135,6.000000,4.097916667
1985.500000,18.228967133,28.690359531,44.822341656,6.000000,4.093055556
1985.750000,18.231119134,28.687246868,44.822779191,6.000000,4.088194444
1986.000000,18.233271020,28.684134175,44.823216741,6.000000,4.083333333
1986.250000,18.235422791,28.681021452,44.823654305,6.000000,4.078472222
1986.500000,18.237574446,28.677908698,44.824091883,6.000000,4.073611111
1986.750000,18.239725987,28.674795914,44.824529476,6.000000,4.068750000
1987.000000,18.241877413,28.671683099,44.824967083,6.000000,4.063888889
1987.250000,18.244028724,28.668570254,44.825404704,6.000000,4.059027778
1987.500000,18.246179921,28.665457379,44.825842339,6.000000,4.054166667
1987.750000,18.248331002,28.662344473,44.826279989,6.000000,4.049305556
1988.000000,18.250481968,28.659231537,44.826717653,6.000000,4.044444444
1988.250000,18.252632819,28.656118571,44.827155332,6.000000,4.039583333
1988.500000,18.254783556,28.653005574,44.827593024,6.000000,4.034722222
1988.750000,18.256934177,28.649892546,44.828030731,6.000000,4.029861111
1989.000000,18.259084684,28.646779489,44.828468453,6.000000,4.025000000
1989.250000,18.261235076,28.643666401,44.828906189,6.000000,4.020138889
1989.500000,18.263385353,28.640553282,44.829343939,6.000000,4.015277778
1989.750000,18.265535515,28.637440133,44.829781703,6.000000,4.010416667
1990.000000,18.267685562,28.634326954,44.830219482,6.000000,4.005555556
1990.250000,18.269835494,28.631213744,44.830657274,6.000000,4.000694444
1990.500000,18.271985311,28.628100504,44.831095082,6.000000,3.995833333
1990.750000,18.274135014,28.624987234,44.831532903,6.000000,3.990972222
1991.000000,18.276284602,28.621873933,44.831970739,6.000000,3.986111111
1991.250000,18.278434075,28.618760602,44.832408590,6.000000,3.981250000
1991.500000,18.280583433,28.615647240,44.832846454,6.000000,3.976388889
1991.750000,18.282732676,28.612533848,44.833284333,6.000000,3.971527778
1992.000000,18.284881804,28.609420425,44.833722226,6.000000,3.966666667
1992.250000,18.287030818,28.606306972,44.834160134,6.000000,3.961805556
1992.500000,18.289179717,28.603193489,44.834598056,6.000000,3.956944444
1992.750000,18.291328500,28.600079975,44.835035992,6.000000,3.952083333
1993.000000,18.293477170,28.596966431,44.835473942,6.000000,3.947222222
1993.250000,18.295625724,28.593852856,44.835911907,6.000000,3.942361111
1993.500000,18.297774164,28.590739251,44.836349886,6.000000,3.937500000
1993.750000,18.299922488,28.587625616,44.836787880,6.000000,3.932638889
1994.000000,18.302070698,28.584511950,44.837225888,6.000000,3.927777778
1994.250000,18.304218794,28.581398254,44.837663910,6.000000,3.922916667
1994.500000,18.306366774,28.578284527,44.838101946,6.000000,3.918055556
1994.750000,18.308514640,28.575170770,44.838539997,6.000000,3.913194444
1995.000000,18.310662391,28.572056983,44.838978062,6.000000,3.908333333
1995.250000,18.312810027,28.568943165,44.839416142,6.000000,3.903472222
1995.500000,18.314957549,28.565829317,44.839854236,6.000000,3.898611111
1995.750000,18.317104955,28.562715438,44.840292344,6.000000,3.893750000
1996.000000,18.319252247,28.559601529,44.840730466,6.000000,3.888888889
1996.250000,18.321399425,28.556487589,44.841168603,6.000000,3.884027778
1996.500000,18.323546487,28.553373619,44.841606754,6.000000,3.879166667
1996.750000,18.325693435,28.550259618,44.842044920,6.000000,3.874305556
1997.000000,18.327840268,28.547145588,44.842483100,6.000000,3.869444444
1997.250000,18.329986987,28.544031526,44.842921294,6.000000,3.864583333
1997.500000,18.332133591,28.540917434,44.843359502,6.000000,3.859722222
1997.750000,18.334280080,28.537803312,44.843797725,6.000000,3.854861111
1998.000000,18.336426454,28.534689160,44.844235962,6.000000,3.850000000
1998.250000,18.338572714,28.531574977,44.844674214,6.000000,3.845138889
1998.500000,18.340718859,28.528460763,44.845112480,6.000000,3.840277778
1998.750000,18.342864890,28.525346519,44.845550760,6.000000,3.835416667
1999.000000,18.345010805,28.522232245,44.845989054,6.000000,3.830555556
1999.250000,18.347156606,28.519117940,44.846427363,6.000000,3.825694444
1999.500000,18.349302293,28.516003605,44.846865687,6.000000,3.820833333
1999.750000,18.351447865,28.512889239,44.847304024,6.000000,3.815972222
2000.000000,18.353593322,28.509774843,44.847742376,6.000000,3.811111111
2000.250000,18.355738665,28.506660416,44.848180742,6.000000,3.806250000
2000.500000,18.357883893,28.503545959,44.848619123,6.000000,3.801388889
2000.750000,18.360029006,28.500431472,44.849057518,6.000000,3.796527778
2001.000000,18.362174005,28.497316954,44.849495927,6.000000,3.791666667
2001.250000,18.364318889,28.494202406,44.849934351,6.000000,3.786805556
2001.500000,18.366463659,28.491087827,44.850372789,6.000000,3.781944444
2001.750000,18.368608314,28.487973218,44.850811241,6.000000,3.777083333
2002.000000,18.370752854,28.484858578,44.851249708,6.000000,3.772222222
2002.250000,18.372897280,28.481743908,44.851688189,6.000000,3.767361111
2002.500000,18.375041591,28.478629207,44.852126685,6.000000,3.762500000
2002.750000,18.377185788,28.475514476,44.852565194,6.000000,3.757638889
2003.000000,18.379329870,28.472399715,44.853003718,6.000000,3.752777778
2003.250000,18.381473838,28.469284923,44.853442257,6.000000,3.747916667
2003.500000,18.383617691,28.466170101,44.853880810,6.000000,3.743055556
2003.750000,18.385761429,28.463055248,44.854319377,6.000000,3.738194444
2004.000000,18.387905053,28.459940365,44.854757958,6.000000,3.733333333
2004.250000,18.390048563,28.456825451,44.855196554,6.000000,3.728472222
2004.500000,18.392191958,28.453710507,44.855635165,6.000000,3.723611111
2004.750000,18.394335238,28.450595532,44.856073789,6.000000,3.718750000
2005.000000,18.396478404,28.447480527,44.856512428,6.000000,3.713888889
2005.250000,18.398621455,28.444365491,44.856951082,6.000000,3.709027778
2005.500000,18.400764392,28.441250425,44.857389749,6.000000,3.704166667
2005.750000,18.402907215,28.438135329,44.857828431,6.000000,3.699305556
2006.000000,18.405049922,28.435020202,44.858267128,6.000000,3.694444444
2006.250000,18.407192516,28.431905044,44.858705839,6.000000,3.689583333
2006.500000,18.409334995,28.428789856,44.859144564,6.000000,3.684722222
2006.750000,18.411477359,28.425674638,44.859583303,6.000000,3.679861111
2007.000000,18.413619609,28.422559389,44.860022057,6.000000,3.675000000
2007.250000,18.415761745,28.419444110,44.860460825,6.000000,3.670138889
2007.500000,18.417903766,28.416328800,44.860899608,6.000000,3.665277778
2007.750000,18.420045673,28.413213460,44.861338405,6.000000,3.660416667
2008.000000,18.422187465,28.410098089,44.861777216,6.000000,3.655555556
2008.250000,18.424329143,28.406982688,44.862216042,6.000000,3.650694444
2008.500000,18.426470706,28.403867256,44.862654882,6.000000,3.645833333
2008.750000,18.428612155,28.400751794,44.863093736,6.000000,3.640972222
2009.000000,18.430753490,28.397636301,44.863532605,6.000000,3.636111111
2009.250000,18.432894710,28.394520778,44.863971488,6.000000,3.631250000
2009.500000,18.435035816,28.391405225,44.864410386,6.000000,3.626388889
2009.750000,18.437176807,28.388289641,44.864849298,6.000000,3.621527778
2010.000000,18.439317684,28.385174026,44.865288224,6.000000,3.616666667
2010.250000,18.441458447,28.382058381,44.865727165,6.000000,3.611805556
2010.500000,18.443599095,28.378942706,44.866166120,6.000000,3.606944444
2010.750000,18.445739629,28.375827000,44.866605089,6.000000,3.602083333
2011.000000,18.447880048,28.372711263,44.867044073,6.000000,3.597222222
2011.250000,18.450020353,28.369595496,44.867483071,6.000000,3.592361111
2011.500000,18.452160544,28.366479699,44.867922084,6.000000,3.587500000
2011.750000,18.454300621,28.363363871,44.868361111,6.000000,3.582638889
2012.000000,18.456440583,28.360248012,44.868800152,6.000000,3.577777778
2012.250000,18.458580430,28.357132124,44.869239208,6.000000,3.572916667
2012.500000,18.460720164,28.354016204,44.869678278,6.000000,3.568055556
2012.750000,18.462859783,28.350900254,44.870117362,6.000000,3.563194444
2013.000000,18.464999288,28.347784274,44.870556461,6.000000,3.558333333
2013.250000,18.467138678,28.344668263,44.870995574,6.000000,3.553472222
2013.500000,18.469277954,28.341552222,44.871434702,6.000000,3.548611111
2013.750000,18.471417116,28.338436150,44.871873844,6.000000,3.543750000
2014.000000,18.473556164,28.335320048,44.872313000,6.000000,3.538888889
2014.250000,18.475695097,28.332203915,44.872752171,6.000000,3.534027778
2014.500000,18.477833916,28.329087751,44.873191356,6.000000,3.529166667
2014.750000,18.479972621,28.325971557,44.873630556,6.000000,3.524305556
2015.000000,18.482111211,28.322855333,44.874069769,6.000000,3.519444444
2015.250000,18.484249687,28.319739078,44.874508998,6.000000,3.514583333
2015.500000,18.486388049,28.316622793,44.874948240,6.000000,3.509722222
2015.750000,18.488526297,28.313506477,44.875387497,6.000000,3.504861111
2016.000000,18.490664431,28.310390131,44.875826769,6.000000,3.500000000
2016.250000,18.492802450,28.307273754,44.876266055,6.000000,3.495138889
2016.500000,18.494940355,28.304157347,44.876705355,6.000000,3.490277778
2016.750000,18.497078145,28.301040909,44.877144669,6.000000,3.485416667
2017.000000,18.499215822,28.297924440,44.877583998,6.000000,3.480555556
2017.250000,18.501353384,28.294807941,44.878023342,6.000000,3.475694444
2017.500000,18.503490832,28.291691412,44.878462700,6.000000,3.470833333
2017.750000,18.505628166,28.288574852,44.878902072,6.000000,3.465972222
2018.000000,18.507765386,28.285458262,44.879341458,6.000000,3.461111111
2018.250000,18.509902491,28.282341641,44.879780859,6.000000,3.456250000
2018.500000,18.512039483,28.279224989,44.880220275,6.000000,3.451388889
2018.750000,18.514176360,28.276108307,44.880659705,6.000000,3.446527778
2019.000000,18.516313123,28.272991595,44.881099149,6.000000,3.441666667
2019.250000,18.518449772,28.269874852,44.881538607,6.000000,3.436805556
2019.500000,18.520586306,28.266758078,44.881978080,6.000000,3.431944444
2019.750000,18.522722727,28.263641274,44.882417568,6.000000,3.427083333
2020.000000,18.524859033,28.260524440,44.882857069,6.000000,3.422222222
2020.250000,18.526995225,28.257407575,44.883296585,6.000000,3.417361111
2020.500000,18.529131303,28.254290679,44.883736116,6.000000,3.412500000
2020.750000,18.531267267,28.251173753,44.884175661,6.000000,3.407638889
2021.000000,18.533403117,28.248056796,44.884615220,6.000000,3.402777778
2021.250000,18.535538853,28.244939809,44.885054794,6.000000,3.397916667
2021.500000,18.537674474,28.241822791,44.885494382,6.000000,3.393055556
2021.750000,18.539809982,28.238705743,44.885933985,6.000000,3.388194444
2022.000000,18.541945375,28.235588664,44.886373602,6.000000,3.383333333
2022.250000,18.544080655,28.232471555,44.886813233,6.000000,3.378472222
2022.500000,18.546215820,28.229354415,44.887252879,6.000000,3.373611111
2022.750000,18.548350871,28.226237245,44.887692539,6.000000,3.368750000
2023.000000,18.550485808,28.223120044,44.888132214,6.000000,3.363888889
2023.250000,18.552620631,28.220002813,44.888571903,6.000000,3.359027778
2023.500000,18.554755340,28.216885551,44.889011606,6.000000,3.354166667
2023.750000,18.556889934,28.213768258,44.889451324,6.000000,3.349305556
2024.000000,18.559024415,28.210650935,44.889891056,6.000000,3.344444444
2024.250000,18.561158782,28.207533582,44.890330803,6.000000,3.339583333
2024.500000,18.563293035,28.204416198,44.890770564,6.000000,3.334722222
2024.750000,18.565427173,28.201298783,44.891210339,6.000000,3.329861111
2025.000000,18.567561198,28.198181338,44.891650129,6.000000,3.325000000
2025.250000,18.569695109,28.195063862,44.892089934,6.000000,3.320138889
2025.500000,18.571828905,28.191946356,44.892529752,6.000000,3.315277778
2025.750000,18.573962588,28.188828819,44.892969586,6.000000,3.310416667
2026.000000,18.576096156,28.185711252,44.893409433,6.000000,3.305555556
2026.250000,18.578229611,28.182593654,44.893849295,6.000000,3.300694444
2026.500000,18.580362951,28.179476026,44.894289171,6.000000,3.295833333
2026.750000,18.582496178,28.176358367,44.894729062,6.000000,3.290972222
2027.000000,18.584629291,28.173240677,44.895168967,6.000000,3.286111111
2027.250000,18.586762289,28.170122957,44.895608887,6.000000,3.281250000
2027.500000,18.588895174,28.167005206,44.896048821,6.000000,3.276388889
2027.750000,18.591027945,28.163887425,44.896488770,6.000000,3.271527778
2028.000000,18.593160601,28.160769613,44.896928733,6.000000,3.266666667
2028.250000,18.595293144,28.157651771,44.897368710,6.000000,3.261805556
2028.500000,18.597425573,28.154533898,44.897808702,6.000000,3.256944444
2028.750000,18.599557888,28.151415995,44.898248708,6.000000,3.252083333
2029.000000,18.601690089,28.148298061,44.898688728,6.000000,3.247222222
2029.250000,18.603822176,28.145180097,44.899128763,6.000000,3.242361111
2029.500000,18.605954149,28.142062102,44.899568813,6.000000,3.237500000
2029.750000,18.608086008,28.138944076,44.900008877,6.000000,3.232638889
2030.000000,18.610217753,28.135826020,44.900448955,6.000000,3.227777778
2030.250000,18.612349385,28.132707933,44.900889048,6.000000,3.222916667
2030.500000,18.614480902,28.129589816,44.901329155,6.000000,3.218055556
2030.750000,18.616612306,28.126471668,44.901769276,6.000000,3.213194444
2031.000000,18.618743596,28.123353489,44.902209413,6.000000,3.208333333
2031.250000,18.620874772,28.120235280,44.902649563,6.000000,3.203472222
2031.500000,18.623005834,28.117117041,44.903089728,6.000000,3.198611111
2031.750000,18.625136782,28.113998771,44.903529907,6.000000,3.193750000
2032.000000,18.627267616,28.110880470,44.903970101,6.000000,3.188888889
2032.250000,18.629398336,28.107762139,44.904410309,6.000000,3.184027778
2032.500000,18.631528943,28.104643777,44.904850532,6.000000,3.179166667
2032.750000,18.633659435,28.101525385,44.905290769,6.000000,3.174305556
2033.000000,18.635789814,28.098406962,44.905731020,6.000000,3.169444444
2033.250000,18.637920079,28.095288508,44.906171286,6.000000,3.164583333
2033.500000,18.640050231,28.092170024,44.906611566,6.000000,3.159722222
2033.750000,18.642180268,28.089051509,44.907051861,6.000000,3.154861111
2034.000000,18.644310191,28.085932964,44.907492170,6.000000,3.150000000
2034.250000,18.646440001,28.082814388,44.907932494,6.000000,3.145138889
2034.500000,18.648569697,28.079695782,44.908372832,6.000000,3.140277778
2034.750000,18.650699279,28.076577145,44.908813185,6.000000,3.135416667
2035.000000,18.652828748,28.073458477,44.909253552,6.000000,3.130555556
2035.250000,18.654958102,28.070339779,44.909693933,6.000000,3.125694444
2035.500000,18.657087343,28.067221050,44.910134329,6.000000,3.120833333
2035.750000,18.659216470,28.064102291,44.910574739,6.000000,3.115972222
2036.000000,18.661345483,28.060983501,44.911015164,6.000000,3.111111111
2036.250000,18.663474383,28.057864681,44.911455603,6.000000,3.106250000
2036.500000,18.665603169,28.054745829,44.911896057,6.000000,3.101388889
2036.750000,18.667731841,28.051626948,44.912336525,6.000000,3.096527778
2037.000000,18.669860399,28.048508035,44.912777008,6.000000,3.091666667
2037.250000,18.671988844,28.045389093,44.913217505,6.000000,3.086805556
2037.500000,18.674117174,28.042270119,44.913658016,6.000000,3.081944444
2037.750000,18.676245391,28.039151115,44.914098542,6.000000,3.077083333
2038.000000,18.678373495,28.036032081,44.914539082,6.000000,3.072222222
2038.250000,18.680501484,28.032913015,44.914979637,6.000000,3.067361111
2038.500000,18.682629360,28.029793920,44.915420206,6.000000,3.062500000
2038.750000,18.684757123,28.026674793,44.915860790,6.000000,3.057638889
2039.000000,18.686884771,28.023555636,44.916301388,6.000000,3.052777778
2039.250000,18.689012306,28.020436449,44.916742001,6.000000,3.047916667
2039.500000,18.691139727,28.017317230,44.917182628,6.000000,3.043055556
2039.750000,18.693267035,28.014197982,44.917623269,6.000000,3.038194444
2040.000000,18.695394229,28.011078702,44.918063925,6.000000,3.033333333
2040.250000,18.697521309,28.007959392,44.918504595,6.000000,3.028472222
2040.500000,18.699648275,28.004840052,44.918945280,6.000000,3.023611111
2040.750000,18.701775128,28.001720680,44.919385980,6.000000,3.018750000
2041.000000,18.703901867,27.998601279,44.919826693,6.000000,3.013888889
2041.250000,18.706028493,27.995481846,44.920267422,6.000000,3.009027778
2041.500000,18.708155005,27.992362383,44.920708164,6.000000,3.004166667
2041.750000,18.710281403,27.989242890,44.921148921,6.000000,2.999305556
2042.000000,18.712407688,27.986123365,44.921589693,6.000000,2.994444444
2042.250000,18.714533859,27.983003810,44.922030479,6.000000,2.989583333
2042.500000,18.716659916,27.979884225,44.922471280,6.000000,2.984722222
2042.750000,18.718785860,27.976764609,44.922912095,6.000000,2.979861111
2043.000000,18.720911690,27.973644962,44.923352924,6.000000,2.975000000
2043.250000,18.723037407,27.970525285,44.923793768,6.000000,2.970138889
2043.500000,18.725163010,27.967405577,44.924234626,6.000000,2.965277778
2043.750000,18.727288500,27.964285839,44.924675499,6.000000,2.960416667
2044.000000,18.729413876,27.961166069,44.925116387,6.000000,2.955555556
2044.250000,18.731539138,27.958046270,44.925557288,6.000000,2.950694444
2044.500000,18.733664287,27.954926439,44.925998205,6.000000,2.945833333
2044.750000,18.735789322,27.951806578,44.926439135,6.000000,2.940972222
2045.000000,18.737914244,27.948686687,44.926880080,6.000000,2.936111111
2045.250000,18.740039052,27.945566764,44.927321040,6.000000,2.931250000
2045.500000,18.742163746,27.942446812,44.927762014,6.000000,2.926388889
2045.750000,18.744288328,27.939326828,44.928203003,6.000000,2.921527778
2046.000000,18.746412795,27.936206814,44.928644006,6.000000,2.916666667
2046.250000,18.748537149,27.933086769,44.929085023,6.000000,2.911805556
2046.500000,18.750661390,27.929966694,44.929526055,6.000000,2.906944444
2046.750000,18.752785517,27.926846588,44.929967102,6.000000,2.902083333
2047.000000,18.754909530,27.923726451,44.930408163,6.000000,2.897222222
2047.250000,18.757033430,27.920606284,44.930849238,6.000000,2.892361111
2047.500000,18.759157217,27.917486086,44.931290328,6.000000,2.887500000
2047.750000,18.761280890,27.914365858,44.931731433,6.000000,2.882638889
2048.000000,18.763404449,27.911245599,44.932172551,6.000000,2.877777778
2048.250000,18.765527895,27.908125309,44.932613685,6.000000,2.872916667
2048.500000,18.767651228,27.905004989,44.933054833,6.000000,2.868055556
2048.750000,18.769774447,27.901884638,44.933495995,6.000000,2.863194444
2049.000000,18.771897553,27.898764256,44.933937172,6.000000,2.858333333
2049.250000,18.774020545,27.895643844,44.934378363,6.000000,2.853472222
2049.500000,18.776143424,27.892523401,44.934819569,6.000000,2.848611111
2049.750000,18.778266189,27.889402927,44.935260789,6.000000,2.843750000
2050.000000,18.780388841,27.886282423,44.935702023,6.000000,2.838888889
2050.250000,18.782511380,27.883161888,44.936143273,6.000000,2.834027778
2050.500000,18.784633805,27.880041322,44.936584536,6.000000,2.829166667
2050.750000,18.786756116,27.876920726,44.937025814,6.000000,2.824305556
2051.000000,18.788878315,27.873800099,44.937467107,6.000000,2.819444444
2051.250000,18.791000399,27.870679442,44.937908414,6.000000,2.814583333
2051.500000,18.793122371,27.867558754,44.938349736,6.000000,2.809722222
2051.750000,18.795244229,27.864438035,44.938791072,6.000000,2.804861111
2052.000000,18.797365974,27.861317286,44.939232422,6.000000,2.800000000
2052.250000,18.799487605,27.858196506,44.939673787,6.000000,2.795138889
2052.500000,18.801609123,27.855075695,44.940115167,6.000000,2.790277778
2052.750000,18.803730528,27.851954854,44.940556561,6.000000,2.785416667
2053.000000,18.805851819,27.848833982,44.940997970,6.000000,2.780555556
2053.250000,18.807972997,27.845713079,44.941439393,6.000000,2.775694444
2053.500000,18.810094061,27.842592146,44.941880830,6.000000,2.770833333
2053.750000,18.812215012,27.839471182,44.942322282,6.000000,2.765972222
2054.000000,18.814335850,27.836350187,44.942763749,6.000000,2.761111111
2054.250000,18.816456575,27.833229162,44.943205230,6.000000,2.756250000
2054.500000,18.818577186,27.830108106,44.943646725,6.000000,2.751388889
2054.750000,18.820697684,27.826987020,44.944088235,6.000000,2.746527778
2055.000000,18.822818068,27.823865902,44.944529759,6.000000,2.741666667
2055.250000,18.824938340,27.820744754,44.944971298,6.000000,2.736805556
2055.500000,18.827058498,27.817623576,44.945412852,6.000000,2.731944444
2055.750000,18.829178542,27.814502367,44.945854420,6.000000,2.727083333
2056.000000,18.831298474,27.811381127,44.946296002,6.000000,2.722222222
2056.250000,18.833418292,27.808259856,44.946737599,6.000000,2.717361111
2056.500000,18.835537996,27.805138555,44.947179211,6.000000,2.712500000
2056.750000,18.837657588,27.802017223,44.947620837,6.000000,2.707638889
2057.000000,18.839777066,27.798895861,44.948062477,6.000000,2.702777778
2057.250000,18.841896431,27.795774467,44.948504132,6.000000,2.697916667
2057.500000,18.844015683,27.792653043,44.948945802,6.000000,2.693055556
2057.750000,18.846134822,27.789531589,44.949387486,6.000000,2.688194444
2058.000000,18.848253847,27.786410104,44.949829184,6.000000,2.683333333
2058.250000,18.850372759,27.783288588,44.950270897,6.000000,2.678472222
2058.500000,18.852491558,27.780167041,44.950712624,6.000000,2.673611111
2058.750000,18.854610243,27.777045464,44.951154366,6.000000,2.668750000
2059.000000,18.856728816,27.773923856,44.951596123,6.000000,2.663888889
2059.250000,18.858847275,27.770802217,44.952037894,6.000000,2.659027778
2059.500000,18.860965621,27.767680548,44.952479679,6.000000,2.654166667
2059.750000,18.863083854,27.764558848,44.952921480,6.000000,2.649305556
2060.000000,18.865201973,27.761437117,44.953363294,6.000000,2.644444444
2060.250000,18.867319979,27.758315356,44.953805123,6.000000,2.639583333
2060.500000,18.869437873,27.755193564,44.954246967,6.000000,2.634722222
2060.750000,18.871555653,27.752071741,44.954688825,6.000000,2.629861111
2061.000000,18.873673320,27.748949888,44.955130697,6.000000,2.625000000
2061.250000,18.875790873,27.745828004,44.955572584,6.000000,2.620138889
2061.500000,18.877908314,27.742706089,44.956014486,6.000000,2.615277778
2061.750000,18.880025641,27.739584144,44.956456402,6.000000,2.610416667
2062.000000,18.882142855,27.736462167,44.956898333,6.000000,2.605555556
2062.250000,18.884259956,27.733340161,44.957340278,6.000000,2.600694444
2062.500000,18.886376944,27.730218123,44.957782238,6.000000,2.595833333
2062.750000,18.888493819,27.727096055,44.958224212,6.000000,2.590972222
2063.000000,18.890610581,27.723973956,44.958666200,6.000000,2.586111111
2063.250000,18.892727230,27.720851826,44.959108204,6.000000,2.581250000
2063.500000,18.894843765,27.717729666,44.959550221,6.000000,2.576388889
2063.750000,18.896960187,27.714607475,44.959992254,6.000000,2.571527778
2064.000000,18.899076497,27.711485253,44.960434300,6.000000,2.566666667
2064.250000,18.901192693,27.708363001,44.960876362,6.000000,2.561805556
2064.500000,18.903308776,27.705240718,44.961318438,6.000000,2.556944444
2064.750000,18.905424746,27.702118404,44.961760528,6.000000,2.552083333
2065.000000,18.907540603,27.698996060,44.962202633,6.000000,2.547222222
2065.250000,18.909656347,27.695873685,44.962644752,6.000000,2.542361111
2065.500000,18.911771978,27.692751279,44.963086886,6.000000,2.537500000
2065.750000,18.913887495,27.689628842,44.963529034,6.000000,2.532638889
2066.000000,18.916002900,27.686506375,44.963971197,6.000000,2.527777778
2066.250000,18.918118192,27.683383877,44.964413375,6.000000,2.522916667
2066.500000,18.920233370,27.680261348,44.964855567,6.000000,2.518055556
2066.750000,18.922348436,27.677138789,44.965297774,6.000000,2.513194444
2067.000000,18.924463389,27.674016199,44.965739995,6.000000,2.508333333
2067.250000,18.926578228,27.670893578,44.966182230,6.000000,2.503472222
2067.500000,18.928692955,27.667770926,44.966624480,6.000000,2.498611111
2067.750000,18.930807568,27.664648244,44.967066745,6.000000,2.493750000
2068.000000,18.932922069,27.661525531,44.967509024,6.000000,2.488888889
2068.250000,18.935036456,27.658402787,44.967951318,6.000000,2.484027778
2068.500000,18.937150731,27.655280013,44.968393626,6.000000,2.479166667
2068.750000,18.939264892,27.652157208,44.968835949,6.000000,2.474305556
2069.000000,18.941378941,27.649034372,44.969278286,6.000000,2.469444444
2069.250000,18.943492877,27.645911505,44.969720638,6.000000,2.464583333
2069.500000,18.945606699,27.642788608,44.970163005,6.000000,2.459722222
2069.750000,18.947720409,27.639665680,44.970605386,6.000000,2.454861111
2070.000000,18.949834006,27.636542721,44.971047781,6.000000,2.450000000
2070.250000,18.951947489,27.633419732,44.971490191,6.000000,2.445138889
2070.500000,18.954060860,27.630296712,44.971932616,6.000000,2.440277778
2070.750000,18.956174118,27.627173661,44.972375055,6.000000,2.435416667
2071.000000,18.958287263,27.624050579,44.972817508,6.000000,2.430555556
2071.250000,18.960400295,27.620927467,44.973259977,6.000000,2.425694444
2071.500000,18.962513214,27.617804324,44.973702459,6.000000,2.420833333
2071.750000,18.964626020,27.614681150,44.974144957,6.000000,2.415972222
2072.000000,18.966738714,27.611557946,44.974587468,6.000000,2.411111111
2072.250000,18.968851294,27.608434710,44.975029995,6.000000,2.406250000
2072.500000,18.970963761,27.605311444,44.975472536,6.000000,2.401388889
2072.750000,18.973076116,27.602188148,44.975915091,6.000000,2.396527778
2073.000000,18.975188358,27.599064820,44.976357661,6.000000,2.391666667
2073.250000,18.977300487,27.595941462,44.976800246,6.000000,2.386805556
2073.500000,18.979412503,27.592818073,44.977242845,6.000000,2.381944444
2073.750000,18.981524406,27.589694654,44.977685458,6.000000,2.377083333
2074.000000,18.983636196,27.586571203,44.978128086,6.000000,2.372222222
2074.250000,18.985747873,27.583447722,44.978570729,6.000000,2.367361111
2074.500000,18.987859438,27.580324210,44.979013386,6.000000,2.362500000
2074.750000,18.989970889,27.577200668,44.979456058,6.000000,2.357638889
2075.000000,18.992082228,27.574077094,44.979898745,6.000000,2.352777778
2075.250000,18.994193454,27.570953490,44.980341445,6.000000,2.347916667
2075.500000,18.996304568,27.567829855,44.980784161,6.000000,2.343055556
2075.750000,18.998415568,27.564706190,44.981226891,6.000000,2.338194444
2076.000000,19.000526455,27.561582494,44.981669636,6.000000,2.333333333
2076.250000,19.002637230,27.558458766,44.982112395,6.000000,2.328472222
2076.500000,19.004747892,27.555335009,44.982555168,6.000000,2.323611111
2076.750000,19.006858441,27.552211220,44.982997957,6.000000,2.318750000
2077.000000,19.008968878,27.549087401,44.983440759,6.000000,2.313888889
2077.250000,19.011079201,27.545963551,44.983883577,6.000000,2.309027778
2077.500000,19.013189412,27.542839670,44.984326409,6.000000,2.304166667
2077.750000,19.015299510,27.539715758,44.984769255,6.000000,2.299305556
2078.000000,19.017409495,27.536591816,44.985212116,6.000000,2.294444444
2078.250000,19.019519368,27.533467843,44.985654992,6.000000,2.289583333
2078.500000,19.021629128,27.530343839,44.986097882,6.000000,2.284722222
2078.750000,19.023738775,27.527219805,44.986540787,6.000000,2.279861111
2079.000000,19.025848309,27.524095739,44.986983706,6.000000,2.275000000
2079.250000,19.027957731,27.520971643,44.987426640,6.000000,2.270138889
2079.500000,19.030067039,27.517847516,44.987869588,6.000000,2.265277778
2079.750000,19.032176235,27.514723359,44.988312551,6.000000,2.260416667
2080.000000,19.034285319,27.511599170,44.988755529,6.000000,2.255555556
2080.250000,19.036394289,27.508474951,44.989198521,6.000000,2.250694444
2080.500000,19.038503147,27.505350701,44.989641528,6.000000,2.245833333
2080.750000,19.040611893,27.502226421,44.990084549,6.000000,2.240972222
2081.000000,19.042720525,27.499102109,44.990527585,6.000000,2.236111111
2081.250000,19.044829045,27.495977767,44.990970635,6.000000,2.231250000
2081.500000,19.046937452,27.492853394,44.991413700,6.000000,2.226388889
2081.750000,19.049045747,27.489728990,44.991856779,6.000000,2.221527778
2082.000000,19.051153929,27.486604556,44.992299874,6.000000,2.216666667
2082.250000,19.053261998,27.483480091,44.992742982,6.000000,2.211805556
2082.500000,19.055369954,27.480355595,44.993186105,6.000000,2.206944444
2082.750000,19.057477798,27.477231068,44.993629243,6.000000,2.202083333
2083.000000,19.059585529,27.474106510,44.994072396,6.000000,2.197222222
2083.250000,19.061693148,27.470981922,44.994515563,6.000000,2.192361111
2083.500000,19.063800654,27.467857303,44.994958744,6.000000,2.187500000
2083.750000,19.065908047,27.464732653,44.995401940,6.000000,2.182638889
2084.000000,19.068015328,27.461607972,44.995845151,6.000000,2.177777778
2084.250000,19.070122496,27.458483261,44.996288376,6.000000,2.172916667
2084.500000,19.072229551,27.455358518,44.996731616,6.000000,2.168055556
2084.750000,19.074336494,27.452233745,44.997174870,6.000000,2.163194444
2085.000000,19.076443324,27.449108941,44.997618139,6.000000,2.158333333
2085.250000,19.078550042,27.445984107,44.998061423,6.000000,2.153472222
2085.500000,19.080656647,27.442859242,44.998504721,6.000000,2.148611111
2085.750000,19.082763140,27.439734345,44.998948034,6.000000,2.143750000
2086.000000,19.084869519,27.436609418,44.999391361,6.000000,2.138888889
2086.250000,19.086975787,27.433484461,44.999834703,6.000000,2.134027778
2086.500000,19.089081942,27.430359472,45.000278059,6.000000,2.129166667
2086.750000,19.091187984,27.427234453,45.000721430,6.000000,2.124305556
2087.000000,19.093293913,27.424109403,45.001164816,6.000000,2.119444444
2087.250000,19.095399731,27.420984322,45.001608216,6.000000,2.114583333
2087.500000,19.097505435,27.417859210,45.002051631,6.000000,2.109722222
2087.750000,19.099611027,27.414734068,45.002495060,6.000000,2.104861111
2088.000000,19.101716507,27.411608894,45.002938504,6.000000,2.100000000
2088.250000,19.103821874,27.408483690,45.003381963,6.000000,2.095138889
2088.500000,19.105927128,27.405358456,45.003825436,6.000000,2.090277778
2088.750000,19.108032270,27.402233190,45.004268924,6.000000,2.085416667
2089.000000,19.110137299,27.399107893,45.004712426,6.000000,2.080555556
2089.250000,19.112242216,27.395982566,45.005155943,6.000000,2.075694444
2089.500000,19.114347021,27.392857208,45.005599475,6.000000,2.070833333
2089.750000,19.116451713,27.389731819,45.006043021,6.000000,2.065972222
2090.000000,19.118556292,27.386606400,45.006486582,6.000000,2.061111111
2090.250000,19.120660759,27.383480949,45.006930157,6.000000,2.056250000
2090.500000,19.122765114,27.380355468,45.007373747,6.000000,2.051388889
2090.750000,19.124869356,27.377229956,45.007817351,6.000000,2.046527778
2091.000000,19.126973486,27.374104413,45.008260970,6.000000,2.041666667
2091.250000,19.129077503,27.370978839,45.008704604,6.000000,2.036805556
2091.500000,19.131181407,27.367853235,45.009148252,6.000000,2.031944444
2091.750000,19.133285200,27.364727599,45.009591915,6.000000,2.027083333
2092.000000,19.135388880,27.361601933,45.010035593,6.000000,2.022222222
2092.250000,19.137492447,27.358476236,45.010479285,6.000000,2.017361111
2092.500000,19.139595902,27.355350509,45.010922991,6.000000,2.012500000
2092.750000,19.141699245,27.352224750,45.011366713,6.000000,2.007638889
2093.000000,19.143802475,27.349098961,45.011810449,6.000000,2.002777778
2093.250000,19.145905593,27.345973141,45.012254199,6.000000,1.997916667
2093.500000,19.148008598,27.342847290,45.012697964,6.000000,1.993055556
2093.750000,19.150111491,27.339721408,45.013141744,6.000000,1.988194444
2094.000000,19.152214271,27.336595495,45.013585538,6.000000,1.983333333
2094.250000,19.154316940,27.333469552,45.014029347,6.000000,1.978472222
2094.500000,19.156419496,27.330343578,45.014473171,6.000000,1.973611111
2094.750000,19.158521939,27.327217572,45.014917009,6.000000,1.968750000
2095.000000,19.160624270,27.324091537,45.015360861,6.000000,1.963888889
2095.250000,19.162726489,27.320965470,45.015804729,6.000000,1.959027778
2095.500000,19.164828595,27.317839372,45.016248611,6.000000,1.954166667
2095.750000,19.166930589,27.314713244,45.016692507,6.000000,1.949305556
2096.000000,19.169032471,27.311587085,45.017136418,6.000000,1.944444444
2096.250000,19.171134240,27.308460895,45.017580344,6.000000,1.939583333
2096.500000,19.173235897,27.305334674,45.018024284,6.000000,1.934722222
2096.750000,19.175337442,27.302208422,45.018468239,6.000000,1.929861111
2097.000000,19.177438874,27.299082140,45.018912209,6.000000,1.925000000
2097.250000,19.179540195,27.295955826,45.019356193,6.000000,1.920138889
2097.500000,19.181641402,27.292829482,45.019800192,6.000000,1.915277778
2097.750000,19.183742498,27.289703107,45.020244205,6.000000,1.910416667
2098.000000,19.185843481,27.286576701,45.020688233,6.000000,1.905555556
2098.250000,19.187944352,27.283450265,45.021132276,6.000000,1.900694444
2098.500000,19.190045111,27.280323797,45.021576333,6.000000,1.895833333
2098.750000,19.192145757,27.277197299,45.022020405,6.000000,1.890972222
2099.000000,19.194246291,27.274070769,45.022464492,6.000000,1.886111111
2099.250000,19.196346713,27.270944209,45.022908593,6.000000,1.881250000
2099.500000,19.198447022,27.267817619,45.023352709,6.000000,1.876388889
2099.750000,19.200547220,27.264690997,45.023796839,6.000000,1.871527778
2100.000000,19.202647305,27.261564344,45.024240984,6.000000,1.866666667
2100.250000,19.204747278,27.258437661,45.024685144,6.000000,1.861805556
2100.500000,19.206847138,27.255310947,45.025129318,6.000000,1.856944444
2100.750000,19.208946887,27.252184202,45.025573507,6.000000,1.852083333
2101.000000,19.211046523,27.249057426,45.026017710,6.000000,1.847222222
2101.250000,19.213146047,27.245930619,45.026461928,6.000000,1.842361111
2101.500000,19.215245458,27.242803781,45.026906161,6.000000,1.837500000
2101.750000,19.217344758,27.239676913,45.027350408,6.000000,1.832638889
2102.000000,19.219443945,27.236550013,45.027794670,6.000000,1.827777778
2102.250000,19.221543020,27.233423083,45.028238947,6.000000,1.822916667
2102.500000,19.223641983,27.230296122,45.028683238,6.000000,1.818055556
2102.750000,19.225740834,27.227169130,45.029127544,6.000000,1.813194444
2103.000000,19.227839573,27.224042108,45.029571865,6.000000,1.808333333
2103.250000,19.229938199,27.220915054,45.030016200,6.000000,1.803472222
2103.500000,19.232036713,27.217787969,45.030460550,6.000000,1.798611111
2103.750000,19.234135115,27.214660854,45.030904914,6.000000,1.793750000
2104.000000,19.236233405,27.211533708,45.031349293,6.000000,1.788888889
2104.250000,19.238331583,27.208406531,45.031793687,6.000000,1.784027778
2104.500000,19.240429649,27.205279323,45.032238095,6.000000,1.779166667
2104.750000,19.242527602,27.202152084,45.032682518,6.000000,1.774305556
2105.000000,19.244625444,27.199024815,45.033126955,6.000000,1.769444444
2105.250000,19.246723173,27.195897514,45.033571408,6.000000,1.764583333
2105.500000,19.248820790,27.192770183,45.034015874,6.000000,1.759722222
2105.750000,19.250918295,27.189642821,45.034460356,6.000000,1.754861111
2106.000000,19.253015688,27.186515428,45.034904852,6.000000,1.750000000
2106.250000,19.255112969,27.183388004,45.035349363,6.000000,1.745138889
2106.500000,19.257210138,27.180260549,45.035793888,6.000000,1.740277778
2106.750000,19.259307195,27.177133063,45.036238428,6.000000,1.735416667
2107.000000,19.261404139,27.174005547,45.036682983,6.000000,1.730555556
2107.250000,19.263500972,27.170877999,45.037127552,6.000000,1.725694444
2107.500000,19.265597692,27.167750421,45.037572136,6.000000,1.720833333
2107.750000,19.267694300,27.164622812,45.038016735,6.000000,1.715972222
2108.000000,19.269790797,27.161495172,45.038461348,6.000000,1.711111111
2108.250000,19.271887181,27.158367501,45.038905976,6.000000,1.706250000
2108.500000,19.273983453,27.155239799,45.039350618,6.000000,1.701388889
2108.750000,19.276079614,27.152112066,45.039795275,6.000000,1.696527778
2109.000000,19.278175662,27.148984303,45.040239947,6.000000,1.691666667
2109.250000,19.280271598,27.145856508,45.040684634,6.000000,1.686805556
2109.500000,19.282367422,27.142728683,45.041129335,6.000000,1.681944444
2109.750000,19.284463134,27.139600827,45.041574050,6.000000,1.677083333
2110.000000,19.286558734,27.136472940,45.042018781,6.000000,1.672222222
2110.250000,19.288654222,27.133345022,45.042463526,6.000000,1.667361111
2110.500000,19.290749598,27.130217073,45.042908286,6.000000,1.662500000
2110.750000,19.292844862,27.127089093,45.043353060,6.000000,1.657638889
2111.000000,19.294940014,27.123961082,45.043797849,6.000000,1.652777778
2111.250000,19.297035055,27.120833041,45.044242653,6.000000,1.647916667
2111.500000,19.299129983,27.117704968,45.044687471,6.000000,1.643055556
2111.750000,19.301224799,27.114576865,45.045132304,6.000000,1.638194444
2112.000000,19.303319503,27.111448731,45.045577151,6.000000,1.633333333
2112.250000,19.305414095,27.108320566,45.046022014,6.000000,1.628472222
2112.500000,19.307508576,27.105192370,45.046466891,6.000000,1.623611111
2112.750000,19.309602944,27.102064143,45.046911782,6.000000,1.618750000
2113.000000,19.311697201,27.098935885,45.047356688,6.000000,1.613888889
2113.250000,19.313791345,27.095807597,45.047801609,6.000000,1.609027778
2113.500000,19.315885378,27.092679277,45.048246545,6.000000,1.604166667
2113.750000,19.317979298,27.089550927,45.048691495,6.000000,1.599305556
2114.000000,19.320073107,27.086422545,45.049136460,6.000000,1.594444444
2114.250000,19.322166804,27.083294133,45.049581440,6.000000,1.589583333
2114.500000,19.324260389,27.080165690,45.050026434,6.000000,1.584722222
2114.750000,19.326353862,27.077037216,45.050471443,6.000000,1.579861111
2115.000000,19.328447223,27.073908711,45.050916466,6.000000,1.575000000
2115.250000,19.330540472,27.070780175,45.051361504,6.000000,1.570138889
2115.500000,19.332633610,27.067651608,45.051806557,6.000000,1.565277778
2115.750000,19.334726635,27.064523010,45.052251625,6.000000,1.560416667
2116.000000,19.336819549,27.061394382,45.052696707,6.000000,1.555555556
2116.250000,19.338912350,27.058265722,45.053141804,6.000000,1.550694444
2116.500000,19.341005040,27.055137032,45.053586915,6.000000,1.545833333
2116.750000,19.343097618,27.052008311,45.054032041,6.000000,1.540972222
2117.000000,19.345190085,27.048879558,45.054477182,6.000000,1.536111111
2117.250000,19.347282439,27.045750775,45.054922338,6.000000,1.531250000
2117.500000,19.349374681,27.042621961,45.055367508,6.000000,1.526388889
2117.750000,19.351466812,27.039493116,45.055812693,6.000000,1.521527778
2118.000000,19.353558831,27.036364240,45.056257892,6.000000,1.516666667
2118.250000,19.355650738,27.033235334,45.056703106,6.000000,1.511805556
2118.500000,19.357742533,27.030106396,45.057148335,6.000000,1.506944444
2118.750000,19.359834217,27.026977427,45.057593579,6.000000,1.502083333
2119.000000,19.361925789,27.023848428,45.058038837,6.000000,1.497222222
2119.250000,19.364017248,27.020719397,45.058484110,6.000000,1.492361111
2119.500000,19.366108596,27.017590336,45.058929398,6.000000,1.487500000
2119.750000,19.368199833,27.014461244,45.059374700,6.000000,1.482638889
2120.000000,19.370290957,27.011332120,45.059820017,6.000000,1.477777778
2120.250000,19.372381970,27.008202966,45.060265348,6.000000,1.472916667
2120.500000,19.374472871,27.005073781,45.060710695,6.000000,1.468055556
2120.750000,19.376563660,27.001944565,45.061156056,6.000000,1.463194444
2121.000000,19.378654338,26.998815318,45.061601431,6.000000,1.458333333
2121.250000,19.380744904,26.995686040,45.062046822,6.000000,1.453472222
2121.500000,19.382835358,26.992556731,45.062492227,6.000000,1.448611111
2121.750000,19.384925700,26.989427392,45.062937646,6.000000,1.443750000
2122.000000,19.387015930,26.986298021,45.063383081,6.000000,1.438888889
2122.250000,19.389106049,26.983168619,45.063828530,6.000000,1.434027778
2122.500000,19.391196056,26.980039187,45.064273993,6.000000,1.429166667
2122.750000,19.393285952,26.976909723,45.064719472,6.000000,1.424305556
2123.000000,19.395375735,26.973780229,45.065164965,6.000000,1.419444444
2123.250000,19.397465407,26.970650704,45.065610473,6.000000,1.414583333
2123.500000,19.399554968,26.967521147,45.066055995,6.000000,1.409722222
2123.750000,19.401644416,26.964391560,45.066501532,6.000000,1.404861111
2124.000000,19.403733753,26.961261942,45.066947084,6.000000,1.400000000
2124.250000,19.405822978,26.958132293,45.067392651,6.000000,1.395138889
2124.500000,19.407912092,26.955002613,45.067838232,6.000000,1.390277778
2124.750000,19.410001094,26.951872902,45.068283828,6.000000,1.385416667
2125.000000,19.412089984,26.948743160,45.068729438,6.000000,1.380555556
2125.250000,19.414178763,26.945613387,45.069175064,6.000000,1.375694444
2125.500000,19.416267430,26.942483583,45.069620704,6.000000,1.370833333
2125.750000,19.418355985,26.939353748,45.070066358,6.000000,1.365972222
2126.000000,19.420444429,26.936223883,45.070512028,6.000000,1.361111111
2126.250000,19.422532761,26.933093986,45.070957712,6.000000,1.356250000
2126.500000,19.424620981,26.929964058,45.071403411,6.000000,1.351388889
2126.750000,19.426709090,26.926834100,45.071849124,6.000000,1.346527778
2127.000000,19.428797087,26.923704110,45.072294852,6.000000,1.341666667
2127.250000,19.430884973,26.920574090,45.072740595,6.000000,1.336805556
2127.500000,19.432972747,26.917444038,45.073186353,6.000000,1.331944444
2127.750000,19.435060410,26.914313956,45.073632125,6.000000,1.327083333
2128.000000,19.437147960,26.911183843,45.074077912,6.000000,1.322222222
2128.250000,19.439235400,26.908053698,45.074523713,6.000000,1.317361111
2128.500000,19.441322727,26.904923523,45.074969530,6.000000,1.312500000
2128.750000,19.443409943,26.901793317,45.075415361,6.000000,1.307638889
2129.000000,19.445497048,26.898663080,45.075861207,6.000000,1.302777778
2129.250000,19.447584041,26.895532812,45.076307067,6.000000,1.297916667
2129.500000,19.449670922,26.892402512,45.076752942,6.000000,1.293055556
2129.750000,19.451757692,26.889272182,45.077198832,6.000000,1.288194444
2130.000000,19.453844351,26.886141821,45.077644737,6.000000,1.283333333
2130.250000,19.455930898,26.883011429,45.078090656,6.000000,1.278472222
2130.500000,19.458017333,26.879881006,45.078536590,6.000000,1.273611111
2130.750000,19.460103657,26.876750552,45.078982539,6.000000,1.268750000
2131.000000,19.462189869,26.873620068,45.079428502,6.000000,1.263888889
2131.250000,19.464275970,26.870489552,45.079874480,6.000000,1.259027778
2131.500000,19.466361959,26.867359005,45.080320473,6.000000,1.254166667
2131.750000,19.468447837,26.864228427,45.080766481,6.000000,1.249305556
2132.000000,19.470533603,26.861097818,45.081212503,6.000000,1.244444444
2132.250000,19.472619258,26.857967179,45.081658540,6.000000,1.239583333
2132.500000,19.474704801,26.854836508,45.082104591,6.000000,1.234722222
2132.750000,19.476790233,26.851705806,45.082550658,6.000000,1.229861111
2133.000000,19.478875553,26.848575073,45.082996739,6.000000,1.225000000
2133.250000,19.480960762,26.845444310,45.083442835,6.000000,1.220138889
2133.500000,19.483045859,26.842313515,45.083888945,6.000000,1.215277778
2133.750000,19.485130845,26.839182689,45.084335070,6.000000,1.210416667
2134.000000,19.487215720,26.836051833,45.084781210,6.000000,1.205555556
2134.250000,19.489300483,26.832920945,45.085227365,6.000000,1.200694444
2134.500000,19.491385135,26.829790027,45.085673534,6.000000,1.195833333
2134.750000,19.493469675,26.826659077,45.086119719,6.000000,1.190972222
2135.000000,19.495554104,26.823528097,45.086565917,6.000000,1.186111111
2135.250000,19.497638421,26.820397085,45.087012131,6.000000,1.181250000
2135.500000,19.499722627,26.817266043,45.087458359,6.000000,1.176388889
2135.750000,19.501806722,26.814134969,45.087904602,6.000000,1.171527778
2136.000000,19.503890705,26.811003865,45.088350860,6.000000,1.166666667
2136.250000,19.505974576,26.807872729,45.088797132,6.000000,1.161805556
2136.500000,19.508058337,26.804741563,45.089243419,6.000000,1.156944444
2136.750000,19.510141986,26.801610365,45.089689721,6.000000,1.152083333
2137.000000,19.512225523,26.798479137,45.090136038,6.000000,1.147222222
2137.250000,19.514308950,26.795347877,45.090582369,6.000000,1.142361111
2137.500000,19.516392265,26.792216587,45.091028715,6.000000,1.137500000
2137.750000,19.518475468,26.789085265,45.091475076,6.000000,1.132638889
2138.000000,19.520558560,26.785953913,45.091921452,6.000000,1.127777778
2138.250000,19.522641541,26.782822530,45.092367842,6.000000,1.122916667
2138.500000,19.524724411,26.779691115,45.092814247,6.000000,1.118055556
2138.750000,19.526807169,26.776559670,45.093260666,6.000000,1.113194444
2139.000000,19.528889816,26.773428193,45.093707101,6.000000,1.108333333
2139.250000,19.530972351,26.770296686,45.094153550,6.000000,1.103472222
2139.500000,19.533054775,26.767165147,45.094600014,6.000000,1.098611111
2139.750000,19.535137088,26.764033578,45.095046493,6.000000,1.093750000
2140.000000,19.537219290,26.760901978,45.095492986,6.000000,1.088888889
2140.250000,19.539301380,26.757770346,45.095939494,6.000000,1.084027778
2140.500000,19.541383359,26.754638684,45.096386017,6.000000,1.079166667
2140.750000,19.543465227,26.751506990,45.096832554,6.000000,1.074305556
2141.000000,19.545546983,26.748375266,45.097279107,6.000000,1.069444444
2141.250000,19.547628628,26.745243510,45.097725674,6.000000,1.064583333
2141.500000,19.549710162,26.742111724,45.098172255,6.000000,1.059722222
2141.750000,19.551791585,26.738979906,45.098618852,6.000000,1.054861111
2142.000000,19.553872896,26.735848058,45.099065463,6.000000,1.050000000
2142.250000,19.555954096,26.732716178,45.099512089,6.000000,1.045138889
2142.500000,19.558035185,26.729584267,45.099958730,6.000000,1.040277778
2142.750000,19.560116163,26.726452326,45.100405385,6.000000,1.035416667
2143.000000,19.562197029,26.723320353,45.100852056,6.000000,1.030555556
2143.250000,19.564277784,26.720188350,45.101298741,6.000000,1.025694444
2143.500000,19.566358428,26.717056315,45.101745440,6.000000,1.020833333
2143.750000,19.568438961,26.713924249,45.102192155,6.000000,1.015972222
2144.000000,19.570519382,26.710792153,45.102638884,6.000000,1.011111111
2144.250000,19.572599692,26.707660025,45.103085628,6.000000,1.006250000
2144.500000,19.574679891,26.704527866,45.103532386,6.000000,1.001388889
2144.750000,19.576759979,26.701395677,45.103979160,6.000000,0.996527778
2145.000000,19.578839956,26.698263456,45.104425948,6.000000,0.991666667
2145.250000,19.580919822,26.695131204,45.104872751,6.000000,0.986805556
2145.500000,19.582999576,26.691998921,45.105319569,6.000000,0.981944444
2145.750000,19.585079219,26.688866607,45.105766401,6.000000,0.977083333
2146.000000,19.587158751,26.685734262,45.106213248,6.000000,0.972222222
2146.250000,19.589238172,26.682601886,45.106660110,6.000000,0.967361111
2146.500000,19.591317482,26.679469480,45.107106987,6.000000,0.962500000
2146.750000,19.593396680,26.676337042,45.107553878,6.000000,0.957638889
2147.000000,19.595475767,26.673204573,45.108000784,6.000000,0.952777778
2147.250000,19.597554744,26.670072072,45.108447705,6.000000,0.947916667
2147.500000,19.599633609,26.666939541,45.108894641,6.000000,0.943055556
2147.750000,19.601712363,26.663806979,45.109341591,6.000000,0.938194444
2148.000000,19.603791006,26.660674386,45.109788557,6.000000,0.933333333
2148.250000,19.605869537,26.657541762,45.110235537,6.000000,0.928472222
2148.500000,19.607947958,26.654409107,45.110682531,6.000000,0.923611111
2148.750000,19.610026268,26.651276420,45.111129541,6.000000,0.918750000
2149.000000,19.612104466,26.648143703,45.111576565,6.000000,0.913888889
2149.250000,19.614182554,26.645010955,45.112023604,6.000000,0.909027778
2149.500000,19.616260530,26.641878175,45.112470658,6.000000,0.904166667
2149.750000,19.618338395,26.638745365,45.112917726,6.000000,0.899305556
2150.000000,19.620416149,26.635612523,45.113364809,6.000000,0.894444444
2150.250000,19.622493792,26.632479651,45.113811907,6.000000,0.889583333
2150.500000,19.624571324,26.629346747,45.114259020,6.000000,0.884722222
2150.750000,19.626648745,26.626213812,45.114706148,6.000000,0.879861111
2151.000000,19.628726055,26.623080847,45.115153290,6.000000,0.875000000
2151.250000,19.630803254,26.619947850,45.115600447,6.000000,0.870138889
2151.500000,19.632880342,26.616814822,45.116047619,6.000000,0.865277778
2151.750000,19.634957319,26.613681763,45.116494806,6.000000,0.860416667
2152.000000,19.637034184,26.610548673,45.116942007,6.000000,0.855555556
2152.250000,19.639110939,26.607415552,45.117389223,6.000000,0.850694444
2152.500000,19.641187583,26.604282400,45.117836454,6.000000,0.845833333
2152.750000,19.643264116,26.601149217,45.118283700,6.000000,0.840972222
2153.000000,19.645340537,26.598016003,45.118730960,6.000000,0.836111111
2153.250000,19.647416848,26.594882758,45.119178235,6.000000,0.831250000
2153.500000,19.649493048,26.591749482,45.119625525,6.000000,0.826388889
2153.750000,19.651569137,26.588616174,45.120072830,6.000000,0.821527778
2154.000000,19.653645114,26.585482836,45.120520150,6.000000,0.816666667
2154.250000,19.655720981,26.582349466,45.120967484,6.000000,0.811805556
2154.500000,19.657796737,26.579216066,45.121414833,6.000000,0.806944444
2154.750000,19.659872382,26.576082634,45.121862197,6.000000,0.802083333
2155.000000,19.661947916,26.572949172,45.122309576,6.000000,0.797222222
2155.250000,19.664023339,26.569815678,45.122756969,6.000000,0.792361111
2155.500000,19.666098651,26.566682153,45.123204377,6.000000,0.787500000
2155.750000,19.668173852,26.563548597,45.123651800,6.000000,0.782638889
2156.000000,19.670248942,26.560415010,45.124099238,6.000000,0.777777778
2156.250000,19.672323921,26.557281392,45.124546691,6.000000,0.772916667
2156.500000,19.674398790,26.554147743,45.124994158,6.000000,0.768055556
2156.750000,19.676473547,26.551014063,45.125441640,6.000000,0.763194444
2157.000000,19.678548194,26.547880352,45.125889137,6.000000,0.758333333
2157.250000,19.680622729,26.544746610,45.126336649,6.000000,0.753472222
2157.500000,19.682697154,26.541612836,45.126784175,6.000000,0.748611111
2157.750000,19.684771468,26.538479032,45.127231716,6.000000,0.743750000
2158.000000,19.686845671,26.535345196,45.127679272,6.000000,0.738888889
2158.250000,19.688919763,26.532211330,45.128126843,6.000000,0.734027778
2158.500000,19.690993744,26.529077432,45.128574429,6.000000,0.729166667
2158.750000,19.693067614,26.525943503,45.129022029,6.000000,0.724305556
2159.000000,19.695141374,26.522809543,45.129469644,6.000000,0.719444444
2159.250000,19.697215022,26.519675552,45.129917274,6.000000,0.714583333
2159.500000,19.699288560,26.516541530,45.130364919,6.000000,0.709722222
2159.750000,19.701361987,26.513407477,45.130812578,6.000000,0.704861111
2160.000000,19.703435303,26.510273393,45.131260253,6.000000,0.700000000
2160.250000,19.705508508,26.507139278,45.131707942,6.000000,0.695138889
2160.500000,19.707581602,26.504005131,45.132155646,6.000000,0.690277778
2160.750000,19.709654586,26.500870954,45.132603364,6.000000,0.685416667
2161.000000,19.711727459,26.497736745,45.133051098,6.000000,0.680555556
2161.250000,19.713800221,26.494602506,45.133498846,6.000000,0.675694444
2161.500000,19.715872872,26.491468235,45.133946609,6.000000,0.670833333
2161.750000,19.717945412,26.488333933,45.134394387,6.000000,0.665972222
2162.000000,19.720017842,26.485199600,45.134842180,6.000000,0.661111111
2162.250000,19.722090161,26.482065236,45.135289987,6.000000,0.656250000
2162.500000,19.724162369,26.478930841,45.135737809,6.000000,0.651388889
2162.750000,19.726234466,26.475796415,45.136185646,6.000000,0.646527778
2163.000000,19.728306452,26.472661957,45.136633498,6.000000,0.641666667
2163.250000,19.730378328,26.469527469,45.137081365,6.000000,0.636805556
2163.500000,19.732450093,26.466392949,45.137529246,6.000000,0.631944444
2163.750000,19.734521747,26.463258399,45.137977143,6.000000,0.627083333
2164.000000,19.736593290,26.460123817,45.138425054,6.000000,0.622222222
2164.250000,19.738664723,26.456989204,45.138872979,6.000000,0.617361111
2164.500000,19.740736045,26.453854560,45.139320920,6.000000,0.612500000
2164.750000,19.742807256,26.450719885,45.139768876,6.000000,0.607638889
2165.000000,19.744878357,26.447585179,45.140216846,6.000000,0.602777778
2165.250000,19.746949346,26.444450442,45.140664831,6.000000,0.597916667
2165.500000,19.749020226,26.441315673,45.141112831,6.000000,0.593055556
2165.750000,19.751090994,26.438180874,45.141560845,6.000000,0.588194444
2166.000000,19.753161652,26.435046043,45.142008875,6.000000,0.583333333
2166.250000,19.755232199,26.431911181,45.142456919,6.000000,0.578472222
2166.500000,19.757302635,26.428776289,45.142904978,6.000000,0.573611111
2166.750000,19.759372960,26.425641365,45.143353052,6.000000,0.568750000
2167.000000,19.761443175,26.422506410,45.143801141,6.000000,0.563888889
2167.250000,19.763513280,26.419371423,45.144249245,6.000000,0.559027778
2167.500000,19.765583273,26.416236406,45.144697363,6.000000,0.554166667
2167.750000,19.767653156,26.413101358,45.145145496,6.000000,0.549305556
2168.000000,19.769722928,26.409966278,45.145593644,6.000000,0.544444444
2168.250000,19.771792590,26.406831167,45.146041807,6.000000,0.539583333
2168.500000,19.773862141,26.403696026,45.146489984,6.000000,0.534722222
2168.750000,19.775931581,26.400560853,45.146938177,6.000000,0.529861111
2169.000000,19.778000911,26.397425649,45.147386384,6.000000,0.525000000
2169.250000,19.780070130,26.394290414,45.147834606,6.000000,0.520138889
2169.500000,19.782139239,26.391155147,45.148282843,6.000000,0.515277778
2169.750000,19.784208237,26.388019850,45.148731095,6.000000,0.510416667
2170.000000,19.786277124,26.384884521,45.149179361,6.000000,0.505555556
2170.250000,19.788345901,26.381749162,45.149627642,6.000000,0.500694444
2170.500000,19.790414567,26.378613771,45.150075939,6.000000,0.495833333
2170.750000,19.792483122,26.375478349,45.150524250,6.000000,0.490972222
2171.000000,19.794551567,26.372342896,45.150972575,6.000000,0.486111111
2171.250000,19.796619901,26.369207412,45.151420916,6.000000,0.481250000
2171.500000,19.798688125,26.366071896,45.151869271,6.000000,0.476388889
2171.750000,19.800756238,26.362936350,45.152317642,6.000000,0.471527778
2172.000000,19.802824241,26.359800772,45.152766027,6.000000,0.466666667
2172.250000,19.804892133,26.356665163,45.153214427,6.000000,0.461805556
2172.500000,19.806959915,26.353529523,45.153662841,6.000000,0.456944444
2172.750000,19.809027586,26.350393852,45.154111271,6.000000,0.452083333
2173.000000,19.811095146,26.347258150,45.154559715,6.000000,0.447222222
2173.250000,19.813162596,26.344122417,45.155008174,6.000000,0.442361111
2173.500000,19.815229935,26.340986653,45.155456648,6.000000,0.437500000
2173.750000,19.817297164,26.337850857,45.155905137,6.000000,0.432638889
2174.000000,19.819364283,26.334715030,45.156353641,6.000000,0.427777778
2174.250000,19.821431290,26.331579172,45.156802159,6.000000,0.422916667
2174.500000,19.823498188,26.328443283,45.157250693,6.000000,0.418055556
2174.750000,19.825564975,26.325307363,45.157699241,6.000000,0.413194444
2175.000000,19.827631651,26.322171412,45.158147804,6.000000,0.408333333
2175.250000,19.829698217,26.319035429,45.158596382,6.000000,0.403472222
2175.500000,19.831764672,26.315899416,45.159044975,6.000000,0.398611111
2175.750000,19.833831017,26.312763371,45.159493582,6.000000,0.393750000
2176.000000,19.835897252,26.309627295,45.159942204,6.000000,0.388888889
2176.250000,19.837963376,26.306491188,45.160390842,6.000000,0.384027778
2176.500000,19.840029389,26.303355049,45.160839494,6.000000,0.379166667
2176.750000,19.842095292,26.300218880,45.161288161,6.000000,0.374305556
2177.000000,19.844161085,26.297082680,45.161736842,6.000000,0.369444444
2177.250000,19.846226767,26.293946448,45.162185539,6.000000,0.364583333
2177.500000,19.848292339,26.290810185,45.162634250,6.000000,0.359722222
2177.750000,19.850357801,26.287673891,45.163082976,6.000000,0.354861111
2178.000000,19.852423151,26.284537566,45.163531717,6.000000,0.350000000
2178.250000,19.854488392,26.281401209,45.163980473,6.000000,0.345138889
2178.500000,19.856553522,26.278264822,45.164429244,6.000000,0.340277778
2178.750000,19.858618542,26.275128403,45.164878030,6.000000,0.335416667
2179.000000,19.860683451,26.271991953,45.165326830,6.000000,0.330555556
2179.250000,19.862748250,26.268855472,45.165775645,6.000000,0.325694444
2179.500000,19.864812939,26.265718960,45.166224476,6.000000,0.320833333
2179.750000,19.866877517,26.262582417,45.166673321,6.000000,0.315972222
2180.000000,19.868941985,26.259445842,45.167122180,6.000000,0.311111111
2180.250000,19.871006342,26.256309236,45.167571055,6.000000,0.306250000
2180.500000,19.873070589,26.253172599,45.168019945,6.000000,0.301388889
2180.750000,19.875134726,26.250035931,45.168468849,6.000000,0.296527778
2181.000000,19.877198752,26.246899232,45.168917768,6.000000,0.291666667
2181.250000,19.879262668,26.243762502,45.169366702,6.000000,0.286805556
2181.500000,19.881326474,26.240625740,45.169815651,6.000000,0.281944444
2181.750000,19.883390169,26.237488947,45.170264615,6.000000,0.277083333
2182.000000,19.885453754,26.234352124,45.170713594,6.000000,0.272222222
2182.250000,19.887517229,26.231215268,45.171162587,6.000000,0.267361111
2182.500000,19.889580593,26.228078382,45.171611595,6.000000,0.262500000
2182.750000,19.891643847,26.224941465,45.172060619,6.000000,0.257638889
2183.000000,19.893706991,26.221804516,45.172509657,6.000000,0.252777778
2183.250000,19.895770025,26.218667536,45.172958710,6.000000,0.247916667
2183.500000,19.897832948,26.215530525,45.173407777,6.000000,0.243055556
2183.750000,19.899895761,26.212393483,45.173856860,6.000000,0.238194444
2184.000000,19.901958463,26.209256410,45.174305957,6.000000,0.233333333
2184.250000,19.904021056,26.206119305,45.174755070,6.000000,0.228472222
2184.500000,19.906083538,26.202982169,45.175204197,6.000000,0.223611111
2184.750000,19.908145909,26.199845002,45.175653339,6.000000,0.218750000
2185.000000,19.910208171,26.196707804,45.176102496,6.000000,0.213888889
2185.250000,19.912270322,26.193570575,45.176551668,6.000000,0.209027778
2185.500000,19.914332363,26.190433314,45.177000854,6.000000,0.204166667
2185.750000,19.916394294,26.187296023,45.177450056,6.000000,0.199305556
2186.000000,19.918456115,26.184158700,45.177899272,6.000000,0.194444444
2186.250000,19.920517825,26.181021345,45.178348503,6.000000,0.189583333
2186.500000,19.922579425,26.177883960,45.178797750,6.000000,0.184722222
2186.750000,19.924640915,26.174746544,45.179247011,6.000000,0.179861111
2187.000000,19.926702295,26.171609096,45.179696286,6.000000,0.175000000
2187.250000,19.928763564,26.168471617,45.180145577,6.000000,0.170138889
2187.500000,19.930824723,26.165334107,45.180594883,6.000000,0.165277778
2187.750000,19.932885773,26.162196566,45.181044203,6.000000,0.160416667
2188.000000,19.934946711,26.159058993,45.181493538,6.000000,0.155555556
2188.250000,19.937007540,26.155921389,45.181942889,6.000000,0.150694444
2188.500000,19.939068259,26.152783754,45.182392254,6.000000,0.145833333
2188.750000,19.941128867,26.149646088,45.182841634,6.000000,0.140972222
2189.000000,19.943189365,26.146508391,45.183291028,6.000000,0.136111111
2189.250000,19.945249753,26.143370662,45.183740438,6.000000,0.131250000
2189.500000,19.947310031,26.140232903,45.184189863,6.000000,0.126388889
2189.750000,19.949370199,26.137095112,45.184639302,6.000000,0.121527778
2190.000000,19.951430257,26.133957290,45.185088756,6.000000,0.116666667
2190.250000,19.953490204,26.130819436,45.185538225,6.000000,0.111805556
2190.500000,19.955550041,26.127681552,45.185987710,6.000000,0.106944444
2190.750000,19.957609769,26.124543636,45.186437208,6.000000,0.102083333
2191.000000,19.959669386,26.121405689,45.186886722,6.000000,0.097222222
2191.250000,19.961728893,26.118267710,45.187336251,6.000000,0.092361111
2191.500000,19.963788289,26.115129701,45.187785795,6.000000,0.087500000
2191.750000,19.965847576,26.111991660,45.188235353,6.000000,0.082638889
2192.000000,19.967906753,26.108853588,45.188684926,6.000000,0.077777778
2192.250000,19.969965819,26.105715485,45.189134515,6.000000,0.072916667
2192.500000,19.972024776,26.102577351,45.189584118,6.000000,0.068055556
2192.750000,19.974083622,26.099439185,45.190033736,6.000000,0.063194444
2193.000000,19.976142359,26.096300989,45.190483368,6.000000,0.058333333
2193.250000,19.978200985,26.093162761,45.190933016,6.000000,0.053472222
2193.500000,19.980259501,26.090024501,45.191382679,6.000000,0.048611111
2193.750000,19.982317907,26.086886211,45.191832356,6.000000,0.043750000
2194.000000,19.984376203,26.083747889,45.192282049,6.000000,0.038888889
2194.250000,19.986434390,26.080609536,45.192731756,6.000000,0.034027778
2194.500000,19.988492466,26.077471152,45.193181478,6.000000,0.029166667
2194.750000,19.990550432,26.074332737,45.193631215,6.000000,0.024305556
2195.000000,19.992608288,26.071194290,45.194080967,6.000000,0.019444444
2195.250000,19.994666033,26.068055812,45.194530734,6.000000,0.014583333
2195.500000,19.996723669,26.064917303,45.194980516,6.000000,0.009722222
2195.750000,19.998781195,26.061778763,45.195430313,6.000000,0.004861111
2196.000000,20.000838611,26.058640191,45.195430313,6.000000,0.000000000
